# File produced by Open Asset Import Library (http://www.assimp.sf.net)
# (assimp v6.0.0)

mtllib model_jeep.mtl

# 14086 vertex positions
v 1609.67505 129.677002 163.550995
v 1609.67505 108.392998 163.550995
v 1613.48303 108.392998 163.550995
v 1613.48303 129.677002 163.550995
v 1608.68994 107.889999 164.072998
v 1608.64795 107.889999 164.119003
v 1614.51001 107.889999 164.119003
v 1614.46802 107.889999 164.072998
v 1608.68994 107.889999 157.811005
v 1608.64795 107.889999 157.764999
v 1608.64795 107.889999 164.119003
v 1608.68994 107.889999 164.072998
v 1613.98596 129.677002 163.048004
v 1613.98596 108.392998 163.048004
v 1613.98596 108.392998 158.835999
v 1613.98596 129.677002 158.835999
v 1613.48303 129.677002 158.332993
v 1613.48303 108.392998 158.332993
v 1609.67505 108.392998 158.332993
v 1609.67505 129.677002 158.332993
v 1609.67505 130.179993 163.048004
v 1613.48303 130.179993 163.048004
v 1613.48303 130.179993 158.835999
v 1609.67505 130.179993 158.835999
v 1608.66895 95.8550034 164.138
v 1608.66895 95.8550034 157.746002
v 1614.48901 95.8550034 157.746002
v 1614.48901 95.8550034 164.138
v 1614.46802 107.889999 164.072998
v 1614.51001 107.889999 164.119003
v 1614.51001 107.889999 157.764999
v 1614.46802 107.889999 157.811005
v 1608.16602 107.388 157.746002
v 1608.16602 96.3580017 157.746002
v 1608.16602 96.3580017 164.138
v 1608.16602 107.388 164.138
v 1614.46802 107.889999 157.811005
v 1614.51001 107.889999 157.764999
v 1608.64795 107.889999 157.764999
v 1608.68994 107.889999 157.811005
v 1614.48901 107.388 157.242996
v 1614.48901 96.3580017 157.242996
v 1608.66895 96.3580017 157.242996
v 1608.66895 107.388 157.242996
v 1608.66895 107.388 164.641006
v 1608.66895 96.3580017 164.641006
v 1614.48901 96.3580017 164.641006
v 1614.48901 107.388 164.641006
v 1614.99097 107.388 164.138
v 1614.99097 96.3580017 164.138
v 1614.99097 96.3580017 157.746002
v 1614.99097 107.388 157.746002
v 1609.172 129.677002 163.048004
v 1609.67505 129.677002 163.550995
v 1609.67505 130.179993 163.048004
v 1613.48303 129.677002 163.550995
v 1613.98596 129.677002 163.048004
v 1613.48303 130.179993 163.048004
v 1609.172 129.677002 158.835999
v 1609.67505 130.179993 158.835999
v 1609.67505 129.677002 158.332993
v 1613.98596 129.677002 158.835999
v 1613.48303 129.677002 158.332993
v 1613.48303 130.179993 158.835999
v 1608.68994 107.889999 157.811005
v 1609.172 108.392998 158.835999
v 1609.67505 108.392998 158.332993
v 1609.172 108.392998 163.048004
v 1608.68994 107.889999 164.072998
v 1609.67505 108.392998 163.550995
v 1613.48303 108.392998 163.550995
v 1614.46802 107.889999 164.072998
v 1613.98596 108.392998 163.048004
v 1613.98596 108.392998 158.835999
v 1614.46802 107.889999 157.811005
v 1613.48303 108.392998 158.332993
v 1608.16602 107.388 157.746002
v 1608.64795 107.889999 157.764999
v 1608.66895 107.388 157.242996
v 1608.16602 107.388 164.138
v 1608.66895 107.388 164.641006
v 1608.64795 107.889999 164.119003
v 1614.48901 107.388 164.641006
v 1614.99097 107.388 164.138
v 1614.51001 107.889999 164.119003
v 1614.99097 107.388 157.746002
v 1614.48901 107.388 157.242996
v 1614.51001 107.889999 157.764999
v 1608.16602 96.3580017 157.746002
v 1608.66895 96.3580017 157.242996
v 1608.66895 95.8550034 157.746002
v 1608.16602 96.3580017 164.138
v 1608.66895 95.8550034 164.138
v 1608.66895 96.3580017 164.641006
v 1614.48901 96.3580017 164.641006
v 1614.48901 95.8550034 164.138
v 1614.99097 96.3580017 164.138
v 1614.99097 96.3580017 157.746002
v 1614.48901 95.8550034 157.746002
v 1614.48901 96.3580017 157.242996
v 1609.67505 130.179993 158.835999
v 1609.172 129.677002 158.835999
v 1609.172 129.677002 163.048004
v 1609.67505 130.179993 163.048004
v 1609.67505 130.179993 163.048004
v 1609.67505 129.677002 163.550995
v 1613.48303 129.677002 163.550995
v 1613.48303 130.179993 163.048004
v 1613.48303 130.179993 163.048004
v 1613.98596 129.677002 163.048004
v 1613.98596 129.677002 158.835999
v 1613.48303 130.179993 158.835999
v 1613.48303 130.179993 158.835999
v 1613.48303 129.677002 158.332993
v 1609.67505 129.677002 158.332993
v 1609.67505 130.179993 158.835999
v 1609.172 108.392998 158.835999
v 1608.68994 107.889999 157.811005
v 1608.68994 107.889999 164.072998
v 1609.172 108.392998 163.048004
v 1609.67505 108.392998 163.550995
v 1608.68994 107.889999 164.072998
v 1614.46802 107.889999 164.072998
v 1613.48303 108.392998 163.550995
v 1613.98596 108.392998 163.048004
v 1614.46802 107.889999 164.072998
v 1614.46802 107.889999 157.811005
v 1613.98596 108.392998 158.835999
v 1613.48303 108.392998 158.332993
v 1614.46802 107.889999 157.811005
v 1608.68994 107.889999 157.811005
v 1609.67505 108.392998 158.332993
v 1609.172 129.677002 158.835999
v 1609.67505 129.677002 158.332993
v 1609.67505 108.392998 158.332993
v 1609.172 108.392998 158.835999
v 1613.98596 108.392998 158.835999
v 1613.48303 108.392998 158.332993
v 1613.48303 129.677002 158.332993
v 1613.98596 129.677002 158.835999
v 1613.98596 129.677002 163.048004
v 1613.48303 129.677002 163.550995
v 1613.48303 108.392998 163.550995
v 1613.98596 108.392998 163.048004
v 1609.172 108.392998 163.048004
v 1609.67505 108.392998 163.550995
v 1609.67505 129.677002 163.550995
v 1609.172 129.677002 163.048004
v 1608.64795 107.889999 157.764999
v 1608.16602 107.388 157.746002
v 1608.16602 107.388 164.138
v 1608.64795 107.889999 164.119003
v 1608.64795 107.889999 164.119003
v 1608.66895 107.388 164.641006
v 1614.48901 107.388 164.641006
v 1614.51001 107.889999 164.119003
v 1614.51001 107.889999 164.119003
v 1614.99097 107.388 164.138
v 1614.99097 107.388 157.746002
v 1614.51001 107.889999 157.764999
v 1614.51001 107.889999 157.764999
v 1614.48901 107.388 157.242996
v 1608.66895 107.388 157.242996
v 1608.64795 107.889999 157.764999
v 1608.16602 96.3580017 157.746002
v 1608.66895 95.8550034 157.746002
v 1608.66895 95.8550034 164.138
v 1608.16602 96.3580017 164.138
v 1608.66895 96.3580017 164.641006
v 1608.66895 95.8550034 164.138
v 1614.48901 95.8550034 164.138
v 1614.48901 96.3580017 164.641006
v 1614.99097 96.3580017 164.138
v 1614.48901 95.8550034 164.138
v 1614.48901 95.8550034 157.746002
v 1614.99097 96.3580017 157.746002
v 1614.48901 96.3580017 157.242996
v 1614.48901 95.8550034 157.746002
v 1608.66895 95.8550034 157.746002
v 1608.66895 96.3580017 157.242996
v 1614.48901 107.388 157.242996
v 1614.99097 107.388 157.746002
v 1614.99097 96.3580017 157.746002
v 1614.48901 96.3580017 157.242996
v 1614.48901 96.3580017 164.641006
v 1614.99097 96.3580017 164.138
v 1614.99097 107.388 164.138
v 1614.48901 107.388 164.641006
v 1608.66895 107.388 164.641006
v 1608.16602 107.388 164.138
v 1608.16602 96.3580017 164.138
v 1608.66895 96.3580017 164.641006
v 1608.66895 96.3580017 157.242996
v 1608.16602 96.3580017 157.746002
v 1608.16602 107.388 157.746002
v 1608.66895 107.388 157.242996
v 1609.172 129.677002 158.835999
v 1609.172 108.392998 158.835999
v 1609.172 108.392998 163.048004
v 1609.172 129.677002 163.048004
v 1526.13 93.0329971 -184.919006
v 1526.13 93.0360031 -185.070999
v 1588.32104 93.0360031 -185.070999
v 1588.32104 93.0329971 -184.919006
v 1526.474 90.4209976 -184.108002
v 1526.474 90.4209976 -184.115997
v 1526.474 87.7369995 -183.069
v 1526.474 87.7360001 -183.061005
v 1588.32104 97.4589996 -186.645004
v 1588.32104 97.4629974 -186.796997
v 1526.13 97.4629974 -186.796997
v 1526.13 97.4589996 -186.645004
v 1526.13 93.8160019 -184.369995
v 1588.32104 93.8160019 -184.369995
v 1588.32104 96.6350021 -185.468994
v 1526.13 96.6350021 -185.468994
v 1526.13 93.8600006 -186.246994
v 1526.13 96.6790009 -187.347
v 1588.32104 96.6790009 -187.347
v 1588.32104 93.8600006 -186.246994
v 1589.18396 93.9049988 -185.330994
v 1589.18396 93.9059982 -185.339005
v 1589.18396 96.5899963 -186.386002
v 1589.18396 96.5899963 -186.378006
v 1527.33704 86.8639984 -182.649002
v 1527.33704 86.8669968 -182.800995
v 1587.00696 86.8669968 -182.800995
v 1587.00696 86.8639984 -182.649002
v 1528.047 84.2689972 -181.677994
v 1528.00195 84.2549973 -181.968994
v 1527.78296 81.5370026 -180.791
v 1527.55396 81.5670013 -180.789993
v 1587.00696 91.2900009 -184.375
v 1587.00696 91.2939987 -184.526993
v 1527.33704 91.2939987 -184.526993
v 1527.33704 91.2900009 -184.375
v 1527.33704 87.6470032 -182.100006
v 1587.00696 87.6470032 -182.100006
v 1587.00696 90.4660034 -183.199005
v 1527.33704 90.4660034 -183.199005
v 1527.33704 87.6910019 -183.977005
v 1527.33704 90.5100021 -185.076004
v 1587.00696 90.5100021 -185.076004
v 1587.00696 87.6910019 -183.977005
v 1587.87 87.7360001 -183.061005
v 1587.87 87.7369995 -183.069
v 1587.87 90.4209976 -184.115997
v 1587.87 90.4209976 -184.108002
v 1528.41699 80.6949997 -180.378998
v 1528.41699 80.697998 -180.531006
v 1586.03101 80.697998 -180.531006
v 1586.03101 80.6949997 -180.378998
v 1528.88098 78.0830002 -179.567001
v 1528.88098 78.0830002 -179.574997
v 1528.88098 75.3990021 -178.528
v 1528.88098 75.3980026 -178.520004
v 1586.03101 85.1210022 -182.104996
v 1586.03101 85.125 -182.257004
v 1529.23206 85.125 -182.257004
v 1529.13501 85.1210022 -182.104996
v 1528.41699 81.4779968 -179.830002
v 1586.03101 81.4779968 -179.830002
v 1586.03101 84.2969971 -180.929001
v 1528.41699 84.2969971 -180.929001
v 1528.66394 81.5220032 -181.707001
v 1529.43201 84.3410034 -182.806
v 1586.03101 84.3410034 -182.806
v 1586.03101 81.5220032 -181.707001
v 1586.89404 81.5670013 -180.789993
v 1586.89404 81.5680008 -180.798004
v 1586.89404 84.2519989 -181.845001
v 1586.89404 84.2519989 -181.837006
v 1529.74402 74.526001 -178.108002
v 1529.74402 74.5289993 -178.261002
v 1584.86096 74.5289993 -178.261002
v 1584.86096 74.526001 -178.108002
v 1529.83203 71.9140015 -177.296997
v 1529.83203 71.9140015 -177.304993
v 1529.83203 69.2300034 -176.257996
v 1529.83203 69.2289963 -176.25
v 1584.86096 78.9520035 -179.835007
v 1584.86096 78.9560013 -179.987
v 1529.74402 78.9560013 -179.987
v 1529.74402 78.9520035 -179.835007
v 1529.74402 75.3089981 -177.559006
v 1584.86096 75.3089981 -177.559006
v 1584.86096 78.1279984 -178.658997
v 1529.74402 78.1279984 -178.658997
v 1529.74402 75.3529968 -179.436996
v 1529.74402 78.1719971 -180.535995
v 1584.86096 78.1719971 -180.535995
v 1584.86096 75.3529968 -179.436996
v 1585.724 75.3980026 -178.520004
v 1585.724 75.3990021 -178.528
v 1585.724 78.0830002 -179.574997
v 1585.724 78.0830002 -179.567001
v 1530.69397 68.3570023 -175.837997
v 1530.69397 68.3600006 -175.990005
v 1583.01794 68.3600006 -175.990005
v 1583.01794 68.3570023 -175.837997
v 1583.01794 72.7829971 -177.563995
v 1583.01794 72.7870026 -177.716995
v 1530.69397 72.7870026 -177.716995
v 1530.69397 72.7829971 -177.563995
v 1530.69397 69.1399994 -175.289001
v 1583.01794 69.1399994 -175.289001
v 1583.01794 71.9589996 -176.388
v 1530.69397 71.9589996 -176.388
v 1530.69397 69.1839981 -177.166
v 1530.69397 72.0029984 -178.266006
v 1583.01794 72.0029984 -178.266006
v 1583.01794 69.1839981 -177.166
v 1583.88098 69.2289963 -176.25
v 1583.88098 69.2300034 -176.257996
v 1583.88098 71.9140015 -177.304993
v 1583.88098 71.9140015 -177.296997
v 1525.26697 93.9049988 -185.330994
v 1526.13 93.0329971 -184.919006
v 1526.13 93.8160019 -184.369995
v 1588.32104 93.0329971 -184.919006
v 1589.18396 93.9049988 -185.330994
v 1588.32104 93.8160019 -184.369995
v 1525.26697 96.5899963 -186.378006
v 1526.13 96.6350021 -185.468994
v 1526.13 97.4589996 -186.645004
v 1589.18396 96.5899963 -186.378006
v 1588.32104 97.4589996 -186.645004
v 1588.32104 96.6350021 -185.468994
v 1525.26697 96.5899963 -186.386002
v 1526.13 97.4629974 -186.796997
v 1526.13 96.6790009 -187.347
v 1525.26697 93.9059982 -185.339005
v 1526.13 93.8600006 -186.246994
v 1526.13 93.0360031 -185.070999
v 1588.32104 93.0360031 -185.070999
v 1588.32104 93.8600006 -186.246994
v 1589.18396 93.9059982 -185.339005
v 1589.18396 96.5899963 -186.386002
v 1588.32104 96.6790009 -187.347
v 1588.32104 97.4629974 -186.796997
v 1526.474 87.7360001 -183.061005
v 1527.33704 86.8639984 -182.649002
v 1527.33704 87.6470032 -182.100006
v 1587.00696 86.8639984 -182.649002
v 1587.87 87.7360001 -183.061005
v 1587.00696 87.6470032 -182.100006
v 1526.474 90.4209976 -184.108002
v 1527.33704 90.4660034 -183.199005
v 1527.33704 91.2900009 -184.375
v 1587.87 90.4209976 -184.108002
v 1587.00696 91.2900009 -184.375
v 1587.00696 90.4660034 -183.199005
v 1526.474 90.4209976 -184.115997
v 1527.33704 91.2939987 -184.526993
v 1527.33704 90.5100021 -185.076004
v 1526.474 87.7369995 -183.069
v 1527.33704 87.6910019 -183.977005
v 1527.33704 86.8669968 -182.800995
v 1587.00696 86.8669968 -182.800995
v 1587.00696 87.6910019 -183.977005
v 1587.87 87.7369995 -183.069
v 1587.87 90.4209976 -184.115997
v 1587.00696 90.5100021 -185.076004
v 1587.00696 91.2939987 -184.526993
v 1527.55396 81.5670013 -180.789993
v 1528.41699 80.6949997 -180.378998
v 1528.41699 81.4779968 -179.830002
v 1586.03101 80.6949997 -180.378998
v 1586.89404 81.5670013 -180.789993
v 1586.03101 81.4779968 -179.830002
v 1528.047 84.2689972 -181.677994
v 1528.41699 84.2969971 -180.929001
v 1529.13501 85.1210022 -182.104996
v 1586.89404 84.2519989 -181.837006
v 1586.03101 85.1210022 -182.104996
v 1586.03101 84.2969971 -180.929001
v 1528.00195 84.2549973 -181.968994
v 1529.23206 85.125 -182.257004
v 1529.43201 84.3410034 -182.806
v 1527.78296 81.5370026 -180.791
v 1528.66394 81.5220032 -181.707001
v 1528.41699 80.697998 -180.531006
v 1586.03101 80.697998 -180.531006
v 1586.03101 81.5220032 -181.707001
v 1586.89404 81.5680008 -180.798004
v 1586.89404 84.2519989 -181.845001
v 1586.03101 84.3410034 -182.806
v 1586.03101 85.125 -182.257004
v 1528.88098 75.3980026 -178.520004
v 1529.74402 74.526001 -178.108002
v 1529.74402 75.3089981 -177.559006
v 1584.86096 74.526001 -178.108002
v 1585.724 75.3980026 -178.520004
v 1584.86096 75.3089981 -177.559006
v 1528.88098 78.0830002 -179.567001
v 1529.74402 78.1279984 -178.658997
v 1529.74402 78.9520035 -179.835007
v 1585.724 78.0830002 -179.567001
v 1584.86096 78.9520035 -179.835007
v 1584.86096 78.1279984 -178.658997
v 1528.88098 78.0830002 -179.574997
v 1529.74402 78.9560013 -179.987
v 1529.74402 78.1719971 -180.535995
v 1528.88098 75.3990021 -178.528
v 1529.74402 75.3529968 -179.436996
v 1529.74402 74.5289993 -178.261002
v 1584.86096 74.5289993 -178.261002
v 1584.86096 75.3529968 -179.436996
v 1585.724 75.3990021 -178.528
v 1585.724 78.0830002 -179.574997
v 1584.86096 78.1719971 -180.535995
v 1584.86096 78.9560013 -179.987
v 1529.83203 69.2289963 -176.25
v 1530.69397 68.3570023 -175.837997
v 1530.69397 69.1399994 -175.289001
v 1583.01794 68.3570023 -175.837997
v 1583.88098 69.2289963 -176.25
v 1583.01794 69.1399994 -175.289001
v 1529.83203 71.9140015 -177.296997
v 1530.69397 71.9589996 -176.388
v 1530.69397 72.7829971 -177.563995
v 1583.88098 71.9140015 -177.296997
v 1583.01794 72.7829971 -177.563995
v 1583.01794 71.9589996 -176.388
v 1529.83203 71.9140015 -177.304993
v 1530.69397 72.7870026 -177.716995
v 1530.69397 72.0029984 -178.266006
v 1529.83203 69.2300034 -176.257996
v 1530.69397 69.1839981 -177.166
v 1530.69397 68.3600006 -175.990005
v 1583.01794 68.3600006 -175.990005
v 1583.01794 69.1839981 -177.166
v 1583.88098 69.2300034 -176.257996
v 1583.88098 71.9140015 -177.304993
v 1583.01794 72.0029984 -178.266006
v 1583.01794 72.7870026 -177.716995
v 1526.13 96.6350021 -185.468994
v 1525.26697 96.5899963 -186.378006
v 1525.26697 93.9049988 -185.330994
v 1526.13 93.8160019 -184.369995
v 1526.13 93.8160019 -184.369995
v 1526.13 93.0329971 -184.919006
v 1588.32104 93.0329971 -184.919006
v 1588.32104 93.8160019 -184.369995
v 1588.32104 93.8160019 -184.369995
v 1589.18396 93.9049988 -185.330994
v 1589.18396 96.5899963 -186.378006
v 1588.32104 96.6350021 -185.468994
v 1588.32104 96.6350021 -185.468994
v 1588.32104 97.4589996 -186.645004
v 1526.13 97.4589996 -186.645004
v 1526.13 96.6350021 -185.468994
v 1525.26697 96.5899963 -186.386002
v 1526.13 96.6790009 -187.347
v 1526.13 93.8600006 -186.246994
v 1525.26697 93.9059982 -185.339005
v 1526.13 93.0360031 -185.070999
v 1526.13 93.8600006 -186.246994
v 1588.32104 93.8600006 -186.246994
v 1588.32104 93.0360031 -185.070999
v 1589.18396 93.9059982 -185.339005
v 1588.32104 93.8600006 -186.246994
v 1588.32104 96.6790009 -187.347
v 1589.18396 96.5899963 -186.386002
v 1588.32104 97.4629974 -186.796997
v 1588.32104 96.6790009 -187.347
v 1526.13 96.6790009 -187.347
v 1526.13 97.4629974 -186.796997
v 1588.32104 97.4589996 -186.645004
v 1589.18396 96.5899963 -186.378006
v 1589.18396 96.5899963 -186.386002
v 1588.32104 97.4629974 -186.796997
v 1588.32104 93.0360031 -185.070999
v 1589.18396 93.9059982 -185.339005
v 1589.18396 93.9049988 -185.330994
v 1588.32104 93.0329971 -184.919006
v 1526.13 93.0329971 -184.919006
v 1525.26697 93.9049988 -185.330994
v 1525.26697 93.9059982 -185.339005
v 1526.13 93.0360031 -185.070999
v 1526.13 97.4629974 -186.796997
v 1525.26697 96.5899963 -186.386002
v 1525.26697 96.5899963 -186.378006
v 1526.13 97.4589996 -186.645004
v 1527.33704 90.4660034 -183.199005
v 1526.474 90.4209976 -184.108002
v 1526.474 87.7360001 -183.061005
v 1527.33704 87.6470032 -182.100006
v 1527.33704 87.6470032 -182.100006
v 1527.33704 86.8639984 -182.649002
v 1587.00696 86.8639984 -182.649002
v 1587.00696 87.6470032 -182.100006
v 1587.00696 87.6470032 -182.100006
v 1587.87 87.7360001 -183.061005
v 1587.87 90.4209976 -184.108002
v 1587.00696 90.4660034 -183.199005
v 1587.00696 90.4660034 -183.199005
v 1587.00696 91.2900009 -184.375
v 1527.33704 91.2900009 -184.375
v 1527.33704 90.4660034 -183.199005
v 1526.474 90.4209976 -184.115997
v 1527.33704 90.5100021 -185.076004
v 1527.33704 87.6910019 -183.977005
v 1526.474 87.7369995 -183.069
v 1527.33704 86.8669968 -182.800995
v 1527.33704 87.6910019 -183.977005
v 1587.00696 87.6910019 -183.977005
v 1587.00696 86.8669968 -182.800995
v 1587.87 87.7369995 -183.069
v 1587.00696 87.6910019 -183.977005
v 1587.00696 90.5100021 -185.076004
v 1587.87 90.4209976 -184.115997
v 1587.00696 91.2939987 -184.526993
v 1587.00696 90.5100021 -185.076004
v 1527.33704 90.5100021 -185.076004
v 1527.33704 91.2939987 -184.526993
v 1587.00696 91.2900009 -184.375
v 1587.87 90.4209976 -184.108002
v 1587.87 90.4209976 -184.115997
v 1587.00696 91.2939987 -184.526993
v 1587.00696 86.8669968 -182.800995
v 1587.87 87.7369995 -183.069
v 1587.87 87.7360001 -183.061005
v 1587.00696 86.8639984 -182.649002
v 1527.33704 86.8639984 -182.649002
v 1526.474 87.7360001 -183.061005
v 1526.474 87.7369995 -183.069
v 1527.33704 86.8669968 -182.800995
v 1527.33704 91.2939987 -184.526993
v 1526.474 90.4209976 -184.115997
v 1526.474 90.4209976 -184.108002
v 1527.33704 91.2900009 -184.375
v 1528.41699 84.2969971 -180.929001
v 1528.047 84.2689972 -181.677994
v 1527.55396 81.5670013 -180.789993
v 1528.41699 81.4779968 -179.830002
v 1528.41699 81.4779968 -179.830002
v 1528.41699 80.6949997 -180.378998
v 1586.03101 80.6949997 -180.378998
v 1586.03101 81.4779968 -179.830002
v 1586.03101 81.4779968 -179.830002
v 1586.89404 81.5670013 -180.789993
v 1586.89404 84.2519989 -181.837006
v 1586.03101 84.2969971 -180.929001
v 1586.03101 84.2969971 -180.929001
v 1586.03101 85.1210022 -182.104996
v 1529.13501 85.1210022 -182.104996
v 1528.41699 84.2969971 -180.929001
v 1528.00195 84.2549973 -181.968994
v 1529.43201 84.3410034 -182.806
v 1528.66394 81.5220032 -181.707001
v 1527.78296 81.5370026 -180.791
v 1528.41699 80.697998 -180.531006
v 1528.66394 81.5220032 -181.707001
v 1586.03101 81.5220032 -181.707001
v 1586.03101 80.697998 -180.531006
v 1586.89404 81.5680008 -180.798004
v 1586.03101 81.5220032 -181.707001
v 1586.03101 84.3410034 -182.806
v 1586.89404 84.2519989 -181.845001
v 1586.03101 85.125 -182.257004
v 1586.03101 84.3410034 -182.806
v 1529.43201 84.3410034 -182.806
v 1529.23206 85.125 -182.257004
v 1586.03101 85.1210022 -182.104996
v 1586.89404 84.2519989 -181.837006
v 1586.89404 84.2519989 -181.845001
v 1586.03101 85.125 -182.257004
v 1586.03101 80.697998 -180.531006
v 1586.89404 81.5680008 -180.798004
v 1586.89404 81.5670013 -180.789993
v 1586.03101 80.6949997 -180.378998
v 1528.41699 80.6949997 -180.378998
v 1527.55396 81.5670013 -180.789993
v 1527.78296 81.5370026 -180.791
v 1528.41699 80.697998 -180.531006
v 1529.23206 85.125 -182.257004
v 1528.00195 84.2549973 -181.968994
v 1528.047 84.2689972 -181.677994
v 1529.13501 85.1210022 -182.104996
v 1529.74402 78.1279984 -178.658997
v 1528.88098 78.0830002 -179.567001
v 1528.88098 75.3980026 -178.520004
v 1529.74402 75.3089981 -177.559006
v 1529.74402 75.3089981 -177.559006
v 1529.74402 74.526001 -178.108002
v 1584.86096 74.526001 -178.108002
v 1584.86096 75.3089981 -177.559006
v 1584.86096 75.3089981 -177.559006
v 1585.724 75.3980026 -178.520004
v 1585.724 78.0830002 -179.567001
v 1584.86096 78.1279984 -178.658997
v 1584.86096 78.1279984 -178.658997
v 1584.86096 78.9520035 -179.835007
v 1529.74402 78.9520035 -179.835007
v 1529.74402 78.1279984 -178.658997
v 1528.88098 78.0830002 -179.574997
v 1529.74402 78.1719971 -180.535995
v 1529.74402 75.3529968 -179.436996
v 1528.88098 75.3990021 -178.528
v 1529.74402 74.5289993 -178.261002
v 1529.74402 75.3529968 -179.436996
v 1584.86096 75.3529968 -179.436996
v 1584.86096 74.5289993 -178.261002
v 1585.724 75.3990021 -178.528
v 1584.86096 75.3529968 -179.436996
v 1584.86096 78.1719971 -180.535995
v 1585.724 78.0830002 -179.574997
v 1584.86096 78.9560013 -179.987
v 1584.86096 78.1719971 -180.535995
v 1529.74402 78.1719971 -180.535995
v 1529.74402 78.9560013 -179.987
v 1584.86096 78.9520035 -179.835007
v 1585.724 78.0830002 -179.567001
v 1585.724 78.0830002 -179.574997
v 1584.86096 78.9560013 -179.987
v 1584.86096 74.5289993 -178.261002
v 1585.724 75.3990021 -178.528
v 1585.724 75.3980026 -178.520004
v 1584.86096 74.526001 -178.108002
v 1529.74402 74.526001 -178.108002
v 1528.88098 75.3980026 -178.520004
v 1528.88098 75.3990021 -178.528
v 1529.74402 74.5289993 -178.261002
v 1529.74402 78.9560013 -179.987
v 1528.88098 78.0830002 -179.574997
v 1528.88098 78.0830002 -179.567001
v 1529.74402 78.9520035 -179.835007
v 1530.69397 71.9589996 -176.388
v 1529.83203 71.9140015 -177.296997
v 1529.83203 69.2289963 -176.25
v 1530.69397 69.1399994 -175.289001
v 1530.69397 69.1399994 -175.289001
v 1530.69397 68.3570023 -175.837997
v 1583.01794 68.3570023 -175.837997
v 1583.01794 69.1399994 -175.289001
v 1583.01794 69.1399994 -175.289001
v 1583.88098 69.2289963 -176.25
v 1583.88098 71.9140015 -177.296997
v 1583.01794 71.9589996 -176.388
v 1583.01794 71.9589996 -176.388
v 1583.01794 72.7829971 -177.563995
v 1530.69397 72.7829971 -177.563995
v 1530.69397 71.9589996 -176.388
v 1529.83203 71.9140015 -177.304993
v 1530.69397 72.0029984 -178.266006
v 1530.69397 69.1839981 -177.166
v 1529.83203 69.2300034 -176.257996
v 1530.69397 68.3600006 -175.990005
v 1530.69397 69.1839981 -177.166
v 1583.01794 69.1839981 -177.166
v 1583.01794 68.3600006 -175.990005
v 1583.88098 69.2300034 -176.257996
v 1583.01794 69.1839981 -177.166
v 1583.01794 72.0029984 -178.266006
v 1583.88098 71.9140015 -177.304993
v 1583.01794 72.7870026 -177.716995
v 1583.01794 72.0029984 -178.266006
v 1530.69397 72.0029984 -178.266006
v 1530.69397 72.7870026 -177.716995
v 1583.01794 72.7829971 -177.563995
v 1583.88098 71.9140015 -177.296997
v 1583.88098 71.9140015 -177.304993
v 1583.01794 72.7870026 -177.716995
v 1583.01794 68.3600006 -175.990005
v 1583.88098 69.2300034 -176.257996
v 1583.88098 69.2289963 -176.25
v 1583.01794 68.3570023 -175.837997
v 1530.69397 68.3570023 -175.837997
v 1529.83203 69.2289963 -176.25
v 1529.83203 69.2300034 -176.257996
v 1530.69397 68.3600006 -175.990005
v 1530.69397 72.7870026 -177.716995
v 1529.83203 71.9140015 -177.304993
v 1529.83203 71.9140015 -177.296997
v 1530.69397 72.7829971 -177.563995
v 1525.26697 96.5899963 -186.378006
v 1525.26697 96.5899963 -186.386002
v 1525.26697 93.9059982 -185.339005
v 1525.26697 93.9049988 -185.330994
v 1615.54199 56.9099998 81.4850006
v 1615.54199 67.8499985 81.3339996
v 1615.54199 62.6279984 80.8199997
v 1615.54199 57.4059982 81.3339996
v 1615.54199 72.8710022 82.8570023
v 1615.54199 67.8499985 81.3339996
v 1615.54199 56.9099998 81.4850006
v 1615.54199 77.4990005 85.3310013
v 1615.54199 56.9099998 81.4850006
v 1615.54199 56.9099998 133.688004
v 1615.54199 89.3949966 107.585999
v 1615.54199 88.8799973 102.363998
v 1615.54199 56.9099998 81.4850006
v 1615.54199 88.8799973 102.363998
v 1615.54199 87.3570023 97.3430023
v 1615.54199 84.8840027 92.7160034
v 1615.54199 56.9099998 81.4850006
v 1615.54199 84.8840027 92.7160034
v 1615.54199 81.5550003 88.6589966
v 1615.54199 77.4990005 85.3310013
v 1615.54199 56.9099998 133.688004
v 1615.54199 72.8710022 132.315002
v 1615.54199 77.4990005 129.841995
v 1615.54199 81.5550003 126.513
v 1615.54199 56.9099998 133.688004
v 1615.54199 81.5550003 126.513
v 1615.54199 84.8840027 122.457001
v 1615.54199 87.3570023 117.829002
v 1615.54199 56.9099998 133.688004
v 1615.54199 87.3570023 117.829002
v 1615.54199 88.8799973 112.807999
v 1615.54199 89.3949966 107.585999
v 1615.54199 56.9099998 133.688004
v 1615.54199 57.4059982 133.837997
v 1615.54199 62.6279984 134.352997
v 1615.54199 56.9099998 133.688004
v 1615.54199 62.6279984 134.352997
v 1615.54199 67.8499985 133.837997
v 1615.54199 72.8710022 132.315002
v 1615.54199 56.9099998 -123.792
v 1615.54199 67.8499985 -123.943001
v 1615.54199 62.6279984 -124.457001
v 1615.54199 57.4059982 -123.943001
v 1615.54199 72.8710022 -122.419998
v 1615.54199 67.8499985 -123.943001
v 1615.54199 56.9099998 -123.792
v 1615.54199 77.4990005 -119.945999
v 1615.54199 56.9099998 -123.792
v 1615.54199 56.9099998 -71.5889969
v 1615.54199 89.3949966 -97.6910019
v 1615.54199 88.8799973 -102.913002
v 1615.54199 56.9099998 -123.792
v 1615.54199 88.8799973 -102.913002
v 1615.54199 87.3570023 -107.933998
v 1615.54199 84.8840027 -112.560997
v 1615.54199 56.9099998 -123.792
v 1615.54199 84.8840027 -112.560997
v 1615.54199 81.5550003 -116.617996
v 1615.54199 77.4990005 -119.945999
v 1615.54199 56.9099998 -71.5889969
v 1615.54199 72.8710022 -72.961998
v 1615.54199 77.4990005 -75.4349976
v 1615.54199 81.5550003 -78.7639999
v 1615.54199 56.9099998 -71.5889969
v 1615.54199 81.5550003 -78.7639999
v 1615.54199 84.8840027 -82.8199997
v 1615.54199 87.3570023 -87.447998
v 1615.54199 56.9099998 -71.5889969
v 1615.54199 87.3570023 -87.447998
v 1615.54199 88.8799973 -92.4690018
v 1615.54199 89.3949966 -97.6910019
v 1615.54199 56.9099998 -71.5889969
v 1615.54199 57.4059982 -71.439003
v 1615.54199 62.6279984 -70.9240036
v 1615.54199 56.9099998 -71.5889969
v 1615.54199 62.6279984 -70.9240036
v 1615.54199 67.8499985 -71.439003
v 1615.54199 72.8710022 -72.961998
v 1592.68298 103.791 -187.744003
v 1583.84399 64.7630005 -174.662003
v 1583.84399 63.5999985 -178.132004
v 1592.68298 102.627998 -191.214005
v 1637.40405 77.4990005 -119.945999
v 1637.40405 64.7630005 -174.662003
v 1637.40405 103.791 -187.744003
v 1637.40405 81.5550003 -116.616997
v 1637.40405 64.7630005 -174.662003
v 1637.40405 77.4990005 -119.945999
v 1637.40405 72.8710022 -122.419998
v 1637.40405 64.7630005 -174.662003
v 1637.40405 72.8710022 -122.419998
v 1637.40405 67.8499985 -123.943001
v 1637.40405 64.7630005 -174.662003
v 1637.40405 67.8499985 -123.943001
v 1637.40405 64.7630005 -124.247002
v 1637.40405 88.8799973 -102.913002
v 1637.40405 103.791 -187.744003
v 1637.40405 103.791 -53.0979996
v 1637.40405 89.3949966 -97.6910019
v 1637.40405 103.791 -187.744003
v 1637.40405 88.8799973 -102.913002
v 1637.40405 87.3570023 -107.933998
v 1637.40405 103.791 -187.744003
v 1637.40405 87.3570023 -107.933998
v 1637.40405 84.8840027 -112.560997
v 1637.40405 103.791 -187.744003
v 1637.40405 84.8840027 -112.560997
v 1637.40405 81.5550003 -116.616997
v 1637.40405 103.791 -53.0979996
v 1637.40405 64.7630005 -53.0979996
v 1637.40405 72.8710022 -72.961998
v 1637.40405 77.4990005 -75.4349976
v 1637.40405 103.791 -53.0979996
v 1637.40405 77.4990005 -75.4349976
v 1637.40405 81.5550003 -78.7639999
v 1637.40405 103.791 -53.0979996
v 1637.40405 81.5550003 -78.7639999
v 1637.40405 84.8840027 -82.8199997
v 1637.40405 103.791 -53.0979996
v 1637.40405 84.8840027 -82.8199997
v 1637.40405 87.3570023 -87.447998
v 1637.40405 103.791 -53.0979996
v 1637.40405 87.3570023 -87.447998
v 1637.40405 88.8799973 -92.4690018
v 1637.40405 103.791 -53.0979996
v 1637.40405 88.8799973 -92.4690018
v 1637.40405 89.3949966 -97.6910019
v 1637.40405 64.7630005 -53.0979996
v 1637.40405 64.7630005 -71.1340027
v 1637.40405 67.8499985 -71.439003
v 1637.40405 64.7630005 -53.0979996
v 1637.40405 67.8499985 -71.439003
v 1637.40405 72.8710022 -72.961998
v 1637.40405 64.7630005 27.5779991
v 1637.40405 103.791 27.5779991
v 1637.40405 103.791 67.9160004
v 1637.40405 67.8499985 81.3339996
v 1637.40405 64.7630005 27.5779991
v 1637.40405 67.8499985 81.3339996
v 1637.40405 64.7630005 81.0299988
v 1637.40405 103.791 67.9160004
v 1637.40405 103.791 108.254997
v 1637.40405 87.3570023 97.3430023
v 1637.40405 84.8840027 92.7160034
v 1637.40405 103.791 67.9160004
v 1637.40405 84.8840027 92.7160034
v 1637.40405 81.5550003 88.6589966
v 1637.40405 103.791 67.9160004
v 1637.40405 81.5550003 88.6589966
v 1637.40405 77.4990005 85.3310013
v 1637.40405 103.791 67.9160004
v 1637.40405 77.4990005 85.3310013
v 1637.40405 72.8710022 82.8570023
v 1637.40405 103.791 67.9160004
v 1637.40405 72.8710022 82.8570023
v 1637.40405 67.8499985 81.3339996
v 1637.40405 103.791 108.254997
v 1637.40405 89.3290024 108.254997
v 1637.40405 89.3949966 107.585999
v 1637.40405 103.791 108.254997
v 1637.40405 89.3949966 107.585999
v 1637.40405 88.8799973 102.363998
v 1637.40405 103.791 108.254997
v 1637.40405 88.8799973 102.363998
v 1637.40405 87.3570023 97.3430023
v 1617.16895 172.526993 -32.7369995
v 1637.40405 103.791 -53.0979996
v 1632.62903 107.255997 -52.0709991
v 1614.43396 169.061996 -33.7639999
v 1613.77197 169.039001 88.2699966
v 1561.698 169.039001 88.2699966
v 1561.698 167.886002 84.3160019
v 1613.77197 167.886002 84.3160019
v 1617.16895 180.917999 57.7360001
v 1557.22498 180.917999 57.7360001
v 1557.22498 173.587997 87.8939972
v 1617.16895 173.587997 87.8939972
v 1637.40405 103.791 -12.7600002
v 1637.40405 103.791 -53.0979996
v 1636.62195 106.884003 -48.8779984
v 1636.53894 106.933998 -12.2320004
v 1637.40405 103.791 -187.744003
v 1592.68298 103.791 -187.744003
v 1622.55103 103.791 -53.0979996
v 1637.40405 103.791 -53.0979996
v 1637.40405 103.791 108.254997
v 1557.22498 103.791 108.254997
v 1557.22498 97.9059982 187.744003
v 1637.40405 97.9059982 187.744003
v 1557.22498 92.9400024 186.018997
v 1557.22498 69.7279968 177.955994
v 1557.22498 71.8970032 171.712006
v 1557.22498 95.1090012 179.774994
v 1617.16895 179.738998 -2.579
v 1557.22498 179.738998 -2.579
v 1557.22498 184.005997 27.5779991
v 1617.16895 184.005997 27.5779991
v 1557.22498 103.791 108.254997
v 1637.40405 103.791 108.254997
v 1632.71899 107.208 107.258003
v 1560.78406 107.208 107.258003
v 1637.40405 64.7630005 -12.7600002
v 1637.40405 103.791 -12.7600002
v 1637.40405 103.791 27.5779991
v 1637.40405 64.7630005 27.5779991
v 1643.78101 56.6809998 -123.723
v 1643.78101 56.6809998 -184.264999
v 1643.78101 57.4059982 -123.943001
v 1643.78101 57.4059982 -123.943001
v 1643.78101 56.6809998 -184.264999
v 1643.78101 62.3310013 -183.037994
v 1643.78101 62.6279984 -124.457001
v 1643.78101 62.6279984 -124.457001
v 1643.78101 62.6279984 -124.457001
v 1643.78101 57.4059982 -123.943001
v 1557.22498 56.6809998 -184.264999
v 1557.22498 65.3769989 -182.376007
v 1569.65601 62.3320007 -183.037003
v 1643.78101 56.6809998 -184.264999
v 1557.22498 56.6809998 -184.264999
v 1569.65601 62.3320007 -183.037003
v 1643.78101 62.3310013 -183.037994
v 1637.40405 103.791 108.254997
v 1617.16895 173.587997 87.8939972
v 1614.46497 170.171997 88.8909988
v 1632.71899 107.208 107.258003
v 1631.51697 107.829002 106.125
v 1613.77197 169.039001 88.2699966
v 1613.77197 167.886002 84.3160019
v 1631.51697 106.676003 102.170998
v 1552.03699 169.039001 88.2699966
v 1552.03699 167.886002 84.3160019
v 1552.03699 106.676003 102.170998
v 1552.03699 107.829002 106.125
v 1561.698 107.829002 106.125
v 1631.51697 107.829002 106.125
v 1631.51697 106.676003 102.170998
v 1561.698 106.676003 102.170998
v 1617.16895 172.526993 -32.7369995
v 1617.16895 179.738998 -2.579
v 1618.14099 174.210007 -2.96099997
v 1617.95898 169.850998 -30.2840004
v 1634.92004 107.742996 -12.0120001
v 1635.00903 107.766998 -47.1559982
v 1631.45996 106.779999 -47.0900002
v 1631.37 106.754997 -11.9460001
v 1637.40405 103.791 108.254997
v 1637.40405 103.791 67.9160004
v 1636.54504 106.935997 67.3970032
v 1636.61902 106.883003 104.050003
v 1637.40405 103.791 27.5779991
v 1637.40405 103.791 -12.7600002
v 1636.53894 106.933998 -12.2320004
v 1636.45105 106.995003 24.2380009
v 1613.78406 167.994995 -33.1839981
v 1631.49402 107.835999 -51.0040016
v 1631.49402 106.650002 -47.0019989
v 1613.78406 166.809998 -29.1830006
v 1561.698 167.994995 -33.1839981
v 1613.78406 167.994995 -33.1839981
v 1613.78406 166.809998 -29.1830006
v 1561.698 166.809998 -29.1830006
v 1476.33105 103.791 -53.0979996
v 1481.10596 107.255997 -52.0709991
v 1491.18396 103.791 -53.0979996
v 1491.18396 103.791 -53.0979996
v 1481.10596 107.255997 -52.0709991
v 1552.896 107.255997 -52.0709991
v 1556.51001 103.791 -53.0979996
v 1561.698 107.835999 -51.0040016
v 1561.698 167.994995 -33.1839981
v 1561.698 166.809998 -29.1830006
v 1561.698 106.650002 -47.0019989
v 1617.16895 184.005997 27.5779991
v 1617.16895 180.917999 57.7360001
v 1618.15198 174.753998 58.1269989
v 1618.16394 178.570999 31.0270004
v 1634.927 107.747002 67.1829987
v 1634.84802 107.725998 32.0279999
v 1631.297 106.746002 31.9699993
v 1631.375 106.767998 67.125
v 1634.84802 107.725998 32.0279999
v 1617.16101 176.598999 32.0299988
v 1613.60901 175.619003 31.9729996
v 1631.297 106.746002 31.9699993
v 1561.698 106.676003 102.170998
v 1631.51697 106.676003 102.170998
v 1613.77197 167.886002 84.3160019
v 1561.698 167.886002 84.3160019
v 1631.37 106.754997 -11.9460001
v 1631.45996 106.779999 -47.0900002
v 1613.453 167.345993 -29.1340008
v 1613.54504 171.436005 -2.96899986
v 1631.49402 106.650002 -47.0019989
v 1561.698 106.650002 -47.0019989
v 1561.698 166.809998 -29.1830006
v 1613.78406 166.809998 -29.1830006
v 1631.375 106.767998 67.125
v 1631.297 106.746002 31.9699993
v 1613.60901 175.619003 31.9729996
v 1613.52795 171.992004 58.1380005
v 1557.22498 103.791 -53.0979996
v 1557.22498 172.526993 -32.7369995
v 1560.83899 169.061996 -33.7639999
v 1560.83899 107.255997 -52.0709991
v 1635.00903 107.766998 -47.1559982
v 1617.00305 168.332993 -29.1989994
v 1613.453 167.345993 -29.1340008
v 1631.45996 106.779999 -47.0900002
v 1637.40405 103.791 67.9160004
v 1637.40405 103.791 27.5779991
v 1636.46497 107 30.9200001
v 1636.54504 106.935997 67.3970032
v 1617.16895 173.587997 87.8939972
v 1557.22498 173.587997 87.8939972
v 1560.78406 170.171997 88.8909988
v 1614.46497 170.171997 88.8909988
v 1631.49402 107.835999 -51.0040016
v 1561.698 107.835999 -51.0040016
v 1561.698 106.650002 -47.0019989
v 1631.49402 106.650002 -47.0019989
v 1637.40405 103.791 -53.0979996
v 1617.16895 172.526993 -32.7369995
v 1617.95898 169.850998 -30.2840004
v 1636.62195 106.884003 -48.8779984
v 1635.005 107.768997 102.337997
v 1634.927 107.747002 67.1829987
v 1631.375 106.767998 67.125
v 1631.453 106.789001 102.279999
v 1557.22498 172.526993 -32.7369995
v 1617.16895 172.526993 -32.7369995
v 1614.43396 169.061996 -33.7639999
v 1560.83899 169.061996 -33.7639999
v 1617.16895 179.738998 -2.579
v 1617.16895 184.005997 27.5779991
v 1618.18201 178.509003 24.1299992
v 1618.14099 174.210007 -2.96099997
v 1637.40405 103.791 27.5779991
v 1617.16895 184.005997 27.5779991
v 1618.16394 178.570999 31.0270004
v 1636.46497 107 30.9200001
v 1617.16895 180.917999 57.7360001
v 1617.16895 173.587997 87.8939972
v 1617.95703 170.876007 85.4430008
v 1618.15198 174.753998 58.1269989
v 1557.22498 173.587997 87.8939972
v 1557.22498 103.791 108.254997
v 1560.78406 107.208 107.258003
v 1560.78406 170.171997 88.8909988
v 1617.34204 106.507004 -57.2779999
v 1589.328 106.507004 -183.563995
v 1589.328 101.228996 -183.563995
v 1617.34204 101.228996 -57.2779999
v 1622.55103 103.791 -53.0979996
v 1592.68298 103.791 -187.744003
v 1592.68298 106.507004 -187.744003
v 1622.55103 106.507004 -53.0979996
v 1592.68298 103.791 -187.744003
v 1557.22498 103.791 -187.744003
v 1557.22498 106.507004 -187.744003
v 1592.68298 106.507004 -187.744003
v 1557.22498 103.791 -53.0979996
v 1622.55103 103.791 -53.0979996
v 1622.55103 106.507004 -53.0979996
v 1557.22498 106.507004 -53.0979996
v 1633.54297 100.130997 -186.516998
v 1633.54297 68.4229965 -175.889008
v 1633.54297 70.9059982 -168.479996
v 1633.54297 102.613998 -179.108994
v 1583.84399 64.7630005 -174.662003
v 1592.68298 103.791 -187.744003
v 1595.802 100.130997 -186.516998
v 1588.62195 68.4229965 -175.889008
v 1592.68298 103.791 -187.744003
v 1637.40405 103.791 -187.744003
v 1633.54297 100.130997 -186.516998
v 1595.802 100.130997 -186.516998
v 1637.40405 103.791 -187.744003
v 1637.40405 64.7630005 -174.662003
v 1633.54297 68.4229965 -175.889008
v 1633.54297 100.130997 -186.516998
v 1637.40405 64.7630005 -174.662003
v 1583.84399 64.7630005 -174.662003
v 1588.62195 68.4229965 -175.889008
v 1633.54297 68.4229965 -175.889008
v 1588.62195 70.9059982 -168.479996
v 1595.802 102.613998 -179.108994
v 1633.54297 102.613998 -179.108994
v 1633.54297 70.9059982 -168.479996
v 1633.54297 68.4229965 -175.889008
v 1588.62195 68.4229965 -175.889008
v 1588.62195 70.9059982 -168.479996
v 1633.54297 70.9059982 -168.479996
v 1595.802 100.130997 -186.516998
v 1633.54297 100.130997 -186.516998
v 1633.54297 102.613998 -179.108994
v 1595.802 102.613998 -179.108994
v 1588.62195 68.4229965 -175.889008
v 1595.802 100.130997 -186.516998
v 1595.802 102.613998 -179.108994
v 1588.62195 70.9059982 -168.479996
v 1559.22705 66.9560013 -179.257004
v 1559.13696 99.2720032 -190.089005
v 1559.13696 100.236 -187.212997
v 1559.22705 67.9199982 -176.380005
v 1557.22498 103.791 -187.744003
v 1592.68298 103.791 -187.744003
v 1592.68298 102.627998 -191.214005
v 1557.22498 102.627998 -191.214005
v 1583.84399 64.7630005 -174.662003
v 1557.22498 64.7630005 -174.662003
v 1557.22498 63.5999985 -178.132004
v 1583.84399 63.5999985 -178.132004
v 1557.22498 63.5999985 -178.132004
v 1557.22498 102.627998 -191.214005
v 1559.13696 99.2720032 -190.089005
v 1559.22705 66.9560013 -179.257004
v 1557.22498 102.627998 -191.214005
v 1592.68298 102.627998 -191.214005
v 1588.302 99.2720032 -190.089005
v 1559.13696 99.2720032 -190.089005
v 1592.68298 102.627998 -191.214005
v 1583.84399 63.5999985 -178.132004
v 1580.98401 66.9560013 -179.257004
v 1588.302 99.2720032 -190.089005
v 1583.84399 63.5999985 -178.132004
v 1557.22498 63.5999985 -178.132004
v 1559.22705 66.9560013 -179.257004
v 1580.98401 66.9560013 -179.257004
v 1559.22705 67.9199982 -176.380005
v 1559.13696 100.236 -187.212997
v 1588.302 100.236 -187.212997
v 1580.98401 67.9199982 -176.380005
v 1588.302 99.2720032 -190.089005
v 1580.98401 66.9560013 -179.257004
v 1580.98401 67.9199982 -176.380005
v 1588.302 100.236 -187.212997
v 1580.98401 66.9560013 -179.257004
v 1559.22705 66.9560013 -179.257004
v 1559.22705 67.9199982 -176.380005
v 1580.98401 67.9199982 -176.380005
v 1559.13696 99.2720032 -190.089005
v 1588.302 99.2720032 -190.089005
v 1588.302 100.236 -187.212997
v 1559.13696 100.236 -187.212997
v 1557.22498 106.507004 -57.2779999
v 1557.22498 106.507004 -183.563995
v 1557.22498 106.507004 -187.744003
v 1557.22498 106.507004 -53.0979996
v 1557.22498 106.507004 -183.563995
v 1589.328 106.507004 -183.563995
v 1592.68298 106.507004 -187.744003
v 1557.22498 106.507004 -187.744003
v 1617.34204 106.507004 -57.2779999
v 1557.22498 106.507004 -57.2779999
v 1557.22498 106.507004 -53.0979996
v 1622.55103 106.507004 -53.0979996
v 1589.328 106.507004 -183.563995
v 1617.34204 106.507004 -57.2779999
v 1622.55103 106.507004 -53.0979996
v 1592.68298 106.507004 -187.744003
v 1617.34204 101.228996 -57.2779999
v 1589.328 101.228996 -183.563995
v 1583.38794 101.228996 -151.175995
v 1617.34204 101.228996 -57.2779999
v 1583.38794 101.228996 -151.175995
v 1574.09399 101.228996 -105.108002
v 1557.22498 101.228996 -57.2779999
v 1617.34204 101.228996 -57.2779999
v 1574.09399 101.228996 -105.108002
v 1557.22498 101.228996 -105.334999
v 1583.38794 101.228996 -151.175995
v 1589.328 101.228996 -183.563995
v 1557.22498 101.228996 -183.563995
v 1557.22498 101.228996 -152.022003
v 1589.328 106.507004 -183.563995
v 1557.22498 106.507004 -183.563995
v 1557.22498 101.228996 -183.563995
v 1589.328 101.228996 -183.563995
v 1557.22498 106.507004 -183.563995
v 1557.22498 106.507004 -57.2779999
v 1557.22498 101.228996 -105.334999
v 1557.22498 101.228996 -152.022003
v 1557.22498 106.507004 -183.563995
v 1557.22498 101.228996 -152.022003
v 1557.22498 101.228996 -183.563995
v 1557.22498 106.507004 -57.2779999
v 1557.22498 101.228996 -57.2779999
v 1557.22498 101.228996 -105.334999
v 1557.22498 106.507004 -57.2779999
v 1617.34204 106.507004 -57.2779999
v 1617.34204 101.228996 -57.2779999
v 1557.22498 101.228996 -57.2779999
v 1557.22498 101.228996 -105.334999
v 1574.09399 101.228996 -105.108002
v 1574.09399 104.603996 -105.108002
v 1557.22498 104.603996 -105.334999
v 1574.49695 106.801003 -107.102997
v 1574.09399 101.228996 -105.108002
v 1583.38794 101.228996 -151.175995
v 1583.38794 110.953003 -151.175995
v 1574.09399 101.228996 -105.108002
v 1574.49695 106.801003 -107.102997
v 1574.09399 104.603996 -105.108002
v 1557.22498 106.799004 -107.335999
v 1574.49695 106.801003 -107.102997
v 1583.38794 110.953003 -151.175995
v 1557.22498 110.953003 -152.022003
v 1581.79395 109.358002 -151.227997
v 1581.79395 102.823997 -151.227997
v 1581.71899 102.823997 -148.910004
v 1581.71899 109.358002 -148.910004
v 1557.22498 104.603996 -105.334999
v 1574.09399 104.603996 -105.108002
v 1574.49695 106.801003 -107.102997
v 1557.22498 106.799004 -107.335999
v 1557.22498 101.228996 -152.022003
v 1557.22498 101.228996 -105.334999
v 1557.22498 106.799004 -107.335999
v 1557.22498 110.953003 -152.022003
v 1557.22498 101.228996 -105.334999
v 1557.22498 104.603996 -105.334999
v 1557.22498 106.799004 -107.335999
v 1558.81897 102.823997 -151.970001
v 1581.79395 102.823997 -151.227997
v 1583.38794 101.228996 -151.175995
v 1557.22498 101.228996 -152.022003
v 1581.79395 109.358002 -151.227997
v 1558.81897 109.358002 -151.970001
v 1557.22498 110.953003 -152.022003
v 1583.38794 110.953003 -151.175995
v 1581.79395 102.823997 -151.227997
v 1581.79395 109.358002 -151.227997
v 1583.38794 110.953003 -151.175995
v 1583.38794 101.228996 -151.175995
v 1558.81897 109.358002 -151.970001
v 1558.81897 102.823997 -151.970001
v 1557.22498 101.228996 -152.022003
v 1557.22498 110.953003 -152.022003
v 1581.71899 102.823997 -148.910004
v 1558.74402 102.823997 -149.653
v 1558.74402 109.358002 -149.653
v 1581.71899 109.358002 -148.910004
v 1581.79395 102.823997 -151.227997
v 1558.81897 102.823997 -151.970001
v 1558.74402 102.823997 -149.653
v 1581.71899 102.823997 -148.910004
v 1558.81897 102.823997 -151.970001
v 1558.81897 109.358002 -151.970001
v 1558.74402 109.358002 -149.653
v 1558.74402 102.823997 -149.653
v 1558.81897 109.358002 -151.970001
v 1581.79395 109.358002 -151.227997
v 1581.71899 109.358002 -148.910004
v 1558.74402 109.358002 -149.653
v 1557.22498 92.9400024 186.018997
v 1626.58496 92.9400024 186.018997
v 1637.40405 97.9059982 187.744003
v 1557.22498 97.9059982 187.744003
v 1626.58496 92.9400024 186.018997
v 1626.58496 69.7279968 177.955994
v 1637.40405 64.7630005 176.231003
v 1637.40405 97.9059982 187.744003
v 1557.22498 69.7279968 177.955994
v 1557.22498 92.9400024 186.018997
v 1557.22498 97.9059982 187.744003
v 1557.22498 64.7630005 176.231003
v 1626.58496 69.7279968 177.955994
v 1557.22498 69.7279968 177.955994
v 1557.22498 64.7630005 176.231003
v 1637.40405 64.7630005 176.231003
v 1626.58496 71.8970032 171.712006
v 1626.58496 95.1090012 179.774994
v 1557.22498 95.1090012 179.774994
v 1557.22498 71.8970032 171.712006
v 1557.22498 69.7279968 177.955994
v 1626.58496 69.7279968 177.955994
v 1626.58496 71.8970032 171.712006
v 1557.22498 71.8970032 171.712006
v 1626.58496 69.7279968 177.955994
v 1626.58496 92.9400024 186.018997
v 1626.58496 95.1090012 179.774994
v 1626.58496 71.8970032 171.712006
v 1626.58496 92.9400024 186.018997
v 1557.22498 92.9400024 186.018997
v 1557.22498 95.1090012 179.774994
v 1626.58496 95.1090012 179.774994
v 1637.40405 64.7630005 -12.7600002
v 1637.40405 64.7630005 27.5779991
v 1640.71301 65.0810013 28.2210007
v 1640.71301 65.0810013 -13.0430002
v 1637.40405 64.7630005 -53.0979996
v 1637.40405 64.7630005 -12.7600002
v 1640.71301 65.0810013 -13.0430002
v 1640.71301 65.0810013 -54.3079987
v 1643.78101 56.6809998 -13.3070002
v 1643.78101 62.2949982 -13.3070002
v 1643.78101 62.2949982 28.8169994
v 1643.78101 56.6809998 28.8169994
v 1641.03699 65.112999 134.108002
v 1637.40405 64.7630005 134.141998
v 1637.40405 64.7630005 176.231003
v 1641.05005 65.1139984 180.701996
v 1583.84399 64.7630005 -174.662003
v 1637.40405 64.7630005 -174.662003
v 1641.026 65.1119995 -179.044006
v 1575.76697 65.1119995 -179.054001
v 1615.54199 62.6279984 -124.457001
v 1615.54199 67.8499985 -123.943001
v 1637.40405 67.8499985 -123.943001
v 1637.40405 64.7630005 -124.247002
v 1637.40405 64.7630005 -124.247002
v 1641.01404 65.1110001 -124.212997
v 1642.97095 64.4940033 -124.273003
v 1643.78101 62.6279984 -124.457001
v 1615.54199 62.6279984 -124.457001
v 1637.40405 64.7630005 -124.247002
v 1643.78101 62.6279984 -124.457001
v 1643.78101 62.6279984 -124.457001
v 1615.54199 62.6279984 -124.457001
v 1643.78101 62.6279984 -124.457001
v 1637.40405 64.7630005 27.5779991
v 1637.40405 64.7630005 81.0299988
v 1640.71301 65.0810013 81.060997
v 1640.71301 65.0810013 28.2210007
v 1643.78101 62.2960014 184.139008
v 1643.78101 56.6809998 184.300003
v 1643.78101 57.4059982 133.837997
v 1643.78101 62.6279984 134.352997
v 1643.78101 56.6809998 184.300003
v 1643.78101 56.6809998 133.617996
v 1643.78101 57.4059982 133.837997
v 1643.78101 62.6279984 134.352997
v 1643.78101 62.6279984 134.352997
v 1643.78101 62.2960014 184.139008
v 1557.22498 64.7630005 -174.662003
v 1583.84399 64.7630005 -174.662003
v 1575.76697 65.1119995 -179.054001
v 1557.22498 64.7630005 -174.662003
v 1575.76697 65.1119995 -179.054001
v 1571.44604 64.4079971 -181.597
v 1557.22498 64.7630005 -174.662003
v 1571.44604 64.4079971 -181.597
v 1569.65601 62.3320007 -183.037003
v 1557.22498 65.3769989 -182.376007
v 1615.54199 56.9099998 133.688004
v 1557.22498 57.3829994 176.472
v 1557.22498 57.3829994 108.254997
v 1615.54199 56.9099998 81.4850006
v 1557.22498 57.3829994 176.472
v 1615.54199 56.9099998 133.688004
v 1643.78101 56.6809998 184.300003
v 1557.22498 56.6809998 184.300003
v 1615.54199 56.9099998 81.4850006
v 1557.22498 57.3829994 108.254997
v 1557.22498 57.3829994 27.5779991
v 1643.78101 56.6809998 28.8169994
v 1557.22498 57.3829994 27.5779991
v 1557.22498 57.3829994 -53.0979996
v 1643.78101 56.6809998 -13.3070002
v 1643.78101 56.6809998 28.8169994
v 1557.22498 57.3829994 -53.0979996
v 1557.22498 57.3829994 -176.470001
v 1615.54199 56.9099998 -123.792
v 1615.54199 56.9099998 -71.5889969
v 1643.78101 56.6809998 -13.3070002
v 1557.22498 57.3829994 -53.0979996
v 1615.54199 56.9099998 -71.5889969
v 1643.78101 56.6809998 -55.4300003
v 1557.22498 57.3829994 -176.470001
v 1557.22498 56.6809998 -184.264999
v 1643.78101 56.6809998 -184.264999
v 1615.54199 56.9099998 -123.792
v 1643.78101 56.6809998 -184.264999
v 1643.78101 56.6809998 -123.723
v 1615.54199 56.9099998 -123.792
v 1615.54199 56.9099998 -71.5889969
v 1643.78101 56.6809998 -71.6589966
v 1643.78101 56.6809998 -55.4300003
v 1643.78101 56.6809998 28.8169994
v 1643.78101 56.6809998 81.5540009
v 1615.54199 56.9099998 81.4850006
v 1615.54199 56.9099998 133.688004
v 1643.78101 56.6809998 133.617996
v 1643.78101 56.6809998 184.300003
v 1637.40405 67.8499985 -71.439003
v 1615.54199 67.8499985 -71.439003
v 1615.54199 62.6279984 -70.9240036
v 1637.40405 64.7630005 -71.1340027
v 1642.88196 64.4850006 -71.1070023
v 1640.71301 65.0810013 -71.1660004
v 1637.40405 64.7630005 -71.1340027
v 1642.88196 64.4850006 -71.1070023
v 1637.40405 64.7630005 -71.1340027
v 1615.54199 62.6279984 -70.9240036
v 1643.78101 62.6279984 -70.9240036
v 1643.78101 62.6279984 -70.9240036
v 1643.78101 62.6279984 -70.9240036
v 1642.88196 64.4850006 -71.1070023
v 1640.71301 65.0810013 -71.1660004
v 1637.40405 64.7630005 -71.1340027
v 1637.40405 64.7630005 -53.0979996
v 1640.71301 65.0810013 -54.3079987
v 1637.40405 77.4990005 -75.4349976
v 1615.54199 77.4990005 -75.4349976
v 1615.54199 72.8710022 -72.961998
v 1637.40405 72.8710022 -72.961998
v 1637.40405 81.5550003 -78.7639999
v 1615.54199 81.5550003 -78.7639999
v 1615.54199 77.4990005 -75.4349976
v 1637.40405 77.4990005 -75.4349976
v 1637.40405 72.8710022 -72.961998
v 1615.54199 72.8710022 -72.961998
v 1615.54199 67.8499985 -71.439003
v 1637.40405 67.8499985 -71.439003
v 1643.78101 57.4059982 -71.439003
v 1615.54199 57.4059982 -71.439003
v 1615.54199 56.9099998 -71.5889969
v 1643.78101 56.6809998 -71.6589966
v 1643.78101 56.6809998 -55.4300003
v 1643.78101 62.2949982 -55.4300003
v 1643.78101 62.2949982 -13.3070002
v 1643.78101 56.6809998 -13.3070002
v 1637.40405 89.3949966 -97.6910019
v 1615.54199 89.3949966 -97.6910019
v 1615.54199 88.8799973 -92.4690018
v 1637.40405 88.8799973 -92.4690018
v 1637.40405 88.8799973 -102.913002
v 1615.54199 88.8799973 -102.913002
v 1615.54199 89.3949966 -97.6910019
v 1637.40405 89.3949966 -97.6910019
v 1637.40405 88.8799973 -92.4690018
v 1615.54199 88.8799973 -92.4690018
v 1615.54199 87.3570023 -87.447998
v 1637.40405 87.3570023 -87.447998
v 1637.40405 67.8499985 -123.943001
v 1615.54199 67.8499985 -123.943001
v 1615.54199 72.8710022 -122.419998
v 1637.40405 72.8710022 -122.419998
v 1637.40405 77.4990005 -119.945999
v 1615.54199 77.4990005 -119.945999
v 1615.54199 81.5550003 -116.617996
v 1637.40405 81.5550003 -116.616997
v 1643.78101 62.6279984 -70.9240036
v 1615.54199 62.6279984 -70.9240036
v 1615.54199 57.4059982 -71.439003
v 1643.78101 57.4059982 -71.439003
v 1615.54199 62.6279984 80.8199997
v 1615.54199 67.8499985 81.3339996
v 1637.40405 67.8499985 81.3339996
v 1637.40405 64.7630005 81.0299988
v 1637.40405 64.7630005 81.0299988
v 1640.71301 65.0810013 81.060997
v 1642.88196 64.4850006 81.0029984
v 1643.78101 62.6279984 80.8199997
v 1615.54199 62.6279984 80.8199997
v 1637.40405 64.7630005 81.0299988
v 1643.78101 62.6279984 80.8199997
v 1643.78101 62.6279984 80.8199997
v 1615.54199 62.6279984 80.8199997
v 1643.78101 62.6279984 80.8199997
v 1643.78101 57.4059982 -123.943001
v 1615.54199 57.4059982 -123.943001
v 1615.54199 62.6279984 -124.457001
v 1643.78101 62.6279984 -124.457001
v 1637.40405 84.8840027 -82.8199997
v 1615.54199 84.8840027 -82.8199997
v 1615.54199 81.5550003 -78.7639999
v 1637.40405 81.5550003 -78.7639999
v 1637.40405 81.5550003 -116.616997
v 1615.54199 81.5550003 -116.617996
v 1615.54199 84.8840027 -112.560997
v 1637.40405 84.8840027 -112.560997
v 1637.40405 84.8840027 -112.560997
v 1615.54199 84.8840027 -112.560997
v 1615.54199 87.3570023 -107.933998
v 1637.40405 87.3570023 -107.933998
v 1615.54199 56.9099998 -123.792
v 1615.54199 57.4059982 -123.943001
v 1643.78101 57.4059982 -123.943001
v 1643.78101 56.6809998 -123.723
v 1637.40405 87.3570023 -87.447998
v 1615.54199 87.3570023 -87.447998
v 1615.54199 84.8840027 -82.8199997
v 1637.40405 84.8840027 -82.8199997
v 1637.40405 72.8710022 -122.419998
v 1615.54199 72.8710022 -122.419998
v 1615.54199 77.4990005 -119.945999
v 1637.40405 77.4990005 -119.945999
v 1637.40405 87.3570023 -107.933998
v 1615.54199 87.3570023 -107.933998
v 1615.54199 88.8799973 -102.913002
v 1637.40405 88.8799973 -102.913002
v 1637.40405 72.8710022 132.315002
v 1615.54199 72.8710022 132.315002
v 1615.54199 67.8499985 133.837997
v 1637.40405 67.8499985 133.837997
v 1637.40405 84.8840027 122.457001
v 1615.54199 84.8840027 122.457001
v 1615.54199 81.5550003 126.513
v 1637.40405 81.5550003 126.513
v 1476.33105 64.7630005 -174.662003
v 1472.63599 65.1190033 -179.130997
v 1472.651 65.1169968 -124.211998
v 1476.33105 64.7630005 -124.247002
v 1637.40405 67.8499985 133.837997
v 1615.54199 67.8499985 133.837997
v 1615.54199 62.6279984 134.352997
v 1637.40405 64.7630005 134.141998
v 1642.97705 64.4950027 134.169006
v 1641.03699 65.112999 134.108002
v 1637.40405 64.7630005 134.141998
v 1642.97705 64.4950027 134.169006
v 1637.40405 64.7630005 134.141998
v 1615.54199 62.6279984 134.352997
v 1643.78101 62.6279984 134.352997
v 1643.78101 62.6279984 134.352997
v 1643.78101 62.6279984 134.352997
v 1642.97705 64.4950027 134.169006
v 1615.54199 56.9099998 81.4850006
v 1615.54199 57.4059982 81.3339996
v 1643.78101 57.4059982 81.3339996
v 1643.78101 56.6809998 81.5540009
v 1637.40405 77.4990005 85.3310013
v 1615.54199 77.4990005 85.3310013
v 1615.54199 81.5550003 88.6589966
v 1637.40405 81.5550003 88.6589966
v 1637.40405 87.3570023 117.829002
v 1615.54199 87.3570023 117.829002
v 1615.54199 84.8840027 122.457001
v 1637.40405 84.8840027 122.457001
v 1637.40405 81.5550003 126.513
v 1615.54199 81.5550003 126.513
v 1615.54199 77.4990005 129.841995
v 1637.40405 77.4990005 129.841995
v 1637.40405 81.5550003 88.6589966
v 1615.54199 81.5550003 88.6589966
v 1615.54199 84.8840027 92.7160034
v 1637.40405 84.8840027 92.7160034
v 1637.40405 72.8710022 82.8570023
v 1615.54199 72.8710022 82.8570023
v 1615.54199 77.4990005 85.3310013
v 1637.40405 77.4990005 85.3310013
v 1637.40405 88.8799973 102.363998
v 1615.54199 88.8799973 102.363998
v 1615.54199 89.3949966 107.585999
v 1637.40405 89.3949966 107.585999
v 1643.78101 56.6809998 184.300003
v 1643.78101 62.2960014 184.139008
v 1557.22498 62.2960014 184.139008
v 1557.22498 56.6809998 184.300003
v 1643.78101 57.4059982 81.3339996
v 1615.54199 57.4059982 81.3339996
v 1615.54199 62.6279984 80.8199997
v 1643.78101 62.6279984 80.8199997
v 1637.40405 84.8840027 92.7160034
v 1615.54199 84.8840027 92.7160034
v 1615.54199 87.3570023 97.3430023
v 1637.40405 87.3570023 97.3430023
v 1637.40405 77.4990005 129.841995
v 1615.54199 77.4990005 129.841995
v 1615.54199 72.8710022 132.315002
v 1637.40405 72.8710022 132.315002
v 1637.40405 87.3570023 97.3430023
v 1615.54199 87.3570023 97.3430023
v 1615.54199 88.8799973 102.363998
v 1637.40405 88.8799973 102.363998
v 1637.40405 67.8499985 81.3339996
v 1615.54199 67.8499985 81.3339996
v 1615.54199 72.8710022 82.8570023
v 1637.40405 72.8710022 82.8570023
v 1643.78101 57.4059982 133.837997
v 1615.54199 57.4059982 133.837997
v 1615.54199 56.9099998 133.688004
v 1643.78101 56.6809998 133.617996
v 1637.40405 88.8799973 112.807999
v 1615.54199 88.8799973 112.807999
v 1615.54199 87.3570023 117.829002
v 1637.40405 87.3570023 117.829002
v 1643.78101 62.6279984 134.352997
v 1615.54199 62.6279984 134.352997
v 1615.54199 57.4059982 133.837997
v 1643.78101 57.4059982 133.837997
v 1637.40405 89.3949966 107.585999
v 1615.54199 89.3949966 107.585999
v 1637.40405 89.3290024 108.254997
v 1637.40405 89.3290024 108.254997
v 1615.54199 89.3949966 107.585999
v 1615.54199 88.8799973 112.807999
v 1637.40405 88.8799973 112.807999
v 1637.40405 64.7630005 176.231003
v 1557.22498 64.7630005 176.231003
v 1557.22498 65.1149979 180.712006
v 1641.05005 65.1139984 180.701996
v 1637.40405 64.7630005 134.141998
v 1637.40405 67.8499985 133.837997
v 1637.40405 64.7630005 176.231003
v 1637.40405 67.8499985 133.837997
v 1637.40405 72.8710022 132.315002
v 1637.40405 64.7630005 176.231003
v 1637.40405 72.8710022 132.315002
v 1637.40405 77.4990005 129.841995
v 1637.40405 97.9059982 187.744003
v 1637.40405 64.7630005 176.231003
v 1637.40405 77.4990005 129.841995
v 1637.40405 81.5550003 126.513
v 1637.40405 97.9059982 187.744003
v 1637.40405 97.9059982 187.744003
v 1637.40405 81.5550003 126.513
v 1637.40405 84.8840027 122.457001
v 1637.40405 103.791 108.254997
v 1637.40405 84.8840027 122.457001
v 1637.40405 87.3570023 117.829002
v 1637.40405 103.791 108.254997
v 1637.40405 87.3570023 117.829002
v 1637.40405 88.8799973 112.807999
v 1637.40405 103.791 108.254997
v 1637.40405 88.8799973 112.807999
v 1637.40405 89.3290024 108.254997
v 1637.40405 103.791 108.254997
v 1498.19202 67.8499985 81.3339996
v 1498.19202 72.8710022 82.8570023
v 1498.19202 56.9099998 81.4850006
v 1498.19202 62.6279984 80.8199997
v 1498.19202 56.9099998 81.4850006
v 1498.19202 72.8710022 82.8570023
v 1498.19202 77.4990005 85.3310013
v 1498.19202 81.5550003 88.6589966
v 1498.19202 56.9099998 81.4850006
v 1498.19202 81.5550003 88.6589966
v 1498.19202 84.8840027 92.7160034
v 1498.19202 87.3570023 97.3430023
v 1498.19202 56.9099998 81.4850006
v 1498.19202 87.3570023 97.3430023
v 1498.19202 88.8799973 102.363998
v 1498.19202 89.3949966 107.585999
v 1498.19202 89.3949966 107.585999
v 1498.19202 88.8799973 112.807999
v 1498.19202 56.9099998 133.688004
v 1498.19202 56.9099998 81.4850006
v 1498.19202 56.9099998 133.688004
v 1498.19202 88.8799973 112.807999
v 1498.19202 87.3570023 117.829002
v 1498.19202 84.8840027 122.457001
v 1498.19202 56.9099998 133.688004
v 1498.19202 84.8840027 122.457001
v 1498.19202 81.5550003 126.513
v 1498.19202 77.4990005 129.841995
v 1498.19202 56.9099998 133.688004
v 1498.19202 77.4990005 129.841995
v 1498.19202 72.8710022 132.315002
v 1498.19202 67.8499985 133.837997
v 1498.19202 56.9099998 133.688004
v 1498.19202 67.8499985 133.837997
v 1498.19202 62.6279984 134.352997
v 1498.19202 57.4059982 133.837997
v 1498.19202 56.9099998 81.4850006
v 1498.19202 57.4059982 81.3339996
v 1498.19202 62.6279984 80.8199997
v 1498.19202 56.9099998 -123.792
v 1498.19202 67.8499985 -123.943001
v 1498.19202 72.8710022 -122.419998
v 1498.19202 77.4990005 -119.945999
v 1498.19202 62.6279984 -124.457001
v 1498.19202 67.8499985 -123.943001
v 1498.19202 56.9099998 -123.792
v 1498.19202 57.4059982 -123.943001
v 1498.19202 56.9099998 -123.792
v 1498.19202 77.4990005 -119.945999
v 1498.19202 81.5550003 -116.617996
v 1498.19202 84.8840027 -112.560997
v 1498.19202 56.9099998 -123.792
v 1498.19202 84.8840027 -112.560997
v 1498.19202 87.3570023 -107.933998
v 1498.19202 88.8799973 -102.913002
v 1498.19202 56.9099998 -123.792
v 1498.19202 88.8799973 -102.913002
v 1498.19202 89.3949966 -97.6910019
v 1498.19202 56.9099998 -71.5889969
v 1498.19202 56.9099998 -71.5889969
v 1498.19202 89.3949966 -97.6910019
v 1498.19202 88.8799973 -92.4690018
v 1498.19202 87.3570023 -87.447998
v 1498.19202 56.9099998 -71.5889969
v 1498.19202 87.3570023 -87.447998
v 1498.19202 84.8840027 -82.8199997
v 1498.19202 81.5550003 -78.7639999
v 1498.19202 56.9099998 -71.5889969
v 1498.19202 81.5550003 -78.7639999
v 1498.19202 77.4990005 -75.4349976
v 1498.19202 72.8710022 -72.961998
v 1498.19202 56.9099998 -71.5889969
v 1498.19202 72.8710022 -72.961998
v 1498.19202 67.8499985 -71.439003
v 1498.19202 62.6279984 -70.9240036
v 1498.19202 62.6279984 -70.9240036
v 1498.19202 57.4059982 -71.439003
v 1498.19202 56.9099998 -71.5889969
v 1521.052 103.791 -187.744003
v 1521.052 102.627998 -191.214005
v 1529.89099 63.5999985 -178.132004
v 1529.89099 64.7630005 -174.662003
v 1476.33105 64.7630005 -174.662003
v 1476.33105 64.7630005 -124.247002
v 1476.33105 67.8499985 -123.943001
v 1476.33105 64.7630005 -174.662003
v 1476.33105 67.8499985 -123.943001
v 1476.33105 72.8710022 -122.419998
v 1476.33105 64.7630005 -174.662003
v 1476.33105 72.8710022 -122.419998
v 1476.33105 77.4990005 -119.945999
v 1476.33105 103.791 -187.744003
v 1476.33105 64.7630005 -174.662003
v 1476.33105 77.4990005 -119.945999
v 1476.33105 81.5550003 -116.616997
v 1476.33105 81.5550003 -116.616997
v 1476.33105 84.8840027 -112.560997
v 1476.33105 103.791 -187.744003
v 1476.33105 84.8840027 -112.560997
v 1476.33105 87.3570023 -107.933998
v 1476.33105 103.791 -187.744003
v 1476.33105 87.3570023 -107.933998
v 1476.33105 88.8799973 -102.913002
v 1476.33105 103.791 -187.744003
v 1476.33105 88.8799973 -102.913002
v 1476.33105 89.3949966 -97.6910019
v 1476.33105 103.791 -53.0979996
v 1476.33105 103.791 -187.744003
v 1476.33105 89.3949966 -97.6910019
v 1476.33105 88.8799973 -92.4690018
v 1476.33105 103.791 -53.0979996
v 1476.33105 88.8799973 -92.4690018
v 1476.33105 87.3570023 -87.447998
v 1476.33105 103.791 -53.0979996
v 1476.33105 87.3570023 -87.447998
v 1476.33105 84.8840027 -82.8199997
v 1476.33105 103.791 -53.0979996
v 1476.33105 84.8840027 -82.8199997
v 1476.33105 81.5550003 -78.7639999
v 1476.33105 103.791 -53.0979996
v 1476.33105 81.5550003 -78.7639999
v 1476.33105 77.4990005 -75.4349976
v 1476.33105 103.791 -53.0979996
v 1476.33105 103.791 -53.0979996
v 1476.33105 77.4990005 -75.4349976
v 1476.33105 72.8710022 -72.961998
v 1476.33105 64.7630005 -53.0979996
v 1476.33105 72.8710022 -72.961998
v 1476.33105 67.8499985 -71.439003
v 1476.33105 64.7630005 -53.0979996
v 1476.33105 67.8499985 -71.439003
v 1476.33105 64.7630005 -71.1340027
v 1476.33105 64.7630005 -53.0979996
v 1476.33105 64.7630005 27.5779991
v 1476.33105 64.7630005 81.0299988
v 1476.33105 67.8499985 81.3339996
v 1476.33105 64.7630005 27.5779991
v 1476.33105 67.8499985 81.3339996
v 1476.33105 103.791 67.9160004
v 1476.33105 103.791 27.5779991
v 1476.33105 67.8499985 81.3339996
v 1476.33105 72.8710022 82.8570023
v 1476.33105 103.791 67.9160004
v 1476.33105 72.8710022 82.8570023
v 1476.33105 77.4990005 85.3310013
v 1476.33105 103.791 67.9160004
v 1476.33105 77.4990005 85.3310013
v 1476.33105 81.5550003 88.6589966
v 1476.33105 103.791 67.9160004
v 1476.33105 81.5550003 88.6589966
v 1476.33105 84.8840027 92.7160034
v 1476.33105 103.791 67.9160004
v 1476.33105 103.791 67.9160004
v 1476.33105 84.8840027 92.7160034
v 1476.33105 87.3570023 97.3430023
v 1476.33105 103.791 108.254997
v 1476.33105 87.3570023 97.3430023
v 1476.33105 88.8799973 102.363998
v 1476.33105 103.791 108.254997
v 1476.33105 88.8799973 102.363998
v 1476.33105 89.3949966 107.585999
v 1476.33105 103.791 108.254997
v 1476.33105 89.3949966 107.585999
v 1476.33105 89.3290024 108.254997
v 1476.33105 103.791 108.254997
v 1552.03699 107.835999 -51.0040016
v 1552.03699 106.650002 -47.0019989
v 1552.03699 166.809998 -29.1830006
v 1552.03699 167.994995 -33.1839981
v 1499.96301 169.039001 88.2699966
v 1499.96301 167.886002 84.3160019
v 1552.03699 167.886002 84.3160019
v 1552.03699 169.039001 88.2699966
v 1496.56604 180.917999 57.7360001
v 1496.56604 173.587997 87.8939972
v 1556.51001 173.587997 87.8939972
v 1556.51001 180.917999 57.7360001
v 1476.33105 103.791 -53.0979996
v 1477.14697 107.018997 -48.6930008
v 1495.73901 169.725006 -30.1679993
v 1496.56604 172.526993 -32.7369995
v 1476.33105 103.791 -187.744003
v 1476.33105 103.791 -53.0979996
v 1491.18396 103.791 -53.0979996
v 1521.052 103.791 -187.744003
v 1476.33105 103.791 108.254997
v 1476.33105 97.9059982 187.744003
v 1556.51001 97.9059982 187.744003
v 1556.51001 103.791 108.254997
v 1556.51001 92.9400024 186.018997
v 1556.51001 95.1090012 179.774994
v 1556.51001 71.8970032 171.712006
v 1556.51001 69.7279968 177.955994
v 1496.56604 179.738998 -2.579
v 1496.56604 184.005997 27.5779991
v 1556.51001 184.005997 27.5779991
v 1556.51001 179.738998 -2.579
v 1476.33105 103.791 108.254997
v 1481.01599 107.208 107.258003
v 1499.26904 170.171997 88.8909988
v 1496.56604 173.587997 87.8939972
v 1476.33105 64.7630005 -12.7600002
v 1476.33105 64.7630005 27.5779991
v 1476.33105 103.791 27.5779991
v 1476.33105 103.791 -12.7600002
v 1469.95398 62.3310013 -183.037994
v 1469.95398 56.6809998 -184.264999
v 1469.95398 57.4059982 -123.943001
v 1469.95398 62.6279984 -124.457001
v 1469.95398 56.6809998 -184.264999
v 1469.95398 56.6809998 -123.723
v 1469.95398 57.4059982 -123.943001
v 1469.95398 62.6279984 -124.457001
v 1469.95398 62.6279984 -124.457001
v 1469.95398 62.3310013 -183.037994
v 1529.89099 64.7630005 -174.662003
v 1538.14502 65.1200027 -179.149002
v 1472.63599 65.1190033 -179.130997
v 1476.33105 64.7630005 -174.662003
v 1556.51001 173.587997 87.8939972
v 1552.95105 170.171997 88.8909988
v 1552.95105 107.208 107.258003
v 1556.51001 103.791 108.254997
v 1482.21802 107.829002 106.125
v 1482.21802 106.676003 102.170998
v 1499.96301 167.886002 84.3160019
v 1499.96301 169.039001 88.2699966
v 1552.03699 107.829002 106.125
v 1552.03699 106.676003 102.170998
v 1482.21802 106.676003 102.170998
v 1482.21802 107.829002 106.125
v 1496.56604 172.526993 -32.7369995
v 1495.73901 169.725006 -30.1679993
v 1495.56604 174.054993 -2.97099996
v 1496.56604 179.738998 -2.579
v 1476.33105 103.791 -12.7600002
v 1477.22998 107.061996 -12.2110004
v 1477.14697 107.018997 -48.6930008
v 1476.33105 103.791 -53.0979996
v 1476.33105 103.791 108.254997
v 1477.15002 107.018997 103.865997
v 1477.22498 107.064003 67.3759995
v 1476.33105 103.791 67.9160004
v 1478.58398 107.806999 -47.1590004
v 1482.27502 106.779999 -47.0900002
v 1500.28198 167.345993 -29.1340008
v 1496.59094 168.371994 -29.2019997
v 1499.94995 167.994995 -33.1839981
v 1499.94995 166.809998 -29.1830006
v 1482.23999 106.650002 -47.0019989
v 1482.23999 107.835999 -51.0040016
v 1552.03699 167.994995 -33.1839981
v 1552.03699 166.809998 -29.1830006
v 1499.94995 166.809998 -29.1830006
v 1499.94995 167.994995 -33.1839981
v 1482.23999 107.835999 -51.0040016
v 1482.23999 106.650002 -47.0019989
v 1552.03699 106.650002 -47.0019989
v 1552.03699 107.835999 -51.0040016
v 1496.56604 184.005997 27.5779991
v 1495.53894 178.395004 31.1389999
v 1495.55798 174.598999 58.137001
v 1496.56604 180.917999 57.7360001
v 1476.33105 103.791 67.9160004
v 1477.22498 107.064003 67.3759995
v 1477.30505 107.117996 31.0429993
v 1476.33105 103.791 27.5779991
v 1478.58801 107.807999 102.339996
v 1482.28198 106.789001 102.279999
v 1482.35999 106.767998 67.125
v 1478.66699 107.786003 67.1849976
v 1552.03699 106.676003 102.170998
v 1552.03699 167.886002 84.3160019
v 1499.96301 167.886002 84.3160019
v 1482.21802 106.676003 102.170998
v 1482.36401 106.754997 -11.9460001
v 1500.18994 171.436005 -2.96899986
v 1500.28198 167.345993 -29.1340008
v 1482.27502 106.779999 -47.0900002
v 1482.23999 106.650002 -47.0019989
v 1499.94995 166.809998 -29.1830006
v 1552.03699 166.809998 -29.1830006
v 1552.03699 106.650002 -47.0019989
v 1482.35999 106.767998 67.125
v 1500.20703 171.992004 58.1380005
v 1500.12598 175.619003 31.9729996
v 1482.43799 106.746002 31.9699993
v 1556.51001 103.791 -53.0979996
v 1552.896 107.255997 -52.0709991
v 1552.896 169.061996 -33.7639999
v 1556.51001 172.526993 -32.7369995
v 1496.56604 184.005997 27.5779991
v 1495.52002 178.330994 24.0189991
v 1477.31897 107.112999 24.1149998
v 1476.33105 103.791 27.5779991
v 1476.33105 103.791 27.5779991
v 1477.30505 107.117996 31.0429993
v 1495.53894 178.395004 31.1389999
v 1496.56604 184.005997 27.5779991
v 1496.56604 173.587997 87.8939972
v 1499.26904 170.171997 88.8909988
v 1552.95105 170.171997 88.8909988
v 1556.51001 173.587997 87.8939972
v 1496.56604 172.526993 -32.7369995
v 1499.30103 169.061996 -33.7639999
v 1481.10596 107.255997 -52.0709991
v 1476.33105 103.791 -53.0979996
v 1478.67395 107.781998 -12.0139999
v 1482.36401 106.754997 -11.9460001
v 1482.27502 106.779999 -47.0900002
v 1478.58398 107.806999 -47.1590004
v 1496.56604 173.587997 87.8939972
v 1495.73999 170.748001 85.3270035
v 1477.15002 107.018997 103.865997
v 1476.33105 103.791 108.254997
v 1556.51001 172.526993 -32.7369995
v 1552.896 169.061996 -33.7639999
v 1499.30103 169.061996 -33.7639999
v 1496.56604 172.526993 -32.7369995
v 1496.56604 179.738998 -2.579
v 1495.56604 174.054993 -2.97099996
v 1495.52002 178.330994 24.0189991
v 1496.56604 184.005997 27.5779991
v 1478.66699 107.786003 67.1849976
v 1482.35999 106.767998 67.125
v 1482.43799 106.746002 31.9699993
v 1478.745 107.764999 32.0299988
v 1496.56604 180.917999 57.7360001
v 1495.55798 174.598999 58.137001
v 1495.73999 170.748001 85.3270035
v 1496.56604 173.587997 87.8939972
v 1556.51001 103.791 108.254997
v 1552.95105 107.208 107.258003
v 1481.01599 107.208 107.258003
v 1476.33105 103.791 108.254997
v 1496.39294 106.507004 -57.2779999
v 1496.39294 101.228996 -57.2779999
v 1524.40698 101.228996 -183.563995
v 1524.40698 106.507004 -183.563995
v 1491.18396 103.791 -53.0979996
v 1491.18396 106.507004 -53.0979996
v 1521.052 106.507004 -187.744003
v 1521.052 103.791 -187.744003
v 1521.052 103.791 -187.744003
v 1521.052 106.507004 -187.744003
v 1556.51001 106.507004 -187.744003
v 1556.51001 103.791 -187.744003
v 1556.51001 103.791 -53.0979996
v 1556.51001 106.507004 -53.0979996
v 1491.18396 106.507004 -53.0979996
v 1491.18396 103.791 -53.0979996
v 1480.19104 100.130997 -186.516998
v 1480.19104 102.613998 -179.108994
v 1480.19104 70.9059982 -168.479996
v 1480.19104 68.4229965 -175.889008
v 1529.89099 64.7630005 -174.662003
v 1525.11304 68.4229965 -175.889008
v 1517.93201 100.130997 -186.516998
v 1521.052 103.791 -187.744003
v 1521.052 103.791 -187.744003
v 1517.93201 100.130997 -186.516998
v 1480.19104 100.130997 -186.516998
v 1476.33105 103.791 -187.744003
v 1476.33105 103.791 -187.744003
v 1480.19104 100.130997 -186.516998
v 1480.19104 68.4229965 -175.889008
v 1476.33105 64.7630005 -174.662003
v 1476.33105 64.7630005 -174.662003
v 1480.19104 68.4229965 -175.889008
v 1525.11304 68.4229965 -175.889008
v 1529.89099 64.7630005 -174.662003
v 1525.11304 70.9059982 -168.479996
v 1480.19104 70.9059982 -168.479996
v 1480.19104 102.613998 -179.108994
v 1517.93201 102.613998 -179.108994
v 1480.19104 68.4229965 -175.889008
v 1480.19104 70.9059982 -168.479996
v 1525.11304 70.9059982 -168.479996
v 1525.11304 68.4229965 -175.889008
v 1517.93201 100.130997 -186.516998
v 1517.93201 102.613998 -179.108994
v 1480.19104 102.613998 -179.108994
v 1480.19104 100.130997 -186.516998
v 1525.11304 68.4229965 -175.889008
v 1525.11304 70.9059982 -168.479996
v 1517.93201 102.613998 -179.108994
v 1517.93201 100.130997 -186.516998
v 1554.50806 66.9560013 -179.257004
v 1554.50806 67.9199982 -176.380005
v 1554.59802 100.236 -187.212997
v 1554.59802 99.2720032 -190.089005
v 1556.51001 103.791 -187.744003
v 1556.51001 102.627998 -191.214005
v 1521.052 102.627998 -191.214005
v 1521.052 103.791 -187.744003
v 1529.89099 64.7630005 -174.662003
v 1529.89099 63.5999985 -178.132004
v 1556.51001 63.5999985 -178.132004
v 1556.51001 64.7630005 -174.662003
v 1556.51001 63.5999985 -178.132004
v 1554.50806 66.9560013 -179.257004
v 1554.59802 99.2720032 -190.089005
v 1556.51001 102.627998 -191.214005
v 1556.51001 102.627998 -191.214005
v 1554.59802 99.2720032 -190.089005
v 1525.43298 99.2720032 -190.089005
v 1521.052 102.627998 -191.214005
v 1521.052 102.627998 -191.214005
v 1525.43298 99.2720032 -190.089005
v 1532.75098 66.9560013 -179.257004
v 1529.89099 63.5999985 -178.132004
v 1529.89099 63.5999985 -178.132004
v 1532.75098 66.9560013 -179.257004
v 1554.50806 66.9560013 -179.257004
v 1556.51001 63.5999985 -178.132004
v 1554.50806 67.9199982 -176.380005
v 1532.75098 67.9199982 -176.380005
v 1525.43298 100.236 -187.212997
v 1554.59802 100.236 -187.212997
v 1525.43298 99.2720032 -190.089005
v 1525.43298 100.236 -187.212997
v 1532.75098 67.9199982 -176.380005
v 1532.75098 66.9560013 -179.257004
v 1532.75098 66.9560013 -179.257004
v 1532.75098 67.9199982 -176.380005
v 1554.50806 67.9199982 -176.380005
v 1554.50806 66.9560013 -179.257004
v 1554.59802 99.2720032 -190.089005
v 1554.59802 100.236 -187.212997
v 1525.43298 100.236 -187.212997
v 1525.43298 99.2720032 -190.089005
v 1556.51001 106.507004 -57.2779999
v 1556.51001 106.507004 -53.0979996
v 1556.51001 106.507004 -187.744003
v 1556.51001 106.507004 -183.563995
v 1556.51001 106.507004 -183.563995
v 1556.51001 106.507004 -187.744003
v 1521.052 106.507004 -187.744003
v 1524.40698 106.507004 -183.563995
v 1496.39294 106.507004 -57.2779999
v 1491.18396 106.507004 -53.0979996
v 1556.51001 106.507004 -53.0979996
v 1556.51001 106.507004 -57.2779999
v 1524.40698 106.507004 -183.563995
v 1521.052 106.507004 -187.744003
v 1491.18396 106.507004 -53.0979996
v 1496.39294 106.507004 -57.2779999
v 1539.64001 101.228996 -105.108002
v 1496.39294 101.228996 -57.2779999
v 1556.51001 101.228996 -57.2779999
v 1556.51001 101.228996 -105.334999
v 1496.39294 101.228996 -57.2779999
v 1539.64001 101.228996 -105.108002
v 1530.34705 101.228996 -151.175995
v 1496.39294 101.228996 -57.2779999
v 1530.34705 101.228996 -151.175995
v 1524.40698 101.228996 -183.563995
v 1530.34705 101.228996 -151.175995
v 1556.51001 101.228996 -152.022003
v 1556.51001 101.228996 -183.563995
v 1524.40698 101.228996 -183.563995
v 1524.40698 106.507004 -183.563995
v 1524.40698 101.228996 -183.563995
v 1556.51001 101.228996 -183.563995
v 1556.51001 106.507004 -183.563995
v 1556.51001 106.507004 -183.563995
v 1556.51001 101.228996 -183.563995
v 1556.51001 101.228996 -152.022003
v 1556.51001 106.507004 -183.563995
v 1556.51001 101.228996 -152.022003
v 1556.51001 101.228996 -105.334999
v 1556.51001 106.507004 -57.2779999
v 1556.51001 101.228996 -105.334999
v 1556.51001 101.228996 -57.2779999
v 1556.51001 106.507004 -57.2779999
v 1556.51001 106.507004 -57.2779999
v 1556.51001 101.228996 -57.2779999
v 1496.39294 101.228996 -57.2779999
v 1496.39294 106.507004 -57.2779999
v 1556.51001 101.228996 -105.334999
v 1556.51001 104.603996 -105.334999
v 1539.64001 104.603996 -105.108002
v 1539.64001 101.228996 -105.108002
v 1539.64001 101.228996 -105.108002
v 1539.64001 104.603996 -105.108002
v 1539.23804 106.801003 -107.102997
v 1530.34705 101.228996 -151.175995
v 1539.64001 101.228996 -105.108002
v 1539.23804 106.801003 -107.102997
v 1530.34705 110.953003 -151.175995
v 1556.51001 106.799004 -107.335999
v 1556.51001 110.953003 -152.022003
v 1530.34705 110.953003 -151.175995
v 1539.23804 106.801003 -107.102997
v 1531.94104 109.358002 -151.227997
v 1532.01599 109.358002 -148.910004
v 1532.01599 102.823997 -148.910004
v 1531.94104 102.823997 -151.227997
v 1556.51001 104.603996 -105.334999
v 1556.51001 106.799004 -107.335999
v 1539.23804 106.801003 -107.102997
v 1539.64001 104.603996 -105.108002
v 1556.51001 101.228996 -152.022003
v 1556.51001 110.953003 -152.022003
v 1556.51001 106.799004 -107.335999
v 1556.51001 101.228996 -105.334999
v 1556.51001 106.799004 -107.335999
v 1556.51001 104.603996 -105.334999
v 1556.51001 101.228996 -105.334999
v 1554.91602 102.823997 -151.970001
v 1556.51001 101.228996 -152.022003
v 1530.34705 101.228996 -151.175995
v 1531.94104 102.823997 -151.227997
v 1531.94104 109.358002 -151.227997
v 1530.34705 110.953003 -151.175995
v 1556.51001 110.953003 -152.022003
v 1554.91602 109.358002 -151.970001
v 1531.94104 102.823997 -151.227997
v 1530.34705 101.228996 -151.175995
v 1530.34705 110.953003 -151.175995
v 1531.94104 109.358002 -151.227997
v 1554.91602 109.358002 -151.970001
v 1556.51001 110.953003 -152.022003
v 1556.51001 101.228996 -152.022003
v 1554.91602 102.823997 -151.970001
v 1532.01599 102.823997 -148.910004
v 1532.01599 109.358002 -148.910004
v 1554.99097 109.358002 -149.653
v 1554.99097 102.823997 -149.653
v 1531.94104 102.823997 -151.227997
v 1532.01599 102.823997 -148.910004
v 1554.99097 102.823997 -149.653
v 1554.91602 102.823997 -151.970001
v 1554.91602 102.823997 -151.970001
v 1554.99097 102.823997 -149.653
v 1554.99097 109.358002 -149.653
v 1554.91602 109.358002 -151.970001
v 1554.91602 109.358002 -151.970001
v 1554.99097 109.358002 -149.653
v 1532.01599 109.358002 -148.910004
v 1531.94104 109.358002 -151.227997
v 1556.51001 92.9400024 186.018997
v 1556.51001 97.9059982 187.744003
v 1476.33105 97.9059982 187.744003
v 1487.15002 92.9400024 186.018997
v 1487.15002 92.9400024 186.018997
v 1476.33105 97.9059982 187.744003
v 1476.33105 64.7630005 176.231003
v 1487.15002 69.7279968 177.955994
v 1556.51001 69.7279968 177.955994
v 1556.51001 64.7630005 176.231003
v 1556.51001 97.9059982 187.744003
v 1556.51001 92.9400024 186.018997
v 1487.15002 69.7279968 177.955994
v 1476.33105 64.7630005 176.231003
v 1556.51001 64.7630005 176.231003
v 1556.51001 69.7279968 177.955994
v 1487.15002 71.8970032 171.712006
v 1556.51001 71.8970032 171.712006
v 1556.51001 95.1090012 179.774994
v 1487.15002 95.1090012 179.774994
v 1556.51001 69.7279968 177.955994
v 1556.51001 71.8970032 171.712006
v 1487.15002 71.8970032 171.712006
v 1487.15002 69.7279968 177.955994
v 1487.15002 69.7279968 177.955994
v 1487.15002 71.8970032 171.712006
v 1487.15002 95.1090012 179.774994
v 1487.15002 92.9400024 186.018997
v 1487.15002 92.9400024 186.018997
v 1487.15002 95.1090012 179.774994
v 1556.51001 95.1090012 179.774994
v 1556.51001 92.9400024 186.018997
v 1476.33105 64.7630005 -12.7600002
v 1473.02197 65.0810013 -13.0430002
v 1473.02197 65.0810013 28.2210007
v 1476.33105 64.7630005 27.5779991
v 1476.33105 64.7630005 176.231003
v 1472.68506 65.1139984 180.701996
v 1556.51001 65.1149979 180.712006
v 1556.51001 64.7630005 176.231003
v 1469.95398 56.6809998 -13.3070002
v 1469.95398 56.6809998 28.8169994
v 1469.95398 62.2949982 28.8169994
v 1469.95398 62.2949982 -13.3070002
v 1544.07898 62.3320007 -183.037003
v 1556.51001 56.6809998 -184.264999
v 1469.95398 56.6809998 -184.264999
v 1469.95398 62.3310013 -183.037994
v 1556.51001 56.6809998 -184.264999
v 1544.07898 62.3320007 -183.037003
v 1556.51001 62.3650017 -183.029999
v 1472.698 65.112999 134.108002
v 1472.68506 65.1139984 180.701996
v 1476.33105 64.7630005 176.231003
v 1476.33105 64.7630005 134.141998
v 1469.95398 62.2949982 28.8169994
v 1469.95398 56.6809998 28.8169994
v 1469.95398 56.6809998 55.1860008
v 1469.95398 56.6809998 55.1860008
v 1469.95398 56.6809998 81.5540009
v 1469.95398 57.4059982 81.3339996
v 1469.95398 62.2949982 28.8169994
v 1469.95398 62.2949982 28.8169994
v 1469.95398 57.4059982 81.3339996
v 1469.95398 62.6279984 80.8199997
v 1469.95398 62.6279984 80.8199997
v 1469.95398 62.6279984 80.8199997
v 1469.95398 62.2949982 28.8169994
v 1476.33105 64.7630005 27.5779991
v 1473.02197 65.0810013 28.2210007
v 1473.02197 65.0810013 81.060997
v 1476.33105 64.7630005 81.0299988
v 1469.95398 56.6809998 133.617996
v 1469.95398 56.6809998 184.300003
v 1469.95398 57.4059982 133.837997
v 1469.95398 57.4059982 133.837997
v 1469.95398 56.6809998 184.300003
v 1469.95398 62.2960014 184.139008
v 1469.95398 62.6279984 134.352997
v 1469.95398 62.6279984 134.352997
v 1469.95398 62.6279984 134.352997
v 1469.95398 57.4059982 133.837997
v 1498.19202 67.8499985 -123.943001
v 1498.19202 62.6279984 -124.457001
v 1476.33105 64.7630005 -124.247002
v 1476.33105 67.8499985 -123.943001
v 1470.74402 64.4960022 -124.273003
v 1472.651 65.1169968 -124.211998
v 1476.33105 64.7630005 -124.247002
v 1469.95398 62.6279984 -124.457001
v 1476.33105 64.7630005 -124.247002
v 1498.19202 62.6279984 -124.457001
v 1469.95398 62.6279984 -124.457001
v 1469.95398 62.6279984 -124.457001
v 1469.95398 62.6279984 -124.457001
v 1470.74402 64.4960022 -124.273003
v 1556.51001 57.3829994 176.472
v 1556.51001 56.6809998 184.300003
v 1469.95398 56.6809998 184.300003
v 1498.19202 56.9099998 133.688004
v 1556.51001 57.3829994 108.254997
v 1556.51001 57.3829994 176.472
v 1498.19202 56.9099998 133.688004
v 1498.19202 56.9099998 81.4850006
v 1469.95398 56.6809998 184.300003
v 1469.95398 56.6809998 133.617996
v 1498.19202 56.9099998 133.688004
v 1556.51001 57.3829994 27.5779991
v 1556.51001 57.3829994 108.254997
v 1498.19202 56.9099998 81.4850006
v 1469.95398 56.6809998 28.8169994
v 1498.19202 56.9099998 81.4850006
v 1469.95398 56.6809998 81.5540009
v 1469.95398 56.6809998 55.1860008
v 1498.19202 56.9099998 81.4850006
v 1469.95398 56.6809998 55.1860008
v 1469.95398 56.6809998 28.8169994
v 1556.51001 57.3829994 27.5779991
v 1469.95398 56.6809998 28.8169994
v 1469.95398 56.6809998 -13.3070002
v 1556.51001 57.3829994 -53.0979996
v 1469.95398 56.6809998 -13.3070002
v 1469.95398 56.6809998 -55.4300003
v 1498.19202 56.9099998 -71.5889969
v 1556.51001 57.3829994 -53.0979996
v 1469.95398 56.6809998 -55.4300003
v 1469.95398 56.6809998 -71.6589966
v 1498.19202 56.9099998 -71.5889969
v 1556.51001 57.3829994 -53.0979996
v 1498.19202 56.9099998 -71.5889969
v 1498.19202 56.9099998 -123.792
v 1556.51001 57.3829994 -176.470001
v 1498.19202 56.9099998 -123.792
v 1469.95398 56.6809998 -123.723
v 1469.95398 56.6809998 -184.264999
v 1556.51001 57.3829994 -176.470001
v 1498.19202 56.9099998 -123.792
v 1469.95398 56.6809998 -184.264999
v 1556.51001 56.6809998 -184.264999
v 1498.19202 62.6279984 -70.9240036
v 1498.19202 67.8499985 -71.439003
v 1476.33105 67.8499985 -71.439003
v 1476.33105 64.7630005 -71.1340027
v 1476.33105 64.7630005 -71.1340027
v 1473.02197 65.0810013 -71.1660004
v 1470.85303 64.4850006 -71.1070023
v 1469.95398 62.6279984 -70.9240036
v 1498.19202 62.6279984 -70.9240036
v 1476.33105 64.7630005 -71.1340027
v 1469.95398 62.6279984 -70.9240036
v 1469.95398 62.6279984 -70.9240036
v 1469.95398 62.6279984 -70.9240036
v 1498.19202 62.6279984 -70.9240036
v 1556.51001 64.7630005 -174.662003
v 1556.51001 65.1210022 -179.154999
v 1538.14502 65.1200027 -179.149002
v 1529.89099 64.7630005 -174.662003
v 1476.33105 77.4990005 -75.4349976
v 1476.33105 72.8710022 -72.961998
v 1498.19202 72.8710022 -72.961998
v 1498.19202 77.4990005 -75.4349976
v 1476.33105 81.5550003 -78.7639999
v 1476.33105 77.4990005 -75.4349976
v 1498.19202 77.4990005 -75.4349976
v 1498.19202 81.5550003 -78.7639999
v 1476.33105 72.8710022 -72.961998
v 1476.33105 67.8499985 -71.439003
v 1498.19202 67.8499985 -71.439003
v 1498.19202 72.8710022 -72.961998
v 1469.95398 57.4059982 -71.439003
v 1469.95398 56.6809998 -71.6589966
v 1498.19202 56.9099998 -71.5889969
v 1498.19202 57.4059982 -71.439003
v 1469.95398 56.6809998 -55.4300003
v 1469.95398 56.6809998 -13.3070002
v 1469.95398 62.2949982 -13.3070002
v 1469.95398 62.2949982 -55.4300003
v 1476.33105 89.3949966 -97.6910019
v 1476.33105 88.8799973 -92.4690018
v 1498.19202 88.8799973 -92.4690018
v 1498.19202 89.3949966 -97.6910019
v 1476.33105 88.8799973 -102.913002
v 1476.33105 89.3949966 -97.6910019
v 1498.19202 89.3949966 -97.6910019
v 1498.19202 88.8799973 -102.913002
v 1476.33105 88.8799973 -92.4690018
v 1476.33105 87.3570023 -87.447998
v 1498.19202 87.3570023 -87.447998
v 1498.19202 88.8799973 -92.4690018
v 1476.33105 67.8499985 -123.943001
v 1476.33105 72.8710022 -122.419998
v 1498.19202 72.8710022 -122.419998
v 1498.19202 67.8499985 -123.943001
v 1476.33105 77.4990005 -119.945999
v 1476.33105 81.5550003 -116.616997
v 1498.19202 81.5550003 -116.617996
v 1498.19202 77.4990005 -119.945999
v 1469.95398 62.6279984 -70.9240036
v 1469.95398 57.4059982 -71.439003
v 1498.19202 57.4059982 -71.439003
v 1498.19202 62.6279984 -70.9240036
v 1498.19202 67.8499985 81.3339996
v 1498.19202 62.6279984 80.8199997
v 1476.33105 64.7630005 81.0299988
v 1476.33105 67.8499985 81.3339996
v 1470.85303 64.4850006 81.0029984
v 1473.02197 65.0810013 81.060997
v 1476.33105 64.7630005 81.0299988
v 1469.95398 62.6279984 80.8199997
v 1476.33105 64.7630005 81.0299988
v 1498.19202 62.6279984 80.8199997
v 1469.95398 62.6279984 80.8199997
v 1469.95398 62.6279984 80.8199997
v 1469.95398 62.6279984 80.8199997
v 1470.85303 64.4850006 81.0029984
v 1469.95398 57.4059982 -123.943001
v 1469.95398 62.6279984 -124.457001
v 1498.19202 62.6279984 -124.457001
v 1498.19202 57.4059982 -123.943001
v 1476.33105 84.8840027 -82.8199997
v 1476.33105 81.5550003 -78.7639999
v 1498.19202 81.5550003 -78.7639999
v 1498.19202 84.8840027 -82.8199997
v 1476.33105 81.5550003 -116.616997
v 1476.33105 84.8840027 -112.560997
v 1498.19202 84.8840027 -112.560997
v 1498.19202 81.5550003 -116.617996
v 1476.33105 84.8840027 -112.560997
v 1476.33105 87.3570023 -107.933998
v 1498.19202 87.3570023 -107.933998
v 1498.19202 84.8840027 -112.560997
v 1498.19202 56.9099998 -123.792
v 1469.95398 56.6809998 -123.723
v 1469.95398 57.4059982 -123.943001
v 1498.19202 57.4059982 -123.943001
v 1476.33105 87.3570023 -87.447998
v 1476.33105 84.8840027 -82.8199997
v 1498.19202 84.8840027 -82.8199997
v 1498.19202 87.3570023 -87.447998
v 1476.33105 72.8710022 -122.419998
v 1476.33105 77.4990005 -119.945999
v 1498.19202 77.4990005 -119.945999
v 1498.19202 72.8710022 -122.419998
v 1476.33105 87.3570023 -107.933998
v 1476.33105 88.8799973 -102.913002
v 1498.19202 88.8799973 -102.913002
v 1498.19202 87.3570023 -107.933998
v 1476.33105 72.8710022 132.315002
v 1476.33105 67.8499985 133.837997
v 1498.19202 67.8499985 133.837997
v 1498.19202 72.8710022 132.315002
v 1476.33105 84.8840027 122.457001
v 1476.33105 81.5550003 126.513
v 1498.19202 81.5550003 126.513
v 1498.19202 84.8840027 122.457001
v 1498.19202 62.6279984 134.352997
v 1498.19202 67.8499985 133.837997
v 1476.33105 67.8499985 133.837997
v 1476.33105 64.7630005 134.141998
v 1476.33105 64.7630005 134.141998
v 1472.698 65.112999 134.108002
v 1470.75806 64.4950027 134.169006
v 1469.95398 62.6279984 134.352997
v 1498.19202 62.6279984 134.352997
v 1476.33105 64.7630005 134.141998
v 1469.95398 62.6279984 134.352997
v 1469.95398 62.6279984 134.352997
v 1469.95398 62.6279984 134.352997
v 1498.19202 62.6279984 134.352997
v 1498.19202 56.9099998 81.4850006
v 1469.95398 56.6809998 81.5540009
v 1469.95398 57.4059982 81.3339996
v 1498.19202 57.4059982 81.3339996
v 1476.33105 77.4990005 85.3310013
v 1476.33105 81.5550003 88.6589966
v 1498.19202 81.5550003 88.6589966
v 1498.19202 77.4990005 85.3310013
v 1476.33105 87.3570023 117.829002
v 1476.33105 84.8840027 122.457001
v 1498.19202 84.8840027 122.457001
v 1498.19202 87.3570023 117.829002
v 1476.33105 81.5550003 126.513
v 1476.33105 77.4990005 129.841995
v 1498.19202 77.4990005 129.841995
v 1498.19202 81.5550003 126.513
v 1476.33105 81.5550003 88.6589966
v 1476.33105 84.8840027 92.7160034
v 1498.19202 84.8840027 92.7160034
v 1498.19202 81.5550003 88.6589966
v 1476.33105 72.8710022 82.8570023
v 1476.33105 77.4990005 85.3310013
v 1498.19202 77.4990005 85.3310013
v 1498.19202 72.8710022 82.8570023
v 1476.33105 88.8799973 102.363998
v 1476.33105 89.3949966 107.585999
v 1498.19202 89.3949966 107.585999
v 1498.19202 88.8799973 102.363998
v 1476.33105 64.7630005 -53.0979996
v 1473.02197 65.0810013 -54.3079987
v 1473.02197 65.0810013 -13.0430002
v 1476.33105 64.7630005 -12.7600002
v 1469.95398 57.4059982 81.3339996
v 1469.95398 62.6279984 80.8199997
v 1498.19202 62.6279984 80.8199997
v 1498.19202 57.4059982 81.3339996
v 1476.33105 84.8840027 92.7160034
v 1476.33105 87.3570023 97.3430023
v 1498.19202 87.3570023 97.3430023
v 1498.19202 84.8840027 92.7160034
v 1476.33105 77.4990005 129.841995
v 1476.33105 72.8710022 132.315002
v 1498.19202 72.8710022 132.315002
v 1498.19202 77.4990005 129.841995
v 1476.33105 87.3570023 97.3430023
v 1476.33105 88.8799973 102.363998
v 1498.19202 88.8799973 102.363998
v 1498.19202 87.3570023 97.3430023
v 1476.33105 67.8499985 81.3339996
v 1476.33105 72.8710022 82.8570023
v 1498.19202 72.8710022 82.8570023
v 1498.19202 67.8499985 81.3339996
v 1469.95398 57.4059982 133.837997
v 1469.95398 56.6809998 133.617996
v 1498.19202 56.9099998 133.688004
v 1498.19202 57.4059982 133.837997
v 1476.33105 88.8799973 112.807999
v 1476.33105 87.3570023 117.829002
v 1498.19202 87.3570023 117.829002
v 1498.19202 88.8799973 112.807999
v 1469.95398 62.6279984 134.352997
v 1469.95398 57.4059982 133.837997
v 1498.19202 57.4059982 133.837997
v 1498.19202 62.6279984 134.352997
v 1476.33105 89.3949966 107.585999
v 1476.33105 89.3290024 108.254997
v 1498.19202 89.3949966 107.585999
v 1476.33105 89.3290024 108.254997
v 1476.33105 88.8799973 112.807999
v 1498.19202 88.8799973 112.807999
v 1498.19202 89.3949966 107.585999
v 1469.95398 56.6809998 184.300003
v 1556.51001 56.6809998 184.300003
v 1556.51001 62.2960014 184.139008
v 1469.95398 62.2960014 184.139008
v 1476.33105 64.7630005 134.141998
v 1476.33105 64.7630005 176.231003
v 1476.33105 67.8499985 133.837997
v 1476.33105 64.7630005 176.231003
v 1476.33105 72.8710022 132.315002
v 1476.33105 67.8499985 133.837997
v 1476.33105 72.8710022 132.315002
v 1476.33105 64.7630005 176.231003
v 1476.33105 97.9059982 187.744003
v 1476.33105 77.4990005 129.841995
v 1476.33105 97.9059982 187.744003
v 1476.33105 103.791 108.254997
v 1476.33105 84.8840027 122.457001
v 1476.33105 81.5550003 126.513
v 1476.33105 97.9059982 187.744003
v 1476.33105 81.5550003 126.513
v 1476.33105 77.4990005 129.841995
v 1476.33105 103.791 108.254997
v 1476.33105 89.3290024 108.254997
v 1476.33105 88.8799973 112.807999
v 1476.33105 103.791 108.254997
v 1476.33105 88.8799973 112.807999
v 1476.33105 87.3570023 117.829002
v 1476.33105 103.791 108.254997
v 1476.33105 87.3570023 117.829002
v 1476.33105 84.8840027 122.457001
v 1473.02197 65.0810013 -71.1660004
v 1473.02197 65.0810013 -54.3079987
v 1476.33105 64.7630005 -53.0979996
v 1476.33105 64.7630005 -71.1340027
v 1469.95398 56.6809998 -71.6589966
v 1469.95398 56.6809998 -55.4300003
v 1469.95398 57.4059982 -71.439003
v 1469.95398 57.4059982 -71.439003
v 1469.95398 56.6809998 -55.4300003
v 1469.95398 62.2949982 -55.4300003
v 1469.95398 62.6279984 -70.9240036
v 1469.95398 62.6279984 -70.9240036
v 1469.95398 62.6279984 -70.9240036
v 1469.95398 57.4059982 -71.439003
v 1496.49902 172.462006 -3.03800011
v 1500.18994 171.436005 -2.96899986
v 1500.099 175.526001 23.1949997
v 1496.40796 176.552994 23.1270008
v 1482.453 106.730003 23.198
v 1500.099 175.526001 23.1949997
v 1500.18994 171.436005 -2.96899986
v 1482.36401 106.754997 -11.9460001
v 1496.59094 168.371994 -29.2019997
v 1500.28198 167.345993 -29.1340008
v 1500.18994 171.436005 -2.96899986
v 1496.49902 172.462006 -3.03800011
v 1496.40796 176.552994 23.1270008
v 1500.099 175.526001 23.1949997
v 1482.453 106.730003 23.198
v 1478.76294 107.757004 23.1299992
v 1476.33105 64.7630005 -53.0979996
v 1476.33105 64.7630005 -12.7600002
v 1476.33105 103.791 -12.7600002
v 1476.33105 103.791 -53.0979996
v 1496.56604 172.526993 -32.7369995
v 1496.56604 179.738998 -2.579
v 1556.51001 179.738998 -2.579
v 1556.51001 172.526993 -32.7369995
v 1476.33105 103.791 27.5779991
v 1477.31897 107.112999 24.1149998
v 1477.22998 107.061996 -12.2110004
v 1476.33105 103.791 -12.7600002
v 1643.78101 62.2949982 -55.4300003
v 1643.78101 56.6809998 -55.4300003
v 1643.78101 57.4059982 -71.439003
v 1643.78101 62.6279984 -70.9240036
v 1643.78101 56.6809998 -55.4300003
v 1643.78101 56.6809998 -71.6589966
v 1643.78101 57.4059982 -71.439003
v 1643.78101 62.6279984 -70.9240036
v 1643.78101 62.6279984 -70.9240036
v 1643.78101 62.2949982 -55.4300003
v 1643.78101 56.6809998 81.5540009
v 1643.78101 56.6809998 28.8169994
v 1643.78101 62.2949982 28.8169994
v 1643.78101 57.4059982 81.3339996
v 1643.78101 57.4059982 81.3339996
v 1643.78101 62.2949982 28.8169994
v 1643.78101 62.6279984 80.8199997
v 1643.78101 62.6279984 80.8199997
v 1643.78101 62.6279984 80.8199997
v 1643.78101 57.4059982 81.3339996
v 1617.09399 172.423004 -3.03500009
v 1617.18604 176.513 23.1289997
v 1613.63599 175.526001 23.1949997
v 1613.54504 171.436005 -2.96899986
v 1631.28101 106.730003 23.198
v 1631.37 106.754997 -11.9460001
v 1613.54504 171.436005 -2.96899986
v 1613.63599 175.526001 23.1949997
v 1617.00305 168.332993 -29.1989994
v 1617.09399 172.423004 -3.03500009
v 1613.54504 171.436005 -2.96899986
v 1613.453 167.345993 -29.1340008
v 1617.18604 176.513 23.1289997
v 1634.83105 107.718002 23.132
v 1631.28101 106.730003 23.198
v 1613.63599 175.526001 23.1949997
v 1637.40405 64.7630005 -53.0979996
v 1637.40405 103.791 -53.0979996
v 1637.40405 103.791 -12.7600002
v 1637.40405 64.7630005 -12.7600002
v 1617.16895 172.526993 -32.7369995
v 1557.22498 172.526993 -32.7369995
v 1557.22498 179.738998 -2.579
v 1617.16895 179.738998 -2.579
v 1617.16895 184.005997 27.5779991
v 1637.40405 103.791 27.5779991
v 1636.45105 106.995003 24.2380009
v 1618.18201 178.509003 24.1299992
v 1496.51294 173.011002 58.1980019
v 1500.20703 171.992004 58.1380005
v 1500.28699 168.365005 84.3040009
v 1496.59399 169.384003 84.3639984
v 1478.745 107.764999 32.0299988
v 1482.43799 106.746002 31.9699993
v 1500.12598 175.619003 31.9729996
v 1496.43298 176.638 32.0330009
v 1482.28198 106.789001 102.279999
v 1500.28699 168.365005 84.3040009
v 1500.20703 171.992004 58.1380005
v 1482.35999 106.767998 67.125
v 1496.43298 176.638 32.0330009
v 1500.12598 175.619003 31.9729996
v 1500.20703 171.992004 58.1380005
v 1496.51294 173.011002 58.1980019
v 1496.59399 169.384003 84.3639984
v 1500.28699 168.365005 84.3040009
v 1482.28198 106.789001 102.279999
v 1478.58801 107.807999 102.339996
v 1496.56604 184.005997 27.5779991
v 1496.56604 180.917999 57.7360001
v 1556.51001 180.917999 57.7360001
v 1556.51001 184.005997 27.5779991
v 1617.07996 172.972 58.1959991
v 1616.99902 169.345001 84.3619995
v 1613.448 168.365005 84.3040009
v 1613.52795 171.992004 58.1380005
v 1617.16895 173.587997 87.8939972
v 1637.40405 103.791 108.254997
v 1636.61902 106.883003 104.050003
v 1617.95703 170.876007 85.4430008
v 1631.453 106.789001 102.279999
v 1631.375 106.767998 67.125
v 1613.52795 171.992004 58.1380005
v 1613.448 168.365005 84.3040009
v 1617.16101 176.598999 32.0299988
v 1617.07996 172.972 58.1959991
v 1613.52795 171.992004 58.1380005
v 1613.60901 175.619003 31.9729996
v 1616.99902 169.345001 84.3619995
v 1635.005 107.768997 102.337997
v 1631.453 106.789001 102.279999
v 1613.448 168.365005 84.3040009
v 1617.16895 184.005997 27.5779991
v 1557.22498 184.005997 27.5779991
v 1557.22498 180.917999 57.7360001
v 1617.16895 180.917999 57.7360001
v 1640.71301 65.0810013 -13.0430002
v 1640.71301 65.0810013 28.2210007
v 1642.88196 64.3880005 28.6429996
v 1642.88196 64.3880005 -13.2290001
v 1642.88196 64.3880005 -13.2290001
v 1642.88196 64.3880005 28.6429996
v 1643.78101 62.2949982 28.8169994
v 1643.78101 62.2949982 -13.3070002
v 1641.05005 65.1139984 180.701996
v 1557.22498 65.1149979 180.712006
v 1557.22498 64.3980026 183.098007
v 1642.98096 64.3970032 183.095001
v 1642.98096 64.3970032 183.095001
v 1557.22498 64.3980026 183.098007
v 1557.22498 62.2960014 184.139008
v 1643.78101 62.2960014 184.139008
v 1640.71301 65.0810013 -71.1660004
v 1640.71301 65.0810013 -54.3079987
v 1642.88196 64.3880005 -55.1010017
v 1642.88196 64.4850006 -71.1070023
v 1642.88196 64.4850006 -71.1070023
v 1642.88196 64.3880005 -55.1010017
v 1643.78101 62.2949982 -55.4300003
v 1643.78101 62.6279984 -70.9240036
v 1641.03699 65.112999 134.108002
v 1641.05005 65.1139984 180.701996
v 1642.98096 64.3970032 183.095001
v 1642.97705 64.4950027 134.169006
v 1642.97705 64.4950027 134.169006
v 1642.98096 64.3970032 183.095001
v 1643.78101 62.2960014 184.139008
v 1643.78101 62.6279984 134.352997
v 1575.76697 65.1119995 -179.054001
v 1641.026 65.1119995 -179.044006
v 1642.974 64.4069977 -181.593994
v 1571.44604 64.4079971 -181.597
v 1571.44604 64.4079971 -181.597
v 1642.974 64.4069977 -181.593994
v 1643.78101 62.3310013 -183.037994
v 1569.65601 62.3320007 -183.037003
v 1641.026 65.1119995 -179.044006
v 1641.01404 65.1110001 -124.212997
v 1642.97095 64.4940033 -124.273003
v 1642.974 64.4069977 -181.593994
v 1642.974 64.4069977 -181.593994
v 1642.97095 64.4940033 -124.273003
v 1643.78101 62.6279984 -124.457001
v 1643.78101 62.3310013 -183.037994
v 1640.71301 65.0810013 28.2210007
v 1640.71301 65.0810013 81.060997
v 1642.88196 64.4850006 81.0029984
v 1642.88196 64.3880005 28.6429996
v 1642.88196 64.3880005 28.6429996
v 1642.88196 64.4850006 81.0029984
v 1643.78101 62.6279984 80.8199997
v 1643.78101 62.2949982 28.8169994
v 1469.95398 62.2949982 -13.3070002
v 1469.95398 62.2949982 28.8169994
v 1470.85303 64.3880005 28.6429996
v 1470.85303 64.3880005 -13.2290001
v 1470.85303 64.3880005 -13.2290001
v 1470.85303 64.3880005 28.6429996
v 1473.02197 65.0810013 28.2210007
v 1473.02197 65.0810013 -13.0430002
v 1469.95398 62.2960014 184.139008
v 1556.51001 62.2960014 184.139008
v 1556.51001 64.3980026 183.098007
v 1470.75403 64.3970032 183.095001
v 1470.75403 64.3970032 183.095001
v 1556.51001 64.3980026 183.098007
v 1556.51001 65.1149979 180.712006
v 1472.68506 65.1139984 180.701996
v 1469.95398 62.6279984 -70.9240036
v 1469.95398 62.2949982 -55.4300003
v 1470.85303 64.3880005 -55.1010017
v 1470.85303 64.4850006 -71.1070023
v 1470.85303 64.4850006 -71.1070023
v 1470.85303 64.3880005 -55.1010017
v 1473.02197 65.0810013 -54.3079987
v 1473.02197 65.0810013 -71.1660004
v 1469.95398 62.6279984 134.352997
v 1469.95398 62.2960014 184.139008
v 1470.75403 64.3970032 183.095001
v 1470.75806 64.4950027 134.169006
v 1470.75806 64.4950027 134.169006
v 1470.75403 64.3970032 183.095001
v 1472.68506 65.1139984 180.701996
v 1472.698 65.112999 134.108002
v 1544.07898 62.3320007 -183.037003
v 1469.95398 62.3310013 -183.037994
v 1470.73999 64.4089966 -181.619003
v 1542.34094 64.4100037 -181.625
v 1542.34094 64.4100037 -181.625
v 1470.73999 64.4089966 -181.619003
v 1472.63599 65.1190033 -179.130997
v 1538.14502 65.1200027 -179.149002
v 1556.51001 62.3650017 -183.029999
v 1544.07898 62.3320007 -183.037003
v 1542.34094 64.4100037 -181.625
v 1556.51001 64.4199982 -181.623993
v 1556.51001 64.4199982 -181.623993
v 1542.34094 64.4100037 -181.625
v 1538.14502 65.1200027 -179.149002
v 1556.51001 65.1210022 -179.154999
v 1469.95398 62.3310013 -183.037994
v 1469.95398 62.6279984 -124.457001
v 1470.74402 64.4960022 -124.273003
v 1470.73999 64.4089966 -181.619003
v 1470.73999 64.4089966 -181.619003
v 1470.74402 64.4960022 -124.273003
v 1472.651 65.1169968 -124.211998
v 1472.63599 65.1190033 -179.130997
v 1469.95398 62.2949982 28.8169994
v 1469.95398 62.6279984 80.8199997
v 1470.85303 64.4850006 81.0029984
v 1470.85303 64.3880005 28.6429996
v 1470.85303 64.3880005 28.6429996
v 1470.85303 64.4850006 81.0029984
v 1473.02197 65.0810013 81.060997
v 1473.02197 65.0810013 28.2210007
v 1469.95398 62.2949982 -55.4300003
v 1469.95398 62.2949982 -13.3070002
v 1470.85303 64.3880005 -13.2290001
v 1470.85303 64.3880005 -55.1010017
v 1470.85303 64.3880005 -55.1010017
v 1470.85303 64.3880005 -13.2290001
v 1473.02197 65.0810013 -13.0430002
v 1473.02197 65.0810013 -54.3079987
v 1640.71301 65.0810013 -54.3079987
v 1640.71301 65.0810013 -13.0430002
v 1642.88196 64.3880005 -13.2290001
v 1642.88196 64.3880005 -55.1010017
v 1642.88196 64.3880005 -55.1010017
v 1642.88196 64.3880005 -13.2290001
v 1643.78101 62.2949982 -13.3070002
v 1643.78101 62.2949982 -55.4300003
v 1637.40405 64.7630005 -174.662003
v 1637.40405 64.7630005 -124.247002
v 1641.01404 65.1110001 -124.212997
v 1641.026 65.1119995 -179.044006
v 1634.92004 107.742996 -12.0120001
v 1634.83105 107.718002 23.132
v 1636.45105 106.995003 24.2380009
v 1636.53894 106.933998 -12.2320004
v 1634.83105 107.718002 23.132
v 1617.18604 176.513 23.1289997
v 1618.18201 178.509003 24.1299992
v 1636.45105 106.995003 24.2380009
v 1617.00305 168.332993 -29.1989994
v 1635.00903 107.766998 -47.1559982
v 1636.62195 106.884003 -48.8779984
v 1617.95898 169.850998 -30.2840004
v 1618.14099 174.210007 -2.96099997
v 1618.18201 178.509003 24.1299992
v 1617.18604 176.513 23.1289997
v 1617.09399 172.423004 -3.03500009
v 1634.927 107.747002 67.1829987
v 1635.005 107.768997 102.337997
v 1636.61902 106.883003 104.050003
v 1636.54504 106.935997 67.3970032
v 1635.005 107.768997 102.337997
v 1616.99902 169.345001 84.3619995
v 1617.95703 170.876007 85.4430008
v 1636.61902 106.883003 104.050003
v 1636.46497 107 30.9200001
v 1618.16394 178.570999 31.0270004
v 1617.16101 176.598999 32.0299988
v 1634.84802 107.725998 32.0279999
v 1618.15198 174.753998 58.1269989
v 1617.95703 170.876007 85.4430008
v 1616.99902 169.345001 84.3619995
v 1617.07996 172.972 58.1959991
v 1635.00903 107.766998 -47.1559982
v 1634.92004 107.742996 -12.0120001
v 1636.53894 106.933998 -12.2320004
v 1636.62195 106.884003 -48.8779984
v 1617.95898 169.850998 -30.2840004
v 1618.14099 174.210007 -2.96099997
v 1617.09399 172.423004 -3.03500009
v 1617.00305 168.332993 -29.1989994
v 1634.84802 107.725998 32.0279999
v 1634.927 107.747002 67.1829987
v 1636.54504 106.935997 67.3970032
v 1636.46497 107 30.9200001
v 1618.16394 178.570999 31.0270004
v 1618.15198 174.753998 58.1269989
v 1617.07996 172.972 58.1959991
v 1617.16101 176.598999 32.0299988
v 1634.83105 107.718002 23.132
v 1634.92004 107.742996 -12.0120001
v 1631.37 106.754997 -11.9460001
v 1631.28101 106.730003 23.198
v 1477.22998 107.061996 -12.2110004
v 1477.31897 107.112999 24.1149998
v 1478.76294 107.757004 23.1299992
v 1478.67395 107.781998 -12.0139999
v 1477.31897 107.112999 24.1149998
v 1495.52002 178.330994 24.0189991
v 1496.40796 176.552994 23.1270008
v 1478.76294 107.757004 23.1299992
v 1495.73901 169.725006 -30.1679993
v 1477.14697 107.018997 -48.6930008
v 1478.58398 107.806999 -47.1590004
v 1496.59094 168.371994 -29.2019997
v 1496.49902 172.462006 -3.03800011
v 1496.40796 176.552994 23.1270008
v 1495.52002 178.330994 24.0189991
v 1495.56604 174.054993 -2.97099996
v 1477.22498 107.064003 67.3759995
v 1477.15002 107.018997 103.865997
v 1478.58801 107.807999 102.339996
v 1478.66699 107.786003 67.1849976
v 1477.15002 107.018997 103.865997
v 1495.73999 170.748001 85.3270035
v 1496.59399 169.384003 84.3639984
v 1478.58801 107.807999 102.339996
v 1478.745 107.764999 32.0299988
v 1496.43298 176.638 32.0330009
v 1495.53894 178.395004 31.1389999
v 1477.30505 107.117996 31.0429993
v 1496.51294 173.011002 58.1980019
v 1496.59399 169.384003 84.3639984
v 1495.73999 170.748001 85.3270035
v 1495.55798 174.598999 58.137001
v 1477.14697 107.018997 -48.6930008
v 1477.22998 107.061996 -12.2110004
v 1478.67395 107.781998 -12.0139999
v 1478.58398 107.806999 -47.1590004
v 1496.59094 168.371994 -29.2019997
v 1496.49902 172.462006 -3.03800011
v 1495.56604 174.054993 -2.97099996
v 1495.73901 169.725006 -30.1679993
v 1477.30505 107.117996 31.0429993
v 1477.22498 107.064003 67.3759995
v 1478.66699 107.786003 67.1849976
v 1478.745 107.764999 32.0299988
v 1496.43298 176.638 32.0330009
v 1496.51294 173.011002 58.1980019
v 1495.55798 174.598999 58.137001
v 1495.53894 178.395004 31.1389999
v 1478.76294 107.757004 23.1299992
v 1482.453 106.730003 23.198
v 1482.36401 106.754997 -11.9460001
v 1478.67395 107.781998 -12.0139999
v 1560.83899 107.255997 -52.0709991
v 1560.83899 169.061996 -33.7639999
v 1561.698 167.994995 -33.1839981
v 1561.698 107.835999 -51.0040016
v 1561.698 107.835999 -51.0040016
v 1631.49402 107.835999 -51.0040016
v 1632.62903 107.255997 -52.0709991
v 1560.83899 107.255997 -52.0709991
v 1614.43396 169.061996 -33.7639999
v 1632.62903 107.255997 -52.0709991
v 1631.49402 107.835999 -51.0040016
v 1613.78406 167.994995 -33.1839981
v 1560.83899 169.061996 -33.7639999
v 1614.43396 169.061996 -33.7639999
v 1613.78406 167.994995 -33.1839981
v 1561.698 167.994995 -33.1839981
v 1552.03699 107.835999 -51.0040016
v 1552.03699 167.994995 -33.1839981
v 1552.896 169.061996 -33.7639999
v 1552.896 107.255997 -52.0709991
v 1552.896 107.255997 -52.0709991
v 1481.10596 107.255997 -52.0709991
v 1482.23999 107.835999 -51.0040016
v 1552.03699 107.835999 -51.0040016
v 1499.94995 167.994995 -33.1839981
v 1482.23999 107.835999 -51.0040016
v 1481.10596 107.255997 -52.0709991
v 1499.30103 169.061996 -33.7639999
v 1552.03699 167.994995 -33.1839981
v 1499.94995 167.994995 -33.1839981
v 1499.30103 169.061996 -33.7639999
v 1552.896 169.061996 -33.7639999
v 1637.40405 103.791 -53.0979996
v 1622.55103 103.791 -53.0979996
v 1632.62903 107.255997 -52.0709991
v 1622.55103 103.791 -53.0979996
v 1557.22498 103.791 -53.0979996
v 1560.83899 107.255997 -52.0709991
v 1632.62903 107.255997 -52.0709991
v 1561.698 107.829002 106.125
v 1561.698 169.039001 88.2699966
v 1560.78406 170.171997 88.8909988
v 1560.78406 107.208 107.258003
v 1560.78406 107.208 107.258003
v 1632.71899 107.208 107.258003
v 1631.51697 107.829002 106.125
v 1561.698 107.829002 106.125
v 1632.71899 107.208 107.258003
v 1614.46497 170.171997 88.8909988
v 1613.77197 169.039001 88.2699966
v 1631.51697 107.829002 106.125
v 1561.698 169.039001 88.2699966
v 1613.77197 169.039001 88.2699966
v 1614.46497 170.171997 88.8909988
v 1560.78406 170.171997 88.8909988
v 1552.95105 107.208 107.258003
v 1552.95105 170.171997 88.8909988
v 1552.03699 169.039001 88.2699966
v 1552.03699 107.829002 106.125
v 1552.03699 107.829002 106.125
v 1482.21802 107.829002 106.125
v 1481.01599 107.208 107.258003
v 1552.95105 107.208 107.258003
v 1482.21802 107.829002 106.125
v 1499.96301 169.039001 88.2699966
v 1499.26904 170.171997 88.8909988
v 1481.01599 107.208 107.258003
v 1552.95105 170.171997 88.8909988
v 1499.26904 170.171997 88.8909988
v 1499.96301 169.039001 88.2699966
v 1552.03699 169.039001 88.2699966
v 1561.698 169.039001 88.2699966
v 1561.698 107.829002 106.125
v 1561.698 106.676003 102.170998
v 1561.698 167.886002 84.3160019
v 1625.52905 86.8259964 -179.770004
v 1625.75696 84.5019989 -179.770004
v 1625.75696 84.5019989 -176.703003
v 1625.52905 86.8259964 -176.703003
v 1611.526 96.1819992 -179.770004
v 1613.849 96.4110031 -179.770004
v 1613.849 96.4110031 -176.703003
v 1611.526 96.1819992 -176.703003
v 1626.427 89.711998 -179.934998
v 1627.20203 87.1579971 -179.934998
v 1625.69104 86.8580017 -179.934998
v 1625.00403 89.1230011 -179.934998
v 1606.28503 73.1829987 -179.934998
v 1604.22205 74.8759995 -179.934998
v 1605.31104 75.9649963 -179.934998
v 1607.14099 74.4629974 -179.934998
v 1625.16895 92.0660019 -179.934998
v 1626.427 89.711998 -179.934998
v 1625.00403 89.1230011 -179.934998
v 1623.88794 91.2099991 -179.934998
v 1608.63904 71.9250031 -179.934998
v 1606.28503 73.1829987 -179.934998
v 1607.14099 74.4629974 -179.934998
v 1609.22803 73.3470001 -179.934998
v 1623.47595 94.1289978 -179.934998
v 1625.16895 92.0660019 -179.934998
v 1623.88794 91.2099991 -179.934998
v 1622.38696 93.0400009 -179.934998
v 1611.19299 71.1500015 -179.934998
v 1608.63904 71.9250031 -179.934998
v 1609.22803 73.3470001 -179.934998
v 1611.49402 72.6600037 -179.934998
v 1613.849 98.1169968 -179.934998
v 1616.505 97.8550034 -179.934998
v 1616.20496 96.3450012 -179.934998
v 1613.849 96.5770035 -179.934998
v 1621.41296 95.8219986 -179.934998
v 1623.47595 94.1289978 -179.934998
v 1622.38696 93.0400009 -179.934998
v 1620.55701 94.5419998 -179.934998
v 1613.849 70.8880005 -179.934998
v 1611.19299 71.1500015 -179.934998
v 1611.49402 72.6600037 -179.934998
v 1613.849 72.4280014 -179.934998
v 1606.28503 95.8219986 -179.934998
v 1608.63904 97.0800018 -179.934998
v 1609.22803 95.6579971 -179.934998
v 1607.14099 94.5419998 -179.934998
v 1619.05896 97.0800018 -179.934998
v 1621.41296 95.8219986 -179.934998
v 1620.55701 94.5419998 -179.934998
v 1618.46997 95.6579971 -179.934998
v 1616.505 71.1500015 -179.934998
v 1613.849 70.8880005 -179.934998
v 1613.849 72.4280014 -179.934998
v 1616.20496 72.6600037 -179.934998
v 1604.22205 94.1289978 -179.934998
v 1606.28503 95.8219986 -179.934998
v 1607.14099 94.5419998 -179.934998
v 1605.31104 93.0400009 -179.934998
v 1616.505 97.8550034 -179.934998
v 1619.05896 97.0800018 -179.934998
v 1618.46997 95.6579971 -179.934998
v 1616.20496 96.3450012 -179.934998
v 1619.05896 71.9250031 -179.934998
v 1616.505 71.1500015 -179.934998
v 1616.20496 72.6600037 -179.934998
v 1618.46997 73.3470001 -179.934998
v 1602.52905 92.0660019 -179.934998
v 1604.22205 94.1289978 -179.934998
v 1605.31104 93.0400009 -179.934998
v 1603.81006 91.2099991 -179.934998
v 1611.41296 96.75 -166.001007
v 1616.28503 96.75 -166.001007
v 1613.849 96.9899979 -166.001007
v 1611.41296 96.75 -166.001007
v 1609.06995 96.0390015 -166.001007
v 1606.91101 94.8850021 -166.001007
v 1616.28503 96.75 -166.001007
v 1611.41296 96.75 -166.001007
v 1606.91101 94.8850021 -166.001007
v 1622.67896 93.3320007 -166.001007
v 1606.91101 94.8850021 -166.001007
v 1605.01904 93.3320007 -166.001007
v 1603.46594 91.4400024 -166.001007
v 1606.91101 94.8850021 -166.001007
v 1603.46594 91.4400024 -166.001007
v 1602.31201 89.2809982 -166.001007
v 1601.36206 84.5019989 -166.001007
v 1622.67896 93.3320007 -166.001007
v 1606.91101 94.8850021 -166.001007
v 1601.36206 84.5019989 -166.001007
v 1616.28503 72.2549973 -166.001007
v 1602.31201 89.2809982 -166.001007
v 1601.60205 86.939003 -166.001007
v 1601.36206 84.5019989 -166.001007
v 1601.36206 84.5019989 -166.001007
v 1601.60205 82.0660019 -166.001007
v 1611.41296 72.2549973 -166.001007
v 1616.28503 72.2549973 -166.001007
v 1611.41296 72.2549973 -166.001007
v 1601.60205 82.0660019 -166.001007
v 1602.31201 79.723999 -166.001007
v 1605.01904 75.6729965 -166.001007
v 1602.31201 79.723999 -166.001007
v 1603.46594 77.5650024 -166.001007
v 1605.01904 75.6729965 -166.001007
v 1611.41296 72.2549973 -166.001007
v 1605.01904 75.6729965 -166.001007
v 1606.91101 74.1200027 -166.001007
v 1609.06995 72.9660034 -166.001007
v 1611.41296 72.2549973 -166.001007
v 1613.849 72.0149994 -166.001007
v 1616.28503 72.2549973 -166.001007
v 1616.28503 72.2549973 -166.001007
v 1618.62805 72.9660034 -166.001007
v 1620.78699 74.1200027 -166.001007
v 1616.28503 72.2549973 -166.001007
v 1620.78699 74.1200027 -166.001007
v 1622.67896 75.6729965 -166.001007
v 1625.38599 79.723999 -166.001007
v 1616.28503 72.2549973 -166.001007
v 1625.38599 79.723999 -166.001007
v 1625.38599 89.2809982 -166.001007
v 1622.67896 93.3320007 -166.001007
v 1622.67896 75.6729965 -166.001007
v 1624.23206 77.5650024 -166.001007
v 1625.38599 79.723999 -166.001007
v 1625.38599 79.723999 -166.001007
v 1626.09595 82.0660019 -166.001007
v 1626.09595 86.939003 -166.001007
v 1625.38599 89.2809982 -166.001007
v 1626.09595 82.0660019 -166.001007
v 1626.33606 84.5019989 -166.001007
v 1626.09595 86.939003 -166.001007
v 1625.38599 89.2809982 -166.001007
v 1624.23206 91.4400024 -166.001007
v 1622.67896 93.3320007 -166.001007
v 1616.28503 96.75 -166.001007
v 1622.67896 93.3320007 -166.001007
v 1620.78699 94.8850021 -166.001007
v 1618.62805 96.0390015 -166.001007
v 1621.41296 73.1829987 -179.934998
v 1619.05896 71.9250031 -179.934998
v 1618.46997 73.3470001 -179.934998
v 1620.55701 74.4629974 -179.934998
v 1601.271 89.711998 -179.934998
v 1602.52905 92.0660019 -179.934998
v 1603.81006 91.2099991 -179.934998
v 1602.69397 89.1230011 -179.934998
v 1608.63904 97.0800018 -179.934998
v 1611.19299 97.8550034 -179.934998
v 1611.49402 96.3450012 -179.934998
v 1609.22803 95.6579971 -179.934998
v 1623.47595 74.8759995 -179.934998
v 1621.41296 73.1829987 -179.934998
v 1620.55701 74.4629974 -179.934998
v 1622.38696 75.9649963 -179.934998
v 1600.49695 87.1579971 -179.934998
v 1601.271 89.711998 -179.934998
v 1602.69397 89.1230011 -179.934998
v 1602.00696 86.8580017 -179.934998
v 1625.16895 76.939003 -179.934998
v 1623.47595 74.8759995 -179.934998
v 1622.38696 75.9649963 -179.934998
v 1623.88794 77.7939987 -179.934998
v 1600.23499 84.5019989 -179.934998
v 1600.49695 87.1579971 -179.934998
v 1602.00696 86.8580017 -179.934998
v 1601.77502 84.5019989 -179.934998
v 1626.427 79.2929993 -179.934998
v 1625.16895 76.939003 -179.934998
v 1623.88794 77.7939987 -179.934998
v 1625.00403 79.8820038 -179.934998
v 1600.49695 81.8460007 -179.934998
v 1600.23499 84.5019989 -179.934998
v 1601.77502 84.5019989 -179.934998
v 1602.00696 82.1470032 -179.934998
v 1627.20203 81.8460007 -179.934998
v 1626.427 79.2929993 -179.934998
v 1625.00403 79.8820038 -179.934998
v 1625.69104 82.1470032 -179.934998
v 1601.271 79.2929993 -179.934998
v 1600.49695 81.8460007 -179.934998
v 1602.00696 82.1470032 -179.934998
v 1602.69397 79.8820038 -179.934998
v 1627.46301 84.5019989 -179.934998
v 1627.20203 81.8460007 -179.934998
v 1625.69104 82.1470032 -179.934998
v 1625.92297 84.5019989 -179.934998
v 1602.52905 76.939003 -179.934998
v 1601.271 79.2929993 -179.934998
v 1602.69397 79.8820038 -179.934998
v 1603.81006 77.7939987 -179.934998
v 1627.20203 87.1579971 -179.934998
v 1627.46301 84.5019989 -179.934998
v 1625.92297 84.5019989 -179.934998
v 1625.69104 86.8580017 -179.934998
v 1604.22205 74.8759995 -179.934998
v 1602.52905 76.939003 -179.934998
v 1603.81006 77.7939987 -179.934998
v 1605.31104 75.9649963 -179.934998
v 1613.849 98.2689972 -179.770996
v 1611.16296 98.0039978 -179.770996
v 1611.37805 96.9260025 -166.166
v 1613.849 97.1689987 -166.166
v 1616.53503 98.0039978 -179.770996
v 1613.849 98.2689972 -179.770996
v 1613.849 97.1689987 -166.166
v 1616.31995 96.9260025 -166.166
v 1619.11694 97.2210007 -179.770996
v 1616.53503 98.0039978 -179.770996
v 1616.31995 96.9260025 -166.166
v 1618.69604 96.2050018 -166.166
v 1621.49695 95.9489975 -179.770996
v 1619.11694 97.2210007 -179.770996
v 1618.69604 96.2050018 -166.166
v 1620.88599 95.0339966 -166.166
v 1623.58301 94.2369995 -179.770996
v 1621.49695 95.9489975 -179.770996
v 1620.88599 95.0339966 -166.166
v 1622.80603 93.4589996 -166.166
v 1625.29602 92.151001 -179.770996
v 1623.58301 94.2369995 -179.770996
v 1622.80603 93.4589996 -166.166
v 1624.38098 91.5400009 -166.166
v 1626.56799 89.7710037 -179.770996
v 1625.29602 92.151001 -179.770996
v 1624.38098 91.5400009 -166.166
v 1625.55103 89.3499985 -166.166
v 1627.35095 87.1880035 -179.770996
v 1626.56799 89.7710037 -179.770996
v 1625.55103 89.3499985 -166.166
v 1626.27197 86.973999 -166.166
v 1627.61597 84.5019989 -179.770996
v 1627.35095 87.1880035 -179.770996
v 1626.27197 86.973999 -166.166
v 1626.51599 84.5019989 -166.166
v 1627.35095 81.8170013 -179.770996
v 1627.61597 84.5019989 -179.770996
v 1626.51599 84.5019989 -166.166
v 1626.27197 82.0309982 -166.166
v 1626.56799 79.2340012 -179.770996
v 1627.35095 81.8170013 -179.770996
v 1626.27197 82.0309982 -166.166
v 1625.55103 79.6549988 -166.166
v 1625.29602 76.8539963 -179.770996
v 1626.56799 79.2340012 -179.770996
v 1625.55103 79.6549988 -166.166
v 1624.38098 77.4649963 -166.166
v 1623.58301 74.7679977 -179.770996
v 1625.29602 76.8539963 -179.770996
v 1624.38098 77.4649963 -166.166
v 1622.80603 75.5459976 -166.166
v 1621.49695 73.0559998 -179.770996
v 1623.58301 74.7679977 -179.770996
v 1622.80603 75.5459976 -166.166
v 1620.88599 73.9710007 -166.166
v 1619.11694 71.7839966 -179.770996
v 1621.49695 73.0559998 -179.770996
v 1620.88599 73.9710007 -166.166
v 1618.69604 72.8000031 -166.166
v 1616.53503 71 -179.770996
v 1619.11694 71.7839966 -179.770996
v 1618.69604 72.8000031 -166.166
v 1616.31995 72.0790024 -166.166
v 1613.849 70.7360001 -179.770996
v 1616.53503 71 -179.770996
v 1616.31995 72.0790024 -166.166
v 1613.849 71.8359985 -166.166
v 1611.16296 71 -179.770996
v 1613.849 70.7360001 -179.770996
v 1613.849 71.8359985 -166.166
v 1611.37805 72.0790024 -166.166
v 1608.58105 71.7839966 -179.770996
v 1611.16296 71 -179.770996
v 1611.37805 72.0790024 -166.166
v 1609.00195 72.8000031 -166.166
v 1606.20105 73.0559998 -179.770996
v 1608.58105 71.7839966 -179.770996
v 1609.00195 72.8000031 -166.166
v 1606.81201 73.9710007 -166.166
v 1604.11499 74.7679977 -179.770996
v 1606.20105 73.0559998 -179.770996
v 1606.81201 73.9710007 -166.166
v 1604.89294 75.5459976 -166.166
v 1602.40295 76.8539963 -179.770996
v 1604.11499 74.7679977 -179.770996
v 1604.89294 75.5459976 -166.166
v 1603.31702 77.4649963 -166.166
v 1601.13 79.2340012 -179.770996
v 1602.40295 76.8539963 -179.770996
v 1603.31702 77.4649963 -166.166
v 1602.14697 79.6549988 -166.166
v 1600.34705 81.8170013 -179.770996
v 1601.13 79.2340012 -179.770996
v 1602.14697 79.6549988 -166.166
v 1601.42603 82.0309982 -166.166
v 1600.08203 84.5019989 -179.770996
v 1600.34705 81.8170013 -179.770996
v 1601.42603 82.0309982 -166.166
v 1601.18298 84.5019989 -166.166
v 1600.34705 87.1880035 -179.770996
v 1600.08203 84.5019989 -179.770996
v 1601.18298 84.5019989 -166.166
v 1601.42603 86.973999 -166.166
v 1601.13 89.7710037 -179.770996
v 1600.34705 87.1880035 -179.770996
v 1601.42603 86.973999 -166.166
v 1602.14697 89.3499985 -166.166
v 1602.40295 92.151001 -179.770996
v 1601.13 89.7710037 -179.770996
v 1602.14697 89.3499985 -166.166
v 1603.31702 91.5400009 -166.166
v 1604.11499 94.2369995 -179.770996
v 1602.40295 92.151001 -179.770996
v 1603.31702 91.5400009 -166.166
v 1604.89294 93.4589996 -166.166
v 1606.20105 95.9489975 -179.770996
v 1604.11499 94.2369995 -179.770996
v 1604.89294 93.4589996 -166.166
v 1606.81201 95.0339966 -166.166
v 1608.58105 97.2210007 -179.770996
v 1606.20105 95.9489975 -179.770996
v 1606.81201 95.0339966 -166.166
v 1609.00195 96.2050018 -166.166
v 1611.16296 98.0039978 -179.770996
v 1608.58105 97.2210007 -179.770996
v 1609.00195 96.2050018 -166.166
v 1611.37805 96.9260025 -166.166
v 1613.25806 87.4749985 -181.205002
v 1613.849 87.5329971 -181.205002
v 1614.43994 87.4749985 -181.205002
v 1612.16504 87.0220032 -181.205002
v 1613.25806 87.4749985 -181.205002
v 1614.43994 87.4749985 -181.205002
v 1611.70605 86.6449966 -181.205002
v 1613.25806 87.4749985 -181.205002
v 1612.16504 87.0220032 -181.205002
v 1612.68896 87.302002 -181.205002
v 1614.43994 87.4749985 -181.205002
v 1615.00903 87.302002 -181.205002
v 1615.53296 87.0220032 -181.205002
v 1611.70605 86.6449966 -181.205002
v 1614.43994 87.4749985 -181.205002
v 1615.53296 87.0220032 -181.205002
v 1616.64905 85.6620026 -181.205002
v 1615.53296 87.0220032 -181.205002
v 1615.99194 86.6449966 -181.205002
v 1616.36902 86.185997 -181.205002
v 1616.64905 85.6620026 -181.205002
v 1616.82104 83.9110031 -181.205002
v 1616.64905 85.6620026 -181.205002
v 1616.82104 85.0940018 -181.205002
v 1616.88 84.5019989 -181.205002
v 1615.99194 82.3600006 -181.205002
v 1616.64905 85.6620026 -181.205002
v 1616.82104 83.9110031 -181.205002
v 1616.36902 82.8190002 -181.205002
v 1616.64905 85.6620026 -181.205002
v 1615.99194 82.3600006 -181.205002
v 1615.00903 81.7030029 -181.205002
v 1614.43994 81.5299988 -181.205002
v 1616.64905 85.6620026 -181.205002
v 1614.43994 81.5299988 -181.205002
v 1611.70605 82.3600006 -181.205002
v 1611.70605 86.6449966 -181.205002
v 1616.82104 83.9110031 -181.205002
v 1616.64905 83.3430023 -181.205002
v 1616.36902 82.8190002 -181.205002
v 1615.99194 82.3600006 -181.205002
v 1615.53296 81.9830017 -181.205002
v 1615.00903 81.7030029 -181.205002
v 1611.70605 82.3600006 -181.205002
v 1614.43994 81.5299988 -181.205002
v 1613.25806 81.5299988 -181.205002
v 1612.68896 81.7030029 -181.205002
v 1614.43994 81.5299988 -181.205002
v 1613.849 81.4720001 -181.205002
v 1613.25806 81.5299988 -181.205002
v 1612.68896 81.7030029 -181.205002
v 1612.16504 81.9830017 -181.205002
v 1611.70605 82.3600006 -181.205002
v 1611.70605 82.3600006 -181.205002
v 1611.32898 82.8190002 -181.205002
v 1611.04895 83.3430023 -181.205002
v 1610.81897 84.5019989 -181.205002
v 1611.70605 82.3600006 -181.205002
v 1611.04895 83.3430023 -181.205002
v 1610.87695 83.9110031 -181.205002
v 1611.70605 86.6449966 -181.205002
v 1611.70605 82.3600006 -181.205002
v 1610.81897 84.5019989 -181.205002
v 1611.32898 86.185997 -181.205002
v 1610.81897 84.5019989 -181.205002
v 1610.87695 85.0940018 -181.205002
v 1611.04895 85.6620026 -181.205002
v 1611.32898 86.185997 -181.205002
v 1603.948 77.8860016 -179.770004
v 1602.84705 79.9449997 -179.770004
v 1602.84705 79.9449997 -176.703003
v 1603.948 77.8860016 -176.703003
v 1625.75696 84.5019989 -179.770004
v 1625.52905 82.1790009 -179.770004
v 1625.52905 82.1790009 -176.703003
v 1625.75696 84.5019989 -176.703003
v 1602.84705 79.9449997 -179.770004
v 1602.16895 82.1790009 -179.770004
v 1602.16895 82.1790009 -176.703003
v 1602.84705 79.9449997 -176.703003
v 1625.52905 82.1790009 -179.770004
v 1624.85095 79.9449997 -179.770004
v 1624.85095 79.9449997 -176.703003
v 1625.52905 82.1790009 -176.703003
v 1602.16895 82.1790009 -179.770004
v 1601.94104 84.5019989 -179.770004
v 1601.94104 84.5019989 -176.703003
v 1602.16895 82.1790009 -176.703003
v 1624.85095 79.9449997 -179.770004
v 1623.75098 77.8860016 -179.770004
v 1623.75098 77.8860016 -176.703003
v 1624.85095 79.9449997 -176.703003
v 1601.94104 84.5019989 -179.770004
v 1602.16895 86.8259964 -179.770004
v 1602.16895 86.8259964 -176.703003
v 1601.94104 84.5019989 -176.703003
v 1623.75098 77.8860016 -179.770004
v 1622.27002 76.0820007 -179.770004
v 1622.27002 76.0820007 -176.703003
v 1623.75098 77.8860016 -176.703003
v 1602.16895 86.8259964 -179.770004
v 1602.84705 89.0599976 -179.770004
v 1602.84705 89.0599976 -176.703003
v 1602.16895 86.8259964 -176.703003
v 1622.27002 76.0820007 -179.770004
v 1620.46497 74.6009979 -179.770004
v 1620.46497 74.6009979 -176.703003
v 1622.27002 76.0820007 -176.703003
v 1609.29199 95.5039978 -179.770004
v 1611.526 96.1819992 -179.770004
v 1611.526 96.1819992 -176.703003
v 1609.29199 95.5039978 -176.703003
v 1602.84705 89.0599976 -179.770004
v 1603.948 91.1179962 -179.770004
v 1603.948 91.1179962 -176.703003
v 1602.84705 89.0599976 -176.703003
v 1620.46497 74.6009979 -179.770004
v 1618.40601 73.5009995 -179.770004
v 1618.40601 73.5009995 -176.703003
v 1620.46497 74.6009979 -176.703003
v 1613.849 96.4110031 -179.770004
v 1616.172 96.1819992 -179.770004
v 1616.172 96.1819992 -176.703003
v 1613.849 96.4110031 -176.703003
v 1603.948 91.1179962 -179.770004
v 1605.42896 92.9229965 -179.770004
v 1605.42896 92.9229965 -176.703003
v 1603.948 91.1179962 -176.703003
v 1618.40601 73.5009995 -179.770004
v 1616.172 72.822998 -179.770004
v 1616.172 72.822998 -176.703003
v 1618.40601 73.5009995 -176.703003
v 1616.172 96.1819992 -179.770004
v 1618.40601 95.5039978 -179.770004
v 1618.40601 95.5039978 -176.703003
v 1616.172 96.1819992 -176.703003
v 1605.42896 92.9229965 -179.770004
v 1607.23303 94.4039993 -179.770004
v 1607.23303 94.4039993 -176.703003
v 1605.42896 92.9229965 -176.703003
v 1616.172 72.822998 -179.770004
v 1613.849 72.5940018 -179.770004
v 1613.849 72.5940018 -176.703003
v 1616.172 72.822998 -176.703003
v 1618.40601 95.5039978 -179.770004
v 1620.46497 94.4039993 -179.770004
v 1620.46497 94.4039993 -176.703003
v 1618.40601 95.5039978 -176.703003
v 1607.23303 94.4039993 -179.770004
v 1609.29199 95.5039978 -179.770004
v 1609.29199 95.5039978 -176.703003
v 1607.23303 94.4039993 -176.703003
v 1613.849 72.5940018 -179.770004
v 1611.526 72.822998 -179.770004
v 1611.526 72.822998 -176.703003
v 1613.849 72.5940018 -176.703003
v 1620.46497 94.4039993 -179.770004
v 1622.27002 92.9229965 -179.770004
v 1622.27002 92.9229965 -176.703003
v 1620.46497 94.4039993 -176.703003
v 1611.55396 96.0429993 -176.623001
v 1613.849 96.2689972 -176.623001
v 1613.849 93.8880005 -178.046997
v 1612.01794 93.7070007 -178.046997
v 1611.526 72.822998 -179.770004
v 1609.29199 73.5009995 -179.770004
v 1609.29199 73.5009995 -176.703003
v 1611.526 72.822998 -176.703003
v 1622.27002 92.9229965 -179.770004
v 1623.75098 91.1179962 -179.770004
v 1623.75098 91.1179962 -176.703003
v 1622.27002 92.9229965 -176.703003
v 1609.29199 73.5009995 -179.770004
v 1607.23303 74.6009979 -179.770004
v 1607.23303 74.6009979 -176.703003
v 1609.29199 73.5009995 -176.703003
v 1623.75098 91.1179962 -179.770004
v 1624.85095 89.0599976 -179.770004
v 1624.85095 89.0599976 -176.703003
v 1623.75098 91.1179962 -176.703003
v 1607.23303 74.6009979 -179.770004
v 1605.42896 76.0820007 -179.770004
v 1605.42896 76.0820007 -176.703003
v 1607.23303 74.6009979 -176.703003
v 1624.85095 89.0599976 -179.770004
v 1625.52905 86.8259964 -179.770004
v 1625.52905 86.8259964 -176.703003
v 1624.85095 89.0599976 -176.703003
v 1605.42896 76.0820007 -179.770004
v 1603.948 77.8860016 -179.770004
v 1603.948 77.8860016 -176.703003
v 1605.42896 76.0820007 -176.703003
v 1609.34595 95.3730011 -176.623001
v 1611.55396 96.0429993 -176.623001
v 1612.01794 93.7070007 -178.046997
v 1610.25696 93.1729965 -178.046997
v 1607.31201 94.2860031 -176.623001
v 1609.34595 95.3730011 -176.623001
v 1610.25696 93.1729965 -178.046997
v 1608.63501 92.3059998 -178.046997
v 1618.35205 95.3730011 -176.623001
v 1620.38599 94.2860031 -176.623001
v 1619.06299 92.3059998 -178.046997
v 1617.44104 93.1729965 -178.046997
v 1620.38599 94.2860031 -176.623001
v 1622.16895 92.8219986 -176.623001
v 1620.48596 91.1389999 -178.046997
v 1619.06299 92.3059998 -178.046997
v 1622.16895 92.8219986 -176.623001
v 1623.63196 91.0390015 -176.623001
v 1621.65295 89.7170029 -178.046997
v 1620.48596 91.1389999 -178.046997
v 1623.63196 91.0390015 -176.623001
v 1624.71997 89.0049973 -176.623001
v 1622.52002 88.0940018 -178.046997
v 1621.65295 89.7170029 -178.046997
v 1624.71997 89.0049973 -176.623001
v 1625.38904 86.7979965 -176.623001
v 1623.05396 86.3330002 -178.046997
v 1622.52002 88.0940018 -178.046997
v 1625.38904 86.7979965 -176.623001
v 1625.61499 84.5019989 -176.623001
v 1623.23401 84.5019989 -178.046997
v 1623.05396 86.3330002 -178.046997
v 1625.61499 84.5019989 -176.623001
v 1625.38904 82.2070007 -176.623001
v 1623.05396 82.6709976 -178.046997
v 1623.23401 84.5019989 -178.046997
v 1625.38904 82.2070007 -176.623001
v 1624.71997 80 -176.623001
v 1622.52002 80.9110031 -178.046997
v 1623.05396 82.6709976 -178.046997
v 1624.71997 80 -176.623001
v 1623.63196 77.9649963 -176.623001
v 1621.65295 79.288002 -178.046997
v 1622.52002 80.9110031 -178.046997
v 1623.63196 77.9649963 -176.623001
v 1622.16895 76.1819992 -176.623001
v 1620.48499 77.8659973 -178.046997
v 1621.65295 79.288002 -178.046997
v 1622.16895 76.1819992 -176.623001
v 1620.38599 74.7190018 -176.623001
v 1619.06299 76.6989975 -178.046997
v 1620.48499 77.8659973 -178.046997
v 1620.38599 74.7190018 -176.623001
v 1618.35205 73.6320038 -176.623001
v 1617.44104 75.8310013 -178.046997
v 1619.06299 76.6989975 -178.046997
v 1618.35205 73.6320038 -176.623001
v 1616.14502 72.961998 -176.623001
v 1615.68005 75.2969971 -178.046997
v 1617.44104 75.8310013 -178.046997
v 1616.14502 72.961998 -176.623001
v 1613.849 72.7360001 -176.623001
v 1613.849 75.1169968 -178.046997
v 1615.68005 75.2969971 -178.046997
v 1613.849 72.7360001 -176.623001
v 1611.55396 72.961998 -176.623001
v 1612.01794 75.2969971 -178.046997
v 1613.849 75.1169968 -178.046997
v 1611.55396 72.961998 -176.623001
v 1609.34595 73.6320038 -176.623001
v 1610.25696 75.8310013 -178.046997
v 1612.01794 75.2969971 -178.046997
v 1609.34595 73.6320038 -176.623001
v 1607.31201 74.7190018 -176.623001
v 1608.63501 76.6989975 -178.046997
v 1610.25696 75.8310013 -178.046997
v 1607.31201 74.7190018 -176.623001
v 1605.52905 76.1819992 -176.623001
v 1607.21301 77.8659973 -178.046997
v 1608.63501 76.6989975 -178.046997
v 1605.52905 76.1819992 -176.623001
v 1604.06604 77.9649963 -176.623001
v 1606.04504 79.288002 -178.046997
v 1607.21301 77.8659973 -178.046997
v 1604.06604 77.9649963 -176.623001
v 1602.97803 80 -176.623001
v 1605.17798 80.9110031 -178.046997
v 1606.04504 79.288002 -178.046997
v 1602.97803 80 -176.623001
v 1602.30896 82.2070007 -176.623001
v 1604.64404 82.6709976 -178.046997
v 1605.17798 80.9110031 -178.046997
v 1602.30896 82.2070007 -176.623001
v 1602.08301 84.5019989 -176.623001
v 1604.46399 84.5019989 -178.046997
v 1604.64404 82.6709976 -178.046997
v 1602.08301 84.5019989 -176.623001
v 1602.30896 86.7979965 -176.623001
v 1604.64404 86.3330002 -178.046997
v 1604.46399 84.5019989 -178.046997
v 1602.30896 86.7979965 -176.623001
v 1602.97803 89.0049973 -176.623001
v 1605.17798 88.0940018 -178.046997
v 1604.64404 86.3330002 -178.046997
v 1602.97803 89.0049973 -176.623001
v 1604.06604 91.0390015 -176.623001
v 1606.04504 89.7170029 -178.046997
v 1605.17798 88.0940018 -178.046997
v 1604.06604 91.0390015 -176.623001
v 1605.52905 92.8219986 -176.623001
v 1607.21301 91.1389999 -178.046997
v 1606.04504 89.7170029 -178.046997
v 1605.52905 92.8219986 -176.623001
v 1607.31201 94.2860031 -176.623001
v 1608.63501 92.3059998 -178.046997
v 1607.21301 91.1389999 -178.046997
v 1500.94495 98.1999969 -178.921005
v 1498.27197 97.9369965 -178.921005
v 1498.474 96.9260025 -166.166
v 1500.94495 97.1689987 -166.166
v 1616.14502 96.0429993 -176.623001
v 1618.35205 95.3730011 -176.623001
v 1617.44104 93.1729965 -178.046997
v 1615.68005 93.7070007 -178.046997
v 1613.849 96.2689972 -176.623001
v 1616.14502 96.0429993 -176.623001
v 1615.68005 93.7070007 -178.046997
v 1613.849 93.8880005 -178.046997
v 1612.01794 93.7070007 -178.046997
v 1613.849 93.8880005 -178.046997
v 1613.849 90.8000031 -180.123001
v 1612.62097 90.6790009 -180.123001
v 1613.849 93.8880005 -178.046997
v 1615.68005 93.7070007 -178.046997
v 1615.078 90.6790009 -180.123001
v 1613.849 90.8000031 -180.123001
v 1615.68005 93.7070007 -178.046997
v 1617.44104 93.1729965 -178.046997
v 1616.25903 90.3199997 -180.123001
v 1615.078 90.6790009 -180.123001
v 1617.44104 93.1729965 -178.046997
v 1619.06299 92.3059998 -178.046997
v 1617.34802 89.737999 -180.123001
v 1616.25903 90.3199997 -180.123001
v 1619.06299 92.3059998 -178.046997
v 1620.48596 91.1389999 -178.046997
v 1618.302 88.9550018 -180.123001
v 1617.34802 89.737999 -180.123001
v 1620.48596 91.1389999 -178.046997
v 1621.65295 89.7170029 -178.046997
v 1619.08496 88.0009995 -180.123001
v 1618.302 88.9550018 -180.123001
v 1621.65295 89.7170029 -178.046997
v 1622.52002 88.0940018 -178.046997
v 1619.66699 86.9120026 -180.123001
v 1619.08496 88.0009995 -180.123001
v 1622.52002 88.0940018 -178.046997
v 1623.05396 86.3330002 -178.046997
v 1620.02502 85.7310028 -180.123001
v 1619.66699 86.9120026 -180.123001
v 1623.05396 86.3330002 -178.046997
v 1623.23401 84.5019989 -178.046997
v 1620.146 84.5019989 -180.123001
v 1620.02502 85.7310028 -180.123001
v 1623.23401 84.5019989 -178.046997
v 1623.05396 82.6709976 -178.046997
v 1620.02502 83.2740021 -180.123001
v 1620.146 84.5019989 -180.123001
v 1623.05396 82.6709976 -178.046997
v 1622.52002 80.9110031 -178.046997
v 1619.66699 82.0930023 -180.123001
v 1620.02502 83.2740021 -180.123001
v 1622.52002 80.9110031 -178.046997
v 1621.65295 79.288002 -178.046997
v 1619.08496 81.0039978 -180.123001
v 1619.66699 82.0930023 -180.123001
v 1621.65295 79.288002 -178.046997
v 1620.48499 77.8659973 -178.046997
v 1618.302 80.0500031 -180.123001
v 1619.08496 81.0039978 -180.123001
v 1620.48499 77.8659973 -178.046997
v 1619.06299 76.6989975 -178.046997
v 1617.34802 79.2669983 -180.123001
v 1618.302 80.0500031 -180.123001
v 1619.06299 76.6989975 -178.046997
v 1617.44104 75.8310013 -178.046997
v 1616.25903 78.6849976 -180.123001
v 1617.34802 79.2669983 -180.123001
v 1617.44104 75.8310013 -178.046997
v 1615.68005 75.2969971 -178.046997
v 1615.078 78.3259964 -180.123001
v 1616.25903 78.6849976 -180.123001
v 1615.68005 75.2969971 -178.046997
v 1613.849 75.1169968 -178.046997
v 1613.849 78.2050018 -180.123001
v 1615.078 78.3259964 -180.123001
v 1613.849 75.1169968 -178.046997
v 1612.01794 75.2969971 -178.046997
v 1612.62097 78.3259964 -180.123001
v 1613.849 78.2050018 -180.123001
v 1612.01794 75.2969971 -178.046997
v 1610.25696 75.8310013 -178.046997
v 1611.43896 78.6849976 -180.123001
v 1612.62097 78.3259964 -180.123001
v 1610.25696 75.8310013 -178.046997
v 1608.63501 76.6989975 -178.046997
v 1610.35095 79.2669983 -180.123001
v 1611.43896 78.6849976 -180.123001
v 1608.63501 76.6989975 -178.046997
v 1607.21301 77.8659973 -178.046997
v 1609.396 80.0500031 -180.123001
v 1610.35095 79.2669983 -180.123001
v 1607.21301 77.8659973 -178.046997
v 1606.04504 79.288002 -178.046997
v 1608.61304 81.0039978 -180.123001
v 1609.396 80.0500031 -180.123001
v 1606.04504 79.288002 -178.046997
v 1605.17798 80.9110031 -178.046997
v 1608.03101 82.0930023 -180.123001
v 1608.61304 81.0039978 -180.123001
v 1605.17798 80.9110031 -178.046997
v 1604.64404 82.6709976 -178.046997
v 1607.67297 83.2740021 -180.123001
v 1608.03101 82.0930023 -180.123001
v 1604.64404 82.6709976 -178.046997
v 1604.46399 84.5019989 -178.046997
v 1607.552 84.5019989 -180.123001
v 1607.67297 83.2740021 -180.123001
v 1604.46399 84.5019989 -178.046997
v 1604.64404 86.3330002 -178.046997
v 1607.67297 85.7310028 -180.123001
v 1607.552 84.5019989 -180.123001
v 1604.64404 86.3330002 -178.046997
v 1605.17798 88.0940018 -178.046997
v 1608.03101 86.9120026 -180.123001
v 1607.67297 85.7310028 -180.123001
v 1605.17798 88.0940018 -178.046997
v 1606.04504 89.7170029 -178.046997
v 1608.61304 88.0009995 -180.123001
v 1608.03101 86.9120026 -180.123001
v 1606.04504 89.7170029 -178.046997
v 1607.21301 91.1389999 -178.046997
v 1609.396 88.9550018 -180.123001
v 1608.61304 88.0009995 -180.123001
v 1607.21301 91.1389999 -178.046997
v 1608.63501 92.3059998 -178.046997
v 1610.35095 89.737999 -180.123001
v 1609.396 88.9550018 -180.123001
v 1608.63501 92.3059998 -178.046997
v 1610.25696 93.1729965 -178.046997
v 1611.43896 90.3199997 -180.123001
v 1610.35095 89.737999 -180.123001
v 1610.25696 93.1729965 -178.046997
v 1612.01794 93.7070007 -178.046997
v 1612.62097 90.6790009 -180.123001
v 1611.43896 90.3199997 -180.123001
v 1612.62097 90.6790009 -180.123001
v 1613.849 90.8000031 -180.123001
v 1613.849 87.5329971 -181.205002
v 1613.25806 87.4749985 -181.205002
v 1613.849 90.8000031 -180.123001
v 1615.078 90.6790009 -180.123001
v 1614.43994 87.4749985 -181.205002
v 1613.849 87.5329971 -181.205002
v 1615.078 90.6790009 -180.123001
v 1616.25903 90.3199997 -180.123001
v 1615.00903 87.302002 -181.205002
v 1614.43994 87.4749985 -181.205002
v 1616.25903 90.3199997 -180.123001
v 1617.34802 89.737999 -180.123001
v 1615.53296 87.0220032 -181.205002
v 1615.00903 87.302002 -181.205002
v 1617.34802 89.737999 -180.123001
v 1618.302 88.9550018 -180.123001
v 1615.99194 86.6449966 -181.205002
v 1615.53296 87.0220032 -181.205002
v 1618.302 88.9550018 -180.123001
v 1619.08496 88.0009995 -180.123001
v 1616.36902 86.185997 -181.205002
v 1615.99194 86.6449966 -181.205002
v 1619.08496 88.0009995 -180.123001
v 1619.66699 86.9120026 -180.123001
v 1616.64905 85.6620026 -181.205002
v 1616.36902 86.185997 -181.205002
v 1619.66699 86.9120026 -180.123001
v 1620.02502 85.7310028 -180.123001
v 1616.82104 85.0940018 -181.205002
v 1616.64905 85.6620026 -181.205002
v 1620.02502 85.7310028 -180.123001
v 1620.146 84.5019989 -180.123001
v 1616.88 84.5019989 -181.205002
v 1616.82104 85.0940018 -181.205002
v 1620.146 84.5019989 -180.123001
v 1620.02502 83.2740021 -180.123001
v 1616.82104 83.9110031 -181.205002
v 1616.88 84.5019989 -181.205002
v 1620.02502 83.2740021 -180.123001
v 1619.66699 82.0930023 -180.123001
v 1616.64905 83.3430023 -181.205002
v 1616.82104 83.9110031 -181.205002
v 1619.66699 82.0930023 -180.123001
v 1619.08496 81.0039978 -180.123001
v 1616.36902 82.8190002 -181.205002
v 1616.64905 83.3430023 -181.205002
v 1619.08496 81.0039978 -180.123001
v 1618.302 80.0500031 -180.123001
v 1615.99194 82.3600006 -181.205002
v 1616.36902 82.8190002 -181.205002
v 1618.302 80.0500031 -180.123001
v 1617.34802 79.2669983 -180.123001
v 1615.53296 81.9830017 -181.205002
v 1615.99194 82.3600006 -181.205002
v 1617.34802 79.2669983 -180.123001
v 1616.25903 78.6849976 -180.123001
v 1615.00903 81.7030029 -181.205002
v 1615.53296 81.9830017 -181.205002
v 1616.25903 78.6849976 -180.123001
v 1615.078 78.3259964 -180.123001
v 1614.43994 81.5299988 -181.205002
v 1615.00903 81.7030029 -181.205002
v 1615.078 78.3259964 -180.123001
v 1613.849 78.2050018 -180.123001
v 1613.849 81.4720001 -181.205002
v 1614.43994 81.5299988 -181.205002
v 1613.849 78.2050018 -180.123001
v 1612.62097 78.3259964 -180.123001
v 1613.25806 81.5299988 -181.205002
v 1613.849 81.4720001 -181.205002
v 1612.62097 78.3259964 -180.123001
v 1611.43896 78.6849976 -180.123001
v 1612.68896 81.7030029 -181.205002
v 1613.25806 81.5299988 -181.205002
v 1611.43896 78.6849976 -180.123001
v 1610.35095 79.2669983 -180.123001
v 1612.16504 81.9830017 -181.205002
v 1612.68896 81.7030029 -181.205002
v 1610.35095 79.2669983 -180.123001
v 1609.396 80.0500031 -180.123001
v 1611.70605 82.3600006 -181.205002
v 1612.16504 81.9830017 -181.205002
v 1609.396 80.0500031 -180.123001
v 1608.61304 81.0039978 -180.123001
v 1611.32898 82.8190002 -181.205002
v 1611.70605 82.3600006 -181.205002
v 1608.61304 81.0039978 -180.123001
v 1608.03101 82.0930023 -180.123001
v 1611.04895 83.3430023 -181.205002
v 1611.32898 82.8190002 -181.205002
v 1608.03101 82.0930023 -180.123001
v 1607.67297 83.2740021 -180.123001
v 1610.87695 83.9110031 -181.205002
v 1611.04895 83.3430023 -181.205002
v 1607.67297 83.2740021 -180.123001
v 1607.552 84.5019989 -180.123001
v 1610.81897 84.5019989 -181.205002
v 1610.87695 83.9110031 -181.205002
v 1607.552 84.5019989 -180.123001
v 1607.67297 85.7310028 -180.123001
v 1610.87695 85.0940018 -181.205002
v 1610.81897 84.5019989 -181.205002
v 1607.67297 85.7310028 -180.123001
v 1608.03101 86.9120026 -180.123001
v 1611.04895 85.6620026 -181.205002
v 1610.87695 85.0940018 -181.205002
v 1608.03101 86.9120026 -180.123001
v 1608.61304 88.0009995 -180.123001
v 1611.32898 86.185997 -181.205002
v 1611.04895 85.6620026 -181.205002
v 1608.61304 88.0009995 -180.123001
v 1609.396 88.9550018 -180.123001
v 1611.70605 86.6449966 -181.205002
v 1611.32898 86.185997 -181.205002
v 1609.396 88.9550018 -180.123001
v 1610.35095 89.737999 -180.123001
v 1612.16504 87.0220032 -181.205002
v 1611.70605 86.6449966 -181.205002
v 1610.35095 89.737999 -180.123001
v 1611.43896 90.3199997 -180.123001
v 1612.68896 87.302002 -181.205002
v 1612.16504 87.0220032 -181.205002
v 1611.43896 90.3199997 -180.123001
v 1612.62097 90.6790009 -180.123001
v 1613.25806 87.4749985 -181.205002
v 1612.68896 87.302002 -181.205002
v 1512.62402 86.8259964 -179.770004
v 1512.85303 84.5019989 -179.770004
v 1512.85303 84.5019989 -176.703003
v 1512.62402 86.8259964 -176.703003
v 1498.27197 97.9369965 -178.921005
v 1495.703 97.1579971 -178.921005
v 1496.09705 96.2050018 -166.166
v 1498.474 96.9260025 -166.166
v 1511.94702 89.0599976 -179.770004
v 1512.62402 86.8259964 -179.770004
v 1512.62402 86.8259964 -176.703003
v 1511.94702 89.0599976 -176.703003
v 1492.52405 76.0820007 -179.770004
v 1491.04297 77.8860016 -179.770004
v 1491.04297 77.8860016 -176.703003
v 1492.52405 76.0820007 -176.703003
v 1512.73096 89.3850021 -179.934998
v 1513.45703 86.9909973 -179.934998
v 1512.78699 86.8580017 -179.934998
v 1512.09998 89.1230011 -179.934998
v 1494.32898 74.6009979 -179.770004
v 1492.52405 76.0820007 -179.770004
v 1492.52405 76.0820007 -176.703003
v 1494.32898 74.6009979 -176.703003
v 1510.84595 91.1179962 -179.770004
v 1511.94702 89.0599976 -179.770004
v 1511.94702 89.0599976 -176.703003
v 1510.84595 91.1179962 -176.703003
v 1496.38794 73.5009995 -179.770004
v 1494.32898 74.6009979 -179.770004
v 1494.32898 74.6009979 -176.703003
v 1496.38794 73.5009995 -176.703003
v 1503.26794 96.1819992 -179.770004
v 1505.50195 95.5039978 -179.770004
v 1505.50195 95.5039978 -176.703003
v 1503.26794 96.1819992 -176.703003
v 1509.36499 92.9229965 -179.770004
v 1510.84595 91.1179962 -179.770004
v 1510.84595 91.1179962 -176.703003
v 1509.36499 92.9229965 -176.703003
v 1498.62097 72.822998 -179.770004
v 1496.38794 73.5009995 -179.770004
v 1496.38794 73.5009995 -176.703003
v 1498.62097 72.822998 -176.703003
v 1498.64905 96.0429993 -176.623001
v 1500.94495 96.2689972 -176.623001
v 1500.94495 93.8880005 -178.046997
v 1499.11401 93.7070007 -178.046997
v 1507.56104 94.4039993 -179.770004
v 1509.36499 92.9229965 -179.770004
v 1509.36499 92.9229965 -176.703003
v 1507.56104 94.4039993 -176.703003
v 1500.94495 72.5940018 -179.770004
v 1498.62097 72.822998 -179.770004
v 1498.62097 72.822998 -176.703003
v 1500.94495 72.5940018 -176.703003
v 1494.32898 94.4039993 -179.770004
v 1496.38794 95.5039978 -179.770004
v 1496.38794 95.5039978 -176.703003
v 1494.32898 94.4039993 -176.703003
v 1505.50195 95.5039978 -179.770004
v 1507.56104 94.4039993 -179.770004
v 1507.56104 94.4039993 -176.703003
v 1505.50195 95.5039978 -176.703003
v 1503.26794 72.822998 -179.770004
v 1500.94495 72.5940018 -179.770004
v 1500.94495 72.5940018 -176.703003
v 1503.26794 72.822998 -176.703003
v 1492.52405 92.9229965 -179.770004
v 1494.32898 94.4039993 -179.770004
v 1494.32898 94.4039993 -176.703003
v 1492.52405 92.9229965 -176.703003
v 1505.50195 73.5009995 -179.770004
v 1503.26794 72.822998 -179.770004
v 1503.26794 72.822998 -176.703003
v 1505.50195 73.5009995 -176.703003
v 1491.04297 91.1179962 -179.770004
v 1492.52405 92.9229965 -179.770004
v 1492.52405 92.9229965 -176.703003
v 1491.04297 91.1179962 -176.703003
v 1496.38794 95.5039978 -179.770004
v 1498.62097 96.1819992 -179.770004
v 1498.62097 96.1819992 -176.703003
v 1496.38794 95.5039978 -176.703003
v 1507.56104 74.6009979 -179.770004
v 1505.50195 73.5009995 -179.770004
v 1505.50195 73.5009995 -176.703003
v 1507.56104 74.6009979 -176.703003
v 1489.94299 89.0599976 -179.770004
v 1491.04297 91.1179962 -179.770004
v 1491.04297 91.1179962 -176.703003
v 1489.94299 89.0599976 -176.703003
v 1509.36499 76.0820007 -179.770004
v 1507.56104 74.6009979 -179.770004
v 1507.56104 74.6009979 -176.703003
v 1509.36499 76.0820007 -176.703003
v 1489.26501 86.8259964 -179.770004
v 1489.94299 89.0599976 -179.770004
v 1489.94299 89.0599976 -176.703003
v 1489.26501 86.8259964 -176.703003
v 1510.84595 77.8860016 -179.770004
v 1509.36499 76.0820007 -179.770004
v 1509.36499 76.0820007 -176.703003
v 1510.84595 77.8860016 -176.703003
v 1489.03601 84.5019989 -179.770004
v 1489.26501 86.8259964 -179.770004
v 1489.26501 86.8259964 -176.703003
v 1489.03601 84.5019989 -176.703003
v 1511.94702 79.9449997 -179.770004
v 1510.84595 77.8860016 -179.770004
v 1510.84595 77.8860016 -176.703003
v 1511.94702 79.9449997 -176.703003
v 1489.26501 82.1790009 -179.770004
v 1489.03601 84.5019989 -179.770004
v 1489.03601 84.5019989 -176.703003
v 1489.26501 82.1790009 -176.703003
v 1512.62402 82.1790009 -179.770004
v 1511.94702 79.9449997 -179.770004
v 1511.94702 79.9449997 -176.703003
v 1512.62402 82.1790009 -176.703003
v 1489.94299 79.9449997 -179.770004
v 1489.26501 82.1790009 -179.770004
v 1489.26501 82.1790009 -176.703003
v 1489.94299 79.9449997 -176.703003
v 1512.85303 84.5019989 -179.770004
v 1512.62402 82.1790009 -179.770004
v 1512.62402 82.1790009 -176.703003
v 1512.85303 84.5019989 -176.703003
v 1491.04297 77.8860016 -179.770004
v 1489.94299 79.9449997 -179.770004
v 1489.94299 79.9449997 -176.703003
v 1491.04297 77.8860016 -176.703003
v 1498.50903 96.75 -166.001007
v 1503.38098 96.75 -166.001007
v 1500.94495 96.9899979 -166.001007
v 1498.50903 96.75 -166.001007
v 1496.16602 96.0390015 -166.001007
v 1494.00696 94.8850021 -166.001007
v 1509.77502 93.3320007 -166.001007
v 1498.50903 96.75 -166.001007
v 1494.00696 94.8850021 -166.001007
v 1488.45703 84.5019989 -166.001007
v 1498.50903 96.75 -166.001007
v 1509.77502 93.3320007 -166.001007
v 1507.88196 94.8850021 -166.001007
v 1503.38098 96.75 -166.001007
v 1494.00696 94.8850021 -166.001007
v 1492.11499 93.3320007 -166.001007
v 1490.56201 91.4400024 -166.001007
v 1488.45703 84.5019989 -166.001007
v 1494.00696 94.8850021 -166.001007
v 1490.56201 91.4400024 -166.001007
v 1489.40796 89.2809982 -166.001007
v 1489.40796 89.2809982 -166.001007
v 1488.69702 86.939003 -166.001007
v 1488.45703 84.5019989 -166.001007
v 1488.45703 84.5019989 -166.001007
v 1488.69702 82.0660019 -166.001007
v 1489.40796 79.723999 -166.001007
v 1490.56201 77.5650024 -166.001007
v 1488.45703 84.5019989 -166.001007
v 1490.56201 77.5650024 -166.001007
v 1494.00696 74.1200027 -166.001007
v 1498.50903 72.2549973 -166.001007
v 1509.77502 93.3320007 -166.001007
v 1488.45703 84.5019989 -166.001007
v 1498.50903 72.2549973 -166.001007
v 1503.38098 72.2549973 -166.001007
v 1490.56201 77.5650024 -166.001007
v 1492.11499 75.6729965 -166.001007
v 1494.00696 74.1200027 -166.001007
v 1494.00696 74.1200027 -166.001007
v 1496.16602 72.9660034 -166.001007
v 1498.50903 72.2549973 -166.001007
v 1498.50903 72.2549973 -166.001007
v 1500.94495 72.0149994 -166.001007
v 1503.38098 72.2549973 -166.001007
v 1509.77502 75.6729965 -166.001007
v 1503.38098 72.2549973 -166.001007
v 1505.72302 72.9660034 -166.001007
v 1507.88196 74.1200027 -166.001007
v 1509.77502 93.3320007 -166.001007
v 1503.38098 72.2549973 -166.001007
v 1509.77502 75.6729965 -166.001007
v 1512.48206 89.2809982 -166.001007
v 1509.77502 75.6729965 -166.001007
v 1511.328 77.5650024 -166.001007
v 1512.48206 79.723999 -166.001007
v 1512.48206 89.2809982 -166.001007
v 1509.77502 75.6729965 -166.001007
v 1512.48206 79.723999 -166.001007
v 1513.19202 82.0660019 -166.001007
v 1513.19202 82.0660019 -166.001007
v 1513.43201 84.5019989 -166.001007
v 1513.19202 86.939003 -166.001007
v 1512.48206 89.2809982 -166.001007
v 1512.48206 89.2809982 -166.001007
v 1511.328 91.4400024 -166.001007
v 1509.77502 93.3320007 -166.001007
v 1507.88196 94.8850021 -166.001007
v 1505.72302 96.0390015 -166.001007
v 1503.38098 96.75 -166.001007
v 1495.703 97.1579971 -178.921005
v 1493.33496 95.8919983 -178.921005
v 1493.90796 95.0339966 -166.166
v 1496.09705 96.2050018 -166.166
v 1498.45605 97.0149994 -179.934998
v 1500.94495 97.2600021 -179.934998
v 1500.94495 96.5770035 -179.934998
v 1498.58899 96.3450012 -179.934998
v 1506.18701 97.1579971 -178.921005
v 1503.61694 97.9369965 -178.921005
v 1503.41602 96.9260025 -166.166
v 1505.79199 96.2050018 -166.166
v 1508.55505 95.8919983 -178.921005
v 1506.18701 97.1579971 -178.921005
v 1505.79199 96.2050018 -166.166
v 1507.98206 95.0339966 -166.166
v 1510.63098 94.1880035 -178.921005
v 1508.55505 95.8919983 -178.921005
v 1507.98206 95.0339966 -166.166
v 1509.901 93.4589996 -166.166
v 1512.33398 92.112999 -178.921005
v 1510.63098 94.1880035 -178.921005
v 1509.901 93.4589996 -166.166
v 1511.47595 91.5400009 -166.166
v 1513.59998 89.7440033 -178.921005
v 1512.33398 92.112999 -178.921005
v 1511.47595 91.5400009 -166.166
v 1512.64697 89.3499985 -166.166
v 1514.37903 87.1750031 -178.921005
v 1513.59998 89.7440033 -178.921005
v 1512.64697 89.3499985 -166.166
v 1513.36804 86.973999 -166.166
v 1514.64294 84.5019989 -178.921005
v 1514.37903 87.1750031 -178.921005
v 1513.36804 86.973999 -166.166
v 1513.61096 84.5019989 -166.166
v 1514.37903 81.8300018 -178.921005
v 1514.64294 84.5019989 -178.921005
v 1513.61096 84.5019989 -166.166
v 1513.36804 82.0309982 -166.166
v 1513.59998 79.2600021 -178.921005
v 1514.37903 81.8300018 -178.921005
v 1513.36804 82.0309982 -166.166
v 1512.64697 79.6549988 -166.166
v 1512.33398 76.8919983 -178.921005
v 1513.59998 79.2600021 -178.921005
v 1512.64697 79.6549988 -166.166
v 1511.47595 77.4649963 -166.166
v 1510.63098 74.8170013 -178.921005
v 1512.33398 76.8919983 -178.921005
v 1511.47595 77.4649963 -166.166
v 1509.901 75.5459976 -166.166
v 1508.55505 73.112999 -178.921005
v 1510.63098 74.8170013 -178.921005
v 1509.901 75.5459976 -166.166
v 1507.98206 73.9710007 -166.166
v 1506.18701 71.8470001 -178.921005
v 1508.55505 73.112999 -178.921005
v 1507.98206 73.9710007 -166.166
v 1505.79199 72.8000031 -166.166
v 1503.61694 71.0680008 -178.921005
v 1506.18701 71.8470001 -178.921005
v 1505.79199 72.8000031 -166.166
v 1503.41602 72.0790024 -166.166
v 1500.94495 70.8050003 -178.921005
v 1503.61694 71.0680008 -178.921005
v 1503.41602 72.0790024 -166.166
v 1500.94495 71.8359985 -166.166
v 1498.27197 71.0680008 -178.921005
v 1500.94495 70.8050003 -178.921005
v 1500.94495 71.8359985 -166.166
v 1498.474 72.0790024 -166.166
v 1495.703 71.8470001 -178.921005
v 1498.27197 71.0680008 -178.921005
v 1498.474 72.0790024 -166.166
v 1496.09705 72.8000031 -166.166
v 1493.33496 73.112999 -178.921005
v 1495.703 71.8470001 -178.921005
v 1496.09705 72.8000031 -166.166
v 1493.90796 73.9710007 -166.166
v 1491.25903 74.8170013 -178.921005
v 1493.33496 73.112999 -178.921005
v 1493.90796 73.9710007 -166.166
v 1491.98804 75.5459976 -166.166
v 1489.55505 76.8919983 -178.921005
v 1491.25903 74.8170013 -178.921005
v 1491.98804 75.5459976 -166.166
v 1490.41296 77.4649963 -166.166
v 1488.28894 79.2600021 -178.921005
v 1489.55505 76.8919983 -178.921005
v 1490.41296 77.4649963 -166.166
v 1489.24194 79.6549988 -166.166
v 1487.51001 81.8300018 -178.921005
v 1488.28894 79.2600021 -178.921005
v 1489.24194 79.6549988 -166.166
v 1488.52197 82.0309982 -166.166
v 1487.24695 84.5019989 -178.921005
v 1487.51001 81.8300018 -178.921005
v 1488.52197 82.0309982 -166.166
v 1488.27795 84.5019989 -166.166
v 1487.51001 87.1750031 -178.921005
v 1487.24695 84.5019989 -178.921005
v 1488.27795 84.5019989 -166.166
v 1488.52197 86.973999 -166.166
v 1488.28894 89.7440033 -178.921005
v 1487.51001 87.1750031 -178.921005
v 1488.52197 86.973999 -166.166
v 1489.24194 89.3499985 -166.166
v 1489.55505 92.112999 -178.921005
v 1488.28894 89.7440033 -178.921005
v 1489.24194 89.3499985 -166.166
v 1490.41296 91.5400009 -166.166
v 1491.25903 94.1880035 -178.921005
v 1489.55505 92.112999 -178.921005
v 1490.41296 91.5400009 -166.166
v 1491.98804 93.4589996 -166.166
v 1493.33496 95.8919983 -178.921005
v 1491.25903 94.1880035 -178.921005
v 1491.98804 93.4589996 -166.166
v 1493.90796 95.0339966 -166.166
v 1503.61694 97.9369965 -178.921005
v 1500.94495 98.1999969 -178.921005
v 1500.94495 97.1689987 -166.166
v 1503.41602 96.9260025 -166.166
v 1500.35303 87.4749985 -181.205002
v 1500.94495 87.5329971 -181.205002
v 1501.53601 87.4749985 -181.205002
v 1499.78503 87.302002 -181.205002
v 1501.53601 87.4749985 -181.205002
v 1502.104 87.302002 -181.205002
v 1502.62805 87.0220032 -181.205002
v 1498.42505 86.185997 -181.205002
v 1501.53601 87.4749985 -181.205002
v 1502.62805 87.0220032 -181.205002
v 1503.08801 86.6449966 -181.205002
v 1499.78503 87.302002 -181.205002
v 1501.53601 87.4749985 -181.205002
v 1498.42505 86.185997 -181.205002
v 1499.26099 87.0220032 -181.205002
v 1503.08801 86.6449966 -181.205002
v 1503.46399 86.185997 -181.205002
v 1503.74402 85.6620026 -181.205002
v 1503.74402 83.3430023 -181.205002
v 1503.08801 86.6449966 -181.205002
v 1503.74402 85.6620026 -181.205002
v 1503.91699 85.0940018 -181.205002
v 1498.42505 86.185997 -181.205002
v 1503.08801 86.6449966 -181.205002
v 1503.74402 83.3430023 -181.205002
v 1497.91394 84.5019989 -181.205002
v 1503.91699 85.0940018 -181.205002
v 1503.97498 84.5019989 -181.205002
v 1503.91699 83.9110031 -181.205002
v 1503.74402 83.3430023 -181.205002
v 1503.74402 83.3430023 -181.205002
v 1503.46399 82.8190002 -181.205002
v 1503.08801 82.3600006 -181.205002
v 1503.74402 83.3430023 -181.205002
v 1503.08801 82.3600006 -181.205002
v 1502.104 81.7030029 -181.205002
v 1501.53601 81.5299988 -181.205002
v 1503.74402 83.3430023 -181.205002
v 1501.53601 81.5299988 -181.205002
v 1498.802 82.3600006 -181.205002
v 1497.91394 84.5019989 -181.205002
v 1503.08801 82.3600006 -181.205002
v 1502.62805 81.9830017 -181.205002
v 1502.104 81.7030029 -181.205002
v 1501.53601 81.5299988 -181.205002
v 1500.35303 81.5299988 -181.205002
v 1499.78503 81.7030029 -181.205002
v 1498.802 82.3600006 -181.205002
v 1501.53601 81.5299988 -181.205002
v 1500.94495 81.4720001 -181.205002
v 1500.35303 81.5299988 -181.205002
v 1499.78503 81.7030029 -181.205002
v 1499.26099 81.9830017 -181.205002
v 1498.802 82.3600006 -181.205002
v 1497.91394 84.5019989 -181.205002
v 1498.802 82.3600006 -181.205002
v 1498.42505 82.8190002 -181.205002
v 1497.97205 83.9110031 -181.205002
v 1498.42505 82.8190002 -181.205002
v 1498.14502 83.3430023 -181.205002
v 1497.97205 83.9110031 -181.205002
v 1498.42505 86.185997 -181.205002
v 1497.91394 84.5019989 -181.205002
v 1497.97205 85.0940018 -181.205002
v 1498.14502 85.6620026 -181.205002
v 1498.42505 86.185997 -181.205002
v 1498.802 86.6449966 -181.205002
v 1499.26099 87.0220032 -181.205002
v 1491.92395 75.4810028 -179.934998
v 1490.33704 77.4150009 -179.934998
v 1490.90503 77.7939987 -179.934998
v 1492.40698 75.9649963 -179.934998
v 1513.45703 86.9909973 -179.934998
v 1513.703 84.5019989 -179.934998
v 1513.01904 84.5019989 -179.934998
v 1512.78699 86.8580017 -179.934998
v 1490.33704 77.4150009 -179.934998
v 1489.15796 79.6200027 -179.934998
v 1489.79004 79.8820038 -179.934998
v 1490.90503 77.7939987 -179.934998
v 1513.703 84.5019989 -179.934998
v 1513.45703 82.0139999 -179.934998
v 1512.78699 82.1470032 -179.934998
v 1513.01904 84.5019989 -179.934998
v 1489.15796 79.6200027 -179.934998
v 1488.43201 82.0139999 -179.934998
v 1489.10303 82.1470032 -179.934998
v 1489.79004 79.8820038 -179.934998
v 1513.45703 82.0139999 -179.934998
v 1512.73096 79.6200027 -179.934998
v 1512.09998 79.8820038 -179.934998
v 1512.78699 82.1470032 -179.934998
v 1488.43201 82.0139999 -179.934998
v 1488.18701 84.5019989 -179.934998
v 1488.87097 84.5019989 -179.934998
v 1489.10303 82.1470032 -179.934998
v 1512.73096 79.6200027 -179.934998
v 1511.552 77.4150009 -179.934998
v 1510.98401 77.7939987 -179.934998
v 1512.09998 79.8820038 -179.934998
v 1488.18701 84.5019989 -179.934998
v 1488.43201 86.9909973 -179.934998
v 1489.10303 86.8580017 -179.934998
v 1488.87097 84.5019989 -179.934998
v 1511.552 77.4150009 -179.934998
v 1509.96594 75.4810028 -179.934998
v 1509.48206 75.9649963 -179.934998
v 1510.98401 77.7939987 -179.934998
v 1496.06201 96.2890015 -179.934998
v 1498.45605 97.0149994 -179.934998
v 1498.58899 96.3450012 -179.934998
v 1496.32397 95.6579971 -179.934998
v 1488.43201 86.9909973 -179.934998
v 1489.15796 89.3850021 -179.934998
v 1489.79004 89.1230011 -179.934998
v 1489.10303 86.8580017 -179.934998
v 1509.96594 75.4810028 -179.934998
v 1508.03296 73.8949966 -179.934998
v 1507.65295 74.4629974 -179.934998
v 1509.48206 75.9649963 -179.934998
v 1500.94495 96.4110031 -179.770004
v 1503.26794 96.1819992 -179.770004
v 1503.26794 96.1819992 -176.703003
v 1500.94495 96.4110031 -176.703003
v 1489.15796 89.3850021 -179.934998
v 1490.33704 91.5899963 -179.934998
v 1490.90503 91.2099991 -179.934998
v 1489.79004 89.1230011 -179.934998
v 1508.03296 73.8949966 -179.934998
v 1505.82703 72.7160034 -179.934998
v 1505.56494 73.3470001 -179.934998
v 1507.65295 74.4629974 -179.934998
v 1500.94495 97.2600021 -179.934998
v 1503.43396 97.0149994 -179.934998
v 1503.30005 96.3450012 -179.934998
v 1500.94495 96.5770035 -179.934998
v 1490.33704 91.5899963 -179.934998
v 1491.92395 93.5240021 -179.934998
v 1492.40698 93.0400009 -179.934998
v 1490.90503 91.2099991 -179.934998
v 1505.82703 72.7160034 -179.934998
v 1503.43396 71.9899979 -179.934998
v 1503.30005 72.6600037 -179.934998
v 1505.56494 73.3470001 -179.934998
v 1503.43396 97.0149994 -179.934998
v 1505.82703 96.2890015 -179.934998
v 1505.56494 95.6579971 -179.934998
v 1503.30005 96.3450012 -179.934998
v 1491.92395 93.5240021 -179.934998
v 1493.85706 95.1100006 -179.934998
v 1494.23706 94.5419998 -179.934998
v 1492.40698 93.0400009 -179.934998
v 1503.43396 71.9899979 -179.934998
v 1500.94495 71.7450027 -179.934998
v 1500.94495 72.4280014 -179.934998
v 1503.30005 72.6600037 -179.934998
v 1505.82703 96.2890015 -179.934998
v 1508.03296 95.1100006 -179.934998
v 1507.65295 94.5419998 -179.934998
v 1505.56494 95.6579971 -179.934998
v 1493.85706 95.1100006 -179.934998
v 1496.06201 96.2890015 -179.934998
v 1496.32397 95.6579971 -179.934998
v 1494.23706 94.5419998 -179.934998
v 1500.94495 71.7450027 -179.934998
v 1498.45605 71.9899979 -179.934998
v 1498.58899 72.6600037 -179.934998
v 1500.94495 72.4280014 -179.934998
v 1508.03296 95.1100006 -179.934998
v 1509.96594 93.5240021 -179.934998
v 1509.48206 93.0400009 -179.934998
v 1507.65295 94.5419998 -179.934998
v 1498.45605 71.9899979 -179.934998
v 1496.06201 72.7160034 -179.934998
v 1496.32397 73.3470001 -179.934998
v 1498.58899 72.6600037 -179.934998
v 1509.96594 93.5240021 -179.934998
v 1511.552 91.5899963 -179.934998
v 1510.98401 91.2099991 -179.934998
v 1509.48206 93.0400009 -179.934998
v 1496.06201 72.7160034 -179.934998
v 1493.85706 73.8949966 -179.934998
v 1494.23706 74.4629974 -179.934998
v 1496.32397 73.3470001 -179.934998
v 1511.552 91.5899963 -179.934998
v 1512.73096 89.3850021 -179.934998
v 1512.09998 89.1230011 -179.934998
v 1510.98401 91.2099991 -179.934998
v 1493.85706 73.8949966 -179.934998
v 1491.92395 75.4810028 -179.934998
v 1492.40698 75.9649963 -179.934998
v 1494.23706 74.4629974 -179.934998
v 1496.44202 95.3730011 -176.623001
v 1498.64905 96.0429993 -176.623001
v 1499.11401 93.7070007 -178.046997
v 1497.35303 93.1729965 -178.046997
v 1494.40796 94.2860031 -176.623001
v 1496.44202 95.3730011 -176.623001
v 1497.35303 93.1729965 -178.046997
v 1495.72998 92.3059998 -178.046997
v 1505.44702 95.3730011 -176.623001
v 1507.48206 94.2860031 -176.623001
v 1506.15906 92.3059998 -178.046997
v 1504.53601 93.1729965 -178.046997
v 1507.48206 94.2860031 -176.623001
v 1509.26501 92.8219986 -176.623001
v 1507.58105 91.1389999 -178.046997
v 1506.15906 92.3059998 -178.046997
v 1509.26501 92.8219986 -176.623001
v 1510.72803 91.0390015 -176.623001
v 1508.74805 89.7170029 -178.046997
v 1507.58105 91.1389999 -178.046997
v 1510.72803 91.0390015 -176.623001
v 1511.81494 89.0049973 -176.623001
v 1509.61597 88.0940018 -178.046997
v 1508.74805 89.7170029 -178.046997
v 1511.81494 89.0049973 -176.623001
v 1512.48499 86.7979965 -176.623001
v 1510.15002 86.3330002 -178.046997
v 1509.61597 88.0940018 -178.046997
v 1512.48499 86.7979965 -176.623001
v 1512.71106 84.5019989 -176.623001
v 1510.32996 84.5019989 -178.046997
v 1510.15002 86.3330002 -178.046997
v 1512.71106 84.5019989 -176.623001
v 1512.48499 82.2070007 -176.623001
v 1510.15002 82.6709976 -178.046997
v 1510.32996 84.5019989 -178.046997
v 1512.48499 82.2070007 -176.623001
v 1511.81494 80 -176.623001
v 1509.61597 80.9110031 -178.046997
v 1510.15002 82.6709976 -178.046997
v 1511.81494 80 -176.623001
v 1510.72803 77.9649963 -176.623001
v 1508.74805 79.288002 -178.046997
v 1509.61597 80.9110031 -178.046997
v 1510.72803 77.9649963 -176.623001
v 1509.26501 76.1819992 -176.623001
v 1507.58105 77.8659973 -178.046997
v 1508.74805 79.288002 -178.046997
v 1509.26501 76.1819992 -176.623001
v 1507.48206 74.7190018 -176.623001
v 1506.15906 76.6989975 -178.046997
v 1507.58105 77.8659973 -178.046997
v 1507.48206 74.7190018 -176.623001
v 1505.44702 73.6320038 -176.623001
v 1504.53601 75.8310013 -178.046997
v 1506.15906 76.6989975 -178.046997
v 1505.44702 73.6320038 -176.623001
v 1503.23999 72.961998 -176.623001
v 1502.776 75.2969971 -178.046997
v 1504.53601 75.8310013 -178.046997
v 1503.23999 72.961998 -176.623001
v 1500.94495 72.7360001 -176.623001
v 1500.94495 75.1169968 -178.046997
v 1502.776 75.2969971 -178.046997
v 1500.94495 72.7360001 -176.623001
v 1498.64905 72.961998 -176.623001
v 1499.11401 75.2969971 -178.046997
v 1500.94495 75.1169968 -178.046997
v 1498.64905 72.961998 -176.623001
v 1496.44202 73.6320038 -176.623001
v 1497.35303 75.8310013 -178.046997
v 1499.11401 75.2969971 -178.046997
v 1496.44202 73.6320038 -176.623001
v 1494.40796 74.7190018 -176.623001
v 1495.72998 76.6989975 -178.046997
v 1497.35303 75.8310013 -178.046997
v 1494.40796 74.7190018 -176.623001
v 1492.625 76.1819992 -176.623001
v 1494.30798 77.8659973 -178.046997
v 1495.72998 76.6989975 -178.046997
v 1492.625 76.1819992 -176.623001
v 1491.16101 77.9649963 -176.623001
v 1493.14099 79.288002 -178.046997
v 1494.30798 77.8659973 -178.046997
v 1491.16101 77.9649963 -176.623001
v 1490.07397 80 -176.623001
v 1492.27405 80.9110031 -178.046997
v 1493.14099 79.288002 -178.046997
v 1490.07397 80 -176.623001
v 1489.40405 82.2070007 -176.623001
v 1491.73999 82.6709976 -178.046997
v 1492.27405 80.9110031 -178.046997
v 1489.40405 82.2070007 -176.623001
v 1489.17798 84.5019989 -176.623001
v 1491.55896 84.5019989 -178.046997
v 1491.73999 82.6709976 -178.046997
v 1489.17798 84.5019989 -176.623001
v 1489.40405 86.7979965 -176.623001
v 1491.73999 86.3330002 -178.046997
v 1491.55896 84.5019989 -178.046997
v 1489.40405 86.7979965 -176.623001
v 1490.07397 89.0049973 -176.623001
v 1492.27405 88.0940018 -178.046997
v 1491.73999 86.3330002 -178.046997
v 1490.07397 89.0049973 -176.623001
v 1491.16101 91.0390015 -176.623001
v 1493.14099 89.7170029 -178.046997
v 1492.27405 88.0940018 -178.046997
v 1491.16101 91.0390015 -176.623001
v 1492.625 92.8219986 -176.623001
v 1494.30798 91.1389999 -178.046997
v 1493.14099 89.7170029 -178.046997
v 1492.625 92.8219986 -176.623001
v 1494.40796 94.2860031 -176.623001
v 1495.72998 92.3059998 -178.046997
v 1494.30798 91.1389999 -178.046997
v 1517.25098 76.538002 -177.847
v 1517.69495 76.5820007 -177.847
v 1517.69495 76.5820007 -177.847
v 1517.25098 76.538002 -177.847
v 1503.23999 96.0429993 -176.623001
v 1505.44702 95.3730011 -176.623001
v 1504.53601 93.1729965 -178.046997
v 1502.776 93.7070007 -178.046997
v 1500.94495 96.2689972 -176.623001
v 1503.23999 96.0429993 -176.623001
v 1502.776 93.7070007 -178.046997
v 1500.94495 93.8880005 -178.046997
v 1499.11401 93.7070007 -178.046997
v 1500.94495 93.8880005 -178.046997
v 1500.94495 90.8000031 -180.123001
v 1499.71594 90.6790009 -180.123001
v 1500.94495 93.8880005 -178.046997
v 1502.776 93.7070007 -178.046997
v 1502.17297 90.6790009 -180.123001
v 1500.94495 90.8000031 -180.123001
v 1502.776 93.7070007 -178.046997
v 1504.53601 93.1729965 -178.046997
v 1503.354 90.3199997 -180.123001
v 1502.17297 90.6790009 -180.123001
v 1504.53601 93.1729965 -178.046997
v 1506.15906 92.3059998 -178.046997
v 1504.44299 89.737999 -180.123001
v 1503.354 90.3199997 -180.123001
v 1506.15906 92.3059998 -178.046997
v 1507.58105 91.1389999 -178.046997
v 1505.39697 88.9550018 -180.123001
v 1504.44299 89.737999 -180.123001
v 1507.58105 91.1389999 -178.046997
v 1508.74805 89.7170029 -178.046997
v 1506.18103 88.0009995 -180.123001
v 1505.39697 88.9550018 -180.123001
v 1508.74805 89.7170029 -178.046997
v 1509.61597 88.0940018 -178.046997
v 1506.76196 86.9120026 -180.123001
v 1506.18103 88.0009995 -180.123001
v 1509.61597 88.0940018 -178.046997
v 1510.15002 86.3330002 -178.046997
v 1507.12097 85.7310028 -180.123001
v 1506.76196 86.9120026 -180.123001
v 1510.15002 86.3330002 -178.046997
v 1510.32996 84.5019989 -178.046997
v 1507.24194 84.5019989 -180.123001
v 1507.12097 85.7310028 -180.123001
v 1510.32996 84.5019989 -178.046997
v 1510.15002 82.6709976 -178.046997
v 1507.12097 83.2740021 -180.123001
v 1507.24194 84.5019989 -180.123001
v 1510.15002 82.6709976 -178.046997
v 1509.61597 80.9110031 -178.046997
v 1506.76196 82.0930023 -180.123001
v 1507.12097 83.2740021 -180.123001
v 1509.61597 80.9110031 -178.046997
v 1508.74805 79.288002 -178.046997
v 1506.18103 81.0039978 -180.123001
v 1506.76196 82.0930023 -180.123001
v 1508.74805 79.288002 -178.046997
v 1507.58105 77.8659973 -178.046997
v 1505.39697 80.0500031 -180.123001
v 1506.18103 81.0039978 -180.123001
v 1507.58105 77.8659973 -178.046997
v 1506.15906 76.6989975 -178.046997
v 1504.44299 79.2669983 -180.123001
v 1505.39697 80.0500031 -180.123001
v 1506.15906 76.6989975 -178.046997
v 1504.53601 75.8310013 -178.046997
v 1503.354 78.6849976 -180.123001
v 1504.44299 79.2669983 -180.123001
v 1504.53601 75.8310013 -178.046997
v 1502.776 75.2969971 -178.046997
v 1502.17297 78.3259964 -180.123001
v 1503.354 78.6849976 -180.123001
v 1502.776 75.2969971 -178.046997
v 1500.94495 75.1169968 -178.046997
v 1500.94495 78.2050018 -180.123001
v 1502.17297 78.3259964 -180.123001
v 1500.94495 75.1169968 -178.046997
v 1499.11401 75.2969971 -178.046997
v 1499.71594 78.3259964 -180.123001
v 1500.94495 78.2050018 -180.123001
v 1499.11401 75.2969971 -178.046997
v 1497.35303 75.8310013 -178.046997
v 1498.53503 78.6849976 -180.123001
v 1499.71594 78.3259964 -180.123001
v 1497.35303 75.8310013 -178.046997
v 1495.72998 76.6989975 -178.046997
v 1497.44604 79.2669983 -180.123001
v 1498.53503 78.6849976 -180.123001
v 1495.72998 76.6989975 -178.046997
v 1494.30798 77.8659973 -178.046997
v 1496.49194 80.0500031 -180.123001
v 1497.44604 79.2669983 -180.123001
v 1494.30798 77.8659973 -178.046997
v 1493.14099 79.288002 -178.046997
v 1495.70898 81.0039978 -180.123001
v 1496.49194 80.0500031 -180.123001
v 1493.14099 79.288002 -178.046997
v 1492.27405 80.9110031 -178.046997
v 1495.12695 82.0930023 -180.123001
v 1495.70898 81.0039978 -180.123001
v 1492.27405 80.9110031 -178.046997
v 1491.73999 82.6709976 -178.046997
v 1494.76904 83.2740021 -180.123001
v 1495.12695 82.0930023 -180.123001
v 1491.73999 82.6709976 -178.046997
v 1491.55896 84.5019989 -178.046997
v 1494.64795 84.5019989 -180.123001
v 1494.76904 83.2740021 -180.123001
v 1491.55896 84.5019989 -178.046997
v 1491.73999 86.3330002 -178.046997
v 1494.76904 85.7310028 -180.123001
v 1494.64795 84.5019989 -180.123001
v 1491.73999 86.3330002 -178.046997
v 1492.27405 88.0940018 -178.046997
v 1495.12695 86.9120026 -180.123001
v 1494.76904 85.7310028 -180.123001
v 1492.27405 88.0940018 -178.046997
v 1493.14099 89.7170029 -178.046997
v 1495.70898 88.0009995 -180.123001
v 1495.12695 86.9120026 -180.123001
v 1493.14099 89.7170029 -178.046997
v 1494.30798 91.1389999 -178.046997
v 1496.49194 88.9550018 -180.123001
v 1495.70898 88.0009995 -180.123001
v 1494.30798 91.1389999 -178.046997
v 1495.72998 92.3059998 -178.046997
v 1497.44604 89.737999 -180.123001
v 1496.49194 88.9550018 -180.123001
v 1495.72998 92.3059998 -178.046997
v 1497.35303 93.1729965 -178.046997
v 1498.53503 90.3199997 -180.123001
v 1497.44604 89.737999 -180.123001
v 1497.35303 93.1729965 -178.046997
v 1499.11401 93.7070007 -178.046997
v 1499.71594 90.6790009 -180.123001
v 1498.53503 90.3199997 -180.123001
v 1499.71594 90.6790009 -180.123001
v 1500.94495 90.8000031 -180.123001
v 1500.94495 87.5329971 -181.205002
v 1500.35303 87.4749985 -181.205002
v 1500.94495 90.8000031 -180.123001
v 1502.17297 90.6790009 -180.123001
v 1501.53601 87.4749985 -181.205002
v 1500.94495 87.5329971 -181.205002
v 1502.17297 90.6790009 -180.123001
v 1503.354 90.3199997 -180.123001
v 1502.104 87.302002 -181.205002
v 1501.53601 87.4749985 -181.205002
v 1503.354 90.3199997 -180.123001
v 1504.44299 89.737999 -180.123001
v 1502.62805 87.0220032 -181.205002
v 1502.104 87.302002 -181.205002
v 1504.44299 89.737999 -180.123001
v 1505.39697 88.9550018 -180.123001
v 1503.08801 86.6449966 -181.205002
v 1502.62805 87.0220032 -181.205002
v 1505.39697 88.9550018 -180.123001
v 1506.18103 88.0009995 -180.123001
v 1503.46399 86.185997 -181.205002
v 1503.08801 86.6449966 -181.205002
v 1506.18103 88.0009995 -180.123001
v 1506.76196 86.9120026 -180.123001
v 1503.74402 85.6620026 -181.205002
v 1503.46399 86.185997 -181.205002
v 1506.76196 86.9120026 -180.123001
v 1507.12097 85.7310028 -180.123001
v 1503.91699 85.0940018 -181.205002
v 1503.74402 85.6620026 -181.205002
v 1507.12097 85.7310028 -180.123001
v 1507.24194 84.5019989 -180.123001
v 1503.97498 84.5019989 -181.205002
v 1503.91699 85.0940018 -181.205002
v 1507.24194 84.5019989 -180.123001
v 1507.12097 83.2740021 -180.123001
v 1503.91699 83.9110031 -181.205002
v 1503.97498 84.5019989 -181.205002
v 1507.12097 83.2740021 -180.123001
v 1506.76196 82.0930023 -180.123001
v 1503.74402 83.3430023 -181.205002
v 1503.91699 83.9110031 -181.205002
v 1506.76196 82.0930023 -180.123001
v 1506.18103 81.0039978 -180.123001
v 1503.46399 82.8190002 -181.205002
v 1503.74402 83.3430023 -181.205002
v 1506.18103 81.0039978 -180.123001
v 1505.39697 80.0500031 -180.123001
v 1503.08801 82.3600006 -181.205002
v 1503.46399 82.8190002 -181.205002
v 1505.39697 80.0500031 -180.123001
v 1504.44299 79.2669983 -180.123001
v 1502.62805 81.9830017 -181.205002
v 1503.08801 82.3600006 -181.205002
v 1504.44299 79.2669983 -180.123001
v 1503.354 78.6849976 -180.123001
v 1502.104 81.7030029 -181.205002
v 1502.62805 81.9830017 -181.205002
v 1503.354 78.6849976 -180.123001
v 1502.17297 78.3259964 -180.123001
v 1501.53601 81.5299988 -181.205002
v 1502.104 81.7030029 -181.205002
v 1502.17297 78.3259964 -180.123001
v 1500.94495 78.2050018 -180.123001
v 1500.94495 81.4720001 -181.205002
v 1501.53601 81.5299988 -181.205002
v 1500.94495 78.2050018 -180.123001
v 1499.71594 78.3259964 -180.123001
v 1500.35303 81.5299988 -181.205002
v 1500.94495 81.4720001 -181.205002
v 1499.71594 78.3259964 -180.123001
v 1498.53503 78.6849976 -180.123001
v 1499.78503 81.7030029 -181.205002
v 1500.35303 81.5299988 -181.205002
v 1498.53503 78.6849976 -180.123001
v 1497.44604 79.2669983 -180.123001
v 1499.26099 81.9830017 -181.205002
v 1499.78503 81.7030029 -181.205002
v 1497.44604 79.2669983 -180.123001
v 1496.49194 80.0500031 -180.123001
v 1498.802 82.3600006 -181.205002
v 1499.26099 81.9830017 -181.205002
v 1496.49194 80.0500031 -180.123001
v 1495.70898 81.0039978 -180.123001
v 1498.42505 82.8190002 -181.205002
v 1498.802 82.3600006 -181.205002
v 1495.70898 81.0039978 -180.123001
v 1495.12695 82.0930023 -180.123001
v 1498.14502 83.3430023 -181.205002
v 1498.42505 82.8190002 -181.205002
v 1495.12695 82.0930023 -180.123001
v 1494.76904 83.2740021 -180.123001
v 1497.97205 83.9110031 -181.205002
v 1498.14502 83.3430023 -181.205002
v 1494.76904 83.2740021 -180.123001
v 1494.64795 84.5019989 -180.123001
v 1497.91394 84.5019989 -181.205002
v 1497.97205 83.9110031 -181.205002
v 1494.64795 84.5019989 -180.123001
v 1494.76904 85.7310028 -180.123001
v 1497.97205 85.0940018 -181.205002
v 1497.91394 84.5019989 -181.205002
v 1494.76904 85.7310028 -180.123001
v 1495.12695 86.9120026 -180.123001
v 1498.14502 85.6620026 -181.205002
v 1497.97205 85.0940018 -181.205002
v 1495.12695 86.9120026 -180.123001
v 1495.70898 88.0009995 -180.123001
v 1498.42505 86.185997 -181.205002
v 1498.14502 85.6620026 -181.205002
v 1495.70898 88.0009995 -180.123001
v 1496.49194 88.9550018 -180.123001
v 1498.802 86.6449966 -181.205002
v 1498.42505 86.185997 -181.205002
v 1496.49194 88.9550018 -180.123001
v 1497.44604 89.737999 -180.123001
v 1499.26099 87.0220032 -181.205002
v 1498.802 86.6449966 -181.205002
v 1497.44604 89.737999 -180.123001
v 1498.53503 90.3199997 -180.123001
v 1499.78503 87.302002 -181.205002
v 1499.26099 87.0220032 -181.205002
v 1498.53503 90.3199997 -180.123001
v 1499.71594 90.6790009 -180.123001
v 1500.35303 87.4749985 -181.205002
v 1499.78503 87.302002 -181.205002
v 1519.76404 74.7180023 -177.682007
v 1519.80505 74.3059998 -177.682007
v 1519.80505 74.3059998 -177.410004
v 1519.76404 74.7180023 -177.410004
v 1517.28296 76.3759995 -177.682007
v 1517.69495 76.4160004 -177.682007
v 1517.69495 76.4160004 -177.410004
v 1517.28296 76.3759995 -177.410004
v 1519.797 75.177002 -177.847
v 1519.927 74.75 -177.847
v 1519.927 74.75 -177.847
v 1519.797 75.177002 -177.847
v 1516.43103 72.4140015 -177.847
v 1516.08606 72.6969986 -177.847
v 1516.08606 72.6969986 -177.847
v 1516.43103 72.4140015 -177.847
v 1519.58704 75.5709991 -177.847
v 1519.797 75.177002 -177.847
v 1519.797 75.177002 -177.847
v 1519.58704 75.5709991 -177.847
v 1516.82397 72.2040024 -177.847
v 1516.43103 72.4140015 -177.847
v 1516.43103 72.4140015 -177.847
v 1516.82397 72.2040024 -177.847
v 1519.30396 75.9150009 -177.847
v 1519.58704 75.5709991 -177.847
v 1519.58704 75.5709991 -177.847
v 1519.30396 75.9150009 -177.847
v 1517.25098 72.0739975 -177.847
v 1516.82397 72.2040024 -177.847
v 1516.82397 72.2040024 -177.847
v 1517.25098 72.0739975 -177.847
v 1517.69495 76.5820007 -177.847
v 1518.13904 76.538002 -177.847
v 1518.13904 76.538002 -177.847
v 1517.69495 76.5820007 -177.847
v 1518.95898 76.197998 -177.847
v 1519.30396 75.9150009 -177.847
v 1519.30396 75.9150009 -177.847
v 1518.95898 76.197998 -177.847
v 1517.69495 72.0309982 -177.847
v 1517.25098 72.0739975 -177.847
v 1517.25098 72.0739975 -177.847
v 1517.69495 72.0309982 -177.847
v 1516.43103 76.197998 -177.847
v 1516.82397 76.4089966 -177.847
v 1516.82397 76.4089966 -177.847
v 1516.43103 76.197998 -177.847
v 1518.56604 76.4089966 -177.847
v 1518.95898 76.197998 -177.847
v 1518.95898 76.197998 -177.847
v 1518.56604 76.4089966 -177.847
v 1518.13904 72.0739975 -177.847
v 1517.69495 72.0309982 -177.847
v 1517.69495 72.0309982 -177.847
v 1518.13904 72.0739975 -177.847
v 1516.08606 75.9150009 -177.847
v 1516.43103 76.197998 -177.847
v 1516.43103 76.197998 -177.847
v 1516.08606 75.9150009 -177.847
v 1518.13904 76.538002 -177.847
v 1518.56604 76.4089966 -177.847
v 1518.56604 76.4089966 -177.847
v 1518.13904 76.538002 -177.847
v 1518.56604 72.2040024 -177.847
v 1518.13904 72.0739975 -177.847
v 1518.13904 72.0739975 -177.847
v 1518.56604 72.2040024 -177.847
v 1515.80298 75.5709991 -177.847
v 1516.08606 75.9150009 -177.847
v 1516.08606 75.9150009 -177.847
v 1515.80298 75.5709991 -177.847
v 1518.09998 76.3420029 -175.378998
v 1517.69495 76.3820038 -175.378998
v 1517.29004 76.3420029 -175.378998
v 1518.84802 76.0319977 -175.378998
v 1517.29004 76.3420029 -175.378998
v 1516.90002 76.223999 -175.378998
v 1516.54199 76.0319977 -175.378998
v 1517.29004 76.3420029 -175.378998
v 1516.54199 76.0319977 -175.378998
v 1515.96899 75.4599991 -175.378998
v 1518.84802 76.0319977 -175.378998
v 1516.54199 76.0319977 -175.378998
v 1516.22705 75.7740021 -175.378998
v 1515.96899 75.4599991 -175.378998
v 1515.96899 75.4599991 -175.378998
v 1515.77698 75.1009979 -175.378998
v 1515.61902 74.3059998 -175.378998
v 1515.77698 73.512001 -175.378998
v 1517.29004 72.2699966 -175.378998
v 1515.96899 75.4599991 -175.378998
v 1515.77698 73.512001 -175.378998
v 1515.96899 73.1529999 -175.378998
v 1518.84802 76.0319977 -175.378998
v 1515.96899 75.4599991 -175.378998
v 1517.29004 72.2699966 -175.378998
v 1518.09998 72.2699966 -175.378998
v 1515.77698 75.1009979 -175.378998
v 1515.65906 74.7109985 -175.378998
v 1515.61902 74.3059998 -175.378998
v 1515.61902 74.3059998 -175.378998
v 1515.65906 73.901001 -175.378998
v 1515.77698 73.512001 -175.378998
v 1515.96899 73.1529999 -175.378998
v 1516.22705 72.8379974 -175.378998
v 1516.54199 72.5800018 -175.378998
v 1517.29004 72.2699966 -175.378998
v 1515.96899 73.1529999 -175.378998
v 1516.54199 72.5800018 -175.378998
v 1516.90002 72.3880005 -175.378998
v 1517.29004 72.2699966 -175.378998
v 1517.69495 72.2300034 -175.378998
v 1518.09998 72.2699966 -175.378998
v 1518.09998 72.2699966 -175.378998
v 1518.48901 72.3880005 -175.378998
v 1518.84802 72.5800018 -175.378998
v 1518.09998 72.2699966 -175.378998
v 1518.84802 72.5800018 -175.378998
v 1519.16296 72.8379974 -175.378998
v 1519.61304 73.512001 -175.378998
v 1518.84802 76.0319977 -175.378998
v 1518.09998 72.2699966 -175.378998
v 1519.61304 73.512001 -175.378998
v 1519.42102 75.4599991 -175.378998
v 1519.16296 72.8379974 -175.378998
v 1519.42102 73.1529999 -175.378998
v 1519.61304 73.512001 -175.378998
v 1519.61304 73.512001 -175.378998
v 1519.73096 73.901001 -175.378998
v 1519.771 74.3059998 -175.378998
v 1519.42102 75.4599991 -175.378998
v 1519.61304 73.512001 -175.378998
v 1519.771 74.3059998 -175.378998
v 1519.73096 74.7109985 -175.378998
v 1519.73096 74.7109985 -175.378998
v 1519.61304 75.1009979 -175.378998
v 1519.42102 75.4599991 -175.378998
v 1519.42102 75.4599991 -175.378998
v 1519.16296 75.7740021 -175.378998
v 1518.84802 76.0319977 -175.378998
v 1518.84802 76.0319977 -175.378998
v 1518.48901 76.223999 -175.378998
v 1518.09998 76.3420029 -175.378998
v 1518.95898 72.4140015 -177.847
v 1518.56604 72.2040024 -177.847
v 1518.56604 72.2040024 -177.847
v 1518.95898 72.4140015 -177.847
v 1515.59204 75.177002 -177.847
v 1515.80298 75.5709991 -177.847
v 1515.80298 75.5709991 -177.847
v 1515.59302 75.177002 -177.847
v 1516.82397 76.4089966 -177.847
v 1517.25098 76.538002 -177.847
v 1517.25098 76.538002 -177.847
v 1516.82397 76.4089966 -177.847
v 1519.30396 72.6969986 -177.847
v 1518.95898 72.4140015 -177.847
v 1518.95898 72.4140015 -177.847
v 1519.30396 72.6969986 -177.847
v 1515.46301 74.75 -177.847
v 1515.59204 75.177002 -177.847
v 1515.59302 75.177002 -177.847
v 1515.46301 74.75 -177.847
v 1519.58704 73.0419998 -177.847
v 1519.30396 72.6969986 -177.847
v 1519.30396 72.6969986 -177.847
v 1519.58704 73.0419998 -177.847
v 1515.41895 74.3059998 -177.847
v 1515.46301 74.75 -177.847
v 1515.46301 74.75 -177.847
v 1515.41895 74.3059998 -177.847
v 1519.797 73.435997 -177.847
v 1519.58704 73.0419998 -177.847
v 1519.58704 73.0419998 -177.847
v 1519.797 73.435997 -177.847
v 1515.46301 73.8619995 -177.847
v 1515.41895 74.3059998 -177.847
v 1515.41895 74.3059998 -177.847
v 1515.46301 73.8619995 -177.847
v 1519.927 73.8619995 -177.847
v 1519.797 73.435997 -177.847
v 1519.797 73.435997 -177.847
v 1519.927 73.8619995 -177.847
v 1515.59204 73.435997 -177.847
v 1515.46301 73.8619995 -177.847
v 1515.46301 73.8619995 -177.847
v 1515.59302 73.435997 -177.847
v 1519.96997 74.3059998 -177.847
v 1519.927 73.8619995 -177.847
v 1519.927 73.8619995 -177.847
v 1519.96997 74.3059998 -177.847
v 1515.80298 73.0419998 -177.847
v 1515.59204 73.435997 -177.847
v 1515.59302 73.435997 -177.847
v 1515.80298 73.0419998 -177.847
v 1519.927 74.75 -177.847
v 1519.96997 74.3059998 -177.847
v 1519.96997 74.3059998 -177.847
v 1519.927 74.75 -177.847
v 1516.08606 72.6969986 -177.847
v 1515.80298 73.0419998 -177.847
v 1515.80298 73.0419998 -177.847
v 1516.08606 72.6969986 -177.847
v 1517.69495 76.7340012 -177.682999
v 1517.22095 76.6880035 -177.682999
v 1517.255 76.5179977 -175.542999
v 1517.69495 76.560997 -175.542999
v 1518.16895 76.6880035 -177.682999
v 1517.69495 76.7340012 -177.682999
v 1517.69495 76.560997 -175.542999
v 1518.13501 76.5179977 -175.542999
v 1518.62402 76.5500031 -177.682999
v 1518.16895 76.6880035 -177.682999
v 1518.13501 76.5179977 -175.542999
v 1518.55798 76.3899994 -175.542999
v 1519.04395 76.3249969 -177.682999
v 1518.62402 76.5500031 -177.682999
v 1518.55798 76.3899994 -175.542999
v 1518.948 76.1809998 -175.542999
v 1519.41199 76.0230026 -177.682999
v 1519.04395 76.3249969 -177.682999
v 1518.948 76.1809998 -175.542999
v 1519.28894 75.901001 -175.542999
v 1519.71399 75.6549988 -177.682999
v 1519.41199 76.0230026 -177.682999
v 1519.28894 75.901001 -175.542999
v 1519.56995 75.5589981 -175.542999
v 1519.93799 75.2360001 -177.682999
v 1519.71399 75.6549988 -177.682999
v 1519.56995 75.5589981 -175.542999
v 1519.77795 75.1689987 -175.542999
v 1520.07605 74.7799988 -177.682999
v 1519.93799 75.2360001 -177.682999
v 1519.77795 75.1689987 -175.542999
v 1519.90698 74.7460022 -175.542999
v 1520.12305 74.3059998 -177.682999
v 1520.07605 74.7799988 -177.682999
v 1519.90698 74.7460022 -175.542999
v 1519.94995 74.3059998 -175.542999
v 1520.07605 73.8330002 -177.682999
v 1520.12305 74.3059998 -177.682999
v 1519.94995 74.3059998 -175.542999
v 1519.90698 73.8659973 -175.542999
v 1519.93799 73.3769989 -177.682999
v 1520.07605 73.8330002 -177.682999
v 1519.90698 73.8659973 -175.542999
v 1519.77795 73.4430008 -175.542999
v 1519.71399 72.9570007 -177.682999
v 1519.93799 73.3769989 -177.682999
v 1519.77795 73.4430008 -175.542999
v 1519.56995 73.0530014 -175.542999
v 1519.41199 72.5889969 -177.682999
v 1519.71399 72.9570007 -177.682999
v 1519.56995 73.0530014 -175.542999
v 1519.28894 72.711998 -175.542999
v 1519.04395 72.2870026 -177.682999
v 1519.41199 72.5889969 -177.682999
v 1519.28894 72.711998 -175.542999
v 1518.948 72.4309998 -175.542999
v 1518.62402 72.0630035 -177.682999
v 1519.04395 72.2870026 -177.682999
v 1518.948 72.4309998 -175.542999
v 1518.55798 72.2229996 -175.542999
v 1518.16895 71.9250031 -177.682999
v 1518.62402 72.0630035 -177.682999
v 1518.55798 72.2229996 -175.542999
v 1518.13501 72.0950012 -175.542999
v 1517.69495 71.8779984 -177.682999
v 1518.16895 71.9250031 -177.682999
v 1518.13501 72.0950012 -175.542999
v 1517.69495 72.0510025 -175.542999
v 1517.22095 71.9250031 -177.682999
v 1517.69495 71.8779984 -177.682999
v 1517.69495 72.0510025 -175.542999
v 1517.255 72.0950012 -175.542999
v 1516.76599 72.0630035 -177.682999
v 1517.22095 71.9250031 -177.682999
v 1517.255 72.0950012 -175.542999
v 1516.83203 72.2229996 -175.542999
v 1516.34595 72.2870026 -177.682999
v 1516.76599 72.0630035 -177.682999
v 1516.83203 72.2229996 -175.542999
v 1516.44202 72.4309998 -175.542999
v 1515.97803 72.5889969 -177.682999
v 1516.34595 72.2870026 -177.682999
v 1516.44202 72.4309998 -175.542999
v 1516.09998 72.711998 -175.542999
v 1515.67603 72.9570007 -177.682999
v 1515.97803 72.5889969 -177.682999
v 1516.09998 72.711998 -175.542999
v 1515.81995 73.0530014 -175.542999
v 1515.45203 73.3769989 -177.682999
v 1515.67603 72.9570007 -177.682999
v 1515.81995 73.0530014 -175.542999
v 1515.61096 73.4430008 -175.542999
v 1515.31299 73.8330002 -177.682999
v 1515.45203 73.3769989 -177.682999
v 1515.61096 73.4430008 -175.542999
v 1515.48303 73.8659973 -175.542999
v 1515.26697 74.3059998 -177.682999
v 1515.31299 73.8330002 -177.682999
v 1515.48303 73.8659973 -175.542999
v 1515.43994 74.3059998 -175.542999
v 1515.31299 74.7799988 -177.682999
v 1515.26697 74.3059998 -177.682999
v 1515.43994 74.3059998 -175.542999
v 1515.48303 74.7460022 -175.542999
v 1515.45203 75.2360001 -177.682999
v 1515.31299 74.7799988 -177.682999
v 1515.48303 74.7460022 -175.542999
v 1515.61096 75.1689987 -175.542999
v 1515.67603 75.6549988 -177.682999
v 1515.45203 75.2360001 -177.682999
v 1515.61096 75.1689987 -175.542999
v 1515.81995 75.5589981 -175.542999
v 1515.97803 76.0230026 -177.682999
v 1515.67603 75.6549988 -177.682999
v 1515.81995 75.5589981 -175.542999
v 1516.09998 75.901001 -175.542999
v 1516.34595 76.3249969 -177.682999
v 1515.97803 76.0230026 -177.682999
v 1516.09998 75.901001 -175.542999
v 1516.44202 76.1809998 -175.542999
v 1516.76599 76.5500031 -177.682999
v 1516.34595 76.3249969 -177.682999
v 1516.44202 76.1809998 -175.542999
v 1516.83203 76.3899994 -175.542999
v 1517.22095 76.6880035 -177.682999
v 1516.76599 76.5500031 -177.682999
v 1516.83203 76.3899994 -175.542999
v 1517.255 76.5179977 -175.542999
v 1517.58997 74.8330002 -178.072006
v 1517.69495 74.8430023 -178.072006
v 1517.80005 74.8330002 -178.072006
v 1517.31494 74.685997 -178.072006
v 1517.58997 74.8330002 -178.072006
v 1517.80005 74.8330002 -178.072006
v 1517.90002 74.802002 -178.072006
v 1517.58997 74.8330002 -178.072006
v 1517.31494 74.685997 -178.072006
v 1517.39697 74.7529984 -178.072006
v 1517.48901 74.802002 -178.072006
v 1517.90002 74.802002 -178.072006
v 1517.99304 74.7529984 -178.072006
v 1518.07495 74.685997 -178.072006
v 1517.31494 74.685997 -178.072006
v 1517.90002 74.802002 -178.072006
v 1518.07495 74.685997 -178.072006
v 1518.14099 74.6050034 -178.072006
v 1518.14099 74.0080032 -178.072006
v 1518.14099 74.6050034 -178.072006
v 1518.19104 74.512001 -178.072006
v 1518.22095 74.2020035 -178.072006
v 1517.31494 74.685997 -178.072006
v 1518.14099 74.6050034 -178.072006
v 1518.14099 74.0080032 -178.072006
v 1517.39697 73.8600006 -178.072006
v 1518.22095 74.2020035 -178.072006
v 1518.19104 74.512001 -178.072006
v 1518.22095 74.4110031 -178.072006
v 1518.23206 74.3059998 -178.072006
v 1518.22095 74.2020035 -178.072006
v 1518.19104 74.1009979 -178.072006
v 1518.14099 74.0080032 -178.072006
v 1518.14099 74.0080032 -178.072006
v 1518.07495 73.927002 -178.072006
v 1517.99304 73.8600006 -178.072006
v 1518.14099 74.0080032 -178.072006
v 1517.99304 73.8600006 -178.072006
v 1517.80005 73.7799988 -178.072006
v 1517.39697 73.8600006 -178.072006
v 1517.99304 73.8600006 -178.072006
v 1517.90002 73.8099976 -178.072006
v 1517.80005 73.7799988 -178.072006
v 1517.58997 73.7799988 -178.072006
v 1517.39697 73.8600006 -178.072006
v 1517.80005 73.7799988 -178.072006
v 1517.69495 73.7689972 -178.072006
v 1517.58997 73.7799988 -178.072006
v 1517.48901 73.8099976 -178.072006
v 1517.39697 73.8600006 -178.072006
v 1517.31494 74.685997 -178.072006
v 1517.39697 73.8600006 -178.072006
v 1517.31494 73.927002 -178.072006
v 1517.15796 74.3059998 -178.072006
v 1517.15796 74.3059998 -178.072006
v 1517.31494 73.927002 -178.072006
v 1517.24805 74.0080032 -178.072006
v 1517.19897 74.1009979 -178.072006
v 1517.19897 74.1009979 -178.072006
v 1517.16797 74.2020035 -178.072006
v 1517.15796 74.3059998 -178.072006
v 1517.15796 74.3059998 -178.072006
v 1517.16797 74.4110031 -178.072006
v 1517.19897 74.512001 -178.072006
v 1517.31494 74.685997 -178.072006
v 1517.15796 74.3059998 -178.072006
v 1517.19897 74.512001 -178.072006
v 1517.24805 74.6050034 -178.072006
v 1515.94104 73.1340027 -177.682007
v 1515.74597 73.4990005 -177.682007
v 1515.74597 73.4990005 -177.410004
v 1515.94104 73.1340027 -177.410004
v 1519.80505 74.3059998 -177.682007
v 1519.76404 73.8949966 -177.682007
v 1519.76404 73.8949966 -177.410004
v 1519.80505 74.3059998 -177.410004
v 1515.74597 73.4990005 -177.682007
v 1515.62598 73.8949966 -177.682007
v 1515.62598 73.8949966 -177.410004
v 1515.74597 73.4990005 -177.410004
v 1519.76404 73.8949966 -177.682007
v 1519.64404 73.4990005 -177.682007
v 1519.64404 73.4990005 -177.410004
v 1519.76404 73.8949966 -177.410004
v 1515.62598 73.8949966 -177.682007
v 1515.58496 74.3059998 -177.682007
v 1515.58496 74.3059998 -177.410004
v 1515.62598 73.8949966 -177.410004
v 1519.64404 73.4990005 -177.682007
v 1519.44897 73.1340027 -177.682007
v 1519.44897 73.1340027 -177.410004
v 1519.64404 73.4990005 -177.410004
v 1515.58496 74.3059998 -177.682007
v 1515.62598 74.7180023 -177.682007
v 1515.62598 74.7180023 -177.410004
v 1515.58496 74.3059998 -177.410004
v 1519.44897 73.1340027 -177.682007
v 1519.18701 72.814003 -177.682007
v 1519.18701 72.814003 -177.410004
v 1519.44897 73.1340027 -177.410004
v 1515.62598 74.7180023 -177.682007
v 1515.74597 75.1139984 -177.682007
v 1515.74597 75.1139984 -177.410004
v 1515.62598 74.7180023 -177.410004
v 1519.18701 72.814003 -177.682007
v 1518.86694 72.552002 -177.682007
v 1518.86694 72.552002 -177.410004
v 1519.18701 72.814003 -177.410004
v 1516.88696 76.2559967 -177.682007
v 1517.28296 76.3759995 -177.682007
v 1517.28296 76.3759995 -177.410004
v 1516.88696 76.2559967 -177.410004
v 1515.74597 75.1139984 -177.682007
v 1515.94104 75.4779968 -177.682007
v 1515.94104 75.4779968 -177.410004
v 1515.74597 75.1139984 -177.410004
v 1518.86694 72.552002 -177.682007
v 1518.50195 72.3570023 -177.682007
v 1518.50195 72.3570023 -177.410004
v 1518.86694 72.552002 -177.410004
v 1517.69495 76.4160004 -177.682007
v 1518.10596 76.3759995 -177.682007
v 1518.10596 76.3759995 -177.410004
v 1517.69495 76.4160004 -177.410004
v 1515.94104 75.4779968 -177.682007
v 1516.203 75.7979965 -177.682007
v 1516.203 75.7979965 -177.410004
v 1515.94104 75.4779968 -177.410004
v 1518.50195 72.3570023 -177.682007
v 1518.10596 72.2369995 -177.682007
v 1518.10596 72.2369995 -177.410004
v 1518.50195 72.3570023 -177.410004
v 1518.10596 76.3759995 -177.682007
v 1518.50195 76.2559967 -177.682007
v 1518.50195 76.2559967 -177.410004
v 1518.10596 76.3759995 -177.410004
v 1516.203 75.7979965 -177.682007
v 1516.52295 76.060997 -177.682007
v 1516.52295 76.060997 -177.410004
v 1516.203 75.7979965 -177.410004
v 1518.10596 72.2369995 -177.682007
v 1517.69495 72.1969986 -177.682007
v 1517.69495 72.1969986 -177.410004
v 1518.10596 72.2369995 -177.410004
v 1518.50195 76.2559967 -177.682007
v 1518.86694 76.060997 -177.682007
v 1518.86694 76.060997 -177.410004
v 1518.50195 76.2559967 -177.410004
v 1516.52295 76.060997 -177.682007
v 1516.88696 76.2559967 -177.682007
v 1516.88696 76.2559967 -177.410004
v 1516.52295 76.060997 -177.410004
v 1517.69495 72.1969986 -177.682007
v 1517.28296 72.2369995 -177.682007
v 1517.28296 72.2369995 -177.410004
v 1517.69495 72.1969986 -177.410004
v 1518.86694 76.060997 -177.682007
v 1519.18701 75.7979965 -177.682007
v 1519.18701 75.7979965 -177.410004
v 1518.86694 76.060997 -177.410004
v 1517.31104 76.2360001 -177.330002
v 1517.69495 76.2740021 -177.330002
v 1517.69495 75.9690018 -177.513
v 1517.37 75.9369965 -177.513
v 1517.28296 72.2369995 -177.682007
v 1516.88696 72.3570023 -177.682007
v 1516.88696 72.3570023 -177.410004
v 1517.28296 72.2369995 -177.410004
v 1519.18701 75.7979965 -177.682007
v 1519.44897 75.4779968 -177.682007
v 1519.44897 75.4779968 -177.410004
v 1519.18701 75.7979965 -177.410004
v 1516.88696 72.3570023 -177.682007
v 1516.52295 72.552002 -177.682007
v 1516.52295 72.552002 -177.410004
v 1516.88696 72.3570023 -177.410004
v 1519.44897 75.4779968 -177.682007
v 1519.64404 75.1139984 -177.682007
v 1519.64404 75.1139984 -177.410004
v 1519.44897 75.4779968 -177.410004
v 1516.52295 72.552002 -177.682007
v 1516.203 72.814003 -177.682007
v 1516.203 72.814003 -177.410004
v 1516.52295 72.552002 -177.410004
v 1519.64404 75.1139984 -177.682007
v 1519.76404 74.7180023 -177.682007
v 1519.76404 74.7180023 -177.410004
v 1519.64404 75.1139984 -177.410004
v 1516.203 72.814003 -177.682007
v 1515.94104 73.1340027 -177.682007
v 1515.94104 73.1340027 -177.410004
v 1516.203 72.814003 -177.410004
v 1516.94202 76.1240005 -177.330002
v 1517.31104 76.2360001 -177.330002
v 1517.37 75.9369965 -177.513
v 1517.05896 75.8430023 -177.513
v 1516.60205 75.9420013 -177.330002
v 1516.94202 76.1240005 -177.330002
v 1517.05896 75.8430023 -177.513
v 1516.771 75.689003 -177.513
v 1518.448 76.1240005 -177.330002
v 1518.78796 75.9420013 -177.330002
v 1518.61902 75.689003 -177.513
v 1518.33105 75.8430023 -177.513
v 1518.78796 75.9420013 -177.330002
v 1519.08606 75.697998 -177.330002
v 1518.87097 75.4820023 -177.513
v 1518.61902 75.689003 -177.513
v 1519.08606 75.697998 -177.330002
v 1519.33105 75.4000015 -177.330002
v 1519.07703 75.2300034 -177.513
v 1518.87097 75.4820023 -177.513
v 1519.33105 75.4000015 -177.330002
v 1519.51294 75.0589981 -177.330002
v 1519.23096 74.9430008 -177.513
v 1519.07703 75.2300034 -177.513
v 1519.51294 75.0589981 -177.330002
v 1519.625 74.6900024 -177.330002
v 1519.32605 74.6309967 -177.513
v 1519.23096 74.9430008 -177.513
v 1519.625 74.6900024 -177.330002
v 1519.66296 74.3059998 -177.330002
v 1519.35803 74.3059998 -177.513
v 1519.32605 74.6309967 -177.513
v 1519.66296 74.3059998 -177.330002
v 1519.625 73.9219971 -177.330002
v 1519.32605 73.9820023 -177.513
v 1519.35803 74.3059998 -177.513
v 1519.625 73.9219971 -177.330002
v 1519.51294 73.5530014 -177.330002
v 1519.23096 73.6699982 -177.513
v 1519.32605 73.9820023 -177.513
v 1519.51294 73.5530014 -177.330002
v 1519.33105 73.2129974 -177.330002
v 1519.07703 73.3830032 -177.513
v 1519.23096 73.6699982 -177.513
v 1519.33105 73.2129974 -177.330002
v 1519.08606 72.9150009 -177.330002
v 1518.87097 73.1309967 -177.513
v 1519.07703 73.3830032 -177.513
v 1519.08606 72.9150009 -177.330002
v 1518.78796 72.6699982 -177.330002
v 1518.61902 72.9240036 -177.513
v 1518.87097 73.1309967 -177.513
v 1518.78796 72.6699982 -177.330002
v 1518.448 72.487999 -177.330002
v 1518.33105 72.7699966 -177.513
v 1518.61902 72.9240036 -177.513
v 1518.448 72.487999 -177.330002
v 1518.07898 72.3759995 -177.330002
v 1518.01904 72.6750031 -177.513
v 1518.33105 72.7699966 -177.513
v 1518.07898 72.3759995 -177.330002
v 1517.69495 72.3389969 -177.330002
v 1517.69495 72.6439972 -177.513
v 1518.01904 72.6750031 -177.513
v 1517.69495 72.3389969 -177.330002
v 1517.31104 72.3759995 -177.330002
v 1517.37 72.6750031 -177.513
v 1517.69495 72.6439972 -177.513
v 1517.31104 72.3759995 -177.330002
v 1516.94202 72.487999 -177.330002
v 1517.05896 72.7699966 -177.513
v 1517.37 72.6750031 -177.513
v 1516.94202 72.487999 -177.330002
v 1516.60205 72.6699982 -177.330002
v 1516.771 72.9240036 -177.513
v 1517.05896 72.7699966 -177.513
v 1516.60205 72.6699982 -177.330002
v 1516.30298 72.9150009 -177.330002
v 1516.51904 73.1309967 -177.513
v 1516.771 72.9240036 -177.513
v 1516.30298 72.9150009 -177.330002
v 1516.05896 73.2129974 -177.330002
v 1516.31201 73.3830032 -177.513
v 1516.51904 73.1309967 -177.513
v 1516.05896 73.2129974 -177.330002
v 1515.87695 73.5530014 -177.330002
v 1516.15906 73.6699982 -177.513
v 1516.31201 73.3830032 -177.513
v 1515.87695 73.5530014 -177.330002
v 1515.76501 73.9219971 -177.330002
v 1516.06396 73.9820023 -177.513
v 1516.15906 73.6699982 -177.513
v 1515.76501 73.9219971 -177.330002
v 1515.72705 74.3059998 -177.330002
v 1516.03198 74.3059998 -177.513
v 1516.06396 73.9820023 -177.513
v 1515.72705 74.3059998 -177.330002
v 1515.76501 74.6900024 -177.330002
v 1516.06396 74.6309967 -177.513
v 1516.03198 74.3059998 -177.513
v 1515.76501 74.6900024 -177.330002
v 1515.87695 75.0589981 -177.330002
v 1516.15906 74.9430008 -177.513
v 1516.06396 74.6309967 -177.513
v 1515.87695 75.0589981 -177.330002
v 1516.05896 75.4000015 -177.330002
v 1516.31201 75.2300034 -177.513
v 1516.15906 74.9430008 -177.513
v 1516.05896 75.4000015 -177.330002
v 1516.30298 75.697998 -177.330002
v 1516.51904 75.4820023 -177.513
v 1516.31201 75.2300034 -177.513
v 1516.30298 75.697998 -177.330002
v 1516.60205 75.9420013 -177.330002
v 1516.771 75.689003 -177.513
v 1516.51904 75.4820023 -177.513
v 1594.82104 76.538002 -177.847
v 1595.26501 76.5820007 -177.847
v 1595.26501 76.5820007 -177.847
v 1594.82104 76.538002 -177.847
v 1518.07898 76.2360001 -177.330002
v 1518.448 76.1240005 -177.330002
v 1518.33105 75.8430023 -177.513
v 1518.01904 75.9369965 -177.513
v 1517.69495 76.2740021 -177.330002
v 1518.07898 76.2360001 -177.330002
v 1518.01904 75.9369965 -177.513
v 1517.69495 75.9690018 -177.513
v 1517.37 75.9369965 -177.513
v 1517.69495 75.9690018 -177.513
v 1517.69495 75.4219971 -177.880005
v 1517.47705 75.401001 -177.880005
v 1517.69495 75.9690018 -177.513
v 1518.01904 75.9369965 -177.513
v 1517.91296 75.401001 -177.880005
v 1517.69495 75.4219971 -177.880005
v 1518.01904 75.9369965 -177.513
v 1518.33105 75.8430023 -177.513
v 1518.12195 75.336998 -177.880005
v 1517.91296 75.401001 -177.880005
v 1518.33105 75.8430023 -177.513
v 1518.61902 75.689003 -177.513
v 1518.31494 75.2340012 -177.880005
v 1518.12195 75.336998 -177.880005
v 1518.61902 75.689003 -177.513
v 1518.87097 75.4820023 -177.513
v 1518.48401 75.0950012 -177.880005
v 1518.31494 75.2340012 -177.880005
v 1518.87097 75.4820023 -177.513
v 1519.07703 75.2300034 -177.513
v 1518.62305 74.9260025 -177.880005
v 1518.48401 75.0950012 -177.880005
v 1519.07703 75.2300034 -177.513
v 1519.23096 74.9430008 -177.513
v 1518.72595 74.7330017 -177.880005
v 1518.62305 74.9260025 -177.880005
v 1519.23096 74.9430008 -177.513
v 1519.32605 74.6309967 -177.513
v 1518.78894 74.5240021 -177.880005
v 1518.72595 74.7330017 -177.880005
v 1519.32605 74.6309967 -177.513
v 1519.35803 74.3059998 -177.513
v 1518.81104 74.3059998 -177.880005
v 1518.78894 74.5240021 -177.880005
v 1519.35803 74.3059998 -177.513
v 1519.32605 73.9820023 -177.513
v 1518.78894 74.0889969 -177.880005
v 1518.81104 74.3059998 -177.880005
v 1519.32605 73.9820023 -177.513
v 1519.23096 73.6699982 -177.513
v 1518.72595 73.8789978 -177.880005
v 1518.78894 74.0889969 -177.880005
v 1519.23096 73.6699982 -177.513
v 1519.07703 73.3830032 -177.513
v 1518.62305 73.6869965 -177.880005
v 1518.72595 73.8789978 -177.880005
v 1519.07703 73.3830032 -177.513
v 1518.87097 73.1309967 -177.513
v 1518.48401 73.5169983 -177.880005
v 1518.62305 73.6869965 -177.880005
v 1518.87097 73.1309967 -177.513
v 1518.61902 72.9240036 -177.513
v 1518.31494 73.3789978 -177.880005
v 1518.48401 73.5169983 -177.880005
v 1518.61902 72.9240036 -177.513
v 1518.33105 72.7699966 -177.513
v 1518.12195 73.276001 -177.880005
v 1518.31494 73.3789978 -177.880005
v 1518.33105 72.7699966 -177.513
v 1518.01904 72.6750031 -177.513
v 1517.91296 73.211998 -177.880005
v 1518.12195 73.276001 -177.880005
v 1518.01904 72.6750031 -177.513
v 1517.69495 72.6439972 -177.513
v 1517.69495 73.1910019 -177.880005
v 1517.91296 73.211998 -177.880005
v 1517.69495 72.6439972 -177.513
v 1517.37 72.6750031 -177.513
v 1517.47705 73.211998 -177.880005
v 1517.69495 73.1910019 -177.880005
v 1517.37 72.6750031 -177.513
v 1517.05896 72.7699966 -177.513
v 1517.26794 73.276001 -177.880005
v 1517.47705 73.211998 -177.880005
v 1517.05896 72.7699966 -177.513
v 1516.771 72.9240036 -177.513
v 1517.07495 73.3789978 -177.880005
v 1517.26794 73.276001 -177.880005
v 1516.771 72.9240036 -177.513
v 1516.51904 73.1309967 -177.513
v 1516.90601 73.5169983 -177.880005
v 1517.07495 73.3789978 -177.880005
v 1516.51904 73.1309967 -177.513
v 1516.31201 73.3830032 -177.513
v 1516.76697 73.6869965 -177.880005
v 1516.90601 73.5169983 -177.880005
v 1516.31201 73.3830032 -177.513
v 1516.15906 73.6699982 -177.513
v 1516.66394 73.8789978 -177.880005
v 1516.76697 73.6869965 -177.880005
v 1516.15906 73.6699982 -177.513
v 1516.06396 73.9820023 -177.513
v 1516.60095 74.0889969 -177.880005
v 1516.66394 73.8789978 -177.880005
v 1516.06396 73.9820023 -177.513
v 1516.03198 74.3059998 -177.513
v 1516.57898 74.3059998 -177.880005
v 1516.60095 74.0889969 -177.880005
v 1516.03198 74.3059998 -177.513
v 1516.06396 74.6309967 -177.513
v 1516.60095 74.5240021 -177.880005
v 1516.57898 74.3059998 -177.880005
v 1516.06396 74.6309967 -177.513
v 1516.15906 74.9430008 -177.513
v 1516.66394 74.7330017 -177.880005
v 1516.60095 74.5240021 -177.880005
v 1516.15906 74.9430008 -177.513
v 1516.31201 75.2300034 -177.513
v 1516.76697 74.9260025 -177.880005
v 1516.66394 74.7330017 -177.880005
v 1516.31201 75.2300034 -177.513
v 1516.51904 75.4820023 -177.513
v 1516.90601 75.0950012 -177.880005
v 1516.76697 74.9260025 -177.880005
v 1516.51904 75.4820023 -177.513
v 1516.771 75.689003 -177.513
v 1517.07495 75.2340012 -177.880005
v 1516.90601 75.0950012 -177.880005
v 1516.771 75.689003 -177.513
v 1517.05896 75.8430023 -177.513
v 1517.26794 75.336998 -177.880005
v 1517.07495 75.2340012 -177.880005
v 1517.05896 75.8430023 -177.513
v 1517.37 75.9369965 -177.513
v 1517.47705 75.401001 -177.880005
v 1517.26794 75.336998 -177.880005
v 1517.47705 75.401001 -177.880005
v 1517.69495 75.4219971 -177.880005
v 1517.69495 74.8430023 -178.072006
v 1517.58997 74.8330002 -178.072006
v 1517.69495 75.4219971 -177.880005
v 1517.91296 75.401001 -177.880005
v 1517.80005 74.8330002 -178.072006
v 1517.69495 74.8430023 -178.072006
v 1517.91296 75.401001 -177.880005
v 1518.12195 75.336998 -177.880005
v 1517.90002 74.802002 -178.072006
v 1517.80005 74.8330002 -178.072006
v 1518.12195 75.336998 -177.880005
v 1518.31494 75.2340012 -177.880005
v 1517.99304 74.7529984 -178.072006
v 1517.90002 74.802002 -178.072006
v 1518.31494 75.2340012 -177.880005
v 1518.48401 75.0950012 -177.880005
v 1518.07495 74.685997 -178.072006
v 1517.99304 74.7529984 -178.072006
v 1518.48401 75.0950012 -177.880005
v 1518.62305 74.9260025 -177.880005
v 1518.14099 74.6050034 -178.072006
v 1518.07495 74.685997 -178.072006
v 1518.62305 74.9260025 -177.880005
v 1518.72595 74.7330017 -177.880005
v 1518.19104 74.512001 -178.072006
v 1518.14099 74.6050034 -178.072006
v 1518.72595 74.7330017 -177.880005
v 1518.78894 74.5240021 -177.880005
v 1518.22095 74.4110031 -178.072006
v 1518.19104 74.512001 -178.072006
v 1518.78894 74.5240021 -177.880005
v 1518.81104 74.3059998 -177.880005
v 1518.23206 74.3059998 -178.072006
v 1518.22095 74.4110031 -178.072006
v 1518.81104 74.3059998 -177.880005
v 1518.78894 74.0889969 -177.880005
v 1518.22095 74.2020035 -178.072006
v 1518.23206 74.3059998 -178.072006
v 1518.78894 74.0889969 -177.880005
v 1518.72595 73.8789978 -177.880005
v 1518.19104 74.1009979 -178.072006
v 1518.22095 74.2020035 -178.072006
v 1518.72595 73.8789978 -177.880005
v 1518.62305 73.6869965 -177.880005
v 1518.14099 74.0080032 -178.072006
v 1518.19104 74.1009979 -178.072006
v 1518.62305 73.6869965 -177.880005
v 1518.48401 73.5169983 -177.880005
v 1518.07495 73.927002 -178.072006
v 1518.14099 74.0080032 -178.072006
v 1518.48401 73.5169983 -177.880005
v 1518.31494 73.3789978 -177.880005
v 1517.99304 73.8600006 -178.072006
v 1518.07495 73.927002 -178.072006
v 1518.31494 73.3789978 -177.880005
v 1518.12195 73.276001 -177.880005
v 1517.90002 73.8099976 -178.072006
v 1517.99304 73.8600006 -178.072006
v 1518.12195 73.276001 -177.880005
v 1517.91296 73.211998 -177.880005
v 1517.80005 73.7799988 -178.072006
v 1517.90002 73.8099976 -178.072006
v 1517.91296 73.211998 -177.880005
v 1517.69495 73.1910019 -177.880005
v 1517.69495 73.7689972 -178.072006
v 1517.80005 73.7799988 -178.072006
v 1517.69495 73.1910019 -177.880005
v 1517.47705 73.211998 -177.880005
v 1517.58997 73.7799988 -178.072006
v 1517.69495 73.7689972 -178.072006
v 1517.47705 73.211998 -177.880005
v 1517.26794 73.276001 -177.880005
v 1517.48901 73.8099976 -178.072006
v 1517.58997 73.7799988 -178.072006
v 1517.26794 73.276001 -177.880005
v 1517.07495 73.3789978 -177.880005
v 1517.39697 73.8600006 -178.072006
v 1517.48901 73.8099976 -178.072006
v 1517.07495 73.3789978 -177.880005
v 1516.90601 73.5169983 -177.880005
v 1517.31494 73.927002 -178.072006
v 1517.39697 73.8600006 -178.072006
v 1516.90601 73.5169983 -177.880005
v 1516.76697 73.6869965 -177.880005
v 1517.24805 74.0080032 -178.072006
v 1517.31494 73.927002 -178.072006
v 1516.76697 73.6869965 -177.880005
v 1516.66394 73.8789978 -177.880005
v 1517.19897 74.1009979 -178.072006
v 1517.24805 74.0080032 -178.072006
v 1516.66394 73.8789978 -177.880005
v 1516.60095 74.0889969 -177.880005
v 1517.16797 74.2020035 -178.072006
v 1517.19897 74.1009979 -178.072006
v 1516.60095 74.0889969 -177.880005
v 1516.57898 74.3059998 -177.880005
v 1517.15796 74.3059998 -178.072006
v 1517.16797 74.2020035 -178.072006
v 1516.57898 74.3059998 -177.880005
v 1516.60095 74.5240021 -177.880005
v 1517.16797 74.4110031 -178.072006
v 1517.15796 74.3059998 -178.072006
v 1516.60095 74.5240021 -177.880005
v 1516.66394 74.7330017 -177.880005
v 1517.19897 74.512001 -178.072006
v 1517.16797 74.4110031 -178.072006
v 1516.66394 74.7330017 -177.880005
v 1516.76697 74.9260025 -177.880005
v 1517.24805 74.6050034 -178.072006
v 1517.19897 74.512001 -178.072006
v 1516.76697 74.9260025 -177.880005
v 1516.90601 75.0950012 -177.880005
v 1517.31494 74.685997 -178.072006
v 1517.24805 74.6050034 -178.072006
v 1516.90601 75.0950012 -177.880005
v 1517.07495 75.2340012 -177.880005
v 1517.39697 74.7529984 -178.072006
v 1517.31494 74.685997 -178.072006
v 1517.07495 75.2340012 -177.880005
v 1517.26794 75.336998 -177.880005
v 1517.48901 74.802002 -178.072006
v 1517.39697 74.7529984 -178.072006
v 1517.26794 75.336998 -177.880005
v 1517.47705 75.401001 -177.880005
v 1517.58997 74.8330002 -178.072006
v 1517.48901 74.802002 -178.072006
v 1597.33398 74.7180023 -177.682007
v 1597.375 74.3059998 -177.682007
v 1597.375 74.3059998 -177.410004
v 1597.33398 74.7180023 -177.410004
v 1594.85303 76.3759995 -177.682007
v 1595.26501 76.4160004 -177.682007
v 1595.26501 76.4160004 -177.410004
v 1594.85303 76.3759995 -177.410004
v 1597.36694 75.177002 -177.847
v 1597.49695 74.75 -177.847
v 1597.49695 74.75 -177.847
v 1597.36694 75.177002 -177.847
v 1594.00098 72.4140015 -177.847
v 1593.65601 72.6969986 -177.847
v 1593.65601 72.6969986 -177.847
v 1594.00098 72.4140015 -177.847
v 1597.15698 75.5709991 -177.847
v 1597.36694 75.177002 -177.847
v 1597.36694 75.177002 -177.847
v 1597.15698 75.5709991 -177.847
v 1594.39404 72.2040024 -177.847
v 1594.00098 72.4140015 -177.847
v 1594.00098 72.4140015 -177.847
v 1594.39404 72.2040024 -177.847
v 1596.87402 75.9150009 -177.847
v 1597.15698 75.5709991 -177.847
v 1597.15698 75.5709991 -177.847
v 1596.87402 75.9150009 -177.847
v 1594.82104 72.0739975 -177.847
v 1594.39404 72.2040024 -177.847
v 1594.39404 72.2040024 -177.847
v 1594.82104 72.0739975 -177.847
v 1595.26501 76.5820007 -177.847
v 1595.70898 76.538002 -177.847
v 1595.70898 76.538002 -177.847
v 1595.26501 76.5820007 -177.847
v 1596.52905 76.197998 -177.847
v 1596.87402 75.9150009 -177.847
v 1596.87402 75.9150009 -177.847
v 1596.52905 76.197998 -177.847
v 1595.26501 72.0309982 -177.847
v 1594.82104 72.0739975 -177.847
v 1594.82104 72.0739975 -177.847
v 1595.26501 72.0309982 -177.847
v 1594.00098 76.197998 -177.847
v 1594.39404 76.4089966 -177.847
v 1594.39404 76.4089966 -177.847
v 1594.00098 76.197998 -177.847
v 1596.13599 76.4089966 -177.847
v 1596.52905 76.197998 -177.847
v 1596.52905 76.197998 -177.847
v 1596.13599 76.4089966 -177.847
v 1595.70898 72.0739975 -177.847
v 1595.26501 72.0309982 -177.847
v 1595.26501 72.0309982 -177.847
v 1595.70898 72.0739975 -177.847
v 1593.65601 75.9150009 -177.847
v 1594.00098 76.197998 -177.847
v 1594.00098 76.197998 -177.847
v 1593.65601 75.9150009 -177.847
v 1595.70898 76.538002 -177.847
v 1596.13599 76.4089966 -177.847
v 1596.13599 76.4089966 -177.847
v 1595.70898 76.538002 -177.847
v 1596.13599 72.2040024 -177.847
v 1595.70898 72.0739975 -177.847
v 1595.70898 72.0739975 -177.847
v 1596.13599 72.2040024 -177.847
v 1593.37305 75.5709991 -177.847
v 1593.65601 75.9150009 -177.847
v 1593.65601 75.9150009 -177.847
v 1593.37305 75.5709991 -177.847
v 1594.85999 76.3420029 -175.378998
v 1595.67004 76.3420029 -175.378998
v 1595.26501 76.3820038 -175.378998
v 1594.85999 76.3420029 -175.378998
v 1594.47095 76.223999 -175.378998
v 1594.11206 76.0319977 -175.378998
v 1594.85999 76.3420029 -175.378998
v 1594.11206 76.0319977 -175.378998
v 1593.229 74.7109985 -175.378998
v 1593.229 73.901001 -175.378998
v 1594.85999 76.3420029 -175.378998
v 1593.229 73.901001 -175.378998
v 1595.67004 72.2699966 -175.378998
v 1595.67004 76.3420029 -175.378998
v 1594.11206 76.0319977 -175.378998
v 1593.797 75.7740021 -175.378998
v 1593.53894 75.4599991 -175.378998
v 1593.229 74.7109985 -175.378998
v 1594.11206 76.0319977 -175.378998
v 1593.53894 75.4599991 -175.378998
v 1593.34705 75.1009979 -175.378998
v 1593.229 74.7109985 -175.378998
v 1593.18896 74.3059998 -175.378998
v 1593.229 73.901001 -175.378998
v 1593.229 73.901001 -175.378998
v 1593.34705 73.512001 -175.378998
v 1593.53894 73.1529999 -175.378998
v 1594.11206 72.5800018 -175.378998
v 1593.229 73.901001 -175.378998
v 1594.11206 72.5800018 -175.378998
v 1594.85999 72.2699966 -175.378998
v 1595.67004 72.2699966 -175.378998
v 1593.53894 73.1529999 -175.378998
v 1593.797 72.8379974 -175.378998
v 1594.11206 72.5800018 -175.378998
v 1594.11206 72.5800018 -175.378998
v 1594.47095 72.3880005 -175.378998
v 1594.85999 72.2699966 -175.378998
v 1594.85999 72.2699966 -175.378998
v 1595.26501 72.2300034 -175.378998
v 1595.67004 72.2699966 -175.378998
v 1595.67004 72.2699966 -175.378998
v 1596.05896 72.3880005 -175.378998
v 1596.41797 72.5800018 -175.378998
v 1595.67004 72.2699966 -175.378998
v 1596.41797 72.5800018 -175.378998
v 1596.99097 75.4599991 -175.378998
v 1595.67004 76.3420029 -175.378998
v 1596.41797 72.5800018 -175.378998
v 1596.73303 72.8379974 -175.378998
v 1596.99097 73.1529999 -175.378998
v 1597.18298 73.512001 -175.378998
v 1596.99097 75.4599991 -175.378998
v 1596.41797 72.5800018 -175.378998
v 1597.18298 73.512001 -175.378998
v 1597.34094 74.3059998 -175.378998
v 1597.18298 73.512001 -175.378998
v 1597.30103 73.901001 -175.378998
v 1597.34094 74.3059998 -175.378998
v 1597.34094 74.3059998 -175.378998
v 1597.30103 74.7109985 -175.378998
v 1597.18298 75.1009979 -175.378998
v 1596.99097 75.4599991 -175.378998
v 1596.99097 75.4599991 -175.378998
v 1596.73303 75.7740021 -175.378998
v 1596.41797 76.0319977 -175.378998
v 1595.67004 76.3420029 -175.378998
v 1596.99097 75.4599991 -175.378998
v 1596.41797 76.0319977 -175.378998
v 1596.05896 76.223999 -175.378998
v 1596.52905 72.4140015 -177.847
v 1596.13599 72.2040024 -177.847
v 1596.13599 72.2040024 -177.847
v 1596.52905 72.4140015 -177.847
v 1593.16296 75.177002 -177.847
v 1593.37305 75.5709991 -177.847
v 1593.37305 75.5709991 -177.847
v 1593.16296 75.177002 -177.847
v 1594.39404 76.4089966 -177.847
v 1594.82104 76.538002 -177.847
v 1594.82104 76.538002 -177.847
v 1594.39404 76.4089966 -177.847
v 1596.87402 72.6969986 -177.847
v 1596.52905 72.4140015 -177.847
v 1596.52905 72.4140015 -177.847
v 1596.87402 72.6969986 -177.847
v 1593.03296 74.75 -177.847
v 1593.16296 75.177002 -177.847
v 1593.16296 75.177002 -177.847
v 1593.03296 74.75 -177.847
v 1597.15698 73.0419998 -177.847
v 1596.87402 72.6969986 -177.847
v 1596.87402 72.6969986 -177.847
v 1597.15698 73.0419998 -177.847
v 1592.98901 74.3059998 -177.847
v 1593.03296 74.75 -177.847
v 1593.03296 74.75 -177.847
v 1592.98901 74.3059998 -177.847
v 1597.36694 73.435997 -177.847
v 1597.15698 73.0419998 -177.847
v 1597.15698 73.0419998 -177.847
v 1597.36694 73.435997 -177.847
v 1593.03296 73.8619995 -177.847
v 1592.98901 74.3059998 -177.847
v 1592.98901 74.3059998 -177.847
v 1593.03296 73.8619995 -177.847
v 1597.49695 73.8619995 -177.847
v 1597.36694 73.435997 -177.847
v 1597.36694 73.435997 -177.847
v 1597.49695 73.8619995 -177.847
v 1593.16296 73.435997 -177.847
v 1593.03296 73.8619995 -177.847
v 1593.03296 73.8619995 -177.847
v 1593.16296 73.435997 -177.847
v 1597.54102 74.3059998 -177.847
v 1597.49695 73.8619995 -177.847
v 1597.49695 73.8619995 -177.847
v 1597.54102 74.3059998 -177.847
v 1593.37305 73.0419998 -177.847
v 1593.16296 73.435997 -177.847
v 1593.16296 73.435997 -177.847
v 1593.37305 73.0419998 -177.847
v 1597.49695 74.75 -177.847
v 1597.54102 74.3059998 -177.847
v 1597.54102 74.3059998 -177.847
v 1597.49695 74.75 -177.847
v 1593.65601 72.6969986 -177.847
v 1593.37305 73.0419998 -177.847
v 1593.37305 73.0419998 -177.847
v 1593.65601 72.6969986 -177.847
v 1595.26501 76.7340012 -177.682999
v 1594.79102 76.6880035 -177.682999
v 1594.82495 76.5179977 -175.542999
v 1595.26501 76.560997 -175.542999
v 1595.73901 76.6880035 -177.682999
v 1595.26501 76.7340012 -177.682999
v 1595.26501 76.560997 -175.542999
v 1595.70496 76.5179977 -175.542999
v 1596.19397 76.5500031 -177.682999
v 1595.73901 76.6880035 -177.682999
v 1595.70496 76.5179977 -175.542999
v 1596.12805 76.3899994 -175.542999
v 1596.61401 76.3249969 -177.682999
v 1596.19397 76.5500031 -177.682999
v 1596.12805 76.3899994 -175.542999
v 1596.51794 76.1809998 -175.542999
v 1596.98206 76.0230026 -177.682999
v 1596.61401 76.3249969 -177.682999
v 1596.51794 76.1809998 -175.542999
v 1596.85999 75.901001 -175.542999
v 1597.28406 75.6549988 -177.682999
v 1596.98206 76.0230026 -177.682999
v 1596.85999 75.901001 -175.542999
v 1597.14001 75.5589981 -175.542999
v 1597.50806 75.2360001 -177.682999
v 1597.28406 75.6549988 -177.682999
v 1597.14001 75.5589981 -175.542999
v 1597.34802 75.1689987 -175.542999
v 1597.646 74.7799988 -177.682999
v 1597.50806 75.2360001 -177.682999
v 1597.34802 75.1689987 -175.542999
v 1597.47705 74.7460022 -175.542999
v 1597.69299 74.3059998 -177.682999
v 1597.646 74.7799988 -177.682999
v 1597.47705 74.7460022 -175.542999
v 1597.52002 74.3059998 -175.542999
v 1597.646 73.8330002 -177.682999
v 1597.69299 74.3059998 -177.682999
v 1597.52002 74.3059998 -175.542999
v 1597.47705 73.8659973 -175.542999
v 1597.50806 73.3769989 -177.682999
v 1597.646 73.8330002 -177.682999
v 1597.47705 73.8659973 -175.542999
v 1597.34802 73.4430008 -175.542999
v 1597.28406 72.9570007 -177.682999
v 1597.50806 73.3769989 -177.682999
v 1597.34802 73.4430008 -175.542999
v 1597.14001 73.0530014 -175.542999
v 1596.98206 72.5889969 -177.682999
v 1597.28406 72.9570007 -177.682999
v 1597.14001 73.0530014 -175.542999
v 1596.85999 72.711998 -175.542999
v 1596.61401 72.2870026 -177.682999
v 1596.98206 72.5889969 -177.682999
v 1596.85999 72.711998 -175.542999
v 1596.51794 72.4309998 -175.542999
v 1596.19397 72.0630035 -177.682999
v 1596.61401 72.2870026 -177.682999
v 1596.51794 72.4309998 -175.542999
v 1596.12805 72.2229996 -175.542999
v 1595.73901 71.9250031 -177.682999
v 1596.19397 72.0630035 -177.682999
v 1596.12805 72.2229996 -175.542999
v 1595.70496 72.0950012 -175.542999
v 1595.26501 71.8779984 -177.682999
v 1595.73901 71.9250031 -177.682999
v 1595.70496 72.0950012 -175.542999
v 1595.26501 72.0510025 -175.542999
v 1594.79102 71.9250031 -177.682999
v 1595.26501 71.8779984 -177.682999
v 1595.26501 72.0510025 -175.542999
v 1594.82495 72.0950012 -175.542999
v 1594.33606 72.0630035 -177.682999
v 1594.79102 71.9250031 -177.682999
v 1594.82495 72.0950012 -175.542999
v 1594.40198 72.2229996 -175.542999
v 1593.91602 72.2870026 -177.682999
v 1594.33606 72.0630035 -177.682999
v 1594.40198 72.2229996 -175.542999
v 1594.01196 72.4309998 -175.542999
v 1593.54797 72.5889969 -177.682999
v 1593.91602 72.2870026 -177.682999
v 1594.01196 72.4309998 -175.542999
v 1593.67004 72.711998 -175.542999
v 1593.24597 72.9570007 -177.682999
v 1593.54797 72.5889969 -177.682999
v 1593.67004 72.711998 -175.542999
v 1593.39001 73.0530014 -175.542999
v 1593.02197 73.3769989 -177.682999
v 1593.24597 72.9570007 -177.682999
v 1593.39001 73.0530014 -175.542999
v 1593.18201 73.4430008 -175.542999
v 1592.88403 73.8330002 -177.682999
v 1593.02197 73.3769989 -177.682999
v 1593.18201 73.4430008 -175.542999
v 1593.05298 73.8659973 -175.542999
v 1592.83704 74.3059998 -177.682999
v 1592.88403 73.8330002 -177.682999
v 1593.05298 73.8659973 -175.542999
v 1593.01001 74.3059998 -175.542999
v 1592.88403 74.7799988 -177.682999
v 1592.83704 74.3059998 -177.682999
v 1593.01001 74.3059998 -175.542999
v 1593.05298 74.7460022 -175.542999
v 1593.02197 75.2360001 -177.682999
v 1592.88403 74.7799988 -177.682999
v 1593.05298 74.7460022 -175.542999
v 1593.18201 75.1689987 -175.542999
v 1593.24597 75.6549988 -177.682999
v 1593.02197 75.2360001 -177.682999
v 1593.18201 75.1689987 -175.542999
v 1593.39001 75.5589981 -175.542999
v 1593.54797 76.0230026 -177.682999
v 1593.24597 75.6549988 -177.682999
v 1593.39001 75.5589981 -175.542999
v 1593.67004 75.901001 -175.542999
v 1593.91602 76.3249969 -177.682999
v 1593.54797 76.0230026 -177.682999
v 1593.67004 75.901001 -175.542999
v 1594.01196 76.1809998 -175.542999
v 1594.33606 76.5500031 -177.682999
v 1593.91602 76.3249969 -177.682999
v 1594.01196 76.1809998 -175.542999
v 1594.40198 76.3899994 -175.542999
v 1594.79102 76.6880035 -177.682999
v 1594.33606 76.5500031 -177.682999
v 1594.40198 76.3899994 -175.542999
v 1594.82495 76.5179977 -175.542999
v 1595.16003 74.8330002 -178.072006
v 1595.26501 74.8430023 -178.072006
v 1595.37 74.8330002 -178.072006
v 1595.16003 74.8330002 -178.072006
v 1595.37 74.8330002 -178.072006
v 1594.88501 74.685997 -178.072006
v 1595.06006 74.802002 -178.072006
v 1595.64502 74.685997 -178.072006
v 1595.37 74.8330002 -178.072006
v 1595.46997 74.802002 -178.072006
v 1595.56299 74.7529984 -178.072006
v 1594.88501 74.685997 -178.072006
v 1595.37 74.8330002 -178.072006
v 1595.64502 74.685997 -178.072006
v 1595.71106 74.6050034 -178.072006
v 1595.71106 74.0080032 -178.072006
v 1595.71106 74.6050034 -178.072006
v 1595.76099 74.512001 -178.072006
v 1595.79199 74.2020035 -178.072006
v 1594.88501 74.685997 -178.072006
v 1595.71106 74.6050034 -178.072006
v 1595.71106 74.0080032 -178.072006
v 1594.72803 74.3059998 -178.072006
v 1595.79199 74.2020035 -178.072006
v 1595.76099 74.512001 -178.072006
v 1595.79199 74.4110031 -178.072006
v 1595.802 74.3059998 -178.072006
v 1595.79199 74.2020035 -178.072006
v 1595.76099 74.1009979 -178.072006
v 1595.71106 74.0080032 -178.072006
v 1595.71106 74.0080032 -178.072006
v 1595.64502 73.927002 -178.072006
v 1595.56299 73.8600006 -178.072006
v 1595.37 73.7799988 -178.072006
v 1595.71106 74.0080032 -178.072006
v 1595.56299 73.8600006 -178.072006
v 1595.46997 73.8099976 -178.072006
v 1595.71106 74.0080032 -178.072006
v 1595.37 73.7799988 -178.072006
v 1594.96704 73.8600006 -178.072006
v 1594.72803 74.3059998 -178.072006
v 1595.37 73.7799988 -178.072006
v 1595.16003 73.7799988 -178.072006
v 1595.06006 73.8099976 -178.072006
v 1594.96704 73.8600006 -178.072006
v 1595.37 73.7799988 -178.072006
v 1595.26501 73.7689972 -178.072006
v 1595.16003 73.7799988 -178.072006
v 1594.96704 73.8600006 -178.072006
v 1594.88501 73.927002 -178.072006
v 1594.81897 74.0080032 -178.072006
v 1594.72803 74.3059998 -178.072006
v 1594.96704 73.8600006 -178.072006
v 1594.81897 74.0080032 -178.072006
v 1594.76904 74.1009979 -178.072006
v 1594.76904 74.1009979 -178.072006
v 1594.73804 74.2020035 -178.072006
v 1594.72803 74.3059998 -178.072006
v 1594.72803 74.3059998 -178.072006
v 1594.73804 74.4110031 -178.072006
v 1594.76904 74.512001 -178.072006
v 1594.88501 74.685997 -178.072006
v 1594.72803 74.3059998 -178.072006
v 1594.76904 74.512001 -178.072006
v 1594.81897 74.6050034 -178.072006
v 1594.88501 74.685997 -178.072006
v 1594.96704 74.7529984 -178.072006
v 1595.06006 74.802002 -178.072006
v 1593.51099 73.1340027 -177.682007
v 1593.31604 73.4990005 -177.682007
v 1593.31604 73.4990005 -177.410004
v 1593.51099 73.1340027 -177.410004
v 1597.375 74.3059998 -177.682007
v 1597.33398 73.8949966 -177.682007
v 1597.33398 73.8949966 -177.410004
v 1597.375 74.3059998 -177.410004
v 1593.31604 73.4990005 -177.682007
v 1593.19604 73.8949966 -177.682007
v 1593.19604 73.8949966 -177.410004
v 1593.31604 73.4990005 -177.410004
v 1597.33398 73.8949966 -177.682007
v 1597.21399 73.4990005 -177.682007
v 1597.21399 73.4990005 -177.410004
v 1597.33398 73.8949966 -177.410004
v 1593.19604 73.8949966 -177.682007
v 1593.15503 74.3059998 -177.682007
v 1593.15503 74.3059998 -177.410004
v 1593.19604 73.8949966 -177.410004
v 1597.21399 73.4990005 -177.682007
v 1597.01904 73.1340027 -177.682007
v 1597.01904 73.1340027 -177.410004
v 1597.21399 73.4990005 -177.410004
v 1593.15503 74.3059998 -177.682007
v 1593.19604 74.7180023 -177.682007
v 1593.19604 74.7180023 -177.410004
v 1593.15503 74.3059998 -177.410004
v 1597.01904 73.1340027 -177.682007
v 1596.75696 72.814003 -177.682007
v 1596.75696 72.814003 -177.410004
v 1597.01904 73.1340027 -177.410004
v 1593.19604 74.7180023 -177.682007
v 1593.31604 75.1139984 -177.682007
v 1593.31604 75.1139984 -177.410004
v 1593.19604 74.7180023 -177.410004
v 1596.75696 72.814003 -177.682007
v 1596.43701 72.552002 -177.682007
v 1596.43701 72.552002 -177.410004
v 1596.75696 72.814003 -177.410004
v 1594.45801 76.2559967 -177.682007
v 1594.85303 76.3759995 -177.682007
v 1594.85303 76.3759995 -177.410004
v 1594.45801 76.2559967 -177.410004
v 1593.31604 75.1139984 -177.682007
v 1593.51099 75.4779968 -177.682007
v 1593.51099 75.4779968 -177.410004
v 1593.31604 75.1139984 -177.410004
v 1596.43701 72.552002 -177.682007
v 1596.07202 72.3570023 -177.682007
v 1596.07202 72.3570023 -177.410004
v 1596.43701 72.552002 -177.410004
v 1595.26501 76.4160004 -177.682007
v 1595.677 76.3759995 -177.682007
v 1595.677 76.3759995 -177.410004
v 1595.26501 76.4160004 -177.410004
v 1593.51099 75.4779968 -177.682007
v 1593.77295 75.7979965 -177.682007
v 1593.77295 75.7979965 -177.410004
v 1593.51099 75.4779968 -177.410004
v 1596.07202 72.3570023 -177.682007
v 1595.677 72.2369995 -177.682007
v 1595.677 72.2369995 -177.410004
v 1596.07202 72.3570023 -177.410004
v 1595.677 76.3759995 -177.682007
v 1596.07202 76.2559967 -177.682007
v 1596.07202 76.2559967 -177.410004
v 1595.677 76.3759995 -177.410004
v 1593.77295 75.7979965 -177.682007
v 1594.09302 76.060997 -177.682007
v 1594.09302 76.060997 -177.410004
v 1593.77295 75.7979965 -177.410004
v 1595.677 72.2369995 -177.682007
v 1595.26501 72.1969986 -177.682007
v 1595.26501 72.1969986 -177.410004
v 1595.677 72.2369995 -177.410004
v 1596.07202 76.2559967 -177.682007
v 1596.43701 76.060997 -177.682007
v 1596.43701 76.060997 -177.410004
v 1596.07202 76.2559967 -177.410004
v 1594.09302 76.060997 -177.682007
v 1594.45801 76.2559967 -177.682007
v 1594.45801 76.2559967 -177.410004
v 1594.09302 76.060997 -177.410004
v 1595.26501 72.1969986 -177.682007
v 1594.85303 72.2369995 -177.682007
v 1594.85303 72.2369995 -177.410004
v 1595.26501 72.1969986 -177.410004
v 1596.43701 76.060997 -177.682007
v 1596.75696 75.7979965 -177.682007
v 1596.75696 75.7979965 -177.410004
v 1596.43701 76.060997 -177.410004
v 1594.88098 76.2360001 -177.330002
v 1595.26501 76.2740021 -177.330002
v 1595.26501 75.9690018 -177.513
v 1594.94104 75.9369965 -177.513
v 1594.85303 72.2369995 -177.682007
v 1594.45801 72.3570023 -177.682007
v 1594.45801 72.3570023 -177.410004
v 1594.85303 72.2369995 -177.410004
v 1596.75696 75.7979965 -177.682007
v 1597.01904 75.4779968 -177.682007
v 1597.01904 75.4779968 -177.410004
v 1596.75696 75.7979965 -177.410004
v 1594.45801 72.3570023 -177.682007
v 1594.09302 72.552002 -177.682007
v 1594.09302 72.552002 -177.410004
v 1594.45801 72.3570023 -177.410004
v 1597.01904 75.4779968 -177.682007
v 1597.21399 75.1139984 -177.682007
v 1597.21399 75.1139984 -177.410004
v 1597.01904 75.4779968 -177.410004
v 1594.09302 72.552002 -177.682007
v 1593.77295 72.814003 -177.682007
v 1593.77295 72.814003 -177.410004
v 1594.09302 72.552002 -177.410004
v 1597.21399 75.1139984 -177.682007
v 1597.33398 74.7180023 -177.682007
v 1597.33398 74.7180023 -177.410004
v 1597.21399 75.1139984 -177.410004
v 1593.77295 72.814003 -177.682007
v 1593.51099 73.1340027 -177.682007
v 1593.51099 73.1340027 -177.410004
v 1593.77295 72.814003 -177.410004
v 1594.51196 76.1240005 -177.330002
v 1594.88098 76.2360001 -177.330002
v 1594.94104 75.9369965 -177.513
v 1594.62903 75.8430023 -177.513
v 1594.172 75.9420013 -177.330002
v 1594.51196 76.1240005 -177.330002
v 1594.62903 75.8430023 -177.513
v 1594.34094 75.689003 -177.513
v 1596.01794 76.1240005 -177.330002
v 1596.35803 75.9420013 -177.330002
v 1596.18896 75.689003 -177.513
v 1595.901 75.8430023 -177.513
v 1596.35803 75.9420013 -177.330002
v 1596.65601 75.697998 -177.330002
v 1596.44104 75.4820023 -177.513
v 1596.18896 75.689003 -177.513
v 1596.65601 75.697998 -177.330002
v 1596.901 75.4000015 -177.330002
v 1596.64795 75.2300034 -177.513
v 1596.44104 75.4820023 -177.513
v 1596.901 75.4000015 -177.330002
v 1597.08301 75.0589981 -177.330002
v 1596.80103 74.9430008 -177.513
v 1596.64795 75.2300034 -177.513
v 1597.08301 75.0589981 -177.330002
v 1597.19495 74.6900024 -177.330002
v 1596.896 74.6309967 -177.513
v 1596.80103 74.9430008 -177.513
v 1597.19495 74.6900024 -177.330002
v 1597.23303 74.3059998 -177.330002
v 1596.92798 74.3059998 -177.513
v 1596.896 74.6309967 -177.513
v 1597.23303 74.3059998 -177.330002
v 1597.19495 73.9219971 -177.330002
v 1596.896 73.9820023 -177.513
v 1596.92798 74.3059998 -177.513
v 1597.19495 73.9219971 -177.330002
v 1597.08301 73.5530014 -177.330002
v 1596.80103 73.6699982 -177.513
v 1596.896 73.9820023 -177.513
v 1597.08301 73.5530014 -177.330002
v 1596.901 73.2129974 -177.330002
v 1596.64795 73.3830032 -177.513
v 1596.80103 73.6699982 -177.513
v 1596.901 73.2129974 -177.330002
v 1596.65601 72.9150009 -177.330002
v 1596.44104 73.1309967 -177.513
v 1596.64795 73.3830032 -177.513
v 1596.65601 72.9150009 -177.330002
v 1596.35803 72.6699982 -177.330002
v 1596.18896 72.9240036 -177.513
v 1596.44104 73.1309967 -177.513
v 1596.35803 72.6699982 -177.330002
v 1596.01794 72.487999 -177.330002
v 1595.901 72.7699966 -177.513
v 1596.18896 72.9240036 -177.513
v 1596.01794 72.487999 -177.330002
v 1595.64905 72.3759995 -177.330002
v 1595.58899 72.6750031 -177.513
v 1595.901 72.7699966 -177.513
v 1595.64905 72.3759995 -177.330002
v 1595.26501 72.3389969 -177.330002
v 1595.26501 72.6439972 -177.513
v 1595.58899 72.6750031 -177.513
v 1595.26501 72.3389969 -177.330002
v 1594.88098 72.3759995 -177.330002
v 1594.94104 72.6750031 -177.513
v 1595.26501 72.6439972 -177.513
v 1594.88098 72.3759995 -177.330002
v 1594.51196 72.487999 -177.330002
v 1594.62903 72.7699966 -177.513
v 1594.94104 72.6750031 -177.513
v 1594.51196 72.487999 -177.330002
v 1594.172 72.6699982 -177.330002
v 1594.34094 72.9240036 -177.513
v 1594.62903 72.7699966 -177.513
v 1594.172 72.6699982 -177.330002
v 1593.87402 72.9150009 -177.330002
v 1594.08899 73.1309967 -177.513
v 1594.34094 72.9240036 -177.513
v 1593.87402 72.9150009 -177.330002
v 1593.62903 73.2129974 -177.330002
v 1593.88196 73.3830032 -177.513
v 1594.08899 73.1309967 -177.513
v 1593.62903 73.2129974 -177.330002
v 1593.44702 73.5530014 -177.330002
v 1593.729 73.6699982 -177.513
v 1593.88196 73.3830032 -177.513
v 1593.44702 73.5530014 -177.330002
v 1593.33496 73.9219971 -177.330002
v 1593.63403 73.9820023 -177.513
v 1593.729 73.6699982 -177.513
v 1593.33496 73.9219971 -177.330002
v 1593.297 74.3059998 -177.330002
v 1593.60205 74.3059998 -177.513
v 1593.63403 73.9820023 -177.513
v 1593.297 74.3059998 -177.330002
v 1593.33496 74.6900024 -177.330002
v 1593.63403 74.6309967 -177.513
v 1593.60205 74.3059998 -177.513
v 1593.33496 74.6900024 -177.330002
v 1593.44702 75.0589981 -177.330002
v 1593.729 74.9430008 -177.513
v 1593.63403 74.6309967 -177.513
v 1593.44702 75.0589981 -177.330002
v 1593.62903 75.4000015 -177.330002
v 1593.88196 75.2300034 -177.513
v 1593.729 74.9430008 -177.513
v 1593.62903 75.4000015 -177.330002
v 1593.87402 75.697998 -177.330002
v 1594.08899 75.4820023 -177.513
v 1593.88196 75.2300034 -177.513
v 1593.87402 75.697998 -177.330002
v 1594.172 75.9420013 -177.330002
v 1594.34094 75.689003 -177.513
v 1594.08899 75.4820023 -177.513
v 1500.94495 98.1999969 -178.921005
v 1503.61694 97.9369965 -178.921005
v 1503.57996 97.7519989 -179.481995
v 1500.94495 98.012001 -179.481995
v 1595.64905 76.2360001 -177.330002
v 1596.01794 76.1240005 -177.330002
v 1595.901 75.8430023 -177.513
v 1595.58899 75.9369965 -177.513
v 1595.26501 76.2740021 -177.330002
v 1595.64905 76.2360001 -177.330002
v 1595.58899 75.9369965 -177.513
v 1595.26501 75.9690018 -177.513
v 1594.94104 75.9369965 -177.513
v 1595.26501 75.9690018 -177.513
v 1595.26501 75.4219971 -177.880005
v 1595.047 75.401001 -177.880005
v 1595.26501 75.9690018 -177.513
v 1595.58899 75.9369965 -177.513
v 1595.48303 75.401001 -177.880005
v 1595.26501 75.4219971 -177.880005
v 1595.58899 75.9369965 -177.513
v 1595.901 75.8430023 -177.513
v 1595.69202 75.336998 -177.880005
v 1595.48303 75.401001 -177.880005
v 1595.901 75.8430023 -177.513
v 1596.18896 75.689003 -177.513
v 1595.88501 75.2340012 -177.880005
v 1595.69202 75.336998 -177.880005
v 1596.18896 75.689003 -177.513
v 1596.44104 75.4820023 -177.513
v 1596.05396 75.0950012 -177.880005
v 1595.88501 75.2340012 -177.880005
v 1596.44104 75.4820023 -177.513
v 1596.64795 75.2300034 -177.513
v 1596.19299 74.9260025 -177.880005
v 1596.05396 75.0950012 -177.880005
v 1596.64795 75.2300034 -177.513
v 1596.80103 74.9430008 -177.513
v 1596.29602 74.7330017 -177.880005
v 1596.19299 74.9260025 -177.880005
v 1596.80103 74.9430008 -177.513
v 1596.896 74.6309967 -177.513
v 1596.35901 74.5240021 -177.880005
v 1596.29602 74.7330017 -177.880005
v 1596.896 74.6309967 -177.513
v 1596.92798 74.3059998 -177.513
v 1596.38098 74.3059998 -177.880005
v 1596.35901 74.5240021 -177.880005
v 1596.92798 74.3059998 -177.513
v 1596.896 73.9820023 -177.513
v 1596.35901 74.0889969 -177.880005
v 1596.38098 74.3059998 -177.880005
v 1596.896 73.9820023 -177.513
v 1596.80103 73.6699982 -177.513
v 1596.29602 73.8789978 -177.880005
v 1596.35901 74.0889969 -177.880005
v 1596.80103 73.6699982 -177.513
v 1596.64795 73.3830032 -177.513
v 1596.19299 73.6869965 -177.880005
v 1596.29602 73.8789978 -177.880005
v 1596.64795 73.3830032 -177.513
v 1596.44104 73.1309967 -177.513
v 1596.05396 73.5169983 -177.880005
v 1596.19299 73.6869965 -177.880005
v 1596.44104 73.1309967 -177.513
v 1596.18896 72.9240036 -177.513
v 1595.88501 73.3789978 -177.880005
v 1596.05396 73.5169983 -177.880005
v 1596.18896 72.9240036 -177.513
v 1595.901 72.7699966 -177.513
v 1595.69202 73.276001 -177.880005
v 1595.88501 73.3789978 -177.880005
v 1595.901 72.7699966 -177.513
v 1595.58899 72.6750031 -177.513
v 1595.48303 73.211998 -177.880005
v 1595.69202 73.276001 -177.880005
v 1595.58899 72.6750031 -177.513
v 1595.26501 72.6439972 -177.513
v 1595.26501 73.1910019 -177.880005
v 1595.48303 73.211998 -177.880005
v 1595.26501 72.6439972 -177.513
v 1594.94104 72.6750031 -177.513
v 1595.047 73.211998 -177.880005
v 1595.26501 73.1910019 -177.880005
v 1594.94104 72.6750031 -177.513
v 1594.62903 72.7699966 -177.513
v 1594.83801 73.276001 -177.880005
v 1595.047 73.211998 -177.880005
v 1594.62903 72.7699966 -177.513
v 1594.34094 72.9240036 -177.513
v 1594.64502 73.3789978 -177.880005
v 1594.83801 73.276001 -177.880005
v 1594.34094 72.9240036 -177.513
v 1594.08899 73.1309967 -177.513
v 1594.47595 73.5169983 -177.880005
v 1594.64502 73.3789978 -177.880005
v 1594.08899 73.1309967 -177.513
v 1593.88196 73.3830032 -177.513
v 1594.33704 73.6869965 -177.880005
v 1594.47595 73.5169983 -177.880005
v 1593.88196 73.3830032 -177.513
v 1593.729 73.6699982 -177.513
v 1594.23401 73.8789978 -177.880005
v 1594.33704 73.6869965 -177.880005
v 1593.729 73.6699982 -177.513
v 1593.63403 73.9820023 -177.513
v 1594.17102 74.0889969 -177.880005
v 1594.23401 73.8789978 -177.880005
v 1593.63403 73.9820023 -177.513
v 1593.60205 74.3059998 -177.513
v 1594.14905 74.3059998 -177.880005
v 1594.17102 74.0889969 -177.880005
v 1593.60205 74.3059998 -177.513
v 1593.63403 74.6309967 -177.513
v 1594.17102 74.5240021 -177.880005
v 1594.14905 74.3059998 -177.880005
v 1593.63403 74.6309967 -177.513
v 1593.729 74.9430008 -177.513
v 1594.23401 74.7330017 -177.880005
v 1594.17102 74.5240021 -177.880005
v 1593.729 74.9430008 -177.513
v 1593.88196 75.2300034 -177.513
v 1594.33704 74.9260025 -177.880005
v 1594.23401 74.7330017 -177.880005
v 1593.88196 75.2300034 -177.513
v 1594.08899 75.4820023 -177.513
v 1594.47595 75.0950012 -177.880005
v 1594.33704 74.9260025 -177.880005
v 1594.08899 75.4820023 -177.513
v 1594.34094 75.689003 -177.513
v 1594.64502 75.2340012 -177.880005
v 1594.47595 75.0950012 -177.880005
v 1594.34094 75.689003 -177.513
v 1594.62903 75.8430023 -177.513
v 1594.83801 75.336998 -177.880005
v 1594.64502 75.2340012 -177.880005
v 1594.62903 75.8430023 -177.513
v 1594.94104 75.9369965 -177.513
v 1595.047 75.401001 -177.880005
v 1594.83801 75.336998 -177.880005
v 1595.047 75.401001 -177.880005
v 1595.26501 75.4219971 -177.880005
v 1595.26501 74.8430023 -178.072006
v 1595.16003 74.8330002 -178.072006
v 1595.26501 75.4219971 -177.880005
v 1595.48303 75.401001 -177.880005
v 1595.37 74.8330002 -178.072006
v 1595.26501 74.8430023 -178.072006
v 1595.48303 75.401001 -177.880005
v 1595.69202 75.336998 -177.880005
v 1595.46997 74.802002 -178.072006
v 1595.37 74.8330002 -178.072006
v 1595.69202 75.336998 -177.880005
v 1595.88501 75.2340012 -177.880005
v 1595.56299 74.7529984 -178.072006
v 1595.46997 74.802002 -178.072006
v 1595.88501 75.2340012 -177.880005
v 1596.05396 75.0950012 -177.880005
v 1595.64502 74.685997 -178.072006
v 1595.56299 74.7529984 -178.072006
v 1596.05396 75.0950012 -177.880005
v 1596.19299 74.9260025 -177.880005
v 1595.71106 74.6050034 -178.072006
v 1595.64502 74.685997 -178.072006
v 1596.19299 74.9260025 -177.880005
v 1596.29602 74.7330017 -177.880005
v 1595.76099 74.512001 -178.072006
v 1595.71106 74.6050034 -178.072006
v 1596.29602 74.7330017 -177.880005
v 1596.35901 74.5240021 -177.880005
v 1595.79199 74.4110031 -178.072006
v 1595.76099 74.512001 -178.072006
v 1596.35901 74.5240021 -177.880005
v 1596.38098 74.3059998 -177.880005
v 1595.802 74.3059998 -178.072006
v 1595.79199 74.4110031 -178.072006
v 1596.38098 74.3059998 -177.880005
v 1596.35901 74.0889969 -177.880005
v 1595.79199 74.2020035 -178.072006
v 1595.802 74.3059998 -178.072006
v 1596.35901 74.0889969 -177.880005
v 1596.29602 73.8789978 -177.880005
v 1595.76099 74.1009979 -178.072006
v 1595.79199 74.2020035 -178.072006
v 1596.29602 73.8789978 -177.880005
v 1596.19299 73.6869965 -177.880005
v 1595.71106 74.0080032 -178.072006
v 1595.76099 74.1009979 -178.072006
v 1596.19299 73.6869965 -177.880005
v 1596.05396 73.5169983 -177.880005
v 1595.64502 73.927002 -178.072006
v 1595.71106 74.0080032 -178.072006
v 1596.05396 73.5169983 -177.880005
v 1595.88501 73.3789978 -177.880005
v 1595.56299 73.8600006 -178.072006
v 1595.64502 73.927002 -178.072006
v 1595.88501 73.3789978 -177.880005
v 1595.69202 73.276001 -177.880005
v 1595.46997 73.8099976 -178.072006
v 1595.56299 73.8600006 -178.072006
v 1595.69202 73.276001 -177.880005
v 1595.48303 73.211998 -177.880005
v 1595.37 73.7799988 -178.072006
v 1595.46997 73.8099976 -178.072006
v 1595.48303 73.211998 -177.880005
v 1595.26501 73.1910019 -177.880005
v 1595.26501 73.7689972 -178.072006
v 1595.37 73.7799988 -178.072006
v 1595.26501 73.1910019 -177.880005
v 1595.047 73.211998 -177.880005
v 1595.16003 73.7799988 -178.072006
v 1595.26501 73.7689972 -178.072006
v 1595.047 73.211998 -177.880005
v 1594.83801 73.276001 -177.880005
v 1595.06006 73.8099976 -178.072006
v 1595.16003 73.7799988 -178.072006
v 1594.83801 73.276001 -177.880005
v 1594.64502 73.3789978 -177.880005
v 1594.96704 73.8600006 -178.072006
v 1595.06006 73.8099976 -178.072006
v 1594.64502 73.3789978 -177.880005
v 1594.47595 73.5169983 -177.880005
v 1594.88501 73.927002 -178.072006
v 1594.96704 73.8600006 -178.072006
v 1594.47595 73.5169983 -177.880005
v 1594.33704 73.6869965 -177.880005
v 1594.81897 74.0080032 -178.072006
v 1594.88501 73.927002 -178.072006
v 1594.33704 73.6869965 -177.880005
v 1594.23401 73.8789978 -177.880005
v 1594.76904 74.1009979 -178.072006
v 1594.81897 74.0080032 -178.072006
v 1594.23401 73.8789978 -177.880005
v 1594.17102 74.0889969 -177.880005
v 1594.73804 74.2020035 -178.072006
v 1594.76904 74.1009979 -178.072006
v 1594.17102 74.0889969 -177.880005
v 1594.14905 74.3059998 -177.880005
v 1594.72803 74.3059998 -178.072006
v 1594.73804 74.2020035 -178.072006
v 1594.14905 74.3059998 -177.880005
v 1594.17102 74.5240021 -177.880005
v 1594.73804 74.4110031 -178.072006
v 1594.72803 74.3059998 -178.072006
v 1594.17102 74.5240021 -177.880005
v 1594.23401 74.7330017 -177.880005
v 1594.76904 74.512001 -178.072006
v 1594.73804 74.4110031 -178.072006
v 1594.23401 74.7330017 -177.880005
v 1594.33704 74.9260025 -177.880005
v 1594.81897 74.6050034 -178.072006
v 1594.76904 74.512001 -178.072006
v 1594.33704 74.9260025 -177.880005
v 1594.47595 75.0950012 -177.880005
v 1594.88501 74.685997 -178.072006
v 1594.81897 74.6050034 -178.072006
v 1594.47595 75.0950012 -177.880005
v 1594.64502 75.2340012 -177.880005
v 1594.96704 74.7529984 -178.072006
v 1594.88501 74.685997 -178.072006
v 1594.64502 75.2340012 -177.880005
v 1594.83801 75.336998 -177.880005
v 1595.06006 74.802002 -178.072006
v 1594.96704 74.7529984 -178.072006
v 1594.83801 75.336998 -177.880005
v 1595.047 75.401001 -177.880005
v 1595.16003 74.8330002 -178.072006
v 1595.06006 74.802002 -178.072006
v 1498.349 97.5510025 -179.703003
v 1500.94495 97.8059998 -179.703003
v 1500.94495 97.2600021 -179.934998
v 1498.45605 97.0149994 -179.934998
v 1500.94495 97.8059998 -179.703003
v 1503.54004 97.5510025 -179.703003
v 1503.43396 97.0149994 -179.934998
v 1500.94495 97.2600021 -179.934998
v 1495.85303 96.7939987 -179.703003
v 1498.349 97.5510025 -179.703003
v 1498.45605 97.0149994 -179.934998
v 1496.06201 96.2890015 -179.934998
v 1493.33496 95.8919983 -178.921005
v 1495.703 97.1579971 -178.921005
v 1495.77502 96.9830017 -179.481995
v 1493.43896 95.7350006 -179.481995
v 1493.55298 95.564003 -179.703003
v 1495.85303 96.7939987 -179.703003
v 1496.06201 96.2890015 -179.934998
v 1493.85706 95.1100006 -179.934998
v 1491.25903 94.1880035 -178.921005
v 1493.33496 95.8919983 -178.921005
v 1493.43896 95.7350006 -179.481995
v 1491.39197 94.0550003 -179.481995
v 1491.53699 93.9100037 -179.703003
v 1493.55298 95.564003 -179.703003
v 1493.85706 95.1100006 -179.934998
v 1491.92395 93.5240021 -179.934998
v 1489.55505 92.112999 -178.921005
v 1491.25903 94.1880035 -178.921005
v 1491.39197 94.0550003 -179.481995
v 1489.71204 92.0080032 -179.481995
v 1489.88306 91.8939972 -179.703003
v 1491.53699 93.9100037 -179.703003
v 1491.92395 93.5240021 -179.934998
v 1490.33704 91.5899963 -179.934998
v 1488.28894 89.7440033 -178.921005
v 1489.55505 92.112999 -178.921005
v 1489.71204 92.0080032 -179.481995
v 1488.46399 89.6719971 -179.481995
v 1488.65295 89.5940018 -179.703003
v 1489.88306 91.8939972 -179.703003
v 1490.33704 91.5899963 -179.934998
v 1489.15796 89.3850021 -179.934998
v 1487.51001 87.1750031 -178.921005
v 1488.28894 89.7440033 -178.921005
v 1488.46399 89.6719971 -179.481995
v 1487.69495 87.1380005 -179.481995
v 1487.896 87.0979996 -179.703003
v 1488.65295 89.5940018 -179.703003
v 1489.15796 89.3850021 -179.934998
v 1488.43201 86.9909973 -179.934998
v 1487.24695 84.5019989 -178.921005
v 1487.51001 87.1750031 -178.921005
v 1487.69495 87.1380005 -179.481995
v 1487.43604 84.5019989 -179.481995
v 1487.64099 84.5019989 -179.703003
v 1487.896 87.0979996 -179.703003
v 1488.43201 86.9909973 -179.934998
v 1488.18701 84.5019989 -179.934998
v 1487.51001 81.8300018 -178.921005
v 1487.24695 84.5019989 -178.921005
v 1487.43604 84.5019989 -179.481995
v 1487.69495 81.8669968 -179.481995
v 1487.896 81.9069977 -179.703003
v 1487.64099 84.5019989 -179.703003
v 1488.18701 84.5019989 -179.934998
v 1488.43201 82.0139999 -179.934998
v 1488.28894 79.2600021 -178.921005
v 1487.51001 81.8300018 -178.921005
v 1487.69495 81.8669968 -179.481995
v 1488.46399 79.3330002 -179.481995
v 1488.65295 79.4110031 -179.703003
v 1487.896 81.9069977 -179.703003
v 1488.43201 82.0139999 -179.934998
v 1489.15796 79.6200027 -179.934998
v 1489.55505 76.8919983 -178.921005
v 1488.28894 79.2600021 -178.921005
v 1488.46399 79.3330002 -179.481995
v 1489.71204 76.9970016 -179.481995
v 1489.88306 77.1110001 -179.703003
v 1488.65295 79.4110031 -179.703003
v 1489.15796 79.6200027 -179.934998
v 1490.33704 77.4150009 -179.934998
v 1491.25903 74.8170013 -178.921005
v 1489.55505 76.8919983 -178.921005
v 1489.71204 76.9970016 -179.481995
v 1491.39197 74.9499969 -179.481995
v 1491.53699 75.0950012 -179.703003
v 1489.88306 77.1110001 -179.703003
v 1490.33704 77.4150009 -179.934998
v 1491.92395 75.4810028 -179.934998
v 1493.33496 73.112999 -178.921005
v 1491.25903 74.8170013 -178.921005
v 1491.39197 74.9499969 -179.481995
v 1493.43896 73.2699966 -179.481995
v 1493.55298 73.4410019 -179.703003
v 1491.53699 75.0950012 -179.703003
v 1491.92395 75.4810028 -179.934998
v 1493.85706 73.8949966 -179.934998
v 1495.703 71.8470001 -178.921005
v 1493.33496 73.112999 -178.921005
v 1493.43896 73.2699966 -179.481995
v 1495.77502 72.0220032 -179.481995
v 1495.85303 72.2109985 -179.703003
v 1493.55298 73.4410019 -179.703003
v 1493.85706 73.8949966 -179.934998
v 1496.06201 72.7160034 -179.934998
v 1498.27197 71.0680008 -178.921005
v 1495.703 71.8470001 -178.921005
v 1495.77502 72.0220032 -179.481995
v 1498.30896 71.2529984 -179.481995
v 1498.349 71.4540024 -179.703003
v 1495.85303 72.2109985 -179.703003
v 1496.06201 72.7160034 -179.934998
v 1498.45605 71.9899979 -179.934998
v 1500.94495 70.8050003 -178.921005
v 1498.27197 71.0680008 -178.921005
v 1498.30896 71.2529984 -179.481995
v 1500.94495 70.9929962 -179.481995
v 1500.94495 71.197998 -179.703003
v 1498.349 71.4540024 -179.703003
v 1498.45605 71.9899979 -179.934998
v 1500.94495 71.7450027 -179.934998
v 1503.61694 71.0680008 -178.921005
v 1500.94495 70.8050003 -178.921005
v 1500.94495 70.9929962 -179.481995
v 1503.57996 71.2529984 -179.481995
v 1503.54004 71.4540024 -179.703003
v 1500.94495 71.197998 -179.703003
v 1500.94495 71.7450027 -179.934998
v 1503.43396 71.9899979 -179.934998
v 1506.18701 71.8470001 -178.921005
v 1503.61694 71.0680008 -178.921005
v 1503.57996 71.2529984 -179.481995
v 1506.11401 72.0220032 -179.481995
v 1506.03601 72.2109985 -179.703003
v 1503.54004 71.4540024 -179.703003
v 1503.43396 71.9899979 -179.934998
v 1505.82703 72.7160034 -179.934998
v 1508.55505 73.112999 -178.921005
v 1506.18701 71.8470001 -178.921005
v 1506.11401 72.0220032 -179.481995
v 1508.44995 73.2699966 -179.481995
v 1508.33606 73.4410019 -179.703003
v 1506.03601 72.2109985 -179.703003
v 1505.82703 72.7160034 -179.934998
v 1508.03296 73.8949966 -179.934998
v 1510.63098 74.8170013 -178.921005
v 1508.55505 73.112999 -178.921005
v 1508.44995 73.2699966 -179.481995
v 1510.49695 74.9499969 -179.481995
v 1510.35205 75.0950012 -179.703003
v 1508.33606 73.4410019 -179.703003
v 1508.03296 73.8949966 -179.934998
v 1509.96594 75.4810028 -179.934998
v 1512.33398 76.8919983 -178.921005
v 1510.63098 74.8170013 -178.921005
v 1510.49695 74.9499969 -179.481995
v 1512.177 76.9970016 -179.481995
v 1512.00696 77.1110001 -179.703003
v 1510.35205 75.0950012 -179.703003
v 1509.96594 75.4810028 -179.934998
v 1511.552 77.4150009 -179.934998
v 1513.59998 79.2600021 -178.921005
v 1512.33398 76.8919983 -178.921005
v 1512.177 76.9970016 -179.481995
v 1513.42603 79.3330002 -179.481995
v 1513.23596 79.4110031 -179.703003
v 1512.00696 77.1110001 -179.703003
v 1511.552 77.4150009 -179.934998
v 1512.73096 79.6200027 -179.934998
v 1514.37903 81.8300018 -178.921005
v 1513.59998 79.2600021 -178.921005
v 1513.42603 79.3330002 -179.481995
v 1514.19397 81.8669968 -179.481995
v 1513.99304 81.9069977 -179.703003
v 1513.23596 79.4110031 -179.703003
v 1512.73096 79.6200027 -179.934998
v 1513.45703 82.0139999 -179.934998
v 1514.64294 84.5019989 -178.921005
v 1514.37903 81.8300018 -178.921005
v 1514.19397 81.8669968 -179.481995
v 1514.45398 84.5019989 -179.481995
v 1514.24902 84.5019989 -179.703003
v 1513.99304 81.9069977 -179.703003
v 1513.45703 82.0139999 -179.934998
v 1513.703 84.5019989 -179.934998
v 1514.37903 87.1750031 -178.921005
v 1514.64294 84.5019989 -178.921005
v 1514.45398 84.5019989 -179.481995
v 1514.19397 87.1380005 -179.481995
v 1513.99304 87.0979996 -179.703003
v 1514.24902 84.5019989 -179.703003
v 1513.703 84.5019989 -179.934998
v 1513.45703 86.9909973 -179.934998
v 1513.59998 89.7440033 -178.921005
v 1514.37903 87.1750031 -178.921005
v 1514.19397 87.1380005 -179.481995
v 1513.42603 89.6719971 -179.481995
v 1513.23596 89.5940018 -179.703003
v 1513.99304 87.0979996 -179.703003
v 1513.45703 86.9909973 -179.934998
v 1512.73096 89.3850021 -179.934998
v 1512.33398 92.112999 -178.921005
v 1513.59998 89.7440033 -178.921005
v 1513.42603 89.6719971 -179.481995
v 1512.177 92.0080032 -179.481995
v 1512.00696 91.8939972 -179.703003
v 1513.23596 89.5940018 -179.703003
v 1512.73096 89.3850021 -179.934998
v 1511.552 91.5899963 -179.934998
v 1510.63098 94.1880035 -178.921005
v 1512.33398 92.112999 -178.921005
v 1512.177 92.0080032 -179.481995
v 1510.49695 94.0550003 -179.481995
v 1510.35205 93.9100037 -179.703003
v 1512.00696 91.8939972 -179.703003
v 1511.552 91.5899963 -179.934998
v 1509.96594 93.5240021 -179.934998
v 1508.55505 95.8919983 -178.921005
v 1510.63098 94.1880035 -178.921005
v 1510.49695 94.0550003 -179.481995
v 1508.44995 95.7350006 -179.481995
v 1508.33606 95.564003 -179.703003
v 1510.35205 93.9100037 -179.703003
v 1509.96594 93.5240021 -179.934998
v 1508.03296 95.1100006 -179.934998
v 1506.18701 97.1579971 -178.921005
v 1508.55505 95.8919983 -178.921005
v 1508.44995 95.7350006 -179.481995
v 1506.11401 96.9830017 -179.481995
v 1506.03601 96.7939987 -179.703003
v 1508.33606 95.564003 -179.703003
v 1508.03296 95.1100006 -179.934998
v 1505.82703 96.2890015 -179.934998
v 1503.61694 97.9369965 -178.921005
v 1506.18701 97.1579971 -178.921005
v 1506.11401 96.9830017 -179.481995
v 1503.57996 97.7519989 -179.481995
v 1503.54004 97.5510025 -179.703003
v 1506.03601 96.7939987 -179.703003
v 1505.82703 96.2890015 -179.934998
v 1503.43396 97.0149994 -179.934998
v 1498.27197 97.9369965 -178.921005
v 1500.94495 98.1999969 -178.921005
v 1500.94495 98.012001 -179.481995
v 1498.30896 97.7519989 -179.481995
v 1495.703 97.1579971 -178.921005
v 1498.27197 97.9369965 -178.921005
v 1498.30896 97.7519989 -179.481995
v 1495.77502 96.9830017 -179.481995
v 1498.62097 96.1819992 -179.770004
v 1500.94495 96.4110031 -179.770004
v 1500.94495 96.4110031 -176.703003
v 1498.62097 96.1819992 -176.703003
v 1611.16296 98.0039978 -179.770996
v 1613.849 98.2689972 -179.770996
v 1613.849 98.1169968 -179.934998
v 1611.19299 97.8550034 -179.934998
v 1608.58105 97.2210007 -179.770996
v 1611.16296 98.0039978 -179.770996
v 1611.19299 97.8550034 -179.934998
v 1608.63904 97.0800018 -179.934998
v 1606.20105 95.9489975 -179.770996
v 1608.58105 97.2210007 -179.770996
v 1608.63904 97.0800018 -179.934998
v 1606.28503 95.8219986 -179.934998
v 1604.11499 94.2369995 -179.770996
v 1606.20105 95.9489975 -179.770996
v 1606.28503 95.8219986 -179.934998
v 1604.22205 94.1289978 -179.934998
v 1602.40295 92.151001 -179.770996
v 1604.11499 94.2369995 -179.770996
v 1604.22205 94.1289978 -179.934998
v 1602.52905 92.0660019 -179.934998
v 1601.13 89.7710037 -179.770996
v 1602.40295 92.151001 -179.770996
v 1602.52905 92.0660019 -179.934998
v 1601.271 89.711998 -179.934998
v 1600.34705 87.1880035 -179.770996
v 1601.13 89.7710037 -179.770996
v 1601.271 89.711998 -179.934998
v 1600.49695 87.1579971 -179.934998
v 1600.08203 84.5019989 -179.770996
v 1600.34705 87.1880035 -179.770996
v 1600.49695 87.1579971 -179.934998
v 1600.23499 84.5019989 -179.934998
v 1600.34705 81.8170013 -179.770996
v 1600.08203 84.5019989 -179.770996
v 1600.23499 84.5019989 -179.934998
v 1600.49695 81.8460007 -179.934998
v 1601.13 79.2340012 -179.770996
v 1600.34705 81.8170013 -179.770996
v 1600.49695 81.8460007 -179.934998
v 1601.271 79.2929993 -179.934998
v 1602.40295 76.8539963 -179.770996
v 1601.13 79.2340012 -179.770996
v 1601.271 79.2929993 -179.934998
v 1602.52905 76.939003 -179.934998
v 1604.11499 74.7679977 -179.770996
v 1602.40295 76.8539963 -179.770996
v 1602.52905 76.939003 -179.934998
v 1604.22205 74.8759995 -179.934998
v 1606.20105 73.0559998 -179.770996
v 1604.11499 74.7679977 -179.770996
v 1604.22205 74.8759995 -179.934998
v 1606.28503 73.1829987 -179.934998
v 1608.58105 71.7839966 -179.770996
v 1606.20105 73.0559998 -179.770996
v 1606.28503 73.1829987 -179.934998
v 1608.63904 71.9250031 -179.934998
v 1611.16296 71 -179.770996
v 1608.58105 71.7839966 -179.770996
v 1608.63904 71.9250031 -179.934998
v 1611.19299 71.1500015 -179.934998
v 1613.849 70.7360001 -179.770996
v 1611.16296 71 -179.770996
v 1611.19299 71.1500015 -179.934998
v 1613.849 70.8880005 -179.934998
v 1616.53503 71 -179.770996
v 1613.849 70.7360001 -179.770996
v 1613.849 70.8880005 -179.934998
v 1616.505 71.1500015 -179.934998
v 1619.11694 71.7839966 -179.770996
v 1616.53503 71 -179.770996
v 1616.505 71.1500015 -179.934998
v 1619.05896 71.9250031 -179.934998
v 1621.49695 73.0559998 -179.770996
v 1619.11694 71.7839966 -179.770996
v 1619.05896 71.9250031 -179.934998
v 1621.41296 73.1829987 -179.934998
v 1623.58301 74.7679977 -179.770996
v 1621.49695 73.0559998 -179.770996
v 1621.41296 73.1829987 -179.934998
v 1623.47595 74.8759995 -179.934998
v 1625.29602 76.8539963 -179.770996
v 1623.58301 74.7679977 -179.770996
v 1623.47595 74.8759995 -179.934998
v 1625.16895 76.939003 -179.934998
v 1626.56799 79.2340012 -179.770996
v 1625.29602 76.8539963 -179.770996
v 1625.16895 76.939003 -179.934998
v 1626.427 79.2929993 -179.934998
v 1627.35095 81.8170013 -179.770996
v 1626.56799 79.2340012 -179.770996
v 1626.427 79.2929993 -179.934998
v 1627.20203 81.8460007 -179.934998
v 1627.61597 84.5019989 -179.770996
v 1627.35095 81.8170013 -179.770996
v 1627.20203 81.8460007 -179.934998
v 1627.46301 84.5019989 -179.934998
v 1627.35095 87.1880035 -179.770996
v 1627.61597 84.5019989 -179.770996
v 1627.46301 84.5019989 -179.934998
v 1627.20203 87.1579971 -179.934998
v 1626.56799 89.7710037 -179.770996
v 1627.35095 87.1880035 -179.770996
v 1627.20203 87.1579971 -179.934998
v 1626.427 89.711998 -179.934998
v 1625.29602 92.151001 -179.770996
v 1626.56799 89.7710037 -179.770996
v 1626.427 89.711998 -179.934998
v 1625.16895 92.0660019 -179.934998
v 1623.58301 94.2369995 -179.770996
v 1625.29602 92.151001 -179.770996
v 1625.16895 92.0660019 -179.934998
v 1623.47595 94.1289978 -179.934998
v 1621.49695 95.9489975 -179.770996
v 1623.58301 94.2369995 -179.770996
v 1623.47595 94.1289978 -179.934998
v 1621.41296 95.8219986 -179.934998
v 1619.11694 97.2210007 -179.770996
v 1621.49695 95.9489975 -179.770996
v 1621.41296 95.8219986 -179.934998
v 1619.05896 97.0800018 -179.934998
v 1616.53503 98.0039978 -179.770996
v 1619.11694 97.2210007 -179.770996
v 1619.05896 97.0800018 -179.934998
v 1616.505 97.8550034 -179.934998
v 1613.849 98.2689972 -179.770996
v 1616.53503 98.0039978 -179.770996
v 1616.505 97.8550034 -179.934998
v 1613.849 98.1169968 -179.934998
v 1611.41296 96.75 -166.001007
v 1613.849 96.9899979 -166.001007
v 1613.849 97.1689987 -166.166
v 1611.37805 96.9260025 -166.166
v 1609.06995 96.0390015 -166.001007
v 1611.41296 96.75 -166.001007
v 1611.37805 96.9260025 -166.166
v 1609.00195 96.2050018 -166.166
v 1606.91101 94.8850021 -166.001007
v 1609.06995 96.0390015 -166.001007
v 1609.00195 96.2050018 -166.166
v 1606.81201 95.0339966 -166.166
v 1605.01904 93.3320007 -166.001007
v 1606.91101 94.8850021 -166.001007
v 1606.81201 95.0339966 -166.166
v 1604.89294 93.4589996 -166.166
v 1603.46594 91.4400024 -166.001007
v 1605.01904 93.3320007 -166.001007
v 1604.89294 93.4589996 -166.166
v 1603.31702 91.5400009 -166.166
v 1602.31201 89.2809982 -166.001007
v 1603.46594 91.4400024 -166.001007
v 1603.31702 91.5400009 -166.166
v 1602.14697 89.3499985 -166.166
v 1601.60205 86.939003 -166.001007
v 1602.31201 89.2809982 -166.001007
v 1602.14697 89.3499985 -166.166
v 1601.42603 86.973999 -166.166
v 1601.36206 84.5019989 -166.001007
v 1601.60205 86.939003 -166.001007
v 1601.42603 86.973999 -166.166
v 1601.18298 84.5019989 -166.166
v 1601.60205 82.0660019 -166.001007
v 1601.36206 84.5019989 -166.001007
v 1601.18298 84.5019989 -166.166
v 1601.42603 82.0309982 -166.166
v 1602.31201 79.723999 -166.001007
v 1601.60205 82.0660019 -166.001007
v 1601.42603 82.0309982 -166.166
v 1602.14697 79.6549988 -166.166
v 1603.46594 77.5650024 -166.001007
v 1602.31201 79.723999 -166.001007
v 1602.14697 79.6549988 -166.166
v 1603.31702 77.4649963 -166.166
v 1605.01904 75.6729965 -166.001007
v 1603.46594 77.5650024 -166.001007
v 1603.31702 77.4649963 -166.166
v 1604.89294 75.5459976 -166.166
v 1606.91101 74.1200027 -166.001007
v 1605.01904 75.6729965 -166.001007
v 1604.89294 75.5459976 -166.166
v 1606.81201 73.9710007 -166.166
v 1609.06995 72.9660034 -166.001007
v 1606.91101 74.1200027 -166.001007
v 1606.81201 73.9710007 -166.166
v 1609.00195 72.8000031 -166.166
v 1611.41296 72.2549973 -166.001007
v 1609.06995 72.9660034 -166.001007
v 1609.00195 72.8000031 -166.166
v 1611.37805 72.0790024 -166.166
v 1613.849 72.0149994 -166.001007
v 1611.41296 72.2549973 -166.001007
v 1611.37805 72.0790024 -166.166
v 1613.849 71.8359985 -166.166
v 1616.28503 72.2549973 -166.001007
v 1613.849 72.0149994 -166.001007
v 1613.849 71.8359985 -166.166
v 1616.31995 72.0790024 -166.166
v 1618.62805 72.9660034 -166.001007
v 1616.28503 72.2549973 -166.001007
v 1616.31995 72.0790024 -166.166
v 1618.69604 72.8000031 -166.166
v 1620.78699 74.1200027 -166.001007
v 1618.62805 72.9660034 -166.001007
v 1618.69604 72.8000031 -166.166
v 1620.88599 73.9710007 -166.166
v 1622.67896 75.6729965 -166.001007
v 1620.78699 74.1200027 -166.001007
v 1620.88599 73.9710007 -166.166
v 1622.80603 75.5459976 -166.166
v 1624.23206 77.5650024 -166.001007
v 1622.67896 75.6729965 -166.001007
v 1622.80603 75.5459976 -166.166
v 1624.38098 77.4649963 -166.166
v 1625.38599 79.723999 -166.001007
v 1624.23206 77.5650024 -166.001007
v 1624.38098 77.4649963 -166.166
v 1625.55103 79.6549988 -166.166
v 1626.09595 82.0660019 -166.001007
v 1625.38599 79.723999 -166.001007
v 1625.55103 79.6549988 -166.166
v 1626.27197 82.0309982 -166.166
v 1626.33606 84.5019989 -166.001007
v 1626.09595 82.0660019 -166.001007
v 1626.27197 82.0309982 -166.166
v 1626.51599 84.5019989 -166.166
v 1626.09595 86.939003 -166.001007
v 1626.33606 84.5019989 -166.001007
v 1626.51599 84.5019989 -166.166
v 1626.27197 86.973999 -166.166
v 1625.38599 89.2809982 -166.001007
v 1626.09595 86.939003 -166.001007
v 1626.27197 86.973999 -166.166
v 1625.55103 89.3499985 -166.166
v 1624.23206 91.4400024 -166.001007
v 1625.38599 89.2809982 -166.001007
v 1625.55103 89.3499985 -166.166
v 1624.38098 91.5400009 -166.166
v 1622.67896 93.3320007 -166.001007
v 1624.23206 91.4400024 -166.001007
v 1624.38098 91.5400009 -166.166
v 1622.80603 93.4589996 -166.166
v 1620.78699 94.8850021 -166.001007
v 1622.67896 93.3320007 -166.001007
v 1622.80603 93.4589996 -166.166
v 1620.88599 95.0339966 -166.166
v 1618.62805 96.0390015 -166.001007
v 1620.78699 94.8850021 -166.001007
v 1620.88599 95.0339966 -166.166
v 1618.69604 96.2050018 -166.166
v 1616.28503 96.75 -166.001007
v 1618.62805 96.0390015 -166.001007
v 1618.69604 96.2050018 -166.166
v 1616.31995 96.9260025 -166.166
v 1613.849 96.9899979 -166.001007
v 1616.28503 96.75 -166.001007
v 1616.31995 96.9260025 -166.166
v 1613.849 97.1689987 -166.166
v 1611.49402 96.3450012 -179.934998
v 1613.849 96.5770035 -179.934998
v 1613.849 96.4110031 -179.770004
v 1611.526 96.1819992 -179.770004
v 1609.22803 95.6579971 -179.934998
v 1611.49402 96.3450012 -179.934998
v 1611.526 96.1819992 -179.770004
v 1609.29199 95.5039978 -179.770004
v 1613.849 96.5770035 -179.934998
v 1616.20496 96.3450012 -179.934998
v 1616.172 96.1819992 -179.770004
v 1613.849 96.4110031 -179.770004
v 1616.20496 96.3450012 -179.934998
v 1618.46997 95.6579971 -179.934998
v 1618.40601 95.5039978 -179.770004
v 1616.172 96.1819992 -179.770004
v 1618.46997 95.6579971 -179.934998
v 1620.55701 94.5419998 -179.934998
v 1620.46497 94.4039993 -179.770004
v 1618.40601 95.5039978 -179.770004
v 1620.55701 94.5419998 -179.934998
v 1622.38696 93.0400009 -179.934998
v 1622.27002 92.9229965 -179.770004
v 1620.46497 94.4039993 -179.770004
v 1622.38696 93.0400009 -179.934998
v 1623.88794 91.2099991 -179.934998
v 1623.75098 91.1179962 -179.770004
v 1622.27002 92.9229965 -179.770004
v 1623.88794 91.2099991 -179.934998
v 1625.00403 89.1230011 -179.934998
v 1624.85095 89.0599976 -179.770004
v 1623.75098 91.1179962 -179.770004
v 1625.00403 89.1230011 -179.934998
v 1625.69104 86.8580017 -179.934998
v 1625.52905 86.8259964 -179.770004
v 1624.85095 89.0599976 -179.770004
v 1625.69104 86.8580017 -179.934998
v 1625.92297 84.5019989 -179.934998
v 1625.75696 84.5019989 -179.770004
v 1625.52905 86.8259964 -179.770004
v 1625.92297 84.5019989 -179.934998
v 1625.69104 82.1470032 -179.934998
v 1625.52905 82.1790009 -179.770004
v 1625.75696 84.5019989 -179.770004
v 1625.69104 82.1470032 -179.934998
v 1625.00403 79.8820038 -179.934998
v 1624.85095 79.9449997 -179.770004
v 1625.52905 82.1790009 -179.770004
v 1625.00403 79.8820038 -179.934998
v 1623.88794 77.7939987 -179.934998
v 1623.75098 77.8860016 -179.770004
v 1624.85095 79.9449997 -179.770004
v 1623.88794 77.7939987 -179.934998
v 1622.38696 75.9649963 -179.934998
v 1622.27002 76.0820007 -179.770004
v 1623.75098 77.8860016 -179.770004
v 1622.38696 75.9649963 -179.934998
v 1620.55701 74.4629974 -179.934998
v 1620.46497 74.6009979 -179.770004
v 1622.27002 76.0820007 -179.770004
v 1620.55701 74.4629974 -179.934998
v 1618.46997 73.3470001 -179.934998
v 1618.40601 73.5009995 -179.770004
v 1620.46497 74.6009979 -179.770004
v 1618.46997 73.3470001 -179.934998
v 1616.20496 72.6600037 -179.934998
v 1616.172 72.822998 -179.770004
v 1618.40601 73.5009995 -179.770004
v 1616.20496 72.6600037 -179.934998
v 1613.849 72.4280014 -179.934998
v 1613.849 72.5940018 -179.770004
v 1616.172 72.822998 -179.770004
v 1613.849 72.4280014 -179.934998
v 1611.49402 72.6600037 -179.934998
v 1611.526 72.822998 -179.770004
v 1613.849 72.5940018 -179.770004
v 1611.49402 72.6600037 -179.934998
v 1609.22803 73.3470001 -179.934998
v 1609.29199 73.5009995 -179.770004
v 1611.526 72.822998 -179.770004
v 1609.22803 73.3470001 -179.934998
v 1607.14099 74.4629974 -179.934998
v 1607.23303 74.6009979 -179.770004
v 1609.29199 73.5009995 -179.770004
v 1607.14099 74.4629974 -179.934998
v 1605.31104 75.9649963 -179.934998
v 1605.42896 76.0820007 -179.770004
v 1607.23303 74.6009979 -179.770004
v 1605.31104 75.9649963 -179.934998
v 1603.81006 77.7939987 -179.934998
v 1603.948 77.8860016 -179.770004
v 1605.42896 76.0820007 -179.770004
v 1603.81006 77.7939987 -179.934998
v 1602.69397 79.8820038 -179.934998
v 1602.84705 79.9449997 -179.770004
v 1603.948 77.8860016 -179.770004
v 1602.69397 79.8820038 -179.934998
v 1602.00696 82.1470032 -179.934998
v 1602.16895 82.1790009 -179.770004
v 1602.84705 79.9449997 -179.770004
v 1602.00696 82.1470032 -179.934998
v 1601.77502 84.5019989 -179.934998
v 1601.94104 84.5019989 -179.770004
v 1602.16895 82.1790009 -179.770004
v 1601.77502 84.5019989 -179.934998
v 1602.00696 86.8580017 -179.934998
v 1602.16895 86.8259964 -179.770004
v 1601.94104 84.5019989 -179.770004
v 1602.00696 86.8580017 -179.934998
v 1602.69397 89.1230011 -179.934998
v 1602.84705 89.0599976 -179.770004
v 1602.16895 86.8259964 -179.770004
v 1602.69397 89.1230011 -179.934998
v 1603.81006 91.2099991 -179.934998
v 1603.948 91.1179962 -179.770004
v 1602.84705 89.0599976 -179.770004
v 1603.81006 91.2099991 -179.934998
v 1605.31104 93.0400009 -179.934998
v 1605.42896 92.9229965 -179.770004
v 1603.948 91.1179962 -179.770004
v 1605.31104 93.0400009 -179.934998
v 1607.14099 94.5419998 -179.934998
v 1607.23303 94.4039993 -179.770004
v 1605.42896 92.9229965 -179.770004
v 1607.14099 94.5419998 -179.934998
v 1609.22803 95.6579971 -179.934998
v 1609.29199 95.5039978 -179.770004
v 1607.23303 94.4039993 -179.770004
v 1611.526 96.1819992 -176.703003
v 1613.849 96.4110031 -176.703003
v 1613.849 96.2689972 -176.623001
v 1611.55396 96.0429993 -176.623001
v 1609.29199 95.5039978 -176.703003
v 1611.526 96.1819992 -176.703003
v 1611.55396 96.0429993 -176.623001
v 1609.34595 95.3730011 -176.623001
v 1613.849 96.4110031 -176.703003
v 1616.172 96.1819992 -176.703003
v 1616.14502 96.0429993 -176.623001
v 1613.849 96.2689972 -176.623001
v 1616.172 96.1819992 -176.703003
v 1618.40601 95.5039978 -176.703003
v 1618.35205 95.3730011 -176.623001
v 1616.14502 96.0429993 -176.623001
v 1618.40601 95.5039978 -176.703003
v 1620.46497 94.4039993 -176.703003
v 1620.38599 94.2860031 -176.623001
v 1618.35205 95.3730011 -176.623001
v 1620.46497 94.4039993 -176.703003
v 1622.27002 92.9229965 -176.703003
v 1622.16895 92.8219986 -176.623001
v 1620.38599 94.2860031 -176.623001
v 1622.27002 92.9229965 -176.703003
v 1623.75098 91.1179962 -176.703003
v 1623.63196 91.0390015 -176.623001
v 1622.16895 92.8219986 -176.623001
v 1623.75098 91.1179962 -176.703003
v 1624.85095 89.0599976 -176.703003
v 1624.71997 89.0049973 -176.623001
v 1623.63196 91.0390015 -176.623001
v 1624.85095 89.0599976 -176.703003
v 1625.52905 86.8259964 -176.703003
v 1625.38904 86.7979965 -176.623001
v 1624.71997 89.0049973 -176.623001
v 1625.52905 86.8259964 -176.703003
v 1625.75696 84.5019989 -176.703003
v 1625.61499 84.5019989 -176.623001
v 1625.38904 86.7979965 -176.623001
v 1625.75696 84.5019989 -176.703003
v 1625.52905 82.1790009 -176.703003
v 1625.38904 82.2070007 -176.623001
v 1625.61499 84.5019989 -176.623001
v 1625.52905 82.1790009 -176.703003
v 1624.85095 79.9449997 -176.703003
v 1624.71997 80 -176.623001
v 1625.38904 82.2070007 -176.623001
v 1624.85095 79.9449997 -176.703003
v 1623.75098 77.8860016 -176.703003
v 1623.63196 77.9649963 -176.623001
v 1624.71997 80 -176.623001
v 1623.75098 77.8860016 -176.703003
v 1622.27002 76.0820007 -176.703003
v 1622.16895 76.1819992 -176.623001
v 1623.63196 77.9649963 -176.623001
v 1622.27002 76.0820007 -176.703003
v 1620.46497 74.6009979 -176.703003
v 1620.38599 74.7190018 -176.623001
v 1622.16895 76.1819992 -176.623001
v 1620.46497 74.6009979 -176.703003
v 1618.40601 73.5009995 -176.703003
v 1618.35205 73.6320038 -176.623001
v 1620.38599 74.7190018 -176.623001
v 1618.40601 73.5009995 -176.703003
v 1616.172 72.822998 -176.703003
v 1616.14502 72.961998 -176.623001
v 1618.35205 73.6320038 -176.623001
v 1616.172 72.822998 -176.703003
v 1613.849 72.5940018 -176.703003
v 1613.849 72.7360001 -176.623001
v 1616.14502 72.961998 -176.623001
v 1613.849 72.5940018 -176.703003
v 1611.526 72.822998 -176.703003
v 1611.55396 72.961998 -176.623001
v 1613.849 72.7360001 -176.623001
v 1611.526 72.822998 -176.703003
v 1609.29199 73.5009995 -176.703003
v 1609.34595 73.6320038 -176.623001
v 1611.55396 72.961998 -176.623001
v 1609.29199 73.5009995 -176.703003
v 1607.23303 74.6009979 -176.703003
v 1607.31201 74.7190018 -176.623001
v 1609.34595 73.6320038 -176.623001
v 1607.23303 74.6009979 -176.703003
v 1605.42896 76.0820007 -176.703003
v 1605.52905 76.1819992 -176.623001
v 1607.31201 74.7190018 -176.623001
v 1605.42896 76.0820007 -176.703003
v 1603.948 77.8860016 -176.703003
v 1604.06604 77.9649963 -176.623001
v 1605.52905 76.1819992 -176.623001
v 1603.948 77.8860016 -176.703003
v 1602.84705 79.9449997 -176.703003
v 1602.97803 80 -176.623001
v 1604.06604 77.9649963 -176.623001
v 1602.84705 79.9449997 -176.703003
v 1602.16895 82.1790009 -176.703003
v 1602.30896 82.2070007 -176.623001
v 1602.97803 80 -176.623001
v 1602.16895 82.1790009 -176.703003
v 1601.94104 84.5019989 -176.703003
v 1602.08301 84.5019989 -176.623001
v 1602.30896 82.2070007 -176.623001
v 1601.94104 84.5019989 -176.703003
v 1602.16895 86.8259964 -176.703003
v 1602.30896 86.7979965 -176.623001
v 1602.08301 84.5019989 -176.623001
v 1602.16895 86.8259964 -176.703003
v 1602.84705 89.0599976 -176.703003
v 1602.97803 89.0049973 -176.623001
v 1602.30896 86.7979965 -176.623001
v 1602.84705 89.0599976 -176.703003
v 1603.948 91.1179962 -176.703003
v 1604.06604 91.0390015 -176.623001
v 1602.97803 89.0049973 -176.623001
v 1603.948 91.1179962 -176.703003
v 1605.42896 92.9229965 -176.703003
v 1605.52905 92.8219986 -176.623001
v 1604.06604 91.0390015 -176.623001
v 1605.42896 92.9229965 -176.703003
v 1607.23303 94.4039993 -176.703003
v 1607.31201 94.2860031 -176.623001
v 1605.52905 92.8219986 -176.623001
v 1607.23303 94.4039993 -176.703003
v 1609.29199 95.5039978 -176.703003
v 1609.34595 95.3730011 -176.623001
v 1607.31201 94.2860031 -176.623001
v 1498.50903 96.75 -166.001007
v 1500.94495 96.9899979 -166.001007
v 1500.94495 97.1689987 -166.166
v 1498.474 96.9260025 -166.166
v 1496.16602 96.0390015 -166.001007
v 1498.50903 96.75 -166.001007
v 1498.474 96.9260025 -166.166
v 1496.09705 96.2050018 -166.166
v 1494.00696 94.8850021 -166.001007
v 1496.16602 96.0390015 -166.001007
v 1496.09705 96.2050018 -166.166
v 1493.90796 95.0339966 -166.166
v 1492.11499 93.3320007 -166.001007
v 1494.00696 94.8850021 -166.001007
v 1493.90796 95.0339966 -166.166
v 1491.98804 93.4589996 -166.166
v 1490.56201 91.4400024 -166.001007
v 1492.11499 93.3320007 -166.001007
v 1491.98804 93.4589996 -166.166
v 1490.41296 91.5400009 -166.166
v 1489.40796 89.2809982 -166.001007
v 1490.56201 91.4400024 -166.001007
v 1490.41296 91.5400009 -166.166
v 1489.24194 89.3499985 -166.166
v 1488.69702 86.939003 -166.001007
v 1489.40796 89.2809982 -166.001007
v 1489.24194 89.3499985 -166.166
v 1488.52197 86.973999 -166.166
v 1488.45703 84.5019989 -166.001007
v 1488.69702 86.939003 -166.001007
v 1488.52197 86.973999 -166.166
v 1488.27795 84.5019989 -166.166
v 1488.69702 82.0660019 -166.001007
v 1488.45703 84.5019989 -166.001007
v 1488.27795 84.5019989 -166.166
v 1488.52197 82.0309982 -166.166
v 1489.40796 79.723999 -166.001007
v 1488.69702 82.0660019 -166.001007
v 1488.52197 82.0309982 -166.166
v 1489.24194 79.6549988 -166.166
v 1490.56201 77.5650024 -166.001007
v 1489.40796 79.723999 -166.001007
v 1489.24194 79.6549988 -166.166
v 1490.41296 77.4649963 -166.166
v 1492.11499 75.6729965 -166.001007
v 1490.56201 77.5650024 -166.001007
v 1490.41296 77.4649963 -166.166
v 1491.98804 75.5459976 -166.166
v 1494.00696 74.1200027 -166.001007
v 1492.11499 75.6729965 -166.001007
v 1491.98804 75.5459976 -166.166
v 1493.90796 73.9710007 -166.166
v 1496.16602 72.9660034 -166.001007
v 1494.00696 74.1200027 -166.001007
v 1493.90796 73.9710007 -166.166
v 1496.09705 72.8000031 -166.166
v 1498.50903 72.2549973 -166.001007
v 1496.16602 72.9660034 -166.001007
v 1496.09705 72.8000031 -166.166
v 1498.474 72.0790024 -166.166
v 1500.94495 72.0149994 -166.001007
v 1498.50903 72.2549973 -166.001007
v 1498.474 72.0790024 -166.166
v 1500.94495 71.8359985 -166.166
v 1503.38098 72.2549973 -166.001007
v 1500.94495 72.0149994 -166.001007
v 1500.94495 71.8359985 -166.166
v 1503.41602 72.0790024 -166.166
v 1505.72302 72.9660034 -166.001007
v 1503.38098 72.2549973 -166.001007
v 1503.41602 72.0790024 -166.166
v 1505.79199 72.8000031 -166.166
v 1507.88196 74.1200027 -166.001007
v 1505.72302 72.9660034 -166.001007
v 1505.79199 72.8000031 -166.166
v 1507.98206 73.9710007 -166.166
v 1509.77502 75.6729965 -166.001007
v 1507.88196 74.1200027 -166.001007
v 1507.98206 73.9710007 -166.166
v 1509.901 75.5459976 -166.166
v 1511.328 77.5650024 -166.001007
v 1509.77502 75.6729965 -166.001007
v 1509.901 75.5459976 -166.166
v 1511.47595 77.4649963 -166.166
v 1512.48206 79.723999 -166.001007
v 1511.328 77.5650024 -166.001007
v 1511.47595 77.4649963 -166.166
v 1512.64697 79.6549988 -166.166
v 1513.19202 82.0660019 -166.001007
v 1512.48206 79.723999 -166.001007
v 1512.64697 79.6549988 -166.166
v 1513.36804 82.0309982 -166.166
v 1513.43201 84.5019989 -166.001007
v 1513.19202 82.0660019 -166.001007
v 1513.36804 82.0309982 -166.166
v 1513.61096 84.5019989 -166.166
v 1513.19202 86.939003 -166.001007
v 1513.43201 84.5019989 -166.001007
v 1513.61096 84.5019989 -166.166
v 1513.36804 86.973999 -166.166
v 1512.48206 89.2809982 -166.001007
v 1513.19202 86.939003 -166.001007
v 1513.36804 86.973999 -166.166
v 1512.64697 89.3499985 -166.166
v 1511.328 91.4400024 -166.001007
v 1512.48206 89.2809982 -166.001007
v 1512.64697 89.3499985 -166.166
v 1511.47595 91.5400009 -166.166
v 1509.77502 93.3320007 -166.001007
v 1511.328 91.4400024 -166.001007
v 1511.47595 91.5400009 -166.166
v 1509.901 93.4589996 -166.166
v 1507.88196 94.8850021 -166.001007
v 1509.77502 93.3320007 -166.001007
v 1509.901 93.4589996 -166.166
v 1507.98206 95.0339966 -166.166
v 1505.72302 96.0390015 -166.001007
v 1507.88196 94.8850021 -166.001007
v 1507.98206 95.0339966 -166.166
v 1505.79199 96.2050018 -166.166
v 1503.38098 96.75 -166.001007
v 1505.72302 96.0390015 -166.001007
v 1505.79199 96.2050018 -166.166
v 1503.41602 96.9260025 -166.166
v 1500.94495 96.9899979 -166.001007
v 1503.38098 96.75 -166.001007
v 1503.41602 96.9260025 -166.166
v 1500.94495 97.1689987 -166.166
v 1498.58899 96.3450012 -179.934998
v 1500.94495 96.5770035 -179.934998
v 1500.94495 96.4110031 -179.770004
v 1498.62097 96.1819992 -179.770004
v 1496.32397 95.6579971 -179.934998
v 1498.58899 96.3450012 -179.934998
v 1498.62097 96.1819992 -179.770004
v 1496.38794 95.5039978 -179.770004
v 1500.94495 96.5770035 -179.934998
v 1503.30005 96.3450012 -179.934998
v 1503.26794 96.1819992 -179.770004
v 1500.94495 96.4110031 -179.770004
v 1503.30005 96.3450012 -179.934998
v 1505.56494 95.6579971 -179.934998
v 1505.50195 95.5039978 -179.770004
v 1503.26794 96.1819992 -179.770004
v 1505.56494 95.6579971 -179.934998
v 1507.65295 94.5419998 -179.934998
v 1507.56104 94.4039993 -179.770004
v 1505.50195 95.5039978 -179.770004
v 1507.65295 94.5419998 -179.934998
v 1509.48206 93.0400009 -179.934998
v 1509.36499 92.9229965 -179.770004
v 1507.56104 94.4039993 -179.770004
v 1509.48206 93.0400009 -179.934998
v 1510.98401 91.2099991 -179.934998
v 1510.84595 91.1179962 -179.770004
v 1509.36499 92.9229965 -179.770004
v 1510.98401 91.2099991 -179.934998
v 1512.09998 89.1230011 -179.934998
v 1511.94702 89.0599976 -179.770004
v 1510.84595 91.1179962 -179.770004
v 1512.09998 89.1230011 -179.934998
v 1512.78699 86.8580017 -179.934998
v 1512.62402 86.8259964 -179.770004
v 1511.94702 89.0599976 -179.770004
v 1512.78699 86.8580017 -179.934998
v 1513.01904 84.5019989 -179.934998
v 1512.85303 84.5019989 -179.770004
v 1512.62402 86.8259964 -179.770004
v 1513.01904 84.5019989 -179.934998
v 1512.78699 82.1470032 -179.934998
v 1512.62402 82.1790009 -179.770004
v 1512.85303 84.5019989 -179.770004
v 1512.78699 82.1470032 -179.934998
v 1512.09998 79.8820038 -179.934998
v 1511.94702 79.9449997 -179.770004
v 1512.62402 82.1790009 -179.770004
v 1512.09998 79.8820038 -179.934998
v 1510.98401 77.7939987 -179.934998
v 1510.84595 77.8860016 -179.770004
v 1511.94702 79.9449997 -179.770004
v 1510.98401 77.7939987 -179.934998
v 1509.48206 75.9649963 -179.934998
v 1509.36499 76.0820007 -179.770004
v 1510.84595 77.8860016 -179.770004
v 1509.48206 75.9649963 -179.934998
v 1507.65295 74.4629974 -179.934998
v 1507.56104 74.6009979 -179.770004
v 1509.36499 76.0820007 -179.770004
v 1507.65295 74.4629974 -179.934998
v 1505.56494 73.3470001 -179.934998
v 1505.50195 73.5009995 -179.770004
v 1507.56104 74.6009979 -179.770004
v 1505.56494 73.3470001 -179.934998
v 1503.30005 72.6600037 -179.934998
v 1503.26794 72.822998 -179.770004
v 1505.50195 73.5009995 -179.770004
v 1503.30005 72.6600037 -179.934998
v 1500.94495 72.4280014 -179.934998
v 1500.94495 72.5940018 -179.770004
v 1503.26794 72.822998 -179.770004
v 1500.94495 72.4280014 -179.934998
v 1498.58899 72.6600037 -179.934998
v 1498.62097 72.822998 -179.770004
v 1500.94495 72.5940018 -179.770004
v 1498.58899 72.6600037 -179.934998
v 1496.32397 73.3470001 -179.934998
v 1496.38794 73.5009995 -179.770004
v 1498.62097 72.822998 -179.770004
v 1496.32397 73.3470001 -179.934998
v 1494.23706 74.4629974 -179.934998
v 1494.32898 74.6009979 -179.770004
v 1496.38794 73.5009995 -179.770004
v 1494.23706 74.4629974 -179.934998
v 1492.40698 75.9649963 -179.934998
v 1492.52405 76.0820007 -179.770004
v 1494.32898 74.6009979 -179.770004
v 1492.40698 75.9649963 -179.934998
v 1490.90503 77.7939987 -179.934998
v 1491.04297 77.8860016 -179.770004
v 1492.52405 76.0820007 -179.770004
v 1490.90503 77.7939987 -179.934998
v 1489.79004 79.8820038 -179.934998
v 1489.94299 79.9449997 -179.770004
v 1491.04297 77.8860016 -179.770004
v 1489.79004 79.8820038 -179.934998
v 1489.10303 82.1470032 -179.934998
v 1489.26501 82.1790009 -179.770004
v 1489.94299 79.9449997 -179.770004
v 1489.10303 82.1470032 -179.934998
v 1488.87097 84.5019989 -179.934998
v 1489.03601 84.5019989 -179.770004
v 1489.26501 82.1790009 -179.770004
v 1488.87097 84.5019989 -179.934998
v 1489.10303 86.8580017 -179.934998
v 1489.26501 86.8259964 -179.770004
v 1489.03601 84.5019989 -179.770004
v 1489.10303 86.8580017 -179.934998
v 1489.79004 89.1230011 -179.934998
v 1489.94299 89.0599976 -179.770004
v 1489.26501 86.8259964 -179.770004
v 1489.79004 89.1230011 -179.934998
v 1490.90503 91.2099991 -179.934998
v 1491.04297 91.1179962 -179.770004
v 1489.94299 89.0599976 -179.770004
v 1490.90503 91.2099991 -179.934998
v 1492.40698 93.0400009 -179.934998
v 1492.52405 92.9229965 -179.770004
v 1491.04297 91.1179962 -179.770004
v 1492.40698 93.0400009 -179.934998
v 1494.23706 94.5419998 -179.934998
v 1494.32898 94.4039993 -179.770004
v 1492.52405 92.9229965 -179.770004
v 1494.23706 94.5419998 -179.934998
v 1496.32397 95.6579971 -179.934998
v 1496.38794 95.5039978 -179.770004
v 1494.32898 94.4039993 -179.770004
v 1498.62097 96.1819992 -176.703003
v 1500.94495 96.4110031 -176.703003
v 1500.94495 96.2689972 -176.623001
v 1498.64905 96.0429993 -176.623001
v 1496.38794 95.5039978 -176.703003
v 1498.62097 96.1819992 -176.703003
v 1498.64905 96.0429993 -176.623001
v 1496.44202 95.3730011 -176.623001
v 1500.94495 96.4110031 -176.703003
v 1503.26794 96.1819992 -176.703003
v 1503.23999 96.0429993 -176.623001
v 1500.94495 96.2689972 -176.623001
v 1503.26794 96.1819992 -176.703003
v 1505.50195 95.5039978 -176.703003
v 1505.44702 95.3730011 -176.623001
v 1503.23999 96.0429993 -176.623001
v 1505.50195 95.5039978 -176.703003
v 1507.56104 94.4039993 -176.703003
v 1507.48206 94.2860031 -176.623001
v 1505.44702 95.3730011 -176.623001
v 1507.56104 94.4039993 -176.703003
v 1509.36499 92.9229965 -176.703003
v 1509.26501 92.8219986 -176.623001
v 1507.48206 94.2860031 -176.623001
v 1509.36499 92.9229965 -176.703003
v 1510.84595 91.1179962 -176.703003
v 1510.72803 91.0390015 -176.623001
v 1509.26501 92.8219986 -176.623001
v 1510.84595 91.1179962 -176.703003
v 1511.94702 89.0599976 -176.703003
v 1511.81494 89.0049973 -176.623001
v 1510.72803 91.0390015 -176.623001
v 1511.94702 89.0599976 -176.703003
v 1512.62402 86.8259964 -176.703003
v 1512.48499 86.7979965 -176.623001
v 1511.81494 89.0049973 -176.623001
v 1512.62402 86.8259964 -176.703003
v 1512.85303 84.5019989 -176.703003
v 1512.71106 84.5019989 -176.623001
v 1512.48499 86.7979965 -176.623001
v 1512.85303 84.5019989 -176.703003
v 1512.62402 82.1790009 -176.703003
v 1512.48499 82.2070007 -176.623001
v 1512.71106 84.5019989 -176.623001
v 1512.62402 82.1790009 -176.703003
v 1511.94702 79.9449997 -176.703003
v 1511.81494 80 -176.623001
v 1512.48499 82.2070007 -176.623001
v 1511.94702 79.9449997 -176.703003
v 1510.84595 77.8860016 -176.703003
v 1510.72803 77.9649963 -176.623001
v 1511.81494 80 -176.623001
v 1510.84595 77.8860016 -176.703003
v 1509.36499 76.0820007 -176.703003
v 1509.26501 76.1819992 -176.623001
v 1510.72803 77.9649963 -176.623001
v 1509.36499 76.0820007 -176.703003
v 1507.56104 74.6009979 -176.703003
v 1507.48206 74.7190018 -176.623001
v 1509.26501 76.1819992 -176.623001
v 1507.56104 74.6009979 -176.703003
v 1505.50195 73.5009995 -176.703003
v 1505.44702 73.6320038 -176.623001
v 1507.48206 74.7190018 -176.623001
v 1505.50195 73.5009995 -176.703003
v 1503.26794 72.822998 -176.703003
v 1503.23999 72.961998 -176.623001
v 1505.44702 73.6320038 -176.623001
v 1503.26794 72.822998 -176.703003
v 1500.94495 72.5940018 -176.703003
v 1500.94495 72.7360001 -176.623001
v 1503.23999 72.961998 -176.623001
v 1500.94495 72.5940018 -176.703003
v 1498.62097 72.822998 -176.703003
v 1498.64905 72.961998 -176.623001
v 1500.94495 72.7360001 -176.623001
v 1498.62097 72.822998 -176.703003
v 1496.38794 73.5009995 -176.703003
v 1496.44202 73.6320038 -176.623001
v 1498.64905 72.961998 -176.623001
v 1496.38794 73.5009995 -176.703003
v 1494.32898 74.6009979 -176.703003
v 1494.40796 74.7190018 -176.623001
v 1496.44202 73.6320038 -176.623001
v 1494.32898 74.6009979 -176.703003
v 1492.52405 76.0820007 -176.703003
v 1492.625 76.1819992 -176.623001
v 1494.40796 74.7190018 -176.623001
v 1492.52405 76.0820007 -176.703003
v 1491.04297 77.8860016 -176.703003
v 1491.16101 77.9649963 -176.623001
v 1492.625 76.1819992 -176.623001
v 1491.04297 77.8860016 -176.703003
v 1489.94299 79.9449997 -176.703003
v 1490.07397 80 -176.623001
v 1491.16101 77.9649963 -176.623001
v 1489.94299 79.9449997 -176.703003
v 1489.26501 82.1790009 -176.703003
v 1489.40405 82.2070007 -176.623001
v 1490.07397 80 -176.623001
v 1489.26501 82.1790009 -176.703003
v 1489.03601 84.5019989 -176.703003
v 1489.17798 84.5019989 -176.623001
v 1489.40405 82.2070007 -176.623001
v 1489.03601 84.5019989 -176.703003
v 1489.26501 86.8259964 -176.703003
v 1489.40405 86.7979965 -176.623001
v 1489.17798 84.5019989 -176.623001
v 1489.26501 86.8259964 -176.703003
v 1489.94299 89.0599976 -176.703003
v 1490.07397 89.0049973 -176.623001
v 1489.40405 86.7979965 -176.623001
v 1489.94299 89.0599976 -176.703003
v 1491.04297 91.1179962 -176.703003
v 1491.16101 91.0390015 -176.623001
v 1490.07397 89.0049973 -176.623001
v 1491.04297 91.1179962 -176.703003
v 1492.52405 92.9229965 -176.703003
v 1492.625 92.8219986 -176.623001
v 1491.16101 91.0390015 -176.623001
v 1492.52405 92.9229965 -176.703003
v 1494.32898 94.4039993 -176.703003
v 1494.40796 94.2860031 -176.623001
v 1492.625 92.8219986 -176.623001
v 1494.32898 94.4039993 -176.703003
v 1496.38794 95.5039978 -176.703003
v 1496.44202 95.3730011 -176.623001
v 1494.40796 94.2860031 -176.623001
v 1517.22095 76.6880035 -177.682999
v 1517.69495 76.7340012 -177.682999
v 1517.69495 76.5820007 -177.847
v 1517.25098 76.538002 -177.847
v 1516.76599 76.5500031 -177.682999
v 1517.22095 76.6880035 -177.682999
v 1517.25098 76.538002 -177.847
v 1516.82397 76.4089966 -177.847
v 1516.34595 76.3249969 -177.682999
v 1516.76599 76.5500031 -177.682999
v 1516.82397 76.4089966 -177.847
v 1516.43103 76.197998 -177.847
v 1515.97803 76.0230026 -177.682999
v 1516.34595 76.3249969 -177.682999
v 1516.43103 76.197998 -177.847
v 1516.08606 75.9150009 -177.847
v 1515.67603 75.6549988 -177.682999
v 1515.97803 76.0230026 -177.682999
v 1516.08606 75.9150009 -177.847
v 1515.80298 75.5709991 -177.847
v 1515.45203 75.2360001 -177.682999
v 1515.67603 75.6549988 -177.682999
v 1515.80298 75.5709991 -177.847
v 1515.59204 75.177002 -177.847
v 1515.31299 74.7799988 -177.682999
v 1515.45203 75.2360001 -177.682999
v 1515.59204 75.177002 -177.847
v 1515.46301 74.75 -177.847
v 1515.26697 74.3059998 -177.682999
v 1515.31299 74.7799988 -177.682999
v 1515.46301 74.75 -177.847
v 1515.41895 74.3059998 -177.847
v 1515.31299 73.8330002 -177.682999
v 1515.26697 74.3059998 -177.682999
v 1515.41895 74.3059998 -177.847
v 1515.46301 73.8619995 -177.847
v 1515.45203 73.3769989 -177.682999
v 1515.31299 73.8330002 -177.682999
v 1515.46301 73.8619995 -177.847
v 1515.59204 73.435997 -177.847
v 1515.67603 72.9570007 -177.682999
v 1515.45203 73.3769989 -177.682999
v 1515.59204 73.435997 -177.847
v 1515.80298 73.0419998 -177.847
v 1515.97803 72.5889969 -177.682999
v 1515.67603 72.9570007 -177.682999
v 1515.80298 73.0419998 -177.847
v 1516.08606 72.6969986 -177.847
v 1516.34595 72.2870026 -177.682999
v 1515.97803 72.5889969 -177.682999
v 1516.08606 72.6969986 -177.847
v 1516.43103 72.4140015 -177.847
v 1516.76599 72.0630035 -177.682999
v 1516.34595 72.2870026 -177.682999
v 1516.43103 72.4140015 -177.847
v 1516.82397 72.2040024 -177.847
v 1517.22095 71.9250031 -177.682999
v 1516.76599 72.0630035 -177.682999
v 1516.82397 72.2040024 -177.847
v 1517.25098 72.0739975 -177.847
v 1517.69495 71.8779984 -177.682999
v 1517.22095 71.9250031 -177.682999
v 1517.25098 72.0739975 -177.847
v 1517.69495 72.0309982 -177.847
v 1518.16895 71.9250031 -177.682999
v 1517.69495 71.8779984 -177.682999
v 1517.69495 72.0309982 -177.847
v 1518.13904 72.0739975 -177.847
v 1518.62402 72.0630035 -177.682999
v 1518.16895 71.9250031 -177.682999
v 1518.13904 72.0739975 -177.847
v 1518.56604 72.2040024 -177.847
v 1519.04395 72.2870026 -177.682999
v 1518.62402 72.0630035 -177.682999
v 1518.56604 72.2040024 -177.847
v 1518.95898 72.4140015 -177.847
v 1519.41199 72.5889969 -177.682999
v 1519.04395 72.2870026 -177.682999
v 1518.95898 72.4140015 -177.847
v 1519.30396 72.6969986 -177.847
v 1519.71399 72.9570007 -177.682999
v 1519.41199 72.5889969 -177.682999
v 1519.30396 72.6969986 -177.847
v 1519.58704 73.0419998 -177.847
v 1519.93799 73.3769989 -177.682999
v 1519.71399 72.9570007 -177.682999
v 1519.58704 73.0419998 -177.847
v 1519.797 73.435997 -177.847
v 1520.07605 73.8330002 -177.682999
v 1519.93799 73.3769989 -177.682999
v 1519.797 73.435997 -177.847
v 1519.927 73.8619995 -177.847
v 1520.12305 74.3059998 -177.682999
v 1520.07605 73.8330002 -177.682999
v 1519.927 73.8619995 -177.847
v 1519.96997 74.3059998 -177.847
v 1520.07605 74.7799988 -177.682999
v 1520.12305 74.3059998 -177.682999
v 1519.96997 74.3059998 -177.847
v 1519.927 74.75 -177.847
v 1519.93799 75.2360001 -177.682999
v 1520.07605 74.7799988 -177.682999
v 1519.927 74.75 -177.847
v 1519.797 75.177002 -177.847
v 1519.71399 75.6549988 -177.682999
v 1519.93799 75.2360001 -177.682999
v 1519.797 75.177002 -177.847
v 1519.58704 75.5709991 -177.847
v 1519.41199 76.0230026 -177.682999
v 1519.71399 75.6549988 -177.682999
v 1519.58704 75.5709991 -177.847
v 1519.30396 75.9150009 -177.847
v 1519.04395 76.3249969 -177.682999
v 1519.41199 76.0230026 -177.682999
v 1519.30396 75.9150009 -177.847
v 1518.95898 76.197998 -177.847
v 1518.62402 76.5500031 -177.682999
v 1519.04395 76.3249969 -177.682999
v 1518.95898 76.197998 -177.847
v 1518.56604 76.4089966 -177.847
v 1518.16895 76.6880035 -177.682999
v 1518.62402 76.5500031 -177.682999
v 1518.56604 76.4089966 -177.847
v 1518.13904 76.538002 -177.847
v 1517.69495 76.7340012 -177.682999
v 1518.16895 76.6880035 -177.682999
v 1518.13904 76.538002 -177.847
v 1517.69495 76.5820007 -177.847
v 1517.29004 76.3420029 -175.378998
v 1517.69495 76.3820038 -175.378998
v 1517.69495 76.560997 -175.542999
v 1517.255 76.5179977 -175.542999
v 1516.90002 76.223999 -175.378998
v 1517.29004 76.3420029 -175.378998
v 1517.255 76.5179977 -175.542999
v 1516.83203 76.3899994 -175.542999
v 1516.54199 76.0319977 -175.378998
v 1516.90002 76.223999 -175.378998
v 1516.83203 76.3899994 -175.542999
v 1516.44202 76.1809998 -175.542999
v 1516.22705 75.7740021 -175.378998
v 1516.54199 76.0319977 -175.378998
v 1516.44202 76.1809998 -175.542999
v 1516.09998 75.901001 -175.542999
v 1515.96899 75.4599991 -175.378998
v 1516.22705 75.7740021 -175.378998
v 1516.09998 75.901001 -175.542999
v 1515.81995 75.5589981 -175.542999
v 1515.77698 75.1009979 -175.378998
v 1515.96899 75.4599991 -175.378998
v 1515.81995 75.5589981 -175.542999
v 1515.61096 75.1689987 -175.542999
v 1515.65906 74.7109985 -175.378998
v 1515.77698 75.1009979 -175.378998
v 1515.61096 75.1689987 -175.542999
v 1515.48303 74.7460022 -175.542999
v 1515.61902 74.3059998 -175.378998
v 1515.65906 74.7109985 -175.378998
v 1515.48303 74.7460022 -175.542999
v 1515.43994 74.3059998 -175.542999
v 1515.65906 73.901001 -175.378998
v 1515.61902 74.3059998 -175.378998
v 1515.43994 74.3059998 -175.542999
v 1515.48303 73.8659973 -175.542999
v 1515.77698 73.512001 -175.378998
v 1515.65906 73.901001 -175.378998
v 1515.48303 73.8659973 -175.542999
v 1515.61096 73.4430008 -175.542999
v 1515.96899 73.1529999 -175.378998
v 1515.77698 73.512001 -175.378998
v 1515.61096 73.4430008 -175.542999
v 1515.81995 73.0530014 -175.542999
v 1516.22705 72.8379974 -175.378998
v 1515.96899 73.1529999 -175.378998
v 1515.81995 73.0530014 -175.542999
v 1516.09998 72.711998 -175.542999
v 1516.54199 72.5800018 -175.378998
v 1516.22705 72.8379974 -175.378998
v 1516.09998 72.711998 -175.542999
v 1516.44202 72.4309998 -175.542999
v 1516.90002 72.3880005 -175.378998
v 1516.54199 72.5800018 -175.378998
v 1516.44202 72.4309998 -175.542999
v 1516.83203 72.2229996 -175.542999
v 1517.29004 72.2699966 -175.378998
v 1516.90002 72.3880005 -175.378998
v 1516.83203 72.2229996 -175.542999
v 1517.255 72.0950012 -175.542999
v 1517.69495 72.2300034 -175.378998
v 1517.29004 72.2699966 -175.378998
v 1517.255 72.0950012 -175.542999
v 1517.69495 72.0510025 -175.542999
v 1518.09998 72.2699966 -175.378998
v 1517.69495 72.2300034 -175.378998
v 1517.69495 72.0510025 -175.542999
v 1518.13501 72.0950012 -175.542999
v 1518.48901 72.3880005 -175.378998
v 1518.09998 72.2699966 -175.378998
v 1518.13501 72.0950012 -175.542999
v 1518.55798 72.2229996 -175.542999
v 1518.84802 72.5800018 -175.378998
v 1518.48901 72.3880005 -175.378998
v 1518.55798 72.2229996 -175.542999
v 1518.948 72.4309998 -175.542999
v 1519.16296 72.8379974 -175.378998
v 1518.84802 72.5800018 -175.378998
v 1518.948 72.4309998 -175.542999
v 1519.28894 72.711998 -175.542999
v 1519.42102 73.1529999 -175.378998
v 1519.16296 72.8379974 -175.378998
v 1519.28894 72.711998 -175.542999
v 1519.56995 73.0530014 -175.542999
v 1519.61304 73.512001 -175.378998
v 1519.42102 73.1529999 -175.378998
v 1519.56995 73.0530014 -175.542999
v 1519.77795 73.4430008 -175.542999
v 1519.73096 73.901001 -175.378998
v 1519.61304 73.512001 -175.378998
v 1519.77795 73.4430008 -175.542999
v 1519.90698 73.8659973 -175.542999
v 1519.771 74.3059998 -175.378998
v 1519.73096 73.901001 -175.378998
v 1519.90698 73.8659973 -175.542999
v 1519.94995 74.3059998 -175.542999
v 1519.73096 74.7109985 -175.378998
v 1519.771 74.3059998 -175.378998
v 1519.94995 74.3059998 -175.542999
v 1519.90698 74.7460022 -175.542999
v 1519.61304 75.1009979 -175.378998
v 1519.73096 74.7109985 -175.378998
v 1519.90698 74.7460022 -175.542999
v 1519.77795 75.1689987 -175.542999
v 1519.42102 75.4599991 -175.378998
v 1519.61304 75.1009979 -175.378998
v 1519.77795 75.1689987 -175.542999
v 1519.56995 75.5589981 -175.542999
v 1519.16296 75.7740021 -175.378998
v 1519.42102 75.4599991 -175.378998
v 1519.56995 75.5589981 -175.542999
v 1519.28894 75.901001 -175.542999
v 1518.84802 76.0319977 -175.378998
v 1519.16296 75.7740021 -175.378998
v 1519.28894 75.901001 -175.542999
v 1518.948 76.1809998 -175.542999
v 1518.48901 76.223999 -175.378998
v 1518.84802 76.0319977 -175.378998
v 1518.948 76.1809998 -175.542999
v 1518.55798 76.3899994 -175.542999
v 1518.09998 76.3420029 -175.378998
v 1518.48901 76.223999 -175.378998
v 1518.55798 76.3899994 -175.542999
v 1518.13501 76.5179977 -175.542999
v 1517.69495 76.3820038 -175.378998
v 1518.09998 76.3420029 -175.378998
v 1518.13501 76.5179977 -175.542999
v 1517.69495 76.560997 -175.542999
v 1517.25098 76.538002 -177.847
v 1517.69495 76.5820007 -177.847
v 1517.69495 76.4160004 -177.682007
v 1517.28296 76.3759995 -177.682007
v 1516.82397 76.4089966 -177.847
v 1517.25098 76.538002 -177.847
v 1517.28296 76.3759995 -177.682007
v 1516.88696 76.2559967 -177.682007
v 1517.69495 76.5820007 -177.847
v 1518.13904 76.538002 -177.847
v 1518.10596 76.3759995 -177.682007
v 1517.69495 76.4160004 -177.682007
v 1518.13904 76.538002 -177.847
v 1518.56604 76.4089966 -177.847
v 1518.50195 76.2559967 -177.682007
v 1518.10596 76.3759995 -177.682007
v 1518.56604 76.4089966 -177.847
v 1518.95898 76.197998 -177.847
v 1518.86694 76.060997 -177.682007
v 1518.50195 76.2559967 -177.682007
v 1518.95898 76.197998 -177.847
v 1519.30396 75.9150009 -177.847
v 1519.18701 75.7979965 -177.682007
v 1518.86694 76.060997 -177.682007
v 1519.30396 75.9150009 -177.847
v 1519.58704 75.5709991 -177.847
v 1519.44897 75.4779968 -177.682007
v 1519.18701 75.7979965 -177.682007
v 1519.58704 75.5709991 -177.847
v 1519.797 75.177002 -177.847
v 1519.64404 75.1139984 -177.682007
v 1519.44897 75.4779968 -177.682007
v 1519.797 75.177002 -177.847
v 1519.927 74.75 -177.847
v 1519.76404 74.7180023 -177.682007
v 1519.64404 75.1139984 -177.682007
v 1519.927 74.75 -177.847
v 1519.96997 74.3059998 -177.847
v 1519.80505 74.3059998 -177.682007
v 1519.76404 74.7180023 -177.682007
v 1519.96997 74.3059998 -177.847
v 1519.927 73.8619995 -177.847
v 1519.76404 73.8949966 -177.682007
v 1519.80505 74.3059998 -177.682007
v 1519.927 73.8619995 -177.847
v 1519.797 73.435997 -177.847
v 1519.64404 73.4990005 -177.682007
v 1519.76404 73.8949966 -177.682007
v 1519.797 73.435997 -177.847
v 1519.58704 73.0419998 -177.847
v 1519.44897 73.1340027 -177.682007
v 1519.64404 73.4990005 -177.682007
v 1519.58704 73.0419998 -177.847
v 1519.30396 72.6969986 -177.847
v 1519.18701 72.814003 -177.682007
v 1519.44897 73.1340027 -177.682007
v 1519.30396 72.6969986 -177.847
v 1518.95898 72.4140015 -177.847
v 1518.86694 72.552002 -177.682007
v 1519.18701 72.814003 -177.682007
v 1518.95898 72.4140015 -177.847
v 1518.56604 72.2040024 -177.847
v 1518.50195 72.3570023 -177.682007
v 1518.86694 72.552002 -177.682007
v 1518.56604 72.2040024 -177.847
v 1518.13904 72.0739975 -177.847
v 1518.10596 72.2369995 -177.682007
v 1518.50195 72.3570023 -177.682007
v 1518.13904 72.0739975 -177.847
v 1517.69495 72.0309982 -177.847
v 1517.69495 72.1969986 -177.682007
v 1518.10596 72.2369995 -177.682007
v 1517.69495 72.0309982 -177.847
v 1517.25098 72.0739975 -177.847
v 1517.28296 72.2369995 -177.682007
v 1517.69495 72.1969986 -177.682007
v 1517.25098 72.0739975 -177.847
v 1516.82397 72.2040024 -177.847
v 1516.88696 72.3570023 -177.682007
v 1517.28296 72.2369995 -177.682007
v 1516.82397 72.2040024 -177.847
v 1516.43103 72.4140015 -177.847
v 1516.52295 72.552002 -177.682007
v 1516.88696 72.3570023 -177.682007
v 1516.43103 72.4140015 -177.847
v 1516.08606 72.6969986 -177.847
v 1516.203 72.814003 -177.682007
v 1516.52295 72.552002 -177.682007
v 1516.08606 72.6969986 -177.847
v 1515.80298 73.0419998 -177.847
v 1515.94104 73.1340027 -177.682007
v 1516.203 72.814003 -177.682007
v 1515.80298 73.0419998 -177.847
v 1515.59302 73.435997 -177.847
v 1515.74597 73.4990005 -177.682007
v 1515.94104 73.1340027 -177.682007
v 1515.59302 73.435997 -177.847
v 1515.46301 73.8619995 -177.847
v 1515.62598 73.8949966 -177.682007
v 1515.74597 73.4990005 -177.682007
v 1515.46301 73.8619995 -177.847
v 1515.41895 74.3059998 -177.847
v 1515.58496 74.3059998 -177.682007
v 1515.62598 73.8949966 -177.682007
v 1515.41895 74.3059998 -177.847
v 1515.46301 74.75 -177.847
v 1515.62598 74.7180023 -177.682007
v 1515.58496 74.3059998 -177.682007
v 1515.46301 74.75 -177.847
v 1515.59302 75.177002 -177.847
v 1515.74597 75.1139984 -177.682007
v 1515.62598 74.7180023 -177.682007
v 1515.59302 75.177002 -177.847
v 1515.80298 75.5709991 -177.847
v 1515.94104 75.4779968 -177.682007
v 1515.74597 75.1139984 -177.682007
v 1515.80298 75.5709991 -177.847
v 1516.08606 75.9150009 -177.847
v 1516.203 75.7979965 -177.682007
v 1515.94104 75.4779968 -177.682007
v 1516.08606 75.9150009 -177.847
v 1516.43103 76.197998 -177.847
v 1516.52295 76.060997 -177.682007
v 1516.203 75.7979965 -177.682007
v 1516.43103 76.197998 -177.847
v 1516.82397 76.4089966 -177.847
v 1516.88696 76.2559967 -177.682007
v 1516.52295 76.060997 -177.682007
v 1517.28296 76.3759995 -177.410004
v 1517.69495 76.4160004 -177.410004
v 1517.69495 76.2740021 -177.330002
v 1517.31104 76.2360001 -177.330002
v 1516.88696 76.2559967 -177.410004
v 1517.28296 76.3759995 -177.410004
v 1517.31104 76.2360001 -177.330002
v 1516.94202 76.1240005 -177.330002
v 1517.69495 76.4160004 -177.410004
v 1518.10596 76.3759995 -177.410004
v 1518.07898 76.2360001 -177.330002
v 1517.69495 76.2740021 -177.330002
v 1518.10596 76.3759995 -177.410004
v 1518.50195 76.2559967 -177.410004
v 1518.448 76.1240005 -177.330002
v 1518.07898 76.2360001 -177.330002
v 1518.50195 76.2559967 -177.410004
v 1518.86694 76.060997 -177.410004
v 1518.78796 75.9420013 -177.330002
v 1518.448 76.1240005 -177.330002
v 1518.86694 76.060997 -177.410004
v 1519.18701 75.7979965 -177.410004
v 1519.08606 75.697998 -177.330002
v 1518.78796 75.9420013 -177.330002
v 1519.18701 75.7979965 -177.410004
v 1519.44897 75.4779968 -177.410004
v 1519.33105 75.4000015 -177.330002
v 1519.08606 75.697998 -177.330002
v 1519.44897 75.4779968 -177.410004
v 1519.64404 75.1139984 -177.410004
v 1519.51294 75.0589981 -177.330002
v 1519.33105 75.4000015 -177.330002
v 1519.64404 75.1139984 -177.410004
v 1519.76404 74.7180023 -177.410004
v 1519.625 74.6900024 -177.330002
v 1519.51294 75.0589981 -177.330002
v 1519.76404 74.7180023 -177.410004
v 1519.80505 74.3059998 -177.410004
v 1519.66296 74.3059998 -177.330002
v 1519.625 74.6900024 -177.330002
v 1519.80505 74.3059998 -177.410004
v 1519.76404 73.8949966 -177.410004
v 1519.625 73.9219971 -177.330002
v 1519.66296 74.3059998 -177.330002
v 1519.76404 73.8949966 -177.410004
v 1519.64404 73.4990005 -177.410004
v 1519.51294 73.5530014 -177.330002
v 1519.625 73.9219971 -177.330002
v 1519.64404 73.4990005 -177.410004
v 1519.44897 73.1340027 -177.410004
v 1519.33105 73.2129974 -177.330002
v 1519.51294 73.5530014 -177.330002
v 1519.44897 73.1340027 -177.410004
v 1519.18701 72.814003 -177.410004
v 1519.08606 72.9150009 -177.330002
v 1519.33105 73.2129974 -177.330002
v 1519.18701 72.814003 -177.410004
v 1518.86694 72.552002 -177.410004
v 1518.78796 72.6699982 -177.330002
v 1519.08606 72.9150009 -177.330002
v 1518.86694 72.552002 -177.410004
v 1518.50195 72.3570023 -177.410004
v 1518.448 72.487999 -177.330002
v 1518.78796 72.6699982 -177.330002
v 1518.50195 72.3570023 -177.410004
v 1518.10596 72.2369995 -177.410004
v 1518.07898 72.3759995 -177.330002
v 1518.448 72.487999 -177.330002
v 1518.10596 72.2369995 -177.410004
v 1517.69495 72.1969986 -177.410004
v 1517.69495 72.3389969 -177.330002
v 1518.07898 72.3759995 -177.330002
v 1517.69495 72.1969986 -177.410004
v 1517.28296 72.2369995 -177.410004
v 1517.31104 72.3759995 -177.330002
v 1517.69495 72.3389969 -177.330002
v 1517.28296 72.2369995 -177.410004
v 1516.88696 72.3570023 -177.410004
v 1516.94202 72.487999 -177.330002
v 1517.31104 72.3759995 -177.330002
v 1516.88696 72.3570023 -177.410004
v 1516.52295 72.552002 -177.410004
v 1516.60205 72.6699982 -177.330002
v 1516.94202 72.487999 -177.330002
v 1516.52295 72.552002 -177.410004
v 1516.203 72.814003 -177.410004
v 1516.30298 72.9150009 -177.330002
v 1516.60205 72.6699982 -177.330002
v 1516.203 72.814003 -177.410004
v 1515.94104 73.1340027 -177.410004
v 1516.05896 73.2129974 -177.330002
v 1516.30298 72.9150009 -177.330002
v 1515.94104 73.1340027 -177.410004
v 1515.74597 73.4990005 -177.410004
v 1515.87695 73.5530014 -177.330002
v 1516.05896 73.2129974 -177.330002
v 1515.74597 73.4990005 -177.410004
v 1515.62598 73.8949966 -177.410004
v 1515.76501 73.9219971 -177.330002
v 1515.87695 73.5530014 -177.330002
v 1515.62598 73.8949966 -177.410004
v 1515.58496 74.3059998 -177.410004
v 1515.72705 74.3059998 -177.330002
v 1515.76501 73.9219971 -177.330002
v 1515.58496 74.3059998 -177.410004
v 1515.62598 74.7180023 -177.410004
v 1515.76501 74.6900024 -177.330002
v 1515.72705 74.3059998 -177.330002
v 1515.62598 74.7180023 -177.410004
v 1515.74597 75.1139984 -177.410004
v 1515.87695 75.0589981 -177.330002
v 1515.76501 74.6900024 -177.330002
v 1515.74597 75.1139984 -177.410004
v 1515.94104 75.4779968 -177.410004
v 1516.05896 75.4000015 -177.330002
v 1515.87695 75.0589981 -177.330002
v 1515.94104 75.4779968 -177.410004
v 1516.203 75.7979965 -177.410004
v 1516.30298 75.697998 -177.330002
v 1516.05896 75.4000015 -177.330002
v 1516.203 75.7979965 -177.410004
v 1516.52295 76.060997 -177.410004
v 1516.60205 75.9420013 -177.330002
v 1516.30298 75.697998 -177.330002
v 1516.52295 76.060997 -177.410004
v 1516.88696 76.2559967 -177.410004
v 1516.94202 76.1240005 -177.330002
v 1516.60205 75.9420013 -177.330002
v 1594.79102 76.6880035 -177.682999
v 1595.26501 76.7340012 -177.682999
v 1595.26501 76.5820007 -177.847
v 1594.82104 76.538002 -177.847
v 1594.33606 76.5500031 -177.682999
v 1594.79102 76.6880035 -177.682999
v 1594.82104 76.538002 -177.847
v 1594.39404 76.4089966 -177.847
v 1593.91602 76.3249969 -177.682999
v 1594.33606 76.5500031 -177.682999
v 1594.39404 76.4089966 -177.847
v 1594.00098 76.197998 -177.847
v 1593.54797 76.0230026 -177.682999
v 1593.91602 76.3249969 -177.682999
v 1594.00098 76.197998 -177.847
v 1593.65601 75.9150009 -177.847
v 1593.24597 75.6549988 -177.682999
v 1593.54797 76.0230026 -177.682999
v 1593.65601 75.9150009 -177.847
v 1593.37305 75.5709991 -177.847
v 1593.02197 75.2360001 -177.682999
v 1593.24597 75.6549988 -177.682999
v 1593.37305 75.5709991 -177.847
v 1593.16296 75.177002 -177.847
v 1592.88403 74.7799988 -177.682999
v 1593.02197 75.2360001 -177.682999
v 1593.16296 75.177002 -177.847
v 1593.03296 74.75 -177.847
v 1592.83704 74.3059998 -177.682999
v 1592.88403 74.7799988 -177.682999
v 1593.03296 74.75 -177.847
v 1592.98901 74.3059998 -177.847
v 1592.88403 73.8330002 -177.682999
v 1592.83704 74.3059998 -177.682999
v 1592.98901 74.3059998 -177.847
v 1593.03296 73.8619995 -177.847
v 1593.02197 73.3769989 -177.682999
v 1592.88403 73.8330002 -177.682999
v 1593.03296 73.8619995 -177.847
v 1593.16296 73.435997 -177.847
v 1593.24597 72.9570007 -177.682999
v 1593.02197 73.3769989 -177.682999
v 1593.16296 73.435997 -177.847
v 1593.37305 73.0419998 -177.847
v 1593.54797 72.5889969 -177.682999
v 1593.24597 72.9570007 -177.682999
v 1593.37305 73.0419998 -177.847
v 1593.65601 72.6969986 -177.847
v 1593.91602 72.2870026 -177.682999
v 1593.54797 72.5889969 -177.682999
v 1593.65601 72.6969986 -177.847
v 1594.00098 72.4140015 -177.847
v 1594.33606 72.0630035 -177.682999
v 1593.91602 72.2870026 -177.682999
v 1594.00098 72.4140015 -177.847
v 1594.39404 72.2040024 -177.847
v 1594.79102 71.9250031 -177.682999
v 1594.33606 72.0630035 -177.682999
v 1594.39404 72.2040024 -177.847
v 1594.82104 72.0739975 -177.847
v 1595.26501 71.8779984 -177.682999
v 1594.79102 71.9250031 -177.682999
v 1594.82104 72.0739975 -177.847
v 1595.26501 72.0309982 -177.847
v 1595.73901 71.9250031 -177.682999
v 1595.26501 71.8779984 -177.682999
v 1595.26501 72.0309982 -177.847
v 1595.70898 72.0739975 -177.847
v 1596.19397 72.0630035 -177.682999
v 1595.73901 71.9250031 -177.682999
v 1595.70898 72.0739975 -177.847
v 1596.13599 72.2040024 -177.847
v 1596.61401 72.2870026 -177.682999
v 1596.19397 72.0630035 -177.682999
v 1596.13599 72.2040024 -177.847
v 1596.52905 72.4140015 -177.847
v 1596.98206 72.5889969 -177.682999
v 1596.61401 72.2870026 -177.682999
v 1596.52905 72.4140015 -177.847
v 1596.87402 72.6969986 -177.847
v 1597.28406 72.9570007 -177.682999
v 1596.98206 72.5889969 -177.682999
v 1596.87402 72.6969986 -177.847
v 1597.15698 73.0419998 -177.847
v 1597.50806 73.3769989 -177.682999
v 1597.28406 72.9570007 -177.682999
v 1597.15698 73.0419998 -177.847
v 1597.36694 73.435997 -177.847
v 1597.646 73.8330002 -177.682999
v 1597.50806 73.3769989 -177.682999
v 1597.36694 73.435997 -177.847
v 1597.49695 73.8619995 -177.847
v 1597.69299 74.3059998 -177.682999
v 1597.646 73.8330002 -177.682999
v 1597.49695 73.8619995 -177.847
v 1597.54102 74.3059998 -177.847
v 1597.646 74.7799988 -177.682999
v 1597.69299 74.3059998 -177.682999
v 1597.54102 74.3059998 -177.847
v 1597.49695 74.75 -177.847
v 1597.50806 75.2360001 -177.682999
v 1597.646 74.7799988 -177.682999
v 1597.49695 74.75 -177.847
v 1597.36694 75.177002 -177.847
v 1597.28406 75.6549988 -177.682999
v 1597.50806 75.2360001 -177.682999
v 1597.36694 75.177002 -177.847
v 1597.15698 75.5709991 -177.847
v 1596.98206 76.0230026 -177.682999
v 1597.28406 75.6549988 -177.682999
v 1597.15698 75.5709991 -177.847
v 1596.87402 75.9150009 -177.847
v 1596.61401 76.3249969 -177.682999
v 1596.98206 76.0230026 -177.682999
v 1596.87402 75.9150009 -177.847
v 1596.52905 76.197998 -177.847
v 1596.19397 76.5500031 -177.682999
v 1596.61401 76.3249969 -177.682999
v 1596.52905 76.197998 -177.847
v 1596.13599 76.4089966 -177.847
v 1595.73901 76.6880035 -177.682999
v 1596.19397 76.5500031 -177.682999
v 1596.13599 76.4089966 -177.847
v 1595.70898 76.538002 -177.847
v 1595.26501 76.7340012 -177.682999
v 1595.73901 76.6880035 -177.682999
v 1595.70898 76.538002 -177.847
v 1595.26501 76.5820007 -177.847
v 1594.85999 76.3420029 -175.378998
v 1595.26501 76.3820038 -175.378998
v 1595.26501 76.560997 -175.542999
v 1594.82495 76.5179977 -175.542999
v 1594.47095 76.223999 -175.378998
v 1594.85999 76.3420029 -175.378998
v 1594.82495 76.5179977 -175.542999
v 1594.40198 76.3899994 -175.542999
v 1594.11206 76.0319977 -175.378998
v 1594.47095 76.223999 -175.378998
v 1594.40198 76.3899994 -175.542999
v 1594.01196 76.1809998 -175.542999
v 1593.797 75.7740021 -175.378998
v 1594.11206 76.0319977 -175.378998
v 1594.01196 76.1809998 -175.542999
v 1593.67004 75.901001 -175.542999
v 1593.53894 75.4599991 -175.378998
v 1593.797 75.7740021 -175.378998
v 1593.67004 75.901001 -175.542999
v 1593.39001 75.5589981 -175.542999
v 1593.34705 75.1009979 -175.378998
v 1593.53894 75.4599991 -175.378998
v 1593.39001 75.5589981 -175.542999
v 1593.18201 75.1689987 -175.542999
v 1593.229 74.7109985 -175.378998
v 1593.34705 75.1009979 -175.378998
v 1593.18201 75.1689987 -175.542999
v 1593.05298 74.7460022 -175.542999
v 1593.18896 74.3059998 -175.378998
v 1593.229 74.7109985 -175.378998
v 1593.05298 74.7460022 -175.542999
v 1593.01001 74.3059998 -175.542999
v 1593.229 73.901001 -175.378998
v 1593.18896 74.3059998 -175.378998
v 1593.01001 74.3059998 -175.542999
v 1593.05298 73.8659973 -175.542999
v 1593.34705 73.512001 -175.378998
v 1593.229 73.901001 -175.378998
v 1593.05298 73.8659973 -175.542999
v 1593.18201 73.4430008 -175.542999
v 1593.53894 73.1529999 -175.378998
v 1593.34705 73.512001 -175.378998
v 1593.18201 73.4430008 -175.542999
v 1593.39001 73.0530014 -175.542999
v 1593.797 72.8379974 -175.378998
v 1593.53894 73.1529999 -175.378998
v 1593.39001 73.0530014 -175.542999
v 1593.67004 72.711998 -175.542999
v 1594.11206 72.5800018 -175.378998
v 1593.797 72.8379974 -175.378998
v 1593.67004 72.711998 -175.542999
v 1594.01196 72.4309998 -175.542999
v 1594.47095 72.3880005 -175.378998
v 1594.11206 72.5800018 -175.378998
v 1594.01196 72.4309998 -175.542999
v 1594.40198 72.2229996 -175.542999
v 1594.85999 72.2699966 -175.378998
v 1594.47095 72.3880005 -175.378998
v 1594.40198 72.2229996 -175.542999
v 1594.82495 72.0950012 -175.542999
v 1595.26501 72.2300034 -175.378998
v 1594.85999 72.2699966 -175.378998
v 1594.82495 72.0950012 -175.542999
v 1595.26501 72.0510025 -175.542999
v 1595.67004 72.2699966 -175.378998
v 1595.26501 72.2300034 -175.378998
v 1595.26501 72.0510025 -175.542999
v 1595.70496 72.0950012 -175.542999
v 1596.05896 72.3880005 -175.378998
v 1595.67004 72.2699966 -175.378998
v 1595.70496 72.0950012 -175.542999
v 1596.12805 72.2229996 -175.542999
v 1596.41797 72.5800018 -175.378998
v 1596.05896 72.3880005 -175.378998
v 1596.12805 72.2229996 -175.542999
v 1596.51794 72.4309998 -175.542999
v 1596.73303 72.8379974 -175.378998
v 1596.41797 72.5800018 -175.378998
v 1596.51794 72.4309998 -175.542999
v 1596.85999 72.711998 -175.542999
v 1596.99097 73.1529999 -175.378998
v 1596.73303 72.8379974 -175.378998
v 1596.85999 72.711998 -175.542999
v 1597.14001 73.0530014 -175.542999
v 1597.18298 73.512001 -175.378998
v 1596.99097 73.1529999 -175.378998
v 1597.14001 73.0530014 -175.542999
v 1597.34802 73.4430008 -175.542999
v 1597.30103 73.901001 -175.378998
v 1597.18298 73.512001 -175.378998
v 1597.34802 73.4430008 -175.542999
v 1597.47705 73.8659973 -175.542999
v 1597.34094 74.3059998 -175.378998
v 1597.30103 73.901001 -175.378998
v 1597.47705 73.8659973 -175.542999
v 1597.52002 74.3059998 -175.542999
v 1597.30103 74.7109985 -175.378998
v 1597.34094 74.3059998 -175.378998
v 1597.52002 74.3059998 -175.542999
v 1597.47705 74.7460022 -175.542999
v 1597.18298 75.1009979 -175.378998
v 1597.30103 74.7109985 -175.378998
v 1597.47705 74.7460022 -175.542999
v 1597.34802 75.1689987 -175.542999
v 1596.99097 75.4599991 -175.378998
v 1597.18298 75.1009979 -175.378998
v 1597.34802 75.1689987 -175.542999
v 1597.14001 75.5589981 -175.542999
v 1596.73303 75.7740021 -175.378998
v 1596.99097 75.4599991 -175.378998
v 1597.14001 75.5589981 -175.542999
v 1596.85999 75.901001 -175.542999
v 1596.41797 76.0319977 -175.378998
v 1596.73303 75.7740021 -175.378998
v 1596.85999 75.901001 -175.542999
v 1596.51794 76.1809998 -175.542999
v 1596.05896 76.223999 -175.378998
v 1596.41797 76.0319977 -175.378998
v 1596.51794 76.1809998 -175.542999
v 1596.12805 76.3899994 -175.542999
v 1595.67004 76.3420029 -175.378998
v 1596.05896 76.223999 -175.378998
v 1596.12805 76.3899994 -175.542999
v 1595.70496 76.5179977 -175.542999
v 1595.26501 76.3820038 -175.378998
v 1595.67004 76.3420029 -175.378998
v 1595.70496 76.5179977 -175.542999
v 1595.26501 76.560997 -175.542999
v 1594.82104 76.538002 -177.847
v 1595.26501 76.5820007 -177.847
v 1595.26501 76.4160004 -177.682007
v 1594.85303 76.3759995 -177.682007
v 1594.39404 76.4089966 -177.847
v 1594.82104 76.538002 -177.847
v 1594.85303 76.3759995 -177.682007
v 1594.45801 76.2559967 -177.682007
v 1595.26501 76.5820007 -177.847
v 1595.70898 76.538002 -177.847
v 1595.677 76.3759995 -177.682007
v 1595.26501 76.4160004 -177.682007
v 1595.70898 76.538002 -177.847
v 1596.13599 76.4089966 -177.847
v 1596.07202 76.2559967 -177.682007
v 1595.677 76.3759995 -177.682007
v 1596.13599 76.4089966 -177.847
v 1596.52905 76.197998 -177.847
v 1596.43701 76.060997 -177.682007
v 1596.07202 76.2559967 -177.682007
v 1596.52905 76.197998 -177.847
v 1596.87402 75.9150009 -177.847
v 1596.75696 75.7979965 -177.682007
v 1596.43701 76.060997 -177.682007
v 1596.87402 75.9150009 -177.847
v 1597.15698 75.5709991 -177.847
v 1597.01904 75.4779968 -177.682007
v 1596.75696 75.7979965 -177.682007
v 1597.15698 75.5709991 -177.847
v 1597.36694 75.177002 -177.847
v 1597.21399 75.1139984 -177.682007
v 1597.01904 75.4779968 -177.682007
v 1597.36694 75.177002 -177.847
v 1597.49695 74.75 -177.847
v 1597.33398 74.7180023 -177.682007
v 1597.21399 75.1139984 -177.682007
v 1597.49695 74.75 -177.847
v 1597.54102 74.3059998 -177.847
v 1597.375 74.3059998 -177.682007
v 1597.33398 74.7180023 -177.682007
v 1597.54102 74.3059998 -177.847
v 1597.49695 73.8619995 -177.847
v 1597.33398 73.8949966 -177.682007
v 1597.375 74.3059998 -177.682007
v 1597.49695 73.8619995 -177.847
v 1597.36694 73.435997 -177.847
v 1597.21399 73.4990005 -177.682007
v 1597.33398 73.8949966 -177.682007
v 1597.36694 73.435997 -177.847
v 1597.15698 73.0419998 -177.847
v 1597.01904 73.1340027 -177.682007
v 1597.21399 73.4990005 -177.682007
v 1597.15698 73.0419998 -177.847
v 1596.87402 72.6969986 -177.847
v 1596.75696 72.814003 -177.682007
v 1597.01904 73.1340027 -177.682007
v 1596.87402 72.6969986 -177.847
v 1596.52905 72.4140015 -177.847
v 1596.43701 72.552002 -177.682007
v 1596.75696 72.814003 -177.682007
v 1596.52905 72.4140015 -177.847
v 1596.13599 72.2040024 -177.847
v 1596.07202 72.3570023 -177.682007
v 1596.43701 72.552002 -177.682007
v 1596.13599 72.2040024 -177.847
v 1595.70898 72.0739975 -177.847
v 1595.677 72.2369995 -177.682007
v 1596.07202 72.3570023 -177.682007
v 1595.70898 72.0739975 -177.847
v 1595.26501 72.0309982 -177.847
v 1595.26501 72.1969986 -177.682007
v 1595.677 72.2369995 -177.682007
v 1595.26501 72.0309982 -177.847
v 1594.82104 72.0739975 -177.847
v 1594.85303 72.2369995 -177.682007
v 1595.26501 72.1969986 -177.682007
v 1594.82104 72.0739975 -177.847
v 1594.39404 72.2040024 -177.847
v 1594.45801 72.3570023 -177.682007
v 1594.85303 72.2369995 -177.682007
v 1594.39404 72.2040024 -177.847
v 1594.00098 72.4140015 -177.847
v 1594.09302 72.552002 -177.682007
v 1594.45801 72.3570023 -177.682007
v 1594.00098 72.4140015 -177.847
v 1593.65601 72.6969986 -177.847
v 1593.77295 72.814003 -177.682007
v 1594.09302 72.552002 -177.682007
v 1593.65601 72.6969986 -177.847
v 1593.37305 73.0419998 -177.847
v 1593.51099 73.1340027 -177.682007
v 1593.77295 72.814003 -177.682007
v 1593.37305 73.0419998 -177.847
v 1593.16296 73.435997 -177.847
v 1593.31604 73.4990005 -177.682007
v 1593.51099 73.1340027 -177.682007
v 1593.16296 73.435997 -177.847
v 1593.03296 73.8619995 -177.847
v 1593.19604 73.8949966 -177.682007
v 1593.31604 73.4990005 -177.682007
v 1593.03296 73.8619995 -177.847
v 1592.98901 74.3059998 -177.847
v 1593.15503 74.3059998 -177.682007
v 1593.19604 73.8949966 -177.682007
v 1592.98901 74.3059998 -177.847
v 1593.03296 74.75 -177.847
v 1593.19604 74.7180023 -177.682007
v 1593.15503 74.3059998 -177.682007
v 1593.03296 74.75 -177.847
v 1593.16296 75.177002 -177.847
v 1593.31604 75.1139984 -177.682007
v 1593.19604 74.7180023 -177.682007
v 1593.16296 75.177002 -177.847
v 1593.37305 75.5709991 -177.847
v 1593.51099 75.4779968 -177.682007
v 1593.31604 75.1139984 -177.682007
v 1593.37305 75.5709991 -177.847
v 1593.65601 75.9150009 -177.847
v 1593.77295 75.7979965 -177.682007
v 1593.51099 75.4779968 -177.682007
v 1593.65601 75.9150009 -177.847
v 1594.00098 76.197998 -177.847
v 1594.09302 76.060997 -177.682007
v 1593.77295 75.7979965 -177.682007
v 1594.00098 76.197998 -177.847
v 1594.39404 76.4089966 -177.847
v 1594.45801 76.2559967 -177.682007
v 1594.09302 76.060997 -177.682007
v 1594.85303 76.3759995 -177.410004
v 1595.26501 76.4160004 -177.410004
v 1595.26501 76.2740021 -177.330002
v 1594.88098 76.2360001 -177.330002
v 1594.45801 76.2559967 -177.410004
v 1594.85303 76.3759995 -177.410004
v 1594.88098 76.2360001 -177.330002
v 1594.51196 76.1240005 -177.330002
v 1595.26501 76.4160004 -177.410004
v 1595.677 76.3759995 -177.410004
v 1595.64905 76.2360001 -177.330002
v 1595.26501 76.2740021 -177.330002
v 1595.677 76.3759995 -177.410004
v 1596.07202 76.2559967 -177.410004
v 1596.01794 76.1240005 -177.330002
v 1595.64905 76.2360001 -177.330002
v 1596.07202 76.2559967 -177.410004
v 1596.43701 76.060997 -177.410004
v 1596.35803 75.9420013 -177.330002
v 1596.01794 76.1240005 -177.330002
v 1596.43701 76.060997 -177.410004
v 1596.75696 75.7979965 -177.410004
v 1596.65601 75.697998 -177.330002
v 1596.35803 75.9420013 -177.330002
v 1596.75696 75.7979965 -177.410004
v 1597.01904 75.4779968 -177.410004
v 1596.901 75.4000015 -177.330002
v 1596.65601 75.697998 -177.330002
v 1597.01904 75.4779968 -177.410004
v 1597.21399 75.1139984 -177.410004
v 1597.08301 75.0589981 -177.330002
v 1596.901 75.4000015 -177.330002
v 1597.21399 75.1139984 -177.410004
v 1597.33398 74.7180023 -177.410004
v 1597.19495 74.6900024 -177.330002
v 1597.08301 75.0589981 -177.330002
v 1597.33398 74.7180023 -177.410004
v 1597.375 74.3059998 -177.410004
v 1597.23303 74.3059998 -177.330002
v 1597.19495 74.6900024 -177.330002
v 1597.375 74.3059998 -177.410004
v 1597.33398 73.8949966 -177.410004
v 1597.19495 73.9219971 -177.330002
v 1597.23303 74.3059998 -177.330002
v 1597.33398 73.8949966 -177.410004
v 1597.21399 73.4990005 -177.410004
v 1597.08301 73.5530014 -177.330002
v 1597.19495 73.9219971 -177.330002
v 1597.21399 73.4990005 -177.410004
v 1597.01904 73.1340027 -177.410004
v 1596.901 73.2129974 -177.330002
v 1597.08301 73.5530014 -177.330002
v 1597.01904 73.1340027 -177.410004
v 1596.75696 72.814003 -177.410004
v 1596.65601 72.9150009 -177.330002
v 1596.901 73.2129974 -177.330002
v 1596.75696 72.814003 -177.410004
v 1596.43701 72.552002 -177.410004
v 1596.35803 72.6699982 -177.330002
v 1596.65601 72.9150009 -177.330002
v 1596.43701 72.552002 -177.410004
v 1596.07202 72.3570023 -177.410004
v 1596.01794 72.487999 -177.330002
v 1596.35803 72.6699982 -177.330002
v 1596.07202 72.3570023 -177.410004
v 1595.677 72.2369995 -177.410004
v 1595.64905 72.3759995 -177.330002
v 1596.01794 72.487999 -177.330002
v 1595.677 72.2369995 -177.410004
v 1595.26501 72.1969986 -177.410004
v 1595.26501 72.3389969 -177.330002
v 1595.64905 72.3759995 -177.330002
v 1595.26501 72.1969986 -177.410004
v 1594.85303 72.2369995 -177.410004
v 1594.88098 72.3759995 -177.330002
v 1595.26501 72.3389969 -177.330002
v 1594.85303 72.2369995 -177.410004
v 1594.45801 72.3570023 -177.410004
v 1594.51196 72.487999 -177.330002
v 1594.88098 72.3759995 -177.330002
v 1594.45801 72.3570023 -177.410004
v 1594.09302 72.552002 -177.410004
v 1594.172 72.6699982 -177.330002
v 1594.51196 72.487999 -177.330002
v 1594.09302 72.552002 -177.410004
v 1593.77295 72.814003 -177.410004
v 1593.87402 72.9150009 -177.330002
v 1594.172 72.6699982 -177.330002
v 1593.77295 72.814003 -177.410004
v 1593.51099 73.1340027 -177.410004
v 1593.62903 73.2129974 -177.330002
v 1593.87402 72.9150009 -177.330002
v 1593.51099 73.1340027 -177.410004
v 1593.31604 73.4990005 -177.410004
v 1593.44702 73.5530014 -177.330002
v 1593.62903 73.2129974 -177.330002
v 1593.31604 73.4990005 -177.410004
v 1593.19604 73.8949966 -177.410004
v 1593.33496 73.9219971 -177.330002
v 1593.44702 73.5530014 -177.330002
v 1593.19604 73.8949966 -177.410004
v 1593.15503 74.3059998 -177.410004
v 1593.297 74.3059998 -177.330002
v 1593.33496 73.9219971 -177.330002
v 1593.15503 74.3059998 -177.410004
v 1593.19604 74.7180023 -177.410004
v 1593.33496 74.6900024 -177.330002
v 1593.297 74.3059998 -177.330002
v 1593.19604 74.7180023 -177.410004
v 1593.31604 75.1139984 -177.410004
v 1593.44702 75.0589981 -177.330002
v 1593.33496 74.6900024 -177.330002
v 1593.31604 75.1139984 -177.410004
v 1593.51099 75.4779968 -177.410004
v 1593.62903 75.4000015 -177.330002
v 1593.44702 75.0589981 -177.330002
v 1593.51099 75.4779968 -177.410004
v 1593.77295 75.7979965 -177.410004
v 1593.87402 75.697998 -177.330002
v 1593.62903 75.4000015 -177.330002
v 1593.77295 75.7979965 -177.410004
v 1594.09302 76.060997 -177.410004
v 1594.172 75.9420013 -177.330002
v 1593.87402 75.697998 -177.330002
v 1594.09302 76.060997 -177.410004
v 1594.45801 76.2559967 -177.410004
v 1594.51196 76.1240005 -177.330002
v 1594.172 75.9420013 -177.330002
v 1500.94495 97.8059998 -179.703003
v 1498.349 97.5510025 -179.703003
v 1498.30896 97.7519989 -179.481995
v 1500.94495 98.012001 -179.481995
v 1498.349 97.5510025 -179.703003
v 1495.85303 96.7939987 -179.703003
v 1495.77502 96.9830017 -179.481995
v 1498.30896 97.7519989 -179.481995
v 1495.85303 96.7939987 -179.703003
v 1493.55298 95.564003 -179.703003
v 1493.43896 95.7350006 -179.481995
v 1495.77502 96.9830017 -179.481995
v 1493.55298 95.564003 -179.703003
v 1491.53699 93.9100037 -179.703003
v 1491.39197 94.0550003 -179.481995
v 1493.43896 95.7350006 -179.481995
v 1491.53699 93.9100037 -179.703003
v 1489.88306 91.8939972 -179.703003
v 1489.71204 92.0080032 -179.481995
v 1491.39197 94.0550003 -179.481995
v 1489.88306 91.8939972 -179.703003
v 1488.65295 89.5940018 -179.703003
v 1488.46399 89.6719971 -179.481995
v 1489.71204 92.0080032 -179.481995
v 1488.65295 89.5940018 -179.703003
v 1487.896 87.0979996 -179.703003
v 1487.69495 87.1380005 -179.481995
v 1488.46399 89.6719971 -179.481995
v 1487.896 87.0979996 -179.703003
v 1487.64099 84.5019989 -179.703003
v 1487.43604 84.5019989 -179.481995
v 1487.69495 87.1380005 -179.481995
v 1487.64099 84.5019989 -179.703003
v 1487.896 81.9069977 -179.703003
v 1487.69495 81.8669968 -179.481995
v 1487.43604 84.5019989 -179.481995
v 1487.896 81.9069977 -179.703003
v 1488.65295 79.4110031 -179.703003
v 1488.46399 79.3330002 -179.481995
v 1487.69495 81.8669968 -179.481995
v 1488.65295 79.4110031 -179.703003
v 1489.88306 77.1110001 -179.703003
v 1489.71204 76.9970016 -179.481995
v 1488.46399 79.3330002 -179.481995
v 1489.88306 77.1110001 -179.703003
v 1491.53699 75.0950012 -179.703003
v 1491.39197 74.9499969 -179.481995
v 1489.71204 76.9970016 -179.481995
v 1491.53699 75.0950012 -179.703003
v 1493.55298 73.4410019 -179.703003
v 1493.43896 73.2699966 -179.481995
v 1491.39197 74.9499969 -179.481995
v 1493.55298 73.4410019 -179.703003
v 1495.85303 72.2109985 -179.703003
v 1495.77502 72.0220032 -179.481995
v 1493.43896 73.2699966 -179.481995
v 1495.85303 72.2109985 -179.703003
v 1498.349 71.4540024 -179.703003
v 1498.30896 71.2529984 -179.481995
v 1495.77502 72.0220032 -179.481995
v 1498.349 71.4540024 -179.703003
v 1500.94495 71.197998 -179.703003
v 1500.94495 70.9929962 -179.481995
v 1498.30896 71.2529984 -179.481995
v 1500.94495 71.197998 -179.703003
v 1503.54004 71.4540024 -179.703003
v 1503.57996 71.2529984 -179.481995
v 1500.94495 70.9929962 -179.481995
v 1503.54004 71.4540024 -179.703003
v 1506.03601 72.2109985 -179.703003
v 1506.11401 72.0220032 -179.481995
v 1503.57996 71.2529984 -179.481995
v 1506.03601 72.2109985 -179.703003
v 1508.33606 73.4410019 -179.703003
v 1508.44995 73.2699966 -179.481995
v 1506.11401 72.0220032 -179.481995
v 1508.33606 73.4410019 -179.703003
v 1510.35205 75.0950012 -179.703003
v 1510.49695 74.9499969 -179.481995
v 1508.44995 73.2699966 -179.481995
v 1510.35205 75.0950012 -179.703003
v 1512.00696 77.1110001 -179.703003
v 1512.177 76.9970016 -179.481995
v 1510.49695 74.9499969 -179.481995
v 1512.00696 77.1110001 -179.703003
v 1513.23596 79.4110031 -179.703003
v 1513.42603 79.3330002 -179.481995
v 1512.177 76.9970016 -179.481995
v 1513.23596 79.4110031 -179.703003
v 1513.99304 81.9069977 -179.703003
v 1514.19397 81.8669968 -179.481995
v 1513.42603 79.3330002 -179.481995
v 1513.99304 81.9069977 -179.703003
v 1514.24902 84.5019989 -179.703003
v 1514.45398 84.5019989 -179.481995
v 1514.19397 81.8669968 -179.481995
v 1514.24902 84.5019989 -179.703003
v 1513.99304 87.0979996 -179.703003
v 1514.19397 87.1380005 -179.481995
v 1514.45398 84.5019989 -179.481995
v 1513.99304 87.0979996 -179.703003
v 1513.23596 89.5940018 -179.703003
v 1513.42603 89.6719971 -179.481995
v 1514.19397 87.1380005 -179.481995
v 1513.23596 89.5940018 -179.703003
v 1512.00696 91.8939972 -179.703003
v 1512.177 92.0080032 -179.481995
v 1513.42603 89.6719971 -179.481995
v 1512.00696 91.8939972 -179.703003
v 1510.35205 93.9100037 -179.703003
v 1510.49695 94.0550003 -179.481995
v 1512.177 92.0080032 -179.481995
v 1510.35205 93.9100037 -179.703003
v 1508.33606 95.564003 -179.703003
v 1508.44995 95.7350006 -179.481995
v 1510.49695 94.0550003 -179.481995
v 1508.33606 95.564003 -179.703003
v 1506.03601 96.7939987 -179.703003
v 1506.11401 96.9830017 -179.481995
v 1508.44995 95.7350006 -179.481995
v 1506.03601 96.7939987 -179.703003
v 1503.54004 97.5510025 -179.703003
v 1503.57996 97.7519989 -179.481995
v 1506.11401 96.9830017 -179.481995
v 1503.54004 97.5510025 -179.703003
v 1500.94495 97.8059998 -179.703003
v 1500.94495 98.012001 -179.481995
v 1503.57996 97.7519989 -179.481995
v 1611.19299 97.8550034 -179.934998
v 1613.849 98.1169968 -179.934998
v 1613.849 96.5770035 -179.934998
v 1611.49402 96.3450012 -179.934998
v 1557.22498 131.026993 168.358002
v 1557.22498 127.250999 169.274994
v 1642.646 129.533997 178.884995
v 1639.73999 131.018005 178.248001
v 1473.13306 131.488007 177.339996
v 1480.21301 131.983994 149.169998
v 1476.578 126.980003 144.744003
v 1468.64795 129.110001 178.332993
v 1636.67798 126.32 143.955994
v 1644.97998 128.654007 178.414993
v 1557.22498 126.444 168.585007
v 1557.22498 128.960007 134.953003
v 1632.30103 132.020996 148.091995
v 1635.94604 126.917 143.602005
v 1557.22498 129.520004 134.806
v 1557.22498 132.179001 138.891006
v 1632.08606 132.647995 149.598007
v 1557.22498 132.647995 140.554993
v 1557.22498 131.927002 167.240005
v 1638.79199 131.927002 177.059998
v 1556.51001 131.026993 168.358002
v 1473.995 131.018005 178.248001
v 1471.08899 129.533997 178.884995
v 1556.51001 127.250999 169.274994
v 1477.05701 126.32 143.955994
v 1556.51001 128.960007 134.953003
v 1556.51001 126.444 168.585007
v 1468.755 128.654007 178.414993
v 1481.43298 132.020996 148.091995
v 1556.51001 132.179001 138.891006
v 1556.51001 129.520004 134.806
v 1477.78894 126.917 143.602005
v 1481.64905 132.647995 149.598007
v 1474.94299 131.927002 177.059998
v 1556.51001 131.927002 167.240005
v 1556.51001 132.647995 140.554993
v 1640.60095 131.488007 177.339996
v 1638.79199 131.927002 177.059998
v 1639.73999 131.018005 178.248001
v 1633.521 131.983994 149.169998
v 1632.30103 132.020996 148.091995
v 1632.08606 132.647995 149.598007
v 1645.08704 129.110001 178.332993
v 1642.646 129.533997 178.884995
v 1644.97998 128.654007 178.414993
v 1637.15698 126.980003 144.744003
v 1636.67798 126.32 143.955994
v 1635.94604 126.917 143.602005
v 1473.13306 131.488007 177.339996
v 1473.995 131.018005 178.248001
v 1474.94299 131.927002 177.059998
v 1480.21301 131.983994 149.169998
v 1481.64905 132.647995 149.598007
v 1481.43298 132.020996 148.091995
v 1468.64795 129.110001 178.332993
v 1468.755 128.654007 178.414993
v 1471.08899 129.533997 178.884995
v 1476.578 126.980003 144.744003
v 1477.78894 126.917 143.602005
v 1477.05701 126.32 143.955994
v 1633.521 131.983994 149.169998
v 1632.08606 132.647995 149.598007
v 1638.79199 131.927002 177.059998
v 1640.60095 131.488007 177.339996
v 1557.22498 132.179001 138.891006
v 1557.22498 132.647995 140.554993
v 1632.08606 132.647995 149.598007
v 1632.30103 132.020996 148.091995
v 1639.73999 131.018005 178.248001
v 1638.79199 131.927002 177.059998
v 1557.22498 131.927002 167.240005
v 1557.22498 131.026993 168.358002
v 1636.67798 126.32 143.955994
v 1637.15698 126.980003 144.744003
v 1645.08704 129.110001 178.332993
v 1644.97998 128.654007 178.414993
v 1557.22498 128.960007 134.953003
v 1557.22498 129.520004 134.806
v 1635.94604 126.917 143.602005
v 1636.67798 126.32 143.955994
v 1644.97998 128.654007 178.414993
v 1642.646 129.533997 178.884995
v 1557.22498 127.250999 169.274994
v 1557.22498 126.444 168.585007
v 1637.15698 126.980003 144.744003
v 1635.94604 126.917 143.602005
v 1632.30103 132.020996 148.091995
v 1633.521 131.983994 149.169998
v 1640.60095 131.488007 177.339996
v 1639.73999 131.018005 178.248001
v 1642.646 129.533997 178.884995
v 1645.08704 129.110001 178.332993
v 1481.64905 132.647995 149.598007
v 1480.21301 131.983994 149.169998
v 1473.13306 131.488007 177.339996
v 1474.94299 131.927002 177.059998
v 1556.51001 132.647995 140.554993
v 1556.51001 132.179001 138.891006
v 1481.43298 132.020996 148.091995
v 1481.64905 132.647995 149.598007
v 1474.94299 131.927002 177.059998
v 1473.995 131.018005 178.248001
v 1556.51001 131.026993 168.358002
v 1556.51001 131.927002 167.240005
v 1476.578 126.980003 144.744003
v 1477.05701 126.32 143.955994
v 1468.755 128.654007 178.414993
v 1468.64795 129.110001 178.332993
v 1556.51001 129.520004 134.806
v 1556.51001 128.960007 134.953003
v 1477.05701 126.32 143.955994
v 1477.78894 126.917 143.602005
v 1471.08899 129.533997 178.884995
v 1468.755 128.654007 178.414993
v 1556.51001 126.444 168.585007
v 1556.51001 127.250999 169.274994
v 1477.78894 126.917 143.602005
v 1476.578 126.980003 144.744003
v 1480.21301 131.983994 149.169998
v 1481.43298 132.020996 148.091995
v 1473.995 131.018005 178.248001
v 1473.13306 131.488007 177.339996
v 1468.64795 129.110001 178.332993
v 1471.08899 129.533997 178.884995
v 1640.60095 131.488007 177.339996
v 1645.08704 129.110001 178.332993
v 1637.15698 126.980003 144.744003
v 1633.521 131.983994 149.169998
v 1500.82104 129.677002 163.550995
v 1500.82104 108.392998 163.550995
v 1504.62903 108.392998 163.550995
v 1504.62903 129.677002 163.550995
v 1499.83606 107.889999 164.072998
v 1499.79395 107.889999 164.119003
v 1505.65601 107.889999 164.119003
v 1505.61401 107.889999 164.072998
v 1499.83606 107.889999 157.811005
v 1499.79395 107.889999 157.764999
v 1499.79395 107.889999 164.119003
v 1499.83606 107.889999 164.072998
v 1505.13196 129.677002 163.048004
v 1505.13196 108.392998 163.048004
v 1505.13196 108.392998 158.835999
v 1505.13196 129.677002 158.835999
v 1504.62903 129.677002 158.332993
v 1504.62903 108.392998 158.332993
v 1500.82104 108.392998 158.332993
v 1500.82104 129.677002 158.332993
v 1500.82104 130.179993 163.048004
v 1504.62903 130.179993 163.048004
v 1504.62903 130.179993 158.835999
v 1500.82104 130.179993 158.835999
v 1499.81494 95.8550034 164.138
v 1499.81494 95.8550034 157.746002
v 1505.63501 95.8550034 157.746002
v 1505.63501 95.8550034 164.138
v 1505.61401 107.889999 164.072998
v 1505.65601 107.889999 164.119003
v 1505.65601 107.889999 157.764999
v 1505.61401 107.889999 157.811005
v 1499.31299 107.388 157.746002
v 1499.31299 96.3580017 157.746002
v 1499.31299 96.3580017 164.138
v 1499.31299 107.388 164.138
v 1505.61401 107.889999 157.811005
v 1505.65601 107.889999 157.764999
v 1499.79395 107.889999 157.764999
v 1499.83606 107.889999 157.811005
v 1505.63501 107.388 157.242996
v 1505.63501 96.3580017 157.242996
v 1499.81494 96.3580017 157.242996
v 1499.81494 107.388 157.242996
v 1499.81494 107.388 164.641006
v 1499.81494 96.3580017 164.641006
v 1505.63501 96.3580017 164.641006
v 1505.63501 107.388 164.641006
v 1506.13794 107.388 164.138
v 1506.13794 96.3580017 164.138
v 1506.13794 96.3580017 157.746002
v 1506.13794 107.388 157.746002
v 1500.31799 129.677002 163.048004
v 1500.82104 129.677002 163.550995
v 1500.82104 130.179993 163.048004
v 1504.62903 129.677002 163.550995
v 1505.13196 129.677002 163.048004
v 1504.62903 130.179993 163.048004
v 1500.31799 129.677002 158.835999
v 1500.82104 130.179993 158.835999
v 1500.82104 129.677002 158.332993
v 1505.13196 129.677002 158.835999
v 1504.62903 129.677002 158.332993
v 1504.62903 130.179993 158.835999
v 1499.83606 107.889999 157.811005
v 1500.31799 108.392998 158.835999
v 1500.82104 108.392998 158.332993
v 1500.31799 108.392998 163.048004
v 1499.83606 107.889999 164.072998
v 1500.82104 108.392998 163.550995
v 1504.62903 108.392998 163.550995
v 1505.61401 107.889999 164.072998
v 1505.13196 108.392998 163.048004
v 1505.13196 108.392998 158.835999
v 1505.61401 107.889999 157.811005
v 1504.62903 108.392998 158.332993
v 1499.31299 107.388 157.746002
v 1499.79395 107.889999 157.764999
v 1499.81494 107.388 157.242996
v 1499.31299 107.388 164.138
v 1499.81494 107.388 164.641006
v 1499.79395 107.889999 164.119003
v 1505.63501 107.388 164.641006
v 1506.13794 107.388 164.138
v 1505.65601 107.889999 164.119003
v 1506.13794 107.388 157.746002
v 1505.63501 107.388 157.242996
v 1505.65601 107.889999 157.764999
v 1499.31299 96.3580017 157.746002
v 1499.81494 96.3580017 157.242996
v 1499.81494 95.8550034 157.746002
v 1499.31299 96.3580017 164.138
v 1499.81494 95.8550034 164.138
v 1499.81494 96.3580017 164.641006
v 1505.63501 96.3580017 164.641006
v 1505.63501 95.8550034 164.138
v 1506.13794 96.3580017 164.138
v 1506.13794 96.3580017 157.746002
v 1505.63501 95.8550034 157.746002
v 1505.63501 96.3580017 157.242996
v 1500.82104 130.179993 158.835999
v 1500.31799 129.677002 158.835999
v 1500.31799 129.677002 163.048004
v 1500.82104 130.179993 163.048004
v 1500.82104 130.179993 163.048004
v 1500.82104 129.677002 163.550995
v 1504.62903 129.677002 163.550995
v 1504.62903 130.179993 163.048004
v 1504.62903 130.179993 163.048004
v 1505.13196 129.677002 163.048004
v 1505.13196 129.677002 158.835999
v 1504.62903 130.179993 158.835999
v 1504.62903 130.179993 158.835999
v 1504.62903 129.677002 158.332993
v 1500.82104 129.677002 158.332993
v 1500.82104 130.179993 158.835999
v 1500.31799 108.392998 158.835999
v 1499.83606 107.889999 157.811005
v 1499.83606 107.889999 164.072998
v 1500.31799 108.392998 163.048004
v 1500.82104 108.392998 163.550995
v 1499.83606 107.889999 164.072998
v 1505.61401 107.889999 164.072998
v 1504.62903 108.392998 163.550995
v 1505.13196 108.392998 163.048004
v 1505.61401 107.889999 164.072998
v 1505.61401 107.889999 157.811005
v 1505.13196 108.392998 158.835999
v 1504.62903 108.392998 158.332993
v 1505.61401 107.889999 157.811005
v 1499.83606 107.889999 157.811005
v 1500.82104 108.392998 158.332993
v 1500.31799 129.677002 158.835999
v 1500.82104 129.677002 158.332993
v 1500.82104 108.392998 158.332993
v 1500.31799 108.392998 158.835999
v 1505.13196 108.392998 158.835999
v 1504.62903 108.392998 158.332993
v 1504.62903 129.677002 158.332993
v 1505.13196 129.677002 158.835999
v 1505.13196 129.677002 163.048004
v 1504.62903 129.677002 163.550995
v 1504.62903 108.392998 163.550995
v 1505.13196 108.392998 163.048004
v 1500.31799 108.392998 163.048004
v 1500.82104 108.392998 163.550995
v 1500.82104 129.677002 163.550995
v 1500.31799 129.677002 163.048004
v 1499.79395 107.889999 157.764999
v 1499.31299 107.388 157.746002
v 1499.31299 107.388 164.138
v 1499.79395 107.889999 164.119003
v 1499.79395 107.889999 164.119003
v 1499.81494 107.388 164.641006
v 1505.63501 107.388 164.641006
v 1505.65601 107.889999 164.119003
v 1505.65601 107.889999 164.119003
v 1506.13794 107.388 164.138
v 1506.13794 107.388 157.746002
v 1505.65601 107.889999 157.764999
v 1505.65601 107.889999 157.764999
v 1505.63501 107.388 157.242996
v 1499.81494 107.388 157.242996
v 1499.79395 107.889999 157.764999
v 1499.31299 96.3580017 157.746002
v 1499.81494 95.8550034 157.746002
v 1499.81494 95.8550034 164.138
v 1499.31299 96.3580017 164.138
v 1499.81494 96.3580017 164.641006
v 1499.81494 95.8550034 164.138
v 1505.63501 95.8550034 164.138
v 1505.63501 96.3580017 164.641006
v 1506.13794 96.3580017 164.138
v 1505.63501 95.8550034 164.138
v 1505.63501 95.8550034 157.746002
v 1506.13794 96.3580017 157.746002
v 1505.63501 96.3580017 157.242996
v 1505.63501 95.8550034 157.746002
v 1499.81494 95.8550034 157.746002
v 1499.81494 96.3580017 157.242996
v 1505.63501 107.388 157.242996
v 1506.13794 107.388 157.746002
v 1506.13794 96.3580017 157.746002
v 1505.63501 96.3580017 157.242996
v 1505.63501 96.3580017 164.641006
v 1506.13794 96.3580017 164.138
v 1506.13794 107.388 164.138
v 1505.63501 107.388 164.641006
v 1499.81494 107.388 164.641006
v 1499.31299 107.388 164.138
v 1499.31299 96.3580017 164.138
v 1499.81494 96.3580017 164.641006
v 1499.81494 96.3580017 157.242996
v 1499.31299 96.3580017 157.746002
v 1499.31299 107.388 157.746002
v 1499.81494 107.388 157.242996
v 1500.31799 129.677002 158.835999
v 1500.31799 108.392998 158.835999
v 1500.31799 108.392998 163.048004
v 1500.31799 129.677002 163.048004
v 1628.84705 72.3949966 -119.236
v 1641.46106 72.3949966 -119.236
v 1641.46106 63.3370018 -121.038002
v 1628.84705 63.3370018 -121.038002
v 1628.84705 46.5999985 -114.106003
v 1641.46106 46.5999985 -114.106003
v 1641.46106 41.4700012 -106.427002
v 1628.84705 41.4700012 -106.427002
v 1628.84705 41.4700012 -106.427002
v 1641.46106 41.4700012 -106.427002
v 1641.46106 39.6679993 -97.3690033
v 1628.84705 39.6679993 -97.3690033
v 1628.84705 39.6679993 -97.3690033
v 1641.46106 39.6679993 -97.3690033
v 1641.46106 41.4700012 -88.310997
v 1628.84705 41.4700012 -88.310997
v 1628.84705 41.4700012 -88.310997
v 1641.46106 41.4700012 -88.310997
v 1641.46106 46.5999985 -80.6330032
v 1628.84705 46.5999985 -80.6330032
v 1628.84705 46.5999985 -80.6330032
v 1641.46106 46.5999985 -80.6330032
v 1641.46106 54.2789993 -75.5019989
v 1628.84705 54.2789993 -75.5019989
v 1628.84705 54.2789993 -75.5019989
v 1641.46106 54.2789993 -75.5019989
v 1641.46106 63.3370018 -73.6999969
v 1628.84705 63.3370018 -73.6999969
v 1628.84705 63.3370018 -73.6999969
v 1641.46106 63.3370018 -73.6999969
v 1641.46106 72.3949966 -75.5019989
v 1628.84705 72.3949966 -75.5019989
v 1628.84705 72.3949966 -75.5019989
v 1641.46106 72.3949966 -75.5019989
v 1641.46106 80.072998 -80.6330032
v 1628.84705 80.072998 -80.6330032
v 1628.84705 80.072998 -80.6330032
v 1641.46106 80.072998 -80.6330032
v 1641.46106 85.2040024 -88.310997
v 1628.84705 85.2040024 -88.310997
v 1628.84705 85.2040024 -88.310997
v 1641.46106 85.2040024 -88.310997
v 1641.46106 87.0059967 -97.3690033
v 1628.84705 87.0059967 -97.3690033
v 1628.84705 87.0059967 -97.3690033
v 1641.46106 87.0059967 -97.3690033
v 1641.46106 85.2040024 -106.427002
v 1628.84705 85.2040024 -106.427002
v 1628.84705 85.2040024 -106.427002
v 1641.46106 85.2040024 -106.427002
v 1641.46106 80.072998 -114.106003
v 1628.84705 80.072998 -114.106003
v 1628.84705 80.072998 -114.106003
v 1641.46106 80.072998 -114.106003
v 1641.46106 72.3949966 -119.236
v 1628.84705 72.3949966 -119.236
v 1647.05298 69.1200027 -111.330002
v 1647.05298 74.0220032 -108.054001
v 1635.901 70.7200012 -104.751999
v 1635.901 67.3330002 -107.015999
v 1647.05298 63.3370018 -114.462997
v 1647.05298 56.7949982 -113.162003
v 1647.05298 56.4609985 -113.969002
v 1647.05298 63.3370018 -115.335999
v 1628.84705 54.2789993 -119.236
v 1641.46106 54.2789993 -119.236
v 1641.46106 46.5999985 -114.106003
v 1628.84705 46.5999985 -114.106003
v 1628.84705 63.3370018 -121.038002
v 1641.46106 63.3370018 -121.038002
v 1641.46106 54.2789993 -119.236
v 1628.84705 54.2789993 -119.236
v 1647.05298 56.7949982 -113.162003
v 1647.05298 51.25 -109.456001
v 1647.05298 50.632 -110.073997
v 1647.05298 56.4609985 -113.969002
v 1647.05298 69.8779984 -113.162003
v 1647.05298 63.3370018 -114.462997
v 1647.05298 63.3370018 -115.335999
v 1647.05298 70.2129974 -113.969002
v 1647.05298 47.5439987 -103.911003
v 1647.05298 46.243 -97.3690033
v 1647.05298 45.3699989 -97.3690033
v 1647.05298 46.7369995 -104.245003
v 1647.05298 46.243 -97.3690033
v 1647.05298 47.5439987 -90.8280029
v 1647.05298 46.7369995 -90.4929962
v 1647.05298 45.3699989 -97.3690033
v 1647.05298 47.5439987 -90.8280029
v 1647.05298 51.25 -85.2819977
v 1647.05298 50.632 -84.6640015
v 1647.05298 46.7369995 -90.4929962
v 1647.05298 51.25 -85.2819977
v 1647.05298 56.7949982 -81.5759964
v 1647.05298 56.4609985 -80.7699966
v 1647.05298 50.632 -84.6640015
v 1647.05298 56.7949982 -81.5759964
v 1647.05298 63.3370018 -80.2750015
v 1647.05298 63.3370018 -79.4020004
v 1647.05298 56.4609985 -80.7699966
v 1647.05298 63.3370018 -80.2750015
v 1647.05298 69.8779984 -81.5759964
v 1647.05298 70.2129974 -80.7699966
v 1647.05298 63.3370018 -79.4020004
v 1647.05298 69.8779984 -81.5759964
v 1647.05298 75.4240036 -85.2819977
v 1647.05298 76.0419998 -84.6640015
v 1647.05298 70.2129974 -80.7699966
v 1647.05298 75.4240036 -85.2819977
v 1647.05298 79.1299973 -90.8280029
v 1647.05298 79.935997 -90.4929962
v 1647.05298 76.0419998 -84.6640015
v 1647.05298 79.1299973 -90.8280029
v 1647.05298 80.4309998 -97.3690033
v 1647.05298 81.3040009 -97.3690033
v 1647.05298 79.935997 -90.4929962
v 1647.05298 80.4309998 -97.3690033
v 1647.05298 79.1299973 -103.911003
v 1647.05298 79.935997 -104.245003
v 1647.05298 81.3040009 -97.3690033
v 1647.05298 79.1299973 -103.911003
v 1647.05298 75.4240036 -109.456001
v 1647.05298 76.0419998 -110.073997
v 1647.05298 79.935997 -104.245003
v 1647.05298 75.4240036 -109.456001
v 1647.05298 69.8779984 -113.162003
v 1647.05298 70.2129974 -113.969002
v 1647.05298 76.0419998 -110.073997
v 1647.05298 51.25 -109.456001
v 1647.05298 47.5439987 -103.911003
v 1647.05298 46.7369995 -104.245003
v 1647.05298 50.632 -110.073997
v 1647.05298 63.3370018 -112.480003
v 1647.05298 57.5540009 -111.330002
v 1647.05298 56.7949982 -113.162003
v 1647.05298 63.3370018 -114.462997
v 1647.05298 57.5540009 -111.330002
v 1647.05298 52.6520004 -108.054001
v 1647.05298 51.25 -109.456001
v 1647.05298 56.7949982 -113.162003
v 1647.05298 52.6520004 -108.054001
v 1647.05298 49.3759995 -103.152
v 1647.05298 47.5439987 -103.911003
v 1647.05298 51.25 -109.456001
v 1647.05298 49.3759995 -103.152
v 1647.05298 48.2260017 -97.3690033
v 1647.05298 46.243 -97.3690033
v 1647.05298 47.5439987 -103.911003
v 1647.05298 48.2260017 -97.3690033
v 1647.05298 49.3759995 -91.5859985
v 1647.05298 47.5439987 -90.8280029
v 1647.05298 46.243 -97.3690033
v 1647.05298 49.3759995 -91.5859985
v 1647.05298 52.6520004 -86.6839981
v 1647.05298 51.25 -85.2819977
v 1647.05298 47.5439987 -90.8280029
v 1647.05298 52.6520004 -86.6839981
v 1647.05298 57.5540009 -83.4079971
v 1647.05298 56.7949982 -81.5759964
v 1647.05298 51.25 -85.2819977
v 1647.05298 57.5540009 -83.4079971
v 1647.05298 63.3370018 -82.2580032
v 1647.05298 63.3370018 -80.2750015
v 1647.05298 56.7949982 -81.5759964
v 1647.05298 63.3370018 -82.2580032
v 1647.05298 69.1200027 -83.4079971
v 1647.05298 69.8779984 -81.5759964
v 1647.05298 63.3370018 -80.2750015
v 1647.05298 69.1200027 -83.4079971
v 1647.05298 74.0220032 -86.6839981
v 1647.05298 75.4240036 -85.2819977
v 1647.05298 69.8779984 -81.5759964
v 1647.05298 74.0220032 -86.6839981
v 1647.05298 77.2979965 -91.5859985
v 1647.05298 79.1299973 -90.8280029
v 1647.05298 75.4240036 -85.2819977
v 1647.05298 77.2979965 -91.5859985
v 1647.05298 78.447998 -97.3690033
v 1647.05298 80.4309998 -97.3690033
v 1647.05298 79.1299973 -90.8280029
v 1647.05298 78.447998 -97.3690033
v 1647.05298 77.2979965 -103.152
v 1647.05298 79.1299973 -103.911003
v 1647.05298 80.4309998 -97.3690033
v 1647.05298 77.2979965 -103.152
v 1647.05298 74.0220032 -108.054001
v 1647.05298 75.4240036 -109.456001
v 1647.05298 79.1299973 -103.911003
v 1647.05298 74.0220032 -108.054001
v 1647.05298 69.1200027 -111.330002
v 1647.05298 69.8779984 -113.162003
v 1647.05298 75.4240036 -109.456001
v 1647.05298 69.1200027 -111.330002
v 1647.05298 63.3370018 -112.480003
v 1647.05298 63.3370018 -114.462997
v 1647.05298 69.8779984 -113.162003
v 1635.901 69.0400009 -91.6660004
v 1635.901 66.4229965 -89.9179993
v 1646.01794 65.5390015 -92.052002
v 1646.01794 67.4069977 -93.2990036
v 1646.078 76.3330002 -103.875
v 1636.87598 72.7730026 -102.401001
v 1634.45605 65.5019989 -97.5419998
v 1643.65698 69.0619965 -99.0169983
v 1647.05298 57.5540009 -111.330002
v 1647.05298 63.3370018 -112.480003
v 1635.901 63.3370018 -107.810997
v 1635.901 59.3409996 -107.015999
v 1646.078 62.2999992 -82.8730011
v 1646.078 58.7480011 -83.5790024
v 1643.65698 60.4539986 -92.1559982
v 1643.65698 64.0059967 -91.4499969
v 1647.05298 69.1200027 -83.4079971
v 1647.05298 63.3370018 -82.2580032
v 1635.901 63.3370018 -86.9280014
v 1635.901 67.3330002 -87.7220001
v 1636.87598 71.5970001 -104.162003
v 1646.078 74.3209991 -106.886002
v 1643.65698 67.0500031 -102.028
v 1634.45605 64.3249969 -99.3030014
v 1646.078 50.3409996 -90.862999
v 1636.87598 53.9000015 -92.3379974
v 1634.45605 61.1710014 -97.1959991
v 1643.65698 57.6119995 -95.7220001
v 1647.05298 49.3759995 -103.152
v 1647.05298 52.6520004 -108.054001
v 1635.901 55.9539986 -104.751999
v 1635.901 53.6899986 -101.364998
v 1647.05298 77.2979965 -91.5859985
v 1647.05298 74.0220032 -86.6839981
v 1635.901 70.7200012 -89.9860001
v 1635.901 72.9840012 -93.3730011
v 1646.078 52.3530006 -87.8519974
v 1646.078 50.3409996 -90.862999
v 1643.65698 57.6119995 -95.7220001
v 1643.65698 59.6240005 -92.7109985
v 1636.87598 66.4520035 -107.599998
v 1636.87598 64.3740005 -108.013
v 1634.45605 62.6679993 -99.435997
v 1634.45605 64.7460022 -99.0230026
v 1647.05298 49.3759995 -91.5859985
v 1647.05298 48.2260017 -97.3690033
v 1635.901 52.8950005 -97.3690033
v 1635.901 53.6899986 -93.3730011
v 1647.05298 77.2979965 -103.152
v 1647.05298 78.447998 -97.3690033
v 1635.901 73.7779999 -97.3690033
v 1635.901 72.9840012 -101.364998
v 1636.87598 73.9810028 -96.3320007
v 1646.078 77.8330002 -96.3320007
v 1643.65698 69.2559967 -98.038002
v 1634.45605 65.4039993 -98.038002
v 1646.078 48.8400002 -98.4059982
v 1646.078 49.5470009 -101.958
v 1643.65698 58.1240005 -100.251999
v 1643.65698 57.4169998 -96.6999969
v 1647.05298 57.5540009 -83.4079971
v 1647.05298 52.6520004 -86.6839981
v 1635.901 55.9539986 -89.9860001
v 1635.901 59.3409996 -87.7220001
v 1635.901 63.3370018 -105.433998
v 1635.901 60.2509995 -104.82
v 1635.901 59.3409996 -107.015999
v 1635.901 63.3370018 -107.810997
v 1635.901 60.2509995 -104.82
v 1635.901 57.6339989 -103.071999
v 1635.901 55.9539986 -104.751999
v 1635.901 59.3409996 -107.015999
v 1635.901 57.6339989 -103.071999
v 1635.901 55.8860016 -100.455002
v 1635.901 53.6899986 -101.364998
v 1635.901 55.9539986 -104.751999
v 1635.901 55.8860016 -100.455002
v 1635.901 55.2719994 -97.3690033
v 1635.901 52.8950005 -97.3690033
v 1635.901 53.6899986 -101.364998
v 1635.901 55.2719994 -97.3690033
v 1635.901 55.8860016 -94.2829971
v 1635.901 53.6899986 -93.3730011
v 1635.901 52.8950005 -97.3690033
v 1635.901 55.8860016 -94.2829971
v 1635.901 57.6339989 -91.6660004
v 1635.901 55.9539986 -89.9860001
v 1635.901 53.6899986 -93.3730011
v 1635.901 57.6339989 -91.6660004
v 1635.901 60.2509995 -89.9179993
v 1635.901 59.3409996 -87.7220001
v 1635.901 55.9539986 -89.9860001
v 1635.901 60.2509995 -89.9179993
v 1635.901 63.3370018 -89.3040009
v 1635.901 63.3370018 -86.9280014
v 1635.901 59.3409996 -87.7220001
v 1635.901 63.3370018 -89.3040009
v 1635.901 66.4229965 -89.9179993
v 1635.901 67.3330002 -87.7220001
v 1635.901 63.3370018 -86.9280014
v 1635.901 66.4229965 -89.9179993
v 1635.901 69.0400009 -91.6660004
v 1635.901 70.7200012 -89.9860001
v 1635.901 67.3330002 -87.7220001
v 1635.901 69.0400009 -91.6660004
v 1635.901 70.788002 -94.2829971
v 1635.901 72.9840012 -93.3730011
v 1635.901 70.7200012 -89.9860001
v 1635.901 70.788002 -94.2829971
v 1635.901 71.4020004 -97.3690033
v 1635.901 73.7779999 -97.3690033
v 1635.901 72.9840012 -93.3730011
v 1635.901 71.4020004 -97.3690033
v 1635.901 70.788002 -100.455002
v 1635.901 72.9840012 -101.364998
v 1635.901 73.7779999 -97.3690033
v 1635.901 70.788002 -100.455002
v 1635.901 69.0400009 -103.071999
v 1635.901 70.7200012 -104.751999
v 1635.901 72.9840012 -101.364998
v 1635.901 69.0400009 -103.071999
v 1635.901 66.4229965 -104.82
v 1635.901 67.3330002 -107.015999
v 1635.901 70.7200012 -104.751999
v 1635.901 66.4229965 -104.82
v 1635.901 63.3370018 -105.433998
v 1635.901 63.3370018 -107.810997
v 1635.901 67.3330002 -107.015999
v 1646.01794 63.3370018 -92.6869965
v 1646.01794 61.5449982 -93.0439987
v 1644.22498 61.5449982 -93.0439987
v 1644.22498 63.3370018 -92.6869965
v 1635.901 55.8860016 -100.455002
v 1635.901 57.6339989 -103.071999
v 1646.01794 59.2669983 -101.439003
v 1646.01794 58.0200005 -99.5719986
v 1635.901 70.788002 -94.2829971
v 1635.901 69.0400009 -91.6660004
v 1646.01794 67.4069977 -93.2990036
v 1646.01794 68.6539993 -95.1669998
v 1635.901 55.2719994 -97.3690033
v 1635.901 55.8860016 -100.455002
v 1646.01794 58.0200005 -99.5719986
v 1646.01794 57.5810013 -97.3690033
v 1635.901 71.4020004 -97.3690033
v 1635.901 70.788002 -94.2829971
v 1646.01794 68.6539993 -95.1669998
v 1646.01794 69.0920029 -97.3690033
v 1635.901 55.8860016 -94.2829971
v 1635.901 55.2719994 -97.3690033
v 1646.01794 57.5810013 -97.3690033
v 1646.01794 58.0200005 -95.1669998
v 1635.901 70.788002 -100.455002
v 1635.901 71.4020004 -97.3690033
v 1646.01794 69.0920029 -97.3690033
v 1646.01794 68.6539993 -99.5719986
v 1635.901 57.6339989 -91.6660004
v 1635.901 55.8860016 -94.2829971
v 1646.01794 58.0200005 -95.1669998
v 1646.01794 59.2669983 -93.2990036
v 1635.901 69.0400009 -103.071999
v 1635.901 70.788002 -100.455002
v 1646.01794 68.6539993 -99.5719986
v 1646.01794 67.4069977 -101.439003
v 1635.901 60.2509995 -89.9179993
v 1635.901 57.6339989 -91.6660004
v 1646.01794 59.2669983 -93.2990036
v 1646.01794 61.1339989 -92.052002
v 1635.901 66.4229965 -104.82
v 1635.901 69.0400009 -103.071999
v 1646.01794 67.4069977 -101.439003
v 1646.01794 65.5390015 -102.685997
v 1635.901 63.3370018 -89.3040009
v 1635.901 60.2509995 -89.9179993
v 1646.01794 61.1339989 -92.052002
v 1646.01794 63.3370018 -91.6139984
v 1635.901 60.2509995 -104.82
v 1635.901 63.3370018 -105.433998
v 1646.01794 63.3370018 -103.125
v 1646.01794 61.1339989 -102.685997
v 1635.901 63.3370018 -105.433998
v 1635.901 66.4229965 -104.82
v 1646.01794 65.5390015 -102.685997
v 1646.01794 63.3370018 -103.125
v 1635.901 66.4229965 -89.9179993
v 1635.901 63.3370018 -89.3040009
v 1646.01794 63.3370018 -91.6139984
v 1646.01794 65.5390015 -92.052002
v 1635.901 57.6339989 -103.071999
v 1635.901 60.2509995 -104.82
v 1646.01794 61.1339989 -102.685997
v 1646.01794 59.2669983 -101.439003
v 1628.84705 63.3370018 -121.038002
v 1628.84705 54.2789993 -119.236
v 1624.89294 54.9179993 -117.693001
v 1624.89294 63.3370018 -119.367996
v 1624.89294 63.3370018 -119.367996
v 1624.89294 54.9179993 -117.693001
v 1623.255 56.4609985 -113.969002
v 1623.255 63.3370018 -115.335999
v 1641.46106 54.2789993 -119.236
v 1641.46106 63.3370018 -121.038002
v 1645.41504 63.3370018 -119.367996
v 1645.41504 54.9179993 -117.693001
v 1645.41504 54.9179993 -117.693001
v 1645.41504 63.3370018 -119.367996
v 1647.05298 63.3370018 -115.335999
v 1647.05298 56.4609985 -113.969002
v 1628.84705 54.2789993 -119.236
v 1628.84705 46.5999985 -114.106003
v 1624.89294 47.7809982 -112.925003
v 1624.89294 54.9179993 -117.693001
v 1624.89294 54.9179993 -117.693001
v 1624.89294 47.7809982 -112.925003
v 1623.255 50.632 -110.073997
v 1623.255 56.4609985 -113.969002
v 1641.46106 46.5999985 -114.106003
v 1641.46106 54.2789993 -119.236
v 1645.41504 54.9179993 -117.693001
v 1645.41504 47.7809982 -112.925003
v 1645.41504 47.7809982 -112.925003
v 1645.41504 54.9179993 -117.693001
v 1647.05298 56.4609985 -113.969002
v 1647.05298 50.632 -110.073997
v 1628.84705 46.5999985 -114.106003
v 1628.84705 41.4700012 -106.427002
v 1624.89294 43.0130005 -105.788002
v 1624.89294 47.7809982 -112.925003
v 1624.89294 47.7809982 -112.925003
v 1624.89294 43.0130005 -105.788002
v 1623.255 46.7369995 -104.245003
v 1623.255 50.632 -110.073997
v 1641.46106 41.4700012 -106.427002
v 1641.46106 46.5999985 -114.106003
v 1645.41504 47.7809982 -112.925003
v 1645.41504 43.0130005 -105.788002
v 1645.41504 43.0130005 -105.788002
v 1645.41504 47.7809982 -112.925003
v 1647.05298 50.632 -110.073997
v 1647.05298 46.7369995 -104.245003
v 1628.84705 41.4700012 -106.427002
v 1628.84705 39.6679993 -97.3690033
v 1624.89294 41.3380013 -97.3690033
v 1624.89294 43.0130005 -105.788002
v 1624.89294 43.0130005 -105.788002
v 1624.89294 41.3380013 -97.3690033
v 1623.255 45.3699989 -97.3690033
v 1623.255 46.7369995 -104.245003
v 1641.46106 39.6679993 -97.3690033
v 1641.46106 41.4700012 -106.427002
v 1645.41504 43.0130005 -105.788002
v 1645.41504 41.3380013 -97.3690033
v 1645.41504 41.3380013 -97.3690033
v 1645.41504 43.0130005 -105.788002
v 1647.05298 46.7369995 -104.245003
v 1647.05298 45.3699989 -97.3690033
v 1628.84705 39.6679993 -97.3690033
v 1628.84705 41.4700012 -88.310997
v 1624.89294 43.0130005 -88.9509964
v 1624.89294 41.3380013 -97.3690033
v 1624.89294 41.3380013 -97.3690033
v 1624.89294 43.0130005 -88.9509964
v 1623.255 46.7369995 -90.4929962
v 1623.255 45.3699989 -97.3690033
v 1641.46106 41.4700012 -88.310997
v 1641.46106 39.6679993 -97.3690033
v 1645.41504 41.3380013 -97.3690033
v 1645.41504 43.0130005 -88.9509964
v 1645.41504 43.0130005 -88.9509964
v 1645.41504 41.3380013 -97.3690033
v 1647.05298 45.3699989 -97.3690033
v 1647.05298 46.7369995 -90.4929962
v 1628.84705 41.4700012 -88.310997
v 1628.84705 46.5999985 -80.6330032
v 1624.89294 47.7809982 -81.814003
v 1624.89294 43.0130005 -88.9509964
v 1624.89294 43.0130005 -88.9509964
v 1624.89294 47.7809982 -81.814003
v 1623.255 50.632 -84.6640015
v 1623.255 46.7369995 -90.4929962
v 1641.46106 46.5999985 -80.6330032
v 1641.46106 41.4700012 -88.310997
v 1645.41504 43.0130005 -88.9509964
v 1645.41504 47.7809982 -81.814003
v 1645.41504 47.7809982 -81.814003
v 1645.41504 43.0130005 -88.9509964
v 1647.05298 46.7369995 -90.4929962
v 1647.05298 50.632 -84.6640015
v 1628.84705 46.5999985 -80.6330032
v 1628.84705 54.2789993 -75.5019989
v 1624.89294 54.9179993 -77.0449982
v 1624.89294 47.7809982 -81.814003
v 1624.89294 47.7809982 -81.814003
v 1624.89294 54.9179993 -77.0449982
v 1623.255 56.4609985 -80.7699966
v 1623.255 50.632 -84.6640015
v 1641.46106 54.2789993 -75.5019989
v 1641.46106 46.5999985 -80.6330032
v 1645.41504 47.7809982 -81.814003
v 1645.41504 54.9179993 -77.0449982
v 1645.41504 54.9179993 -77.0449982
v 1645.41504 47.7809982 -81.814003
v 1647.05298 50.632 -84.6640015
v 1647.05298 56.4609985 -80.7699966
v 1628.84705 54.2789993 -75.5019989
v 1628.84705 63.3370018 -73.6999969
v 1624.89294 63.3370018 -75.3700027
v 1624.89294 54.9179993 -77.0449982
v 1624.89294 54.9179993 -77.0449982
v 1624.89294 63.3370018 -75.3700027
v 1623.255 63.3370018 -79.4020004
v 1623.255 56.4609985 -80.7699966
v 1641.46106 63.3370018 -73.6999969
v 1641.46106 54.2789993 -75.5019989
v 1645.41504 54.9179993 -77.0449982
v 1645.41504 63.3370018 -75.3700027
v 1645.41504 63.3370018 -75.3700027
v 1645.41504 54.9179993 -77.0449982
v 1647.05298 56.4609985 -80.7699966
v 1647.05298 63.3370018 -79.4020004
v 1628.84705 63.3370018 -73.6999969
v 1628.84705 72.3949966 -75.5019989
v 1624.89294 71.7549973 -77.0449982
v 1624.89294 63.3370018 -75.3700027
v 1624.89294 63.3370018 -75.3700027
v 1624.89294 71.7549973 -77.0449982
v 1623.255 70.2129974 -80.7699966
v 1623.255 63.3370018 -79.4020004
v 1641.46106 72.3949966 -75.5019989
v 1641.46106 63.3370018 -73.6999969
v 1645.41504 63.3370018 -75.3700027
v 1645.41504 71.7549973 -77.0449982
v 1645.41504 71.7549973 -77.0449982
v 1645.41504 63.3370018 -75.3700027
v 1647.05298 63.3370018 -79.4020004
v 1647.05298 70.2129974 -80.7699966
v 1628.84705 72.3949966 -75.5019989
v 1628.84705 80.072998 -80.6330032
v 1624.89294 78.8919983 -81.814003
v 1624.89294 71.7549973 -77.0449982
v 1624.89294 71.7549973 -77.0449982
v 1624.89294 78.8919983 -81.814003
v 1623.255 76.0419998 -84.6640015
v 1623.255 70.2129974 -80.7699966
v 1641.46106 80.072998 -80.6330032
v 1641.46106 72.3949966 -75.5019989
v 1645.41504 71.7549973 -77.0449982
v 1645.41504 78.8919983 -81.814003
v 1645.41504 78.8919983 -81.814003
v 1645.41504 71.7549973 -77.0449982
v 1647.05298 70.2129974 -80.7699966
v 1647.05298 76.0419998 -84.6640015
v 1628.84705 80.072998 -80.6330032
v 1628.84705 85.2040024 -88.310997
v 1624.89294 83.6610031 -88.9509964
v 1624.89294 78.8919983 -81.814003
v 1624.89294 78.8919983 -81.814003
v 1624.89294 83.6610031 -88.9509964
v 1623.255 79.935997 -90.4929962
v 1623.255 76.0419998 -84.6640015
v 1641.46106 85.2040024 -88.310997
v 1641.46106 80.072998 -80.6330032
v 1645.41504 78.8919983 -81.814003
v 1645.41504 83.6610031 -88.9509964
v 1645.41504 83.6610031 -88.9509964
v 1645.41504 78.8919983 -81.814003
v 1647.05298 76.0419998 -84.6640015
v 1647.05298 79.935997 -90.4929962
v 1628.84705 85.2040024 -88.310997
v 1628.84705 87.0059967 -97.3690033
v 1624.89294 85.3359985 -97.3690033
v 1624.89294 83.6610031 -88.9509964
v 1624.89294 83.6610031 -88.9509964
v 1624.89294 85.3359985 -97.3690033
v 1623.255 81.3040009 -97.3690033
v 1623.255 79.935997 -90.4929962
v 1641.46106 87.0059967 -97.3690033
v 1641.46106 85.2040024 -88.310997
v 1645.41504 83.6610031 -88.9509964
v 1645.41504 85.3359985 -97.3690033
v 1645.41504 85.3359985 -97.3690033
v 1645.41504 83.6610031 -88.9509964
v 1647.05298 79.935997 -90.4929962
v 1647.05298 81.3040009 -97.3690033
v 1628.84705 87.0059967 -97.3690033
v 1628.84705 85.2040024 -106.427002
v 1624.89294 83.6610031 -105.788002
v 1624.89294 85.3359985 -97.3690033
v 1624.89294 85.3359985 -97.3690033
v 1624.89294 83.6610031 -105.788002
v 1623.255 79.935997 -104.245003
v 1623.255 81.3040009 -97.3690033
v 1641.46106 85.2040024 -106.427002
v 1641.46106 87.0059967 -97.3690033
v 1645.41504 85.3359985 -97.3690033
v 1645.41504 83.6610031 -105.788002
v 1645.41504 83.6610031 -105.788002
v 1645.41504 85.3359985 -97.3690033
v 1647.05298 81.3040009 -97.3690033
v 1647.05298 79.935997 -104.245003
v 1628.84705 85.2040024 -106.427002
v 1628.84705 80.072998 -114.106003
v 1624.89294 78.8919983 -112.925003
v 1624.89294 83.6610031 -105.788002
v 1624.89294 83.6610031 -105.788002
v 1624.89294 78.8919983 -112.925003
v 1623.255 76.0419998 -110.073997
v 1623.255 79.935997 -104.245003
v 1641.46106 80.072998 -114.106003
v 1641.46106 85.2040024 -106.427002
v 1645.41504 83.6610031 -105.788002
v 1645.41504 78.8919983 -112.925003
v 1645.41504 78.8919983 -112.925003
v 1645.41504 83.6610031 -105.788002
v 1647.05298 79.935997 -104.245003
v 1647.05298 76.0419998 -110.073997
v 1628.84705 80.072998 -114.106003
v 1628.84705 72.3949966 -119.236
v 1624.89294 71.7549973 -117.693001
v 1624.89294 78.8919983 -112.925003
v 1624.89294 78.8919983 -112.925003
v 1624.89294 71.7549973 -117.693001
v 1623.255 70.2129974 -113.969002
v 1623.255 76.0419998 -110.073997
v 1641.46106 72.3949966 -119.236
v 1641.46106 80.072998 -114.106003
v 1645.41504 78.8919983 -112.925003
v 1645.41504 71.7549973 -117.693001
v 1645.41504 71.7549973 -117.693001
v 1645.41504 78.8919983 -112.925003
v 1647.05298 76.0419998 -110.073997
v 1647.05298 70.2129974 -113.969002
v 1628.84705 72.3949966 -119.236
v 1628.84705 63.3370018 -121.038002
v 1624.89294 63.3370018 -119.367996
v 1624.89294 71.7549973 -117.693001
v 1624.89294 71.7549973 -117.693001
v 1624.89294 63.3370018 -119.367996
v 1623.255 63.3370018 -115.335999
v 1623.255 70.2129974 -113.969002
v 1641.46106 63.3370018 -121.038002
v 1641.46106 72.3949966 -119.236
v 1645.41504 71.7549973 -117.693001
v 1645.41504 63.3370018 -119.367996
v 1645.41504 63.3370018 -119.367996
v 1645.41504 71.7549973 -117.693001
v 1647.05298 70.2129974 -113.969002
v 1647.05298 63.3370018 -115.335999
v 1623.255 63.3370018 -115.335999
v 1623.255 56.4609985 -113.969002
v 1623.255 50.632 -110.073997
v 1623.255 63.3370018 -115.335999
v 1623.255 50.632 -110.073997
v 1623.255 46.7369995 -104.245003
v 1623.255 76.0419998 -110.073997
v 1623.255 63.3370018 -115.335999
v 1623.255 76.0419998 -110.073997
v 1623.255 70.2129974 -113.969002
v 1623.255 46.7369995 -104.245003
v 1623.255 45.3699989 -97.3690033
v 1623.255 46.7369995 -90.4929962
v 1623.255 46.7369995 -104.245003
v 1623.255 46.7369995 -90.4929962
v 1623.255 70.2129974 -80.7699966
v 1623.255 76.0419998 -110.073997
v 1623.255 46.7369995 -90.4929962
v 1623.255 50.632 -84.6640015
v 1623.255 56.4609985 -80.7699966
v 1623.255 70.2129974 -80.7699966
v 1623.255 56.4609985 -80.7699966
v 1623.255 63.3370018 -79.4020004
v 1623.255 70.2129974 -80.7699966
v 1623.255 76.0419998 -110.073997
v 1623.255 70.2129974 -80.7699966
v 1623.255 76.0419998 -84.6640015
v 1623.255 81.3040009 -97.3690033
v 1623.255 76.0419998 -84.6640015
v 1623.255 79.935997 -90.4929962
v 1623.255 81.3040009 -97.3690033
v 1623.255 81.3040009 -97.3690033
v 1623.255 79.935997 -104.245003
v 1623.255 76.0419998 -110.073997
v 1646.078 56.8310013 -110.364998
v 1646.078 53.8199997 -108.352997
v 1647.05298 52.6520004 -108.054001
v 1647.05298 57.5540009 -111.330002
v 1646.078 49.5470009 -101.958
v 1646.078 48.8400002 -98.4059982
v 1647.05298 48.2260017 -97.3690033
v 1647.05298 49.3759995 -103.152
v 1646.078 50.3409996 -90.862999
v 1646.078 52.3530006 -87.8519974
v 1647.05298 52.6520004 -86.6839981
v 1647.05298 49.3759995 -91.5859985
v 1646.078 58.7480011 -83.5790024
v 1646.078 62.2999992 -82.8730011
v 1647.05298 63.3370018 -82.2580032
v 1647.05298 57.5540009 -83.4079971
v 1646.078 69.8430023 -84.3730011
v 1646.078 72.8539963 -86.3850021
v 1647.05298 74.0220032 -86.6839981
v 1647.05298 69.1200027 -83.4079971
v 1646.078 77.1269989 -92.7799988
v 1646.078 77.8330002 -96.3320007
v 1647.05298 78.447998 -97.3690033
v 1647.05298 77.2979965 -91.5859985
v 1646.078 76.3330002 -103.875
v 1646.078 74.3209991 -106.886002
v 1647.05298 74.0220032 -108.054001
v 1647.05298 77.2979965 -103.152
v 1646.078 67.9260025 -111.158997
v 1646.078 64.3740005 -111.865997
v 1647.05298 63.3370018 -112.480003
v 1647.05298 69.1200027 -111.330002
v 1636.87598 56.5439987 -105.628998
v 1636.87598 58.3050003 -106.806
v 1635.901 59.3409996 -107.015999
v 1635.901 55.9539986 -104.751999
v 1636.87598 52.6930008 -98.4059982
v 1636.87598 53.105999 -100.484001
v 1635.901 53.6899986 -101.364998
v 1635.901 52.8950005 -97.3690033
v 1636.87598 55.0769997 -90.5759964
v 1636.87598 53.9000015 -92.3379974
v 1635.901 53.6899986 -93.3730011
v 1635.901 55.9539986 -89.9860001
v 1636.87598 62.2999992 -86.7249985
v 1636.87598 60.2220001 -87.1389999
v 1635.901 59.3409996 -87.7220001
v 1635.901 63.3370018 -86.9280014
v 1636.87598 70.1299973 -89.1090012
v 1636.87598 68.3679962 -87.9329987
v 1635.901 67.3330002 -87.7220001
v 1635.901 70.7200012 -89.9860001
v 1636.87598 73.9810028 -96.3320007
v 1636.87598 73.5670013 -94.2539978
v 1635.901 72.9840012 -93.3730011
v 1635.901 73.7779999 -97.3690033
v 1636.87598 71.5970001 -104.162003
v 1636.87598 72.7730026 -102.401001
v 1635.901 72.9840012 -101.364998
v 1635.901 70.7200012 -104.751999
v 1636.87598 64.3740005 -108.013
v 1636.87598 66.4520035 -107.599998
v 1635.901 67.3330002 -107.015999
v 1635.901 63.3370018 -107.810997
v 1646.078 74.3209991 -106.886002
v 1636.87598 71.5970001 -104.162003
v 1635.901 70.7200012 -104.751999
v 1647.05298 74.0220032 -108.054001
v 1636.87598 66.4520035 -107.599998
v 1646.078 67.9260025 -111.158997
v 1647.05298 69.1200027 -111.330002
v 1635.901 67.3330002 -107.015999
v 1636.87598 60.2220001 -87.1389999
v 1646.078 58.7480011 -83.5790024
v 1647.05298 57.5540009 -83.4079971
v 1635.901 59.3409996 -87.7220001
v 1646.078 62.2999992 -82.8730011
v 1636.87598 62.2999992 -86.7249985
v 1635.901 63.3370018 -86.9280014
v 1647.05298 63.3370018 -82.2580032
v 1646.078 64.3740005 -111.865997
v 1636.87598 64.3740005 -108.013
v 1635.901 63.3370018 -107.810997
v 1647.05298 63.3370018 -112.480003
v 1636.87598 58.3050003 -106.806
v 1646.078 56.8310013 -110.364998
v 1647.05298 57.5540009 -111.330002
v 1635.901 59.3409996 -107.015999
v 1636.87598 68.3679962 -87.9329987
v 1646.078 69.8430023 -84.3730011
v 1647.05298 69.1200027 -83.4079971
v 1635.901 67.3330002 -87.7220001
v 1646.078 53.8199997 -108.352997
v 1636.87598 56.5439987 -105.628998
v 1635.901 55.9539986 -104.751999
v 1647.05298 52.6520004 -108.054001
v 1646.078 72.8539963 -86.3850021
v 1636.87598 70.1299973 -89.1090012
v 1635.901 70.7200012 -89.9860001
v 1647.05298 74.0220032 -86.6839981
v 1636.87598 53.105999 -100.484001
v 1646.078 49.5470009 -101.958
v 1647.05298 49.3759995 -103.152
v 1635.901 53.6899986 -101.364998
v 1636.87598 73.5670013 -94.2539978
v 1646.078 77.1269989 -92.7799988
v 1647.05298 77.2979965 -91.5859985
v 1635.901 72.9840012 -93.3730011
v 1646.078 48.8400002 -98.4059982
v 1636.87598 52.6930008 -98.4059982
v 1635.901 52.8950005 -97.3690033
v 1647.05298 48.2260017 -97.3690033
v 1646.078 77.8330002 -96.3320007
v 1636.87598 73.9810028 -96.3320007
v 1635.901 73.7779999 -97.3690033
v 1647.05298 78.447998 -97.3690033
v 1636.87598 53.9000015 -92.3379974
v 1646.078 50.3409996 -90.862999
v 1647.05298 49.3759995 -91.5859985
v 1635.901 53.6899986 -93.3730011
v 1636.87598 72.7730026 -102.401001
v 1646.078 76.3330002 -103.875
v 1647.05298 77.2979965 -103.152
v 1635.901 72.9840012 -101.364998
v 1646.078 52.3530006 -87.8519974
v 1636.87598 55.0769997 -90.5759964
v 1635.901 55.9539986 -89.9860001
v 1647.05298 52.6520004 -86.6839981
v 1643.65698 64.0059967 -91.4499969
v 1643.65698 60.4539986 -92.1559982
v 1634.45605 61.9280014 -95.7160034
v 1634.45605 64.0059967 -95.302002
v 1643.65698 62.6679993 -103.289001
v 1643.65698 66.2200012 -102.582001
v 1634.45605 64.7460022 -99.0230026
v 1634.45605 62.6679993 -99.435997
v 1643.65698 58.6780014 -101.082001
v 1643.65698 61.6889992 -103.094002
v 1634.45605 63.1640015 -99.5350037
v 1634.45605 61.4029999 -98.3580017
v 1643.65698 67.9950027 -93.6559982
v 1643.65698 64.9840012 -91.6439972
v 1634.45605 63.5099983 -95.2040024
v 1634.45605 65.2710037 -96.3809967
v 1643.65698 57.4169998 -96.6999969
v 1643.65698 58.1240005 -100.251999
v 1634.45605 61.6829987 -98.7779999
v 1634.45605 61.2700005 -96.6999969
v 1643.65698 69.2559967 -98.038002
v 1643.65698 68.5500031 -94.4860001
v 1634.45605 64.9899979 -95.9599991
v 1634.45605 65.4039993 -98.038002
v 1643.65698 59.6240005 -92.7109985
v 1643.65698 57.6119995 -95.7220001
v 1634.45605 61.1710014 -97.1959991
v 1634.45605 62.3479996 -95.4349976
v 1643.65698 67.0500031 -102.028
v 1643.65698 69.0619965 -99.0169983
v 1634.45605 65.5019989 -97.5419998
v 1634.45605 64.3249969 -99.3030014
v 1646.078 67.9260025 -111.158997
v 1636.87598 66.4520035 -107.599998
v 1634.45605 64.7460022 -99.0230026
v 1643.65698 66.2200012 -102.582001
v 1646.078 72.8539963 -86.3850021
v 1646.078 69.8430023 -84.3730011
v 1643.65698 64.9840012 -91.6439972
v 1643.65698 67.9950027 -93.6559982
v 1636.87598 55.0769997 -90.5759964
v 1646.078 52.3530006 -87.8519974
v 1643.65698 59.6240005 -92.7109985
v 1634.45605 62.3479996 -95.4349976
v 1646.078 58.7480011 -83.5790024
v 1636.87598 60.2220001 -87.1389999
v 1634.45605 61.9280014 -95.7160034
v 1643.65698 60.4539986 -92.1559982
v 1646.078 77.8330002 -96.3320007
v 1646.078 77.1269989 -92.7799988
v 1643.65698 68.5500031 -94.4860001
v 1643.65698 69.2559967 -98.038002
v 1636.87598 62.2999992 -86.7249985
v 1646.078 62.2999992 -82.8730011
v 1643.65698 64.0059967 -91.4499969
v 1634.45605 64.0059967 -95.302002
v 1646.078 74.3209991 -106.886002
v 1646.078 76.3330002 -103.875
v 1643.65698 69.0619965 -99.0169983
v 1643.65698 67.0500031 -102.028
v 1636.87598 64.3740005 -108.013
v 1646.078 64.3740005 -111.865997
v 1643.65698 62.6679993 -103.289001
v 1634.45605 62.6679993 -99.435997
v 1646.078 64.3740005 -111.865997
v 1646.078 67.9260025 -111.158997
v 1643.65698 66.2200012 -102.582001
v 1643.65698 62.6679993 -103.289001
v 1646.078 56.8310013 -110.364998
v 1636.87598 58.3050003 -106.806
v 1634.45605 63.1640015 -99.5350037
v 1643.65698 61.6889992 -103.094002
v 1636.87598 58.3050003 -106.806
v 1636.87598 56.5439987 -105.628998
v 1634.45605 61.4029999 -98.3580017
v 1634.45605 63.1640015 -99.5350037
v 1646.078 69.8430023 -84.3730011
v 1636.87598 68.3679962 -87.9329987
v 1634.45605 63.5099983 -95.2040024
v 1643.65698 64.9840012 -91.6439972
v 1636.87598 53.105999 -100.484001
v 1636.87598 52.6930008 -98.4059982
v 1634.45605 61.2700005 -96.6999969
v 1634.45605 61.6829987 -98.7779999
v 1636.87598 56.5439987 -105.628998
v 1646.078 53.8199997 -108.352997
v 1643.65698 58.6780014 -101.082001
v 1634.45605 61.4029999 -98.3580017
v 1636.87598 53.9000015 -92.3379974
v 1636.87598 55.0769997 -90.5759964
v 1634.45605 62.3479996 -95.4349976
v 1634.45605 61.1710014 -97.1959991
v 1636.87598 70.1299973 -89.1090012
v 1646.078 72.8539963 -86.3850021
v 1643.65698 67.9950027 -93.6559982
v 1634.45605 65.2710037 -96.3809967
v 1636.87598 60.2220001 -87.1389999
v 1636.87598 62.2999992 -86.7249985
v 1634.45605 64.0059967 -95.302002
v 1634.45605 61.9280014 -95.7160034
v 1646.078 49.5470009 -101.958
v 1636.87598 53.105999 -100.484001
v 1634.45605 61.6829987 -98.7779999
v 1643.65698 58.1240005 -100.251999
v 1636.87598 68.3679962 -87.9329987
v 1636.87598 70.1299973 -89.1090012
v 1634.45605 65.2710037 -96.3809967
v 1634.45605 63.5099983 -95.2040024
v 1646.078 77.1269989 -92.7799988
v 1636.87598 73.5670013 -94.2539978
v 1634.45605 64.9899979 -95.9599991
v 1643.65698 68.5500031 -94.4860001
v 1636.87598 73.5670013 -94.2539978
v 1636.87598 73.9810028 -96.3320007
v 1634.45605 65.4039993 -98.038002
v 1634.45605 64.9899979 -95.9599991
v 1646.078 53.8199997 -108.352997
v 1646.078 56.8310013 -110.364998
v 1643.65698 61.6889992 -103.094002
v 1643.65698 58.6780014 -101.082001
v 1636.87598 52.6930008 -98.4059982
v 1646.078 48.8400002 -98.4059982
v 1643.65698 57.4169998 -96.6999969
v 1634.45605 61.2700005 -96.6999969
v 1636.87598 72.7730026 -102.401001
v 1636.87598 71.5970001 -104.162003
v 1634.45605 64.3249969 -99.3030014
v 1634.45605 65.5019989 -97.5419998
v 1646.01794 63.3370018 -102.051003
v 1646.01794 61.5449982 -101.695
v 1646.01794 61.1339989 -102.685997
v 1646.01794 63.3370018 -103.125
v 1646.01794 61.5449982 -101.695
v 1646.01794 60.026001 -100.68
v 1646.01794 59.2669983 -101.439003
v 1646.01794 61.1339989 -102.685997
v 1646.01794 60.026001 -100.68
v 1646.01794 59.0110016 -99.1610031
v 1646.01794 58.0200005 -99.5719986
v 1646.01794 59.2669983 -101.439003
v 1646.01794 59.0110016 -99.1610031
v 1646.01794 58.6549988 -97.3690033
v 1646.01794 57.5810013 -97.3690033
v 1646.01794 58.0200005 -99.5719986
v 1646.01794 58.6549988 -97.3690033
v 1646.01794 59.0110016 -95.5770035
v 1646.01794 58.0200005 -95.1669998
v 1646.01794 57.5810013 -97.3690033
v 1646.01794 59.0110016 -95.5770035
v 1646.01794 60.026001 -94.0589981
v 1646.01794 59.2669983 -93.2990036
v 1646.01794 58.0200005 -95.1669998
v 1646.01794 60.026001 -94.0589981
v 1646.01794 61.5449982 -93.0439987
v 1646.01794 61.1339989 -92.052002
v 1646.01794 59.2669983 -93.2990036
v 1646.01794 61.5449982 -93.0439987
v 1646.01794 63.3370018 -92.6869965
v 1646.01794 63.3370018 -91.6139984
v 1646.01794 61.1339989 -92.052002
v 1646.01794 63.3370018 -92.6869965
v 1646.01794 65.1289978 -93.0439987
v 1646.01794 65.5390015 -92.052002
v 1646.01794 63.3370018 -91.6139984
v 1646.01794 65.1289978 -93.0439987
v 1646.01794 66.6470032 -94.0589981
v 1646.01794 67.4069977 -93.2990036
v 1646.01794 65.5390015 -92.052002
v 1646.01794 66.6470032 -94.0589981
v 1646.01794 67.6620026 -95.5770035
v 1646.01794 68.6539993 -95.1669998
v 1646.01794 67.4069977 -93.2990036
v 1646.01794 67.6620026 -95.5770035
v 1646.01794 68.0189972 -97.3690033
v 1646.01794 69.0920029 -97.3690033
v 1646.01794 68.6539993 -95.1669998
v 1646.01794 68.0189972 -97.3690033
v 1646.01794 67.6620026 -99.1610031
v 1646.01794 68.6539993 -99.5719986
v 1646.01794 69.0920029 -97.3690033
v 1646.01794 67.6620026 -99.1610031
v 1646.01794 66.6470032 -100.68
v 1646.01794 67.4069977 -101.439003
v 1646.01794 68.6539993 -99.5719986
v 1646.01794 66.6470032 -100.68
v 1646.01794 65.1289978 -101.695
v 1646.01794 65.5390015 -102.685997
v 1646.01794 67.4069977 -101.439003
v 1646.01794 65.1289978 -101.695
v 1646.01794 63.3370018 -102.051003
v 1646.01794 63.3370018 -103.125
v 1646.01794 65.5390015 -102.685997
v 1646.58899 62.0880013 -100.384003
v 1646.58899 63.3370018 -100.633003
v 1646.58899 64.5859985 -100.384003
v 1646.58899 66.3519974 -98.6179962
v 1646.58899 60.0730019 -97.3690033
v 1646.58899 62.0880013 -100.384003
v 1646.58899 66.3519974 -98.6179962
v 1646.58899 64.5859985 -94.3539963
v 1646.58899 62.0880013 -100.384003
v 1646.58899 60.0730019 -97.3690033
v 1646.58899 60.3219986 -98.6179962
v 1646.58899 61.0289993 -99.677002
v 1646.58899 64.5859985 -100.384003
v 1646.58899 65.6449966 -99.677002
v 1646.58899 66.3519974 -98.6179962
v 1646.58899 66.3519974 -98.6179962
v 1646.58899 66.6009979 -97.3690033
v 1646.58899 66.3519974 -96.1200027
v 1646.58899 64.5859985 -94.3539963
v 1646.58899 66.3519974 -96.1200027
v 1646.58899 65.6449966 -95.060997
v 1646.58899 64.5859985 -94.3539963
v 1646.58899 60.0730019 -97.3690033
v 1646.58899 64.5859985 -94.3539963
v 1646.58899 63.3370018 -94.1050034
v 1646.58899 62.0880013 -94.3539963
v 1646.58899 62.0880013 -94.3539963
v 1646.58899 61.0289993 -95.060997
v 1646.58899 60.3219986 -96.1200027
v 1646.58899 60.0730019 -97.3690033
v 1646.01794 61.5449982 -101.695
v 1646.01794 63.3370018 -102.051003
v 1644.22498 63.3370018 -102.051003
v 1644.22498 61.5449982 -101.695
v 1646.01794 63.3370018 -102.051003
v 1646.01794 65.1289978 -101.695
v 1644.22498 65.1289978 -101.695
v 1644.22498 63.3370018 -102.051003
v 1646.01794 65.1289978 -93.0439987
v 1646.01794 63.3370018 -92.6869965
v 1644.22498 63.3370018 -92.6869965
v 1644.22498 65.1289978 -93.0439987
v 1646.01794 60.026001 -100.68
v 1646.01794 61.5449982 -101.695
v 1644.22498 61.5449982 -101.695
v 1644.22498 60.026001 -100.68
v 1646.01794 66.6470032 -94.0589981
v 1646.01794 65.1289978 -93.0439987
v 1644.22498 65.1289978 -93.0439987
v 1644.22498 66.6470032 -94.0589981
v 1646.01794 59.0110016 -99.1610031
v 1646.01794 60.026001 -100.68
v 1644.22498 60.026001 -100.68
v 1644.22498 59.0110016 -99.1610031
v 1646.01794 67.6620026 -95.5770035
v 1646.01794 66.6470032 -94.0589981
v 1644.22498 66.6470032 -94.0589981
v 1644.22498 67.6620026 -95.5770035
v 1646.01794 58.6549988 -97.3690033
v 1646.01794 59.0110016 -99.1610031
v 1644.22498 59.0110016 -99.1610031
v 1644.22498 58.6549988 -97.3690033
v 1646.01794 68.0189972 -97.3690033
v 1646.01794 67.6620026 -95.5770035
v 1644.22498 67.6620026 -95.5770035
v 1644.22498 68.0189972 -97.3690033
v 1646.01794 59.0110016 -95.5770035
v 1646.01794 58.6549988 -97.3690033
v 1644.22498 58.6549988 -97.3690033
v 1644.22498 59.0110016 -95.5770035
v 1646.01794 67.6620026 -99.1610031
v 1646.01794 68.0189972 -97.3690033
v 1644.22498 68.0189972 -97.3690033
v 1644.22498 67.6620026 -99.1610031
v 1646.01794 60.026001 -94.0589981
v 1646.01794 59.0110016 -95.5770035
v 1644.22498 59.0110016 -95.5770035
v 1644.22498 60.026001 -94.0589981
v 1646.01794 66.6470032 -100.68
v 1646.01794 67.6620026 -99.1610031
v 1644.22498 67.6620026 -99.1610031
v 1644.22498 66.6470032 -100.68
v 1646.01794 61.5449982 -93.0439987
v 1646.01794 60.026001 -94.0589981
v 1644.22498 60.026001 -94.0589981
v 1644.22498 61.5449982 -93.0439987
v 1646.01794 65.1289978 -101.695
v 1646.01794 66.6470032 -100.68
v 1644.22498 66.6470032 -100.68
v 1644.22498 65.1289978 -101.695
v 1646.58899 63.3370018 -100.633003
v 1646.58899 62.0880013 -100.384003
v 1644.22498 61.5449982 -101.695
v 1644.22498 63.3370018 -102.051003
v 1646.58899 62.0880013 -100.384003
v 1646.58899 61.0289993 -99.677002
v 1644.22498 60.026001 -100.68
v 1644.22498 61.5449982 -101.695
v 1646.58899 61.0289993 -99.677002
v 1646.58899 60.3219986 -98.6179962
v 1644.22498 59.0110016 -99.1610031
v 1644.22498 60.026001 -100.68
v 1646.58899 60.3219986 -98.6179962
v 1646.58899 60.0730019 -97.3690033
v 1644.22498 58.6549988 -97.3690033
v 1644.22498 59.0110016 -99.1610031
v 1646.58899 60.0730019 -97.3690033
v 1646.58899 60.3219986 -96.1200027
v 1644.22498 59.0110016 -95.5770035
v 1644.22498 58.6549988 -97.3690033
v 1646.58899 60.3219986 -96.1200027
v 1646.58899 61.0289993 -95.060997
v 1644.22498 60.026001 -94.0589981
v 1644.22498 59.0110016 -95.5770035
v 1646.58899 61.0289993 -95.060997
v 1646.58899 62.0880013 -94.3539963
v 1644.22498 61.5449982 -93.0439987
v 1644.22498 60.026001 -94.0589981
v 1646.58899 62.0880013 -94.3539963
v 1646.58899 63.3370018 -94.1050034
v 1644.22498 63.3370018 -92.6869965
v 1644.22498 61.5449982 -93.0439987
v 1646.58899 63.3370018 -94.1050034
v 1646.58899 64.5859985 -94.3539963
v 1644.22498 65.1289978 -93.0439987
v 1644.22498 63.3370018 -92.6869965
v 1646.58899 64.5859985 -94.3539963
v 1646.58899 65.6449966 -95.060997
v 1644.22498 66.6470032 -94.0589981
v 1644.22498 65.1289978 -93.0439987
v 1646.58899 65.6449966 -95.060997
v 1646.58899 66.3519974 -96.1200027
v 1644.22498 67.6620026 -95.5770035
v 1644.22498 66.6470032 -94.0589981
v 1646.58899 66.3519974 -96.1200027
v 1646.58899 66.6009979 -97.3690033
v 1644.22498 68.0189972 -97.3690033
v 1644.22498 67.6620026 -95.5770035
v 1646.58899 66.6009979 -97.3690033
v 1646.58899 66.3519974 -98.6179962
v 1644.22498 67.6620026 -99.1610031
v 1644.22498 68.0189972 -97.3690033
v 1646.58899 66.3519974 -98.6179962
v 1646.58899 65.6449966 -99.677002
v 1644.22498 66.6470032 -100.68
v 1644.22498 67.6620026 -99.1610031
v 1646.58899 65.6449966 -99.677002
v 1646.58899 64.5859985 -100.384003
v 1644.22498 65.1289978 -101.695
v 1644.22498 66.6470032 -100.68
v 1646.58899 64.5859985 -100.384003
v 1646.58899 63.3370018 -100.633003
v 1644.22498 63.3370018 -102.051003
v 1644.22498 65.1289978 -101.695
v 1628.50195 72.8899994 84.1409988
v 1641.80603 72.8899994 84.1409988
v 1641.80603 63.3370018 82.2409973
v 1628.50195 63.3370018 82.2409973
v 1628.50195 45.6850014 89.5530014
v 1641.80603 45.6850014 89.5530014
v 1641.80603 40.2729988 97.6520004
v 1628.50195 40.2729988 97.6520004
v 1628.50195 40.2729988 97.6520004
v 1641.80603 40.2729988 97.6520004
v 1641.80603 38.3730011 107.205002
v 1628.50195 38.3730011 107.205002
v 1628.50195 38.3730011 107.205002
v 1641.80603 38.3730011 107.205002
v 1641.80603 40.2729988 116.759003
v 1628.50195 40.2729988 116.759003
v 1628.50195 40.2729988 116.759003
v 1641.80603 40.2729988 116.759003
v 1641.80603 45.6850014 124.857002
v 1628.50195 45.6850014 124.857002
v 1628.50195 45.6850014 124.857002
v 1641.80603 45.6850014 124.857002
v 1641.80603 53.7830009 130.268997
v 1628.50195 53.7830009 130.268997
v 1628.50195 53.7830009 130.268997
v 1641.80603 53.7830009 130.268997
v 1641.80603 63.3370018 132.169006
v 1628.50195 63.3370018 132.169006
v 1628.50195 63.3370018 132.169006
v 1641.80603 63.3370018 132.169006
v 1641.80603 72.8899994 130.268997
v 1628.50195 72.8899994 130.268997
v 1628.50195 72.8899994 130.268997
v 1641.80603 72.8899994 130.268997
v 1641.80603 80.9889984 124.857002
v 1628.50195 80.9889984 124.857002
v 1628.50195 80.9889984 124.857002
v 1641.80603 80.9889984 124.857002
v 1641.80603 86.401001 116.759003
v 1628.50195 86.401001 116.759003
v 1628.50195 86.401001 116.759003
v 1641.80603 86.401001 116.759003
v 1641.80603 88.3010025 107.205002
v 1628.50195 88.3010025 107.205002
v 1628.50195 88.3010025 107.205002
v 1641.80603 88.3010025 107.205002
v 1641.80603 86.401001 97.6520004
v 1628.50195 86.401001 97.6520004
v 1628.50195 86.401001 97.6520004
v 1641.80603 86.401001 97.6520004
v 1641.80603 80.9889984 89.5530014
v 1628.50195 80.9889984 89.5530014
v 1628.50195 80.9889984 89.5530014
v 1641.80603 80.9889984 89.5530014
v 1641.80603 72.8899994 84.1409988
v 1628.50195 72.8899994 84.1409988
v 1647.05298 52.6520004 96.5199966
v 1647.05298 57.5540009 93.2440033
v 1635.901 59.3409996 97.5579987
v 1635.901 55.9539986 99.8219986
v 1647.05298 75.4240036 95.1179962
v 1647.05298 69.8779984 91.4120026
v 1646.64404 70.2559967 90.637001
v 1646.64404 75.802002 94.3430023
v 1628.50195 53.7830009 84.1409988
v 1641.80603 53.7830009 84.1409988
v 1641.80603 45.6850014 89.5530014
v 1628.50195 45.6850014 89.5530014
v 1628.50195 63.3370018 82.2409973
v 1641.80603 63.3370018 82.2409973
v 1641.80603 53.7830009 84.1409988
v 1628.50195 53.7830009 84.1409988
v 1647.05298 63.3370018 90.1110001
v 1647.05298 56.7949982 91.4120026
v 1646.64404 57.1730003 90.637001
v 1646.64404 63.7150002 89.3359985
v 1647.05298 79.1299973 100.664001
v 1647.05298 75.4240036 95.1179962
v 1646.64404 75.802002 94.3430023
v 1646.64404 79.5080032 99.8880005
v 1647.05298 45.3699989 107.205002
v 1647.05298 46.7369995 100.329002
v 1646.64404 47.1150017 99.5540009
v 1646.64404 45.7480011 106.43
v 1647.05298 63.3370018 125.171997
v 1647.05298 56.4609985 123.805
v 1646.64404 56.8390007 123.028999
v 1646.64404 63.7150002 124.397003
v 1647.05298 81.3040009 107.205002
v 1647.05298 79.935997 114.081001
v 1646.64404 80.314003 113.306
v 1646.64404 81.6819992 106.43
v 1647.05298 80.4309998 107.205002
v 1647.05298 79.1299973 100.664001
v 1646.64404 79.5080032 99.8880005
v 1646.64404 80.8089981 106.43
v 1647.05298 79.1299973 113.747002
v 1647.05298 80.4309998 107.205002
v 1646.64404 80.8089981 106.43
v 1646.64404 79.5080032 112.971001
v 1647.05298 75.4240036 119.292
v 1647.05298 79.1299973 113.747002
v 1646.64404 79.5080032 112.971001
v 1646.64404 75.802002 118.516998
v 1647.05298 56.4609985 90.6060028
v 1647.05298 63.3370018 89.237999
v 1646.64404 63.7150002 88.4629974
v 1646.64404 56.8390007 89.8300018
v 1647.05298 46.7369995 114.081001
v 1647.05298 45.3699989 107.205002
v 1646.64404 45.7480011 106.43
v 1646.64404 47.1150017 113.306
v 1647.05298 70.2129974 123.805
v 1647.05298 63.3370018 125.171997
v 1646.64404 63.7150002 124.397003
v 1646.64404 70.5910034 123.028999
v 1647.05298 69.8779984 122.998001
v 1647.05298 75.4240036 119.292
v 1646.64404 75.802002 118.516998
v 1646.64404 70.2559967 122.223
v 1647.05298 79.935997 100.329002
v 1647.05298 81.3040009 107.205002
v 1646.64404 81.6819992 106.43
v 1646.64404 80.314003 99.5540009
v 1647.05298 63.3370018 89.237999
v 1647.05298 70.2129974 90.6060028
v 1646.64404 70.5910034 89.8300018
v 1646.64404 63.7150002 88.4629974
v 1647.05298 63.3370018 124.299004
v 1647.05298 69.8779984 122.998001
v 1646.64404 70.2559967 122.223
v 1646.64404 63.7150002 123.524002
v 1647.05298 63.3370018 92.0940018
v 1647.05298 57.5540009 93.2440033
v 1647.05298 56.7949982 91.4120026
v 1647.05298 63.3370018 90.1110001
v 1647.05298 57.5540009 93.2440033
v 1647.05298 52.6520004 96.5199966
v 1647.05298 51.25 95.1179962
v 1647.05298 56.7949982 91.4120026
v 1647.05298 52.6520004 96.5199966
v 1647.05298 49.3759995 101.421997
v 1647.05298 47.5439987 100.664001
v 1647.05298 51.25 95.1179962
v 1647.05298 49.3759995 101.421997
v 1647.05298 48.2260017 107.205002
v 1647.05298 46.243 107.205002
v 1647.05298 47.5439987 100.664001
v 1647.05298 48.2260017 107.205002
v 1647.05298 49.3759995 112.987999
v 1647.05298 47.5439987 113.747002
v 1647.05298 46.243 107.205002
v 1647.05298 49.3759995 112.987999
v 1647.05298 52.6520004 117.889999
v 1647.05298 51.25 119.292
v 1647.05298 47.5439987 113.747002
v 1647.05298 52.6520004 117.889999
v 1647.05298 57.5540009 121.166
v 1647.05298 56.7949982 122.998001
v 1647.05298 51.25 119.292
v 1647.05298 57.5540009 121.166
v 1647.05298 63.3370018 122.316002
v 1647.05298 63.3370018 124.299004
v 1647.05298 56.7949982 122.998001
v 1647.05298 63.3370018 122.316002
v 1647.05298 69.1200027 121.166
v 1647.05298 69.8779984 122.998001
v 1647.05298 63.3370018 124.299004
v 1647.05298 69.1200027 121.166
v 1647.05298 74.0220032 117.889999
v 1647.05298 75.4240036 119.292
v 1647.05298 69.8779984 122.998001
v 1647.05298 74.0220032 117.889999
v 1647.05298 77.2979965 112.987999
v 1647.05298 79.1299973 113.747002
v 1647.05298 75.4240036 119.292
v 1647.05298 77.2979965 112.987999
v 1647.05298 78.447998 107.205002
v 1647.05298 80.4309998 107.205002
v 1647.05298 79.1299973 113.747002
v 1647.05298 78.447998 107.205002
v 1647.05298 77.2979965 101.421997
v 1647.05298 79.1299973 100.664001
v 1647.05298 80.4309998 107.205002
v 1647.05298 77.2979965 101.421997
v 1647.05298 74.0220032 96.5199966
v 1647.05298 75.4240036 95.1179962
v 1647.05298 79.1299973 100.664001
v 1647.05298 74.0220032 96.5199966
v 1647.05298 69.1200027 93.2440033
v 1647.05298 69.8779984 91.4120026
v 1647.05298 75.4240036 95.1179962
v 1647.05298 69.1200027 93.2440033
v 1647.05298 63.3370018 92.0940018
v 1647.05298 63.3370018 90.1110001
v 1647.05298 69.8779984 91.4120026
v 1635.901 71.4020004 107.205002
v 1635.901 70.788002 110.291
v 1645.802 68.4260025 109.313004
v 1645.802 68.8460007 107.205002
v 1647.05298 74.0220032 117.889999
v 1647.05298 69.1200027 121.166
v 1635.901 67.3330002 116.851997
v 1635.901 70.7200012 114.587997
v 1646.078 50.3409996 100.698997
v 1646.078 52.3530006 97.6880035
v 1643.65698 59.6240005 102.546997
v 1643.65698 57.6119995 105.557999
v 1636.87598 73.9810028 106.167999
v 1636.87598 73.5670013 104.089996
v 1634.45605 64.9899979 105.795998
v 1634.45605 65.4039993 107.874001
v 1647.05298 48.2260017 107.205002
v 1647.05298 49.3759995 101.421997
v 1635.901 53.6899986 103.209
v 1635.901 52.8950005 107.205002
v 1647.05298 78.447998 107.205002
v 1647.05298 77.2979965 112.987999
v 1635.901 72.9840012 111.200996
v 1635.901 73.7779999 107.205002
v 1646.078 72.8539963 96.2210007
v 1636.87598 70.1299973 98.9449997
v 1634.45605 65.2710037 106.217003
v 1643.65698 67.9950027 103.491997
v 1646.078 58.7480011 93.4150009
v 1646.078 62.2999992 92.7089996
v 1643.65698 64.0059967 101.286003
v 1643.65698 60.4539986 101.991997
v 1647.05298 52.6520004 117.889999
v 1647.05298 49.3759995 112.987999
v 1635.901 53.6899986 111.200996
v 1635.901 55.9539986 114.587997
v 1647.05298 74.0220032 96.5199966
v 1647.05298 77.2979965 101.421997
v 1635.901 72.9840012 103.209
v 1635.901 70.7200012 99.8219986
v 1636.87598 71.5970001 113.998001
v 1636.87598 72.7730026 112.237
v 1634.45605 65.5019989 107.377998
v 1634.45605 64.3249969 109.139
v 1646.078 53.8199997 118.189003
v 1636.87598 56.5439987 115.464996
v 1634.45605 61.4029999 108.194
v 1643.65698 58.6780014 110.917999
v 1647.05298 63.3370018 122.316002
v 1647.05298 57.5540009 121.166
v 1635.901 59.3409996 116.851997
v 1635.901 63.3370018 117.647003
v 1636.87598 64.3740005 117.848999
v 1636.87598 66.4520035 117.435997
v 1634.45605 64.7460022 108.859001
v 1634.45605 62.6679993 109.272003
v 1647.05298 63.3370018 92.0940018
v 1647.05298 69.1200027 93.2440033
v 1635.901 67.3330002 97.5579987
v 1635.901 63.3370018 96.7639999
v 1636.87598 73.5670013 104.089996
v 1646.078 77.1269989 102.615997
v 1643.65698 68.5500031 104.321999
v 1634.45605 64.9899979 105.795998
v 1635.901 63.3370018 99.1399994
v 1635.901 60.2509995 99.7539978
v 1635.901 59.3409996 97.5579987
v 1635.901 63.3370018 96.7639999
v 1635.901 60.2509995 99.7539978
v 1635.901 57.6339989 101.501999
v 1635.901 55.9539986 99.8219986
v 1635.901 59.3409996 97.5579987
v 1635.901 57.6339989 101.501999
v 1635.901 55.8860016 104.119003
v 1635.901 53.6899986 103.209
v 1635.901 55.9539986 99.8219986
v 1635.901 55.8860016 104.119003
v 1635.901 55.2719994 107.205002
v 1635.901 52.8950005 107.205002
v 1635.901 53.6899986 103.209
v 1635.901 55.2719994 107.205002
v 1635.901 55.8860016 110.291
v 1635.901 53.6899986 111.200996
v 1635.901 52.8950005 107.205002
v 1635.901 55.8860016 110.291
v 1635.901 57.6339989 112.907997
v 1635.901 55.9539986 114.587997
v 1635.901 53.6899986 111.200996
v 1635.901 57.6339989 112.907997
v 1635.901 60.25 114.655998
v 1635.901 59.3409996 116.851997
v 1635.901 55.9539986 114.587997
v 1635.901 60.25 114.655998
v 1635.901 63.3370018 115.269997
v 1635.901 63.3370018 117.647003
v 1635.901 59.3409996 116.851997
v 1635.901 63.3370018 115.269997
v 1635.901 66.4229965 114.655998
v 1635.901 67.3330002 116.851997
v 1635.901 63.3370018 117.647003
v 1635.901 66.4229965 114.655998
v 1635.901 69.0400009 112.907997
v 1635.901 70.7200012 114.587997
v 1635.901 67.3330002 116.851997
v 1635.901 69.0400009 112.907997
v 1635.901 70.788002 110.291
v 1635.901 72.9840012 111.200996
v 1635.901 70.7200012 114.587997
v 1635.901 70.788002 110.291
v 1635.901 71.4020004 107.205002
v 1635.901 73.7779999 107.205002
v 1635.901 72.9840012 111.200996
v 1635.901 71.4020004 107.205002
v 1635.901 70.788002 104.119003
v 1635.901 72.9840012 103.209
v 1635.901 73.7779999 107.205002
v 1635.901 70.788002 104.119003
v 1635.901 69.0400009 101.501999
v 1635.901 70.7200012 99.8219986
v 1635.901 72.9840012 103.209
v 1635.901 69.0400009 101.501999
v 1635.901 66.4229965 99.7539978
v 1635.901 67.3330002 97.5579987
v 1635.901 70.7200012 99.8219986
v 1635.901 66.4229965 99.7539978
v 1635.901 63.3370018 99.1399994
v 1635.901 63.3370018 96.7639999
v 1635.901 67.3330002 97.5579987
v 1645.802 61.6399994 111.303001
v 1645.802 60.2010002 110.341003
v 1644.00903 60.2010002 110.341003
v 1644.00903 61.6399994 111.303001
v 1635.901 55.8860016 110.291
v 1635.901 55.2719994 107.205002
v 1645.802 57.8279991 107.205002
v 1645.802 58.2470016 109.313004
v 1635.901 70.788002 104.119003
v 1635.901 71.4020004 107.205002
v 1645.802 68.8460007 107.205002
v 1645.802 68.4260025 105.097
v 1635.901 57.6339989 112.907997
v 1635.901 55.8860016 110.291
v 1645.802 58.2470016 109.313004
v 1645.802 59.4420013 111.099998
v 1635.901 69.0400009 101.501999
v 1635.901 70.788002 104.119003
v 1645.802 68.4260025 105.097
v 1645.802 67.2320023 103.309998
v 1635.901 60.25 114.655998
v 1635.901 57.6339989 112.907997
v 1645.802 59.4420013 111.099998
v 1645.802 61.2290001 112.294998
v 1635.901 66.4229965 99.7539978
v 1635.901 69.0400009 101.501999
v 1645.802 67.2320023 103.309998
v 1645.802 65.4449997 102.115997
v 1635.901 63.3370018 115.269997
v 1635.901 60.25 114.655998
v 1645.802 61.2290001 112.294998
v 1645.802 63.3370018 112.713997
v 1635.901 60.2509995 99.7539978
v 1635.901 63.3370018 99.1399994
v 1645.802 63.3370018 101.695999
v 1645.802 61.2290001 102.115997
v 1635.901 63.3370018 99.1399994
v 1635.901 66.4229965 99.7539978
v 1645.802 65.4449997 102.115997
v 1645.802 63.3370018 101.695999
v 1635.901 66.4229965 114.655998
v 1635.901 63.3370018 115.269997
v 1645.802 63.3370018 112.713997
v 1645.802 65.4449997 112.294998
v 1635.901 57.6339989 101.501999
v 1635.901 60.2509995 99.7539978
v 1645.802 61.2290001 102.115997
v 1645.802 59.4420013 103.309998
v 1635.901 69.0400009 112.907997
v 1635.901 66.4229965 114.655998
v 1645.802 65.4449997 112.294998
v 1645.802 67.2320023 111.099998
v 1635.901 55.8860016 104.119003
v 1635.901 57.6339989 101.501999
v 1645.802 59.4420013 103.309998
v 1645.802 58.2470016 105.097
v 1635.901 70.788002 110.291
v 1635.901 69.0400009 112.907997
v 1645.802 67.2320023 111.099998
v 1645.802 68.4260025 109.313004
v 1635.901 55.2719994 107.205002
v 1635.901 55.8860016 104.119003
v 1645.802 58.2470016 105.097
v 1645.802 57.8279991 107.205002
v 1628.50195 63.3370018 82.2409973
v 1628.50195 53.7830009 84.1409988
v 1624.89294 54.9179993 86.8809967
v 1624.89294 63.3370018 85.2060013
v 1624.89294 63.3370018 85.2060013
v 1624.89294 54.9179993 86.8809967
v 1623.255 56.4609985 90.6060028
v 1623.255 63.3370018 89.237999
v 1641.80603 53.7830009 84.1409988
v 1641.80603 63.3370018 82.2409973
v 1645.41504 63.3370018 85.2060013
v 1645.41504 54.9179993 86.8809967
v 1645.41504 54.9179993 86.8809967
v 1645.41504 63.3370018 85.2060013
v 1647.05298 63.3370018 89.237999
v 1647.05298 56.4609985 90.6060028
v 1628.50195 53.7830009 84.1409988
v 1628.50195 45.6850014 89.5530014
v 1624.89294 47.7809982 91.6500015
v 1624.89294 54.9179993 86.8809967
v 1624.89294 54.9179993 86.8809967
v 1624.89294 47.7809982 91.6500015
v 1623.255 50.632 94.5
v 1623.255 56.4609985 90.6060028
v 1641.80603 45.6850014 89.5530014
v 1641.80603 53.7830009 84.1409988
v 1645.41504 54.9179993 86.8809967
v 1645.41504 47.7809982 91.6500015
v 1645.41504 47.7809982 91.6500015
v 1645.41504 54.9179993 86.8809967
v 1647.05298 56.4609985 90.6060028
v 1647.05298 50.632 94.5
v 1628.50195 45.6850014 89.5530014
v 1628.50195 40.2729988 97.6520004
v 1624.89294 43.0130005 98.7870026
v 1624.89294 47.7809982 91.6500015
v 1624.89294 47.7809982 91.6500015
v 1624.89294 43.0130005 98.7870026
v 1623.255 46.7369995 100.329002
v 1623.255 50.632 94.5
v 1641.80603 40.2729988 97.6520004
v 1641.80603 45.6850014 89.5530014
v 1645.41504 47.7809982 91.6500015
v 1645.41504 43.0130005 98.7870026
v 1645.41504 43.0130005 98.7870026
v 1645.41504 47.7809982 91.6500015
v 1647.05298 50.632 94.5
v 1647.05298 46.7369995 100.329002
v 1628.50195 40.2729988 97.6520004
v 1628.50195 38.3730011 107.205002
v 1624.89294 41.3380013 107.205002
v 1624.89294 43.0130005 98.7870026
v 1624.89294 43.0130005 98.7870026
v 1624.89294 41.3380013 107.205002
v 1623.255 45.3699989 107.205002
v 1623.255 46.7369995 100.329002
v 1641.80603 38.3730011 107.205002
v 1641.80603 40.2729988 97.6520004
v 1645.41504 43.0130005 98.7870026
v 1645.41504 41.3380013 107.205002
v 1645.41504 41.3380013 107.205002
v 1645.41504 43.0130005 98.7870026
v 1647.05298 46.7369995 100.329002
v 1647.05298 45.3699989 107.205002
v 1628.50195 38.3730011 107.205002
v 1628.50195 40.2729988 116.759003
v 1624.89294 43.0130005 115.624001
v 1624.89294 41.3380013 107.205002
v 1624.89294 41.3380013 107.205002
v 1624.89294 43.0130005 115.624001
v 1623.255 46.7369995 114.081001
v 1623.255 45.3699989 107.205002
v 1641.80603 40.2729988 116.759003
v 1641.80603 38.3730011 107.205002
v 1645.41504 41.3380013 107.205002
v 1645.41504 43.0130005 115.624001
v 1645.41504 43.0130005 115.624001
v 1645.41504 41.3380013 107.205002
v 1647.05298 45.3699989 107.205002
v 1647.05298 46.7369995 114.081001
v 1628.50195 40.2729988 116.759003
v 1628.50195 45.6850014 124.857002
v 1624.89294 47.7809982 122.761002
v 1624.89294 43.0130005 115.624001
v 1624.89294 43.0130005 115.624001
v 1624.89294 47.7809982 122.761002
v 1623.255 50.632 119.910004
v 1623.255 46.7369995 114.081001
v 1641.80603 45.6850014 124.857002
v 1641.80603 40.2729988 116.759003
v 1645.41504 43.0130005 115.624001
v 1645.41504 47.7809982 122.761002
v 1645.41504 47.7809982 122.761002
v 1645.41504 43.0130005 115.624001
v 1647.05298 46.7369995 114.081001
v 1647.05298 50.632 119.910004
v 1628.50195 45.6850014 124.857002
v 1628.50195 53.7830009 130.268997
v 1624.89294 54.9179993 127.528999
v 1624.89294 47.7809982 122.761002
v 1624.89294 47.7809982 122.761002
v 1624.89294 54.9179993 127.528999
v 1623.255 56.4609985 123.805
v 1623.255 50.632 119.910004
v 1641.80603 53.7830009 130.268997
v 1641.80603 45.6850014 124.857002
v 1645.41504 47.7809982 122.761002
v 1645.41504 54.9179993 127.528999
v 1645.41504 54.9179993 127.528999
v 1645.41504 47.7809982 122.761002
v 1647.05298 50.632 119.910004
v 1647.05298 56.4609985 123.805
v 1628.50195 53.7830009 130.268997
v 1628.50195 63.3370018 132.169006
v 1624.89294 63.3370018 129.203995
v 1624.89294 54.9179993 127.528999
v 1624.89294 54.9179993 127.528999
v 1624.89294 63.3370018 129.203995
v 1623.255 63.3370018 125.171997
v 1623.255 56.4609985 123.805
v 1641.80603 63.3370018 132.169006
v 1641.80603 53.7830009 130.268997
v 1645.41504 54.9179993 127.528999
v 1645.41504 63.3370018 129.203995
v 1645.41504 63.3370018 129.203995
v 1645.41504 54.9179993 127.528999
v 1647.05298 56.4609985 123.805
v 1647.05298 63.3370018 125.171997
v 1628.50195 63.3370018 132.169006
v 1628.50195 72.8899994 130.268997
v 1624.89294 71.7549973 127.528999
v 1624.89294 63.3370018 129.203995
v 1624.89294 63.3370018 129.203995
v 1624.89294 71.7549973 127.528999
v 1623.255 70.2129974 123.805
v 1623.255 63.3370018 125.171997
v 1641.80603 72.8899994 130.268997
v 1641.80603 63.3370018 132.169006
v 1645.41504 63.3370018 129.203995
v 1645.41504 71.7549973 127.528999
v 1645.41504 71.7549973 127.528999
v 1645.41504 63.3370018 129.203995
v 1647.05298 63.3370018 125.171997
v 1647.05298 70.2129974 123.805
v 1628.50195 72.8899994 130.268997
v 1628.50195 80.9889984 124.857002
v 1624.89294 78.8919983 122.761002
v 1624.89294 71.7549973 127.528999
v 1624.89294 71.7549973 127.528999
v 1624.89294 78.8919983 122.761002
v 1623.255 76.0419998 119.910004
v 1623.255 70.2129974 123.805
v 1641.80603 80.9889984 124.857002
v 1641.80603 72.8899994 130.268997
v 1645.41504 71.7549973 127.528999
v 1645.41504 78.8919983 122.761002
v 1645.41504 78.8919983 122.761002
v 1645.41504 71.7549973 127.528999
v 1647.05298 70.2129974 123.805
v 1647.05298 76.0419998 119.910004
v 1628.50195 80.9889984 124.857002
v 1628.50195 86.401001 116.759003
v 1624.89294 83.6610031 115.624001
v 1624.89294 78.8919983 122.761002
v 1624.89294 78.8919983 122.761002
v 1624.89294 83.6610031 115.624001
v 1623.255 79.935997 114.081001
v 1623.255 76.0419998 119.910004
v 1641.80603 86.401001 116.759003
v 1641.80603 80.9889984 124.857002
v 1645.41504 78.8919983 122.761002
v 1645.41504 83.6610031 115.624001
v 1645.41504 83.6610031 115.624001
v 1645.41504 78.8919983 122.761002
v 1647.05298 76.0419998 119.910004
v 1647.05298 79.935997 114.081001
v 1628.50195 86.401001 116.759003
v 1628.50195 88.3010025 107.205002
v 1624.89294 85.3359985 107.205002
v 1624.89294 83.6610031 115.624001
v 1624.89294 83.6610031 115.624001
v 1624.89294 85.3359985 107.205002
v 1623.255 81.3040009 107.205002
v 1623.255 79.935997 114.081001
v 1641.80603 88.3010025 107.205002
v 1641.80603 86.401001 116.759003
v 1645.41504 83.6610031 115.624001
v 1645.41504 85.3359985 107.205002
v 1645.41504 85.3359985 107.205002
v 1645.41504 83.6610031 115.624001
v 1647.05298 79.935997 114.081001
v 1647.05298 81.3040009 107.205002
v 1628.50195 88.3010025 107.205002
v 1628.50195 86.401001 97.6520004
v 1624.89294 83.6610031 98.7870026
v 1624.89294 85.3359985 107.205002
v 1624.89294 85.3359985 107.205002
v 1624.89294 83.6610031 98.7870026
v 1623.255 79.935997 100.329002
v 1623.255 81.3040009 107.205002
v 1641.80603 86.401001 97.6520004
v 1641.80603 88.3010025 107.205002
v 1645.41504 85.3359985 107.205002
v 1645.41504 83.6610031 98.7870026
v 1645.41504 83.6610031 98.7870026
v 1645.41504 85.3359985 107.205002
v 1647.05298 81.3040009 107.205002
v 1647.05298 79.935997 100.329002
v 1628.50195 86.401001 97.6520004
v 1628.50195 80.9889984 89.5530014
v 1624.89294 78.8919983 91.6500015
v 1624.89294 83.6610031 98.7870026
v 1624.89294 83.6610031 98.7870026
v 1624.89294 78.8919983 91.6500015
v 1623.255 76.0419998 94.5
v 1623.255 79.935997 100.329002
v 1641.80603 80.9889984 89.5530014
v 1641.80603 86.401001 97.6520004
v 1645.41504 83.6610031 98.7870026
v 1645.41504 78.8919983 91.6500015
v 1645.41504 78.8919983 91.6500015
v 1645.41504 83.6610031 98.7870026
v 1647.05298 79.935997 100.329002
v 1647.05298 76.0419998 94.5
v 1628.50195 80.9889984 89.5530014
v 1628.50195 72.8899994 84.1409988
v 1624.89294 71.7549973 86.8809967
v 1624.89294 78.8919983 91.6500015
v 1624.89294 78.8919983 91.6500015
v 1624.89294 71.7549973 86.8809967
v 1623.255 70.2129974 90.6060028
v 1623.255 76.0419998 94.5
v 1641.80603 72.8899994 84.1409988
v 1641.80603 80.9889984 89.5530014
v 1645.41504 78.8919983 91.6500015
v 1645.41504 71.7549973 86.8809967
v 1645.41504 71.7549973 86.8809967
v 1645.41504 78.8919983 91.6500015
v 1647.05298 76.0419998 94.5
v 1647.05298 70.2129974 90.6060028
v 1628.50195 72.8899994 84.1409988
v 1628.50195 63.3370018 82.2409973
v 1624.89294 63.3370018 85.2060013
v 1624.89294 71.7549973 86.8809967
v 1624.89294 71.7549973 86.8809967
v 1624.89294 63.3370018 85.2060013
v 1623.255 63.3370018 89.237999
v 1623.255 70.2129974 90.6060028
v 1641.80603 63.3370018 82.2409973
v 1641.80603 72.8899994 84.1409988
v 1645.41504 71.7549973 86.8809967
v 1645.41504 63.3370018 85.2060013
v 1645.41504 63.3370018 85.2060013
v 1645.41504 71.7549973 86.8809967
v 1647.05298 70.2129974 90.6060028
v 1647.05298 63.3370018 89.237999
v 1623.255 63.3370018 89.237999
v 1623.255 56.4609985 90.6060028
v 1623.255 70.2129974 90.6060028
v 1623.255 70.2129974 90.6060028
v 1623.255 56.4609985 90.6060028
v 1623.255 50.632 94.5
v 1623.255 79.935997 100.329002
v 1623.255 50.632 94.5
v 1623.255 46.7369995 100.329002
v 1623.255 45.3699989 107.205002
v 1623.255 46.7369995 114.081001
v 1623.255 50.632 94.5
v 1623.255 46.7369995 114.081001
v 1623.255 50.632 119.910004
v 1623.255 70.2129974 123.805
v 1623.255 50.632 94.5
v 1623.255 70.2129974 123.805
v 1623.255 76.0419998 119.910004
v 1623.255 79.935997 100.329002
v 1623.255 50.632 119.910004
v 1623.255 56.4609985 123.805
v 1623.255 63.3370018 125.171997
v 1623.255 70.2129974 123.805
v 1623.255 79.935997 100.329002
v 1623.255 76.0419998 119.910004
v 1623.255 79.935997 114.081001
v 1623.255 81.3040009 107.205002
v 1623.255 79.935997 100.329002
v 1623.255 76.0419998 94.5
v 1623.255 70.2129974 90.6060028
v 1646.078 62.2999992 92.7089996
v 1646.078 58.7480011 93.4150009
v 1647.05298 57.5540009 93.2440033
v 1647.05298 63.3370018 92.0940018
v 1646.078 52.3530006 97.6880035
v 1646.078 50.3409996 100.698997
v 1647.05298 49.3759995 101.421997
v 1647.05298 52.6520004 96.5199966
v 1646.078 48.8400002 108.241997
v 1646.078 49.5470009 111.793999
v 1647.05298 49.3759995 112.987999
v 1647.05298 48.2260017 107.205002
v 1646.078 53.8199997 118.189003
v 1646.078 56.8310013 120.200996
v 1647.05298 57.5540009 121.166
v 1647.05298 52.6520004 117.889999
v 1646.078 64.3740005 121.702003
v 1646.078 67.9260025 120.995003
v 1647.05298 69.1200027 121.166
v 1647.05298 63.3370018 122.316002
v 1646.078 74.3209991 116.722
v 1646.078 76.3330002 113.710999
v 1647.05298 77.2979965 112.987999
v 1647.05298 74.0220032 117.889999
v 1646.078 77.8330002 106.167999
v 1646.078 77.1269989 102.615997
v 1647.05298 77.2979965 101.421997
v 1647.05298 78.447998 107.205002
v 1646.078 72.8539963 96.2210007
v 1646.078 69.8430023 94.2089996
v 1647.05298 69.1200027 93.2440033
v 1647.05298 74.0220032 96.5199966
v 1636.87598 60.2220001 96.9749985
v 1636.87598 62.2999992 96.560997
v 1635.901 63.3370018 96.7639999
v 1635.901 59.3409996 97.5579987
v 1636.87598 53.9000015 102.174004
v 1636.87598 55.0769997 100.412003
v 1635.901 55.9539986 99.8219986
v 1635.901 53.6899986 103.209
v 1636.87598 53.105999 110.32
v 1636.87598 52.6930008 108.241997
v 1635.901 52.8950005 107.205002
v 1635.901 53.6899986 111.200996
v 1636.87598 58.3050003 116.641998
v 1636.87598 56.5439987 115.464996
v 1635.901 55.9539986 114.587997
v 1635.901 59.3409996 116.851997
v 1636.87598 66.4520035 117.435997
v 1636.87598 64.3740005 117.848999
v 1635.901 63.3370018 117.647003
v 1635.901 67.3330002 116.851997
v 1636.87598 72.7730026 112.237
v 1636.87598 71.5970001 113.998001
v 1635.901 70.7200012 114.587997
v 1635.901 72.9840012 111.200996
v 1636.87598 73.5670013 104.089996
v 1636.87598 73.9810028 106.167999
v 1635.901 73.7779999 107.205002
v 1635.901 72.9840012 103.209
v 1636.87598 68.3679962 97.7689972
v 1636.87598 70.1299973 98.9449997
v 1635.901 70.7200012 99.8219986
v 1635.901 67.3330002 97.5579987
v 1646.078 58.7480011 93.4150009
v 1636.87598 60.2220001 96.9749985
v 1635.901 59.3409996 97.5579987
v 1647.05298 57.5540009 93.2440033
v 1636.87598 55.0769997 100.412003
v 1646.078 52.3530006 97.6880035
v 1647.05298 52.6520004 96.5199966
v 1635.901 55.9539986 99.8219986
v 1646.078 67.9260025 120.995003
v 1636.87598 66.4520035 117.435997
v 1635.901 67.3330002 116.851997
v 1647.05298 69.1200027 121.166
v 1636.87598 71.5970001 113.998001
v 1646.078 74.3209991 116.722
v 1647.05298 74.0220032 117.889999
v 1635.901 70.7200012 114.587997
v 1646.078 50.3409996 100.698997
v 1636.87598 53.9000015 102.174004
v 1635.901 53.6899986 103.209
v 1647.05298 49.3759995 101.421997
v 1646.078 76.3330002 113.710999
v 1636.87598 72.7730026 112.237
v 1635.901 72.9840012 111.200996
v 1647.05298 77.2979965 112.987999
v 1636.87598 52.6930008 108.241997
v 1646.078 48.8400002 108.241997
v 1647.05298 48.2260017 107.205002
v 1635.901 52.8950005 107.205002
v 1636.87598 73.9810028 106.167999
v 1646.078 77.8330002 106.167999
v 1647.05298 78.447998 107.205002
v 1635.901 73.7779999 107.205002
v 1646.078 49.5470009 111.793999
v 1636.87598 53.105999 110.32
v 1635.901 53.6899986 111.200996
v 1647.05298 49.3759995 112.987999
v 1646.078 77.1269989 102.615997
v 1636.87598 73.5670013 104.089996
v 1635.901 72.9840012 103.209
v 1647.05298 77.2979965 101.421997
v 1636.87598 56.5439987 115.464996
v 1646.078 53.8199997 118.189003
v 1647.05298 52.6520004 117.889999
v 1635.901 55.9539986 114.587997
v 1636.87598 70.1299973 98.9449997
v 1646.078 72.8539963 96.2210007
v 1647.05298 74.0220032 96.5199966
v 1635.901 70.7200012 99.8219986
v 1646.078 56.8310013 120.200996
v 1636.87598 58.3050003 116.641998
v 1635.901 59.3409996 116.851997
v 1647.05298 57.5540009 121.166
v 1646.078 69.8430023 94.2089996
v 1636.87598 68.3679962 97.7689972
v 1635.901 67.3330002 97.5579987
v 1647.05298 69.1200027 93.2440033
v 1636.87598 64.3740005 117.848999
v 1646.078 64.3740005 121.702003
v 1647.05298 63.3370018 122.316002
v 1635.901 63.3370018 117.647003
v 1636.87598 62.2999992 96.560997
v 1646.078 62.2999992 92.7089996
v 1647.05298 63.3370018 92.0940018
v 1635.901 63.3370018 96.7639999
v 1643.65698 57.6119995 105.557999
v 1643.65698 59.6240005 102.546997
v 1634.45605 62.3479996 105.271004
v 1634.45605 61.1710014 107.031998
v 1643.65698 69.0619965 108.852997
v 1643.65698 67.0500031 111.863998
v 1634.45605 64.3249969 109.139
v 1634.45605 65.5019989 107.377998
v 1643.65698 58.1240005 110.087997
v 1643.65698 57.4169998 106.536003
v 1634.45605 61.2700005 106.536003
v 1634.45605 61.6829987 108.613998
v 1643.65698 68.5500031 104.321999
v 1643.65698 69.2559967 107.874001
v 1634.45605 65.4039993 107.874001
v 1634.45605 64.9899979 105.795998
v 1643.65698 61.6889992 112.93
v 1643.65698 58.6780014 110.917999
v 1634.45605 61.4029999 108.194
v 1634.45605 63.1640015 109.371002
v 1643.65698 64.9840012 101.480003
v 1643.65698 67.9950027 103.491997
v 1634.45605 65.2710037 106.217003
v 1634.45605 63.5099983 105.040001
v 1643.65698 60.4539986 101.991997
v 1643.65698 64.0059967 101.286003
v 1634.45605 64.0059967 105.138
v 1634.45605 61.9280014 105.552002
v 1643.65698 66.2200012 112.417999
v 1643.65698 62.6679993 113.125
v 1634.45605 62.6679993 109.272003
v 1634.45605 64.7460022 108.859001
v 1636.87598 58.3050003 116.641998
v 1646.078 56.8310013 120.200996
v 1643.65698 61.6889992 112.93
v 1634.45605 63.1640015 109.371002
v 1636.87598 70.1299973 98.9449997
v 1636.87598 68.3679962 97.7689972
v 1634.45605 63.5099983 105.040001
v 1634.45605 65.2710037 106.217003
v 1646.078 49.5470009 111.793999
v 1646.078 48.8400002 108.241997
v 1643.65698 57.4169998 106.536003
v 1643.65698 58.1240005 110.087997
v 1636.87598 68.3679962 97.7689972
v 1646.078 69.8430023 94.2089996
v 1643.65698 64.9840012 101.480003
v 1634.45605 63.5099983 105.040001
v 1636.87598 60.2220001 96.9749985
v 1646.078 58.7480011 93.4150009
v 1643.65698 60.4539986 101.991997
v 1634.45605 61.9280014 105.552002
v 1646.078 56.8310013 120.200996
v 1646.078 53.8199997 118.189003
v 1643.65698 58.6780014 110.917999
v 1643.65698 61.6889992 112.93
v 1646.078 64.3740005 121.702003
v 1636.87598 64.3740005 117.848999
v 1634.45605 62.6679993 109.272003
v 1643.65698 62.6679993 113.125
v 1646.078 52.3530006 97.6880035
v 1636.87598 55.0769997 100.412003
v 1634.45605 62.3479996 105.271004
v 1643.65698 59.6240005 102.546997
v 1646.078 67.9260025 120.995003
v 1646.078 64.3740005 121.702003
v 1643.65698 62.6679993 113.125
v 1643.65698 66.2200012 112.417999
v 1646.078 62.2999992 92.7089996
v 1636.87598 62.2999992 96.560997
v 1634.45605 64.0059967 105.138
v 1643.65698 64.0059967 101.286003
v 1636.87598 66.4520035 117.435997
v 1646.078 67.9260025 120.995003
v 1643.65698 66.2200012 112.417999
v 1634.45605 64.7460022 108.859001
v 1646.078 76.3330002 113.710999
v 1646.078 74.3209991 116.722
v 1643.65698 67.0500031 111.863998
v 1643.65698 69.0619965 108.852997
v 1646.078 74.3209991 116.722
v 1636.87598 71.5970001 113.998001
v 1634.45605 64.3249969 109.139
v 1643.65698 67.0500031 111.863998
v 1646.078 77.1269989 102.615997
v 1646.078 77.8330002 106.167999
v 1643.65698 69.2559967 107.874001
v 1643.65698 68.5500031 104.321999
v 1636.87598 53.9000015 102.174004
v 1646.078 50.3409996 100.698997
v 1643.65698 57.6119995 105.557999
v 1634.45605 61.1710014 107.031998
v 1646.078 69.8430023 94.2089996
v 1646.078 72.8539963 96.2210007
v 1643.65698 67.9950027 103.491997
v 1643.65698 64.9840012 101.480003
v 1636.87598 72.7730026 112.237
v 1646.078 76.3330002 113.710999
v 1643.65698 69.0619965 108.852997
v 1634.45605 65.5019989 107.377998
v 1636.87598 62.2999992 96.560997
v 1636.87598 60.2220001 96.9749985
v 1634.45605 61.9280014 105.552002
v 1634.45605 64.0059967 105.138
v 1646.078 48.8400002 108.241997
v 1636.87598 52.6930008 108.241997
v 1634.45605 61.2700005 106.536003
v 1643.65698 57.4169998 106.536003
v 1636.87598 55.0769997 100.412003
v 1636.87598 53.9000015 102.174004
v 1634.45605 61.1710014 107.031998
v 1634.45605 62.3479996 105.271004
v 1646.078 77.8330002 106.167999
v 1636.87598 73.9810028 106.167999
v 1634.45605 65.4039993 107.874001
v 1643.65698 69.2559967 107.874001
v 1636.87598 52.6930008 108.241997
v 1636.87598 53.105999 110.32
v 1634.45605 61.6829987 108.613998
v 1634.45605 61.2700005 106.536003
v 1636.87598 53.105999 110.32
v 1646.078 49.5470009 111.793999
v 1643.65698 58.1240005 110.087997
v 1634.45605 61.6829987 108.613998
v 1636.87598 56.5439987 115.464996
v 1636.87598 58.3050003 116.641998
v 1634.45605 63.1640015 109.371002
v 1634.45605 61.4029999 108.194
v 1645.802 63.3370018 102.769997
v 1645.802 61.6399994 103.108002
v 1645.802 61.2290001 102.115997
v 1645.802 63.3370018 101.695999
v 1645.802 61.6399994 103.108002
v 1645.802 60.2010002 104.069
v 1645.802 59.4420013 103.309998
v 1645.802 61.2290001 102.115997
v 1645.802 60.2010002 104.069
v 1645.802 59.2389984 105.508003
v 1645.802 58.2470016 105.097
v 1645.802 59.4420013 103.309998
v 1645.802 59.2389984 105.508003
v 1645.802 58.9020004 107.205002
v 1645.802 57.8279991 107.205002
v 1645.802 58.2470016 105.097
v 1645.802 58.9020004 107.205002
v 1645.802 59.2389984 108.902
v 1645.802 58.2470016 109.313004
v 1645.802 57.8279991 107.205002
v 1645.802 59.2389984 108.902
v 1645.802 60.2010002 110.341003
v 1645.802 59.4420013 111.099998
v 1645.802 58.2470016 109.313004
v 1645.802 60.2010002 110.341003
v 1645.802 61.6399994 111.303001
v 1645.802 61.2290001 112.294998
v 1645.802 59.4420013 111.099998
v 1645.802 61.6399994 111.303001
v 1645.802 63.3370018 111.639999
v 1645.802 63.3370018 112.713997
v 1645.802 61.2290001 112.294998
v 1645.802 63.3370018 111.639999
v 1645.802 65.0339966 111.303001
v 1645.802 65.4449997 112.294998
v 1645.802 63.3370018 112.713997
v 1645.802 65.0339966 111.303001
v 1645.802 66.4729996 110.341003
v 1645.802 67.2320023 111.099998
v 1645.802 65.4449997 112.294998
v 1645.802 66.4729996 110.341003
v 1645.802 67.4339981 108.902
v 1645.802 68.4260025 109.313004
v 1645.802 67.2320023 111.099998
v 1645.802 67.4339981 108.902
v 1645.802 67.7720032 107.205002
v 1645.802 68.8460007 107.205002
v 1645.802 68.4260025 109.313004
v 1645.802 67.7720032 107.205002
v 1645.802 67.4339981 105.508003
v 1645.802 68.4260025 105.097
v 1645.802 68.8460007 107.205002
v 1645.802 67.4339981 105.508003
v 1645.802 66.4729996 104.069
v 1645.802 67.2320023 103.309998
v 1645.802 68.4260025 105.097
v 1645.802 66.4729996 104.069
v 1645.802 65.0339966 103.108002
v 1645.802 65.4449997 102.115997
v 1645.802 67.2320023 103.309998
v 1645.802 65.0339966 103.108002
v 1645.802 63.3370018 102.769997
v 1645.802 63.3370018 101.695999
v 1645.802 65.4449997 102.115997
v 1646.37305 61.2029991 105.071999
v 1646.37305 62.1819992 104.417999
v 1646.37305 63.3370018 104.188004
v 1646.37305 65.4700012 105.071999
v 1646.37305 63.3370018 104.188004
v 1646.37305 64.4909973 104.417999
v 1646.37305 65.4700012 105.071999
v 1646.37305 65.4700012 105.071999
v 1646.37305 66.1240005 106.051003
v 1646.37305 66.3539963 107.205002
v 1646.37305 65.4700012 105.071999
v 1646.37305 66.3539963 107.205002
v 1646.37305 66.1240005 108.360001
v 1646.37305 64.4909973 109.992996
v 1646.37305 65.4700012 105.071999
v 1646.37305 64.4909973 109.992996
v 1646.37305 63.3370018 110.222
v 1646.37305 61.2029991 105.071999
v 1646.37305 66.1240005 108.360001
v 1646.37305 65.4700012 109.337997
v 1646.37305 64.4909973 109.992996
v 1646.37305 61.2029991 105.071999
v 1646.37305 63.3370018 110.222
v 1646.37305 62.1819992 109.992996
v 1646.37305 60.5489998 108.360001
v 1646.37305 62.1819992 109.992996
v 1646.37305 61.2029991 109.337997
v 1646.37305 60.5489998 108.360001
v 1646.37305 61.2029991 105.071999
v 1646.37305 60.5489998 108.360001
v 1646.37305 60.3199997 107.205002
v 1646.37305 60.5489998 106.051003
v 1645.802 65.0339966 103.108002
v 1645.802 66.4729996 104.069
v 1644.00903 66.4729996 104.069
v 1644.00903 65.0339966 103.108002
v 1645.802 63.3370018 111.639999
v 1645.802 61.6399994 111.303001
v 1644.00903 61.6399994 111.303001
v 1644.00903 63.3370018 111.639999
v 1645.802 61.6399994 103.108002
v 1645.802 63.3370018 102.769997
v 1644.00903 63.3370018 102.769997
v 1644.00903 61.6399994 103.108002
v 1645.802 63.3370018 102.769997
v 1645.802 65.0339966 103.108002
v 1644.00903 65.0339966 103.108002
v 1644.00903 63.3370018 102.769997
v 1645.802 65.0339966 111.303001
v 1645.802 63.3370018 111.639999
v 1644.00903 63.3370018 111.639999
v 1644.00903 65.0339966 111.303001
v 1645.802 60.2010002 104.069
v 1645.802 61.6399994 103.108002
v 1644.00903 61.6399994 103.108002
v 1644.00903 60.2010002 104.069
v 1645.802 66.4729996 110.341003
v 1645.802 65.0339966 111.303001
v 1644.00903 65.0339966 111.303001
v 1644.00903 66.4729996 110.341003
v 1645.802 59.2389984 105.508003
v 1645.802 60.2010002 104.069
v 1644.00903 60.2010002 104.069
v 1644.00903 59.2389984 105.508003
v 1645.802 67.4339981 108.902
v 1645.802 66.4729996 110.341003
v 1644.00903 66.4729996 110.341003
v 1644.00903 67.4339981 108.902
v 1645.802 58.9020004 107.205002
v 1645.802 59.2389984 105.508003
v 1644.00903 59.2389984 105.508003
v 1644.00903 58.9020004 107.205002
v 1645.802 67.7720032 107.205002
v 1645.802 67.4339981 108.902
v 1644.00903 67.4339981 108.902
v 1644.00903 67.7720032 107.205002
v 1645.802 59.2389984 108.902
v 1645.802 58.9020004 107.205002
v 1644.00903 58.9020004 107.205002
v 1644.00903 59.2389984 108.902
v 1645.802 67.4339981 105.508003
v 1645.802 67.7720032 107.205002
v 1644.00903 67.7720032 107.205002
v 1644.00903 67.4339981 105.508003
v 1645.802 60.2010002 110.341003
v 1645.802 59.2389984 108.902
v 1644.00903 59.2389984 108.902
v 1644.00903 60.2010002 110.341003
v 1645.802 66.4729996 104.069
v 1645.802 67.4339981 105.508003
v 1644.00903 67.4339981 105.508003
v 1644.00903 66.4729996 104.069
v 1646.37305 63.3370018 104.188004
v 1646.37305 62.1819992 104.417999
v 1644.00903 61.6399994 103.108002
v 1644.00903 63.3370018 102.769997
v 1646.37305 62.1819992 104.417999
v 1646.37305 61.2029991 105.071999
v 1644.00903 60.2010002 104.069
v 1644.00903 61.6399994 103.108002
v 1646.37305 61.2029991 105.071999
v 1646.37305 60.5489998 106.051003
v 1644.00903 59.2389984 105.508003
v 1644.00903 60.2010002 104.069
v 1646.37305 60.5489998 106.051003
v 1646.37305 60.3199997 107.205002
v 1644.00903 58.9020004 107.205002
v 1644.00903 59.2389984 105.508003
v 1646.37305 60.3199997 107.205002
v 1646.37305 60.5489998 108.360001
v 1644.00903 59.2389984 108.902
v 1644.00903 58.9020004 107.205002
v 1646.37305 60.5489998 108.360001
v 1646.37305 61.2029991 109.337997
v 1644.00903 60.2010002 110.341003
v 1644.00903 59.2389984 108.902
v 1646.37305 61.2029991 109.337997
v 1646.37305 62.1819992 109.992996
v 1644.00903 61.6399994 111.303001
v 1644.00903 60.2010002 110.341003
v 1646.37305 62.1819992 109.992996
v 1646.37305 63.3370018 110.222
v 1644.00903 63.3370018 111.639999
v 1644.00903 61.6399994 111.303001
v 1646.37305 63.3370018 110.222
v 1646.37305 64.4909973 109.992996
v 1644.00903 65.0339966 111.303001
v 1644.00903 63.3370018 111.639999
v 1646.37305 64.4909973 109.992996
v 1646.37305 65.4700012 109.337997
v 1644.00903 66.4729996 110.341003
v 1644.00903 65.0339966 111.303001
v 1646.37305 65.4700012 109.337997
v 1646.37305 66.1240005 108.360001
v 1644.00903 67.4339981 108.902
v 1644.00903 66.4729996 110.341003
v 1646.37305 66.1240005 108.360001
v 1646.37305 66.3539963 107.205002
v 1644.00903 67.7720032 107.205002
v 1644.00903 67.4339981 108.902
v 1646.37305 66.3539963 107.205002
v 1646.37305 66.1240005 106.051003
v 1644.00903 67.4339981 105.508003
v 1644.00903 67.7720032 107.205002
v 1646.37305 66.1240005 106.051003
v 1646.37305 65.4700012 105.071999
v 1644.00903 66.4729996 104.069
v 1644.00903 67.4339981 105.508003
v 1646.37305 65.4700012 105.071999
v 1646.37305 64.4909973 104.417999
v 1644.00903 65.0339966 103.108002
v 1644.00903 66.4729996 104.069
v 1646.37305 64.4909973 104.417999
v 1646.37305 63.3370018 104.188004
v 1644.00903 63.3370018 102.769997
v 1644.00903 65.0339966 103.108002
v 1646.64404 63.7150002 89.3359985
v 1646.64404 57.1730003 90.637001
v 1646.64404 56.8390007 89.8300018
v 1646.64404 63.7150002 88.4629974
v 1646.64404 57.1730003 90.637001
v 1646.64404 51.6279984 94.3430023
v 1646.64404 51.0099983 93.7249985
v 1646.64404 56.8390007 89.8300018
v 1646.64404 70.2559967 90.637001
v 1646.64404 63.7150002 89.3359985
v 1646.64404 63.7150002 88.4629974
v 1646.64404 70.5910034 89.8300018
v 1646.64404 47.9220009 99.8880005
v 1646.64404 46.6209984 106.43
v 1646.64404 45.7480011 106.43
v 1646.64404 47.1150017 99.5540009
v 1646.64404 46.6209984 106.43
v 1646.64404 47.9220009 112.971001
v 1646.64404 47.1150017 113.306
v 1646.64404 45.7480011 106.43
v 1646.64404 47.9220009 112.971001
v 1646.64404 51.6279984 118.516998
v 1646.64404 51.0099983 119.135002
v 1646.64404 47.1150017 113.306
v 1646.64404 51.6279984 118.516998
v 1646.64404 57.1730003 122.223
v 1646.64404 56.8390007 123.028999
v 1646.64404 51.0099983 119.135002
v 1646.64404 57.1730003 122.223
v 1646.64404 63.7150002 123.524002
v 1646.64404 63.7150002 124.397003
v 1646.64404 56.8390007 123.028999
v 1646.64404 63.7150002 123.524002
v 1646.64404 70.2559967 122.223
v 1646.64404 70.5910034 123.028999
v 1646.64404 63.7150002 124.397003
v 1646.64404 70.2559967 122.223
v 1646.64404 75.802002 118.516998
v 1646.64404 76.4199982 119.135002
v 1646.64404 70.5910034 123.028999
v 1646.64404 75.802002 118.516998
v 1646.64404 79.5080032 112.971001
v 1646.64404 80.314003 113.306
v 1646.64404 76.4199982 119.135002
v 1646.64404 79.5080032 112.971001
v 1646.64404 80.8089981 106.43
v 1646.64404 81.6819992 106.43
v 1646.64404 80.314003 113.306
v 1646.64404 80.8089981 106.43
v 1646.64404 79.5080032 99.8880005
v 1646.64404 80.314003 99.5540009
v 1646.64404 81.6819992 106.43
v 1646.64404 79.5080032 99.8880005
v 1646.64404 75.802002 94.3430023
v 1646.64404 76.4199982 93.7249985
v 1646.64404 80.314003 99.5540009
v 1646.64404 75.802002 94.3430023
v 1646.64404 70.2559967 90.637001
v 1646.64404 70.5910034 89.8300018
v 1646.64404 76.4199982 93.7249985
v 1646.64404 51.6279984 94.3430023
v 1646.64404 47.9220009 99.8880005
v 1646.64404 47.1150017 99.5540009
v 1646.64404 51.0099983 93.7249985
v 1647.05298 56.7949982 91.4120026
v 1647.05298 51.25 95.1179962
v 1646.64404 51.6279984 94.3430023
v 1646.64404 57.1730003 90.637001
v 1647.05298 69.8779984 91.4120026
v 1647.05298 63.3370018 90.1110001
v 1646.64404 63.7150002 89.3359985
v 1646.64404 70.2559967 90.637001
v 1647.05298 51.25 95.1179962
v 1647.05298 47.5439987 100.664001
v 1646.64404 47.9220009 99.8880005
v 1646.64404 51.6279984 94.3430023
v 1647.05298 70.2129974 90.6060028
v 1647.05298 76.0419998 94.5
v 1646.64404 76.4199982 93.7249985
v 1646.64404 70.5910034 89.8300018
v 1647.05298 79.935997 114.081001
v 1647.05298 76.0419998 119.910004
v 1646.64404 76.4199982 119.135002
v 1646.64404 80.314003 113.306
v 1647.05298 56.4609985 123.805
v 1647.05298 50.632 119.910004
v 1646.64404 51.0099983 119.135002
v 1646.64404 56.8390007 123.028999
v 1647.05298 46.7369995 100.329002
v 1647.05298 50.632 94.5
v 1646.64404 51.0099983 93.7249985
v 1646.64404 47.1150017 99.5540009
v 1647.05298 47.5439987 100.664001
v 1647.05298 46.243 107.205002
v 1646.64404 46.6209984 106.43
v 1646.64404 47.9220009 99.8880005
v 1647.05298 46.243 107.205002
v 1647.05298 47.5439987 113.747002
v 1646.64404 47.9220009 112.971001
v 1646.64404 46.6209984 106.43
v 1647.05298 47.5439987 113.747002
v 1647.05298 51.25 119.292
v 1646.64404 51.6279984 118.516998
v 1646.64404 47.9220009 112.971001
v 1647.05298 76.0419998 94.5
v 1647.05298 79.935997 100.329002
v 1646.64404 80.314003 99.5540009
v 1646.64404 76.4199982 93.7249985
v 1647.05298 76.0419998 119.910004
v 1647.05298 70.2129974 123.805
v 1646.64404 70.5910034 123.028999
v 1646.64404 76.4199982 119.135002
v 1647.05298 50.632 119.910004
v 1647.05298 46.7369995 114.081001
v 1646.64404 47.1150017 113.306
v 1646.64404 51.0099983 119.135002
v 1647.05298 51.25 119.292
v 1647.05298 56.7949982 122.998001
v 1646.64404 57.1730003 122.223
v 1646.64404 51.6279984 118.516998
v 1647.05298 50.632 94.5
v 1647.05298 56.4609985 90.6060028
v 1646.64404 56.8390007 89.8300018
v 1646.64404 51.0099983 93.7249985
v 1647.05298 56.7949982 122.998001
v 1647.05298 63.3370018 124.299004
v 1646.64404 63.7150002 123.524002
v 1646.64404 57.1730003 122.223
v 1485.60303 72.3949966 -119.236
v 1485.60303 63.3370018 -121.038002
v 1472.98901 63.3370018 -121.038002
v 1472.98901 72.3949966 -119.236
v 1485.60303 46.5999985 -114.106003
v 1485.60303 41.4700012 -106.427002
v 1472.98901 41.4700012 -106.427002
v 1472.98901 46.5999985 -114.106003
v 1485.60303 41.4700012 -106.427002
v 1485.60303 39.6679993 -97.3690033
v 1472.98901 39.6679993 -97.3690033
v 1472.98901 41.4700012 -106.427002
v 1485.60303 39.6679993 -97.3690033
v 1485.60303 41.4700012 -88.310997
v 1472.98901 41.4700012 -88.310997
v 1472.98901 39.6679993 -97.3690033
v 1485.60303 41.4700012 -88.310997
v 1485.60303 46.5999985 -80.6330032
v 1472.98901 46.5999985 -80.6330032
v 1472.98901 41.4700012 -88.310997
v 1485.60303 46.5999985 -80.6330032
v 1485.60303 54.2789993 -75.5019989
v 1472.98901 54.2789993 -75.5019989
v 1472.98901 46.5999985 -80.6330032
v 1485.60303 54.2789993 -75.5019989
v 1485.60303 63.3370018 -73.6999969
v 1472.98901 63.3370018 -73.6999969
v 1472.98901 54.2789993 -75.5019989
v 1485.60303 63.3370018 -73.6999969
v 1485.60303 72.3949966 -75.5019989
v 1472.98901 72.3949966 -75.5019989
v 1472.98901 63.3370018 -73.6999969
v 1485.60303 72.3949966 -75.5019989
v 1485.60303 80.072998 -80.6330032
v 1472.98901 80.072998 -80.6330032
v 1472.98901 72.3949966 -75.5019989
v 1485.60303 80.072998 -80.6330032
v 1485.60303 85.2040024 -88.310997
v 1472.98901 85.2040024 -88.310997
v 1472.98901 80.072998 -80.6330032
v 1485.60303 85.2040024 -88.310997
v 1485.60303 87.0059967 -97.3690033
v 1472.98901 87.0059967 -97.3690033
v 1472.98901 85.2040024 -88.310997
v 1485.60303 87.0059967 -97.3690033
v 1485.60303 85.2040024 -106.427002
v 1472.98901 85.2040024 -106.427002
v 1472.98901 87.0059967 -97.3690033
v 1485.60303 85.2040024 -106.427002
v 1485.60303 80.072998 -114.106003
v 1472.98901 80.072998 -114.106003
v 1472.98901 85.2040024 -106.427002
v 1485.60303 80.072998 -114.106003
v 1485.60303 72.3949966 -119.236
v 1472.98901 72.3949966 -119.236
v 1472.98901 80.072998 -114.106003
v 1467.39697 69.1200027 -111.330002
v 1478.55005 67.3330002 -107.015999
v 1478.55005 70.7200012 -104.751999
v 1467.39697 74.0220032 -108.054001
v 1467.39697 63.3370018 -114.462997
v 1467.39697 63.3370018 -115.335999
v 1467.39697 56.4609985 -113.969002
v 1467.39697 56.7949982 -113.162003
v 1485.60303 54.2789993 -119.236
v 1485.60303 46.5999985 -114.106003
v 1472.98901 46.5999985 -114.106003
v 1472.98901 54.2789993 -119.236
v 1485.60303 63.3370018 -121.038002
v 1485.60303 54.2789993 -119.236
v 1472.98901 54.2789993 -119.236
v 1472.98901 63.3370018 -121.038002
v 1467.39697 56.7949982 -113.162003
v 1467.39697 56.4609985 -113.969002
v 1467.39697 50.632 -110.073997
v 1467.39697 51.25 -109.456001
v 1467.39697 69.8779984 -113.162003
v 1467.39697 70.2129974 -113.969002
v 1467.39697 63.3370018 -115.335999
v 1467.39697 63.3370018 -114.462997
v 1467.39697 47.5439987 -103.911003
v 1467.39697 46.7369995 -104.245003
v 1467.39697 45.3699989 -97.3690033
v 1467.39697 46.243 -97.3690033
v 1467.39697 46.243 -97.3690033
v 1467.39697 45.3699989 -97.3690033
v 1467.39697 46.7369995 -90.4929962
v 1467.39697 47.5439987 -90.8280029
v 1467.39697 47.5439987 -90.8280029
v 1467.39697 46.7369995 -90.4929962
v 1467.39697 50.632 -84.6640015
v 1467.39697 51.25 -85.2819977
v 1467.39697 51.25 -85.2819977
v 1467.39697 50.632 -84.6640015
v 1467.39697 56.4609985 -80.7699966
v 1467.39697 56.7949982 -81.5759964
v 1467.39697 56.7949982 -81.5759964
v 1467.39697 56.4609985 -80.7699966
v 1467.39697 63.3370018 -79.4020004
v 1467.39697 63.3370018 -80.2750015
v 1467.39697 63.3370018 -80.2750015
v 1467.39697 63.3370018 -79.4020004
v 1467.39697 70.2129974 -80.7699966
v 1467.39697 69.8779984 -81.5759964
v 1467.39697 69.8779984 -81.5759964
v 1467.39697 70.2129974 -80.7699966
v 1467.39697 76.0419998 -84.6640015
v 1467.39697 75.4240036 -85.2819977
v 1467.39697 75.4240036 -85.2819977
v 1467.39697 76.0419998 -84.6640015
v 1467.39697 79.935997 -90.4929962
v 1467.39697 79.1299973 -90.8280029
v 1467.39697 79.1299973 -90.8280029
v 1467.39697 79.935997 -90.4929962
v 1467.39697 81.3040009 -97.3690033
v 1467.39697 80.4309998 -97.3690033
v 1467.39697 80.4309998 -97.3690033
v 1467.39697 81.3040009 -97.3690033
v 1467.39697 79.935997 -104.245003
v 1467.39697 79.1299973 -103.911003
v 1467.39697 79.1299973 -103.911003
v 1467.39697 79.935997 -104.245003
v 1467.39697 76.0419998 -110.073997
v 1467.39697 75.4240036 -109.456001
v 1467.39697 75.4240036 -109.456001
v 1467.39697 76.0419998 -110.073997
v 1467.39697 70.2129974 -113.969002
v 1467.39697 69.8779984 -113.162003
v 1467.39697 51.25 -109.456001
v 1467.39697 50.632 -110.073997
v 1467.39697 46.7369995 -104.245003
v 1467.39697 47.5439987 -103.911003
v 1467.39697 63.3370018 -112.480003
v 1467.39697 63.3370018 -114.462997
v 1467.39697 56.7949982 -113.162003
v 1467.39697 57.5540009 -111.330002
v 1467.39697 57.5540009 -111.330002
v 1467.39697 56.7949982 -113.162003
v 1467.39697 51.25 -109.456001
v 1467.39697 52.6520004 -108.054001
v 1467.39697 52.6520004 -108.054001
v 1467.39697 51.25 -109.456001
v 1467.39697 47.5439987 -103.911003
v 1467.39697 49.3759995 -103.152
v 1467.39697 49.3759995 -103.152
v 1467.39697 47.5439987 -103.911003
v 1467.39697 46.243 -97.3690033
v 1467.39697 48.2260017 -97.3690033
v 1467.39697 48.2260017 -97.3690033
v 1467.39697 46.243 -97.3690033
v 1467.39697 47.5439987 -90.8280029
v 1467.39697 49.3759995 -91.5859985
v 1467.39697 49.3759995 -91.5859985
v 1467.39697 47.5439987 -90.8280029
v 1467.39697 51.25 -85.2819977
v 1467.39697 52.6520004 -86.6839981
v 1467.39697 52.6520004 -86.6839981
v 1467.39697 51.25 -85.2819977
v 1467.39697 56.7949982 -81.5759964
v 1467.39697 57.5540009 -83.4079971
v 1467.39697 57.5540009 -83.4079971
v 1467.39697 56.7949982 -81.5759964
v 1467.39697 63.3370018 -80.2750015
v 1467.39697 63.3370018 -82.2580032
v 1467.39697 63.3370018 -82.2580032
v 1467.39697 63.3370018 -80.2750015
v 1467.39697 69.8779984 -81.5759964
v 1467.39697 69.1200027 -83.4079971
v 1467.39697 69.1200027 -83.4079971
v 1467.39697 69.8779984 -81.5759964
v 1467.39697 75.4240036 -85.2819977
v 1467.39697 74.0220032 -86.6839981
v 1467.39697 74.0220032 -86.6839981
v 1467.39697 75.4240036 -85.2819977
v 1467.39697 79.1299973 -90.8280029
v 1467.39697 77.2979965 -91.5859985
v 1467.39697 77.2979965 -91.5859985
v 1467.39697 79.1299973 -90.8280029
v 1467.39697 80.4309998 -97.3690033
v 1467.39697 78.447998 -97.3690033
v 1467.39697 78.447998 -97.3690033
v 1467.39697 80.4309998 -97.3690033
v 1467.39697 79.1299973 -103.911003
v 1467.39697 77.2979965 -103.152
v 1467.39697 77.2979965 -103.152
v 1467.39697 79.1299973 -103.911003
v 1467.39697 75.4240036 -109.456001
v 1467.39697 74.0220032 -108.054001
v 1467.39697 74.0220032 -108.054001
v 1467.39697 75.4240036 -109.456001
v 1467.39697 69.8779984 -113.162003
v 1467.39697 69.1200027 -111.330002
v 1467.39697 69.1200027 -111.330002
v 1467.39697 69.8779984 -113.162003
v 1467.39697 63.3370018 -114.462997
v 1467.39697 63.3370018 -112.480003
v 1478.55005 69.0400009 -91.6660004
v 1468.43201 67.4069977 -93.2990036
v 1468.43201 65.5390015 -92.052002
v 1478.55005 66.4229965 -89.9179993
v 1468.37305 76.3330002 -103.875
v 1470.79297 69.0619965 -99.0169983
v 1479.995 65.5019989 -97.5419998
v 1477.57397 72.7730026 -102.401001
v 1467.39697 57.5540009 -111.330002
v 1478.55005 59.3409996 -107.015999
v 1478.55005 63.3370018 -107.810997
v 1467.39697 63.3370018 -112.480003
v 1468.37305 62.2999992 -82.8730011
v 1470.79297 64.0059967 -91.4499969
v 1470.79297 60.4539986 -92.1559982
v 1468.37305 58.7480011 -83.5790024
v 1467.39697 69.1200027 -83.4079971
v 1478.55005 67.3330002 -87.7220001
v 1478.55005 63.3370018 -86.9280014
v 1467.39697 63.3370018 -82.2580032
v 1477.57397 71.5970001 -104.162003
v 1479.995 64.3249969 -99.3030014
v 1470.79297 67.0500031 -102.028
v 1468.37305 74.3209991 -106.886002
v 1468.37305 50.3409996 -90.862999
v 1470.79297 57.6119995 -95.7220001
v 1479.995 61.1710014 -97.1959991
v 1477.57397 53.9000015 -92.3379974
v 1467.39697 49.3759995 -103.152
v 1478.55005 53.6899986 -101.364998
v 1478.55005 55.9539986 -104.751999
v 1467.39697 52.6520004 -108.054001
v 1467.39697 77.2979965 -91.5859985
v 1478.55005 72.9840012 -93.3730011
v 1478.55005 70.7200012 -89.9860001
v 1467.39697 74.0220032 -86.6839981
v 1468.37305 52.3530006 -87.8519974
v 1470.79297 59.6240005 -92.7109985
v 1470.79297 57.6119995 -95.7220001
v 1468.37305 50.3409996 -90.862999
v 1477.57397 66.4520035 -107.599998
v 1479.995 64.7460022 -99.0230026
v 1479.995 62.6679993 -99.435997
v 1477.57397 64.3740005 -108.013
v 1467.39697 49.3759995 -91.5859985
v 1478.55005 53.6899986 -93.3730011
v 1478.55005 52.8950005 -97.3690033
v 1467.39697 48.2260017 -97.3690033
v 1467.39697 77.2979965 -103.152
v 1478.55005 72.9840012 -101.364998
v 1478.55005 73.7779999 -97.3690033
v 1467.39697 78.447998 -97.3690033
v 1477.57397 73.9810028 -96.3320007
v 1479.995 65.4039993 -98.038002
v 1470.79297 69.2559967 -98.038002
v 1468.37305 77.8330002 -96.3320007
v 1468.37305 48.8400002 -98.4059982
v 1470.79297 57.4169998 -96.6999969
v 1470.79297 58.1240005 -100.251999
v 1468.37305 49.5470009 -101.958
v 1467.39697 57.5540009 -83.4079971
v 1478.55005 59.3409996 -87.7220001
v 1478.55005 55.9539986 -89.9860001
v 1467.39697 52.6520004 -86.6839981
v 1478.55005 63.3370018 -105.433998
v 1478.55005 63.3370018 -107.810997
v 1478.55005 59.3409996 -107.015999
v 1478.55005 60.2509995 -104.82
v 1478.55005 60.2509995 -104.82
v 1478.55005 59.3409996 -107.015999
v 1478.55005 55.9539986 -104.751999
v 1478.55005 57.6339989 -103.071999
v 1478.55005 57.6339989 -103.071999
v 1478.55005 55.9539986 -104.751999
v 1478.55005 53.6899986 -101.364998
v 1478.55005 55.8860016 -100.455002
v 1478.55005 55.8860016 -100.455002
v 1478.55005 53.6899986 -101.364998
v 1478.55005 52.8950005 -97.3690033
v 1478.55005 55.2719994 -97.3690033
v 1478.55005 55.2719994 -97.3690033
v 1478.55005 52.8950005 -97.3690033
v 1478.55005 53.6899986 -93.3730011
v 1478.55005 55.8860016 -94.2829971
v 1478.55005 55.8860016 -94.2829971
v 1478.55005 53.6899986 -93.3730011
v 1478.55005 55.9539986 -89.9860001
v 1478.55005 57.6339989 -91.6660004
v 1478.55005 57.6339989 -91.6660004
v 1478.55005 55.9539986 -89.9860001
v 1478.55005 59.3409996 -87.7220001
v 1478.55005 60.2509995 -89.9179993
v 1478.55005 60.2509995 -89.9179993
v 1478.55005 59.3409996 -87.7220001
v 1478.55005 63.3370018 -86.9280014
v 1478.55005 63.3370018 -89.3040009
v 1478.55005 63.3370018 -89.3040009
v 1478.55005 63.3370018 -86.9280014
v 1478.55005 67.3330002 -87.7220001
v 1478.55005 66.4229965 -89.9179993
v 1478.55005 66.4229965 -89.9179993
v 1478.55005 67.3330002 -87.7220001
v 1478.55005 70.7200012 -89.9860001
v 1478.55005 69.0400009 -91.6660004
v 1478.55005 69.0400009 -91.6660004
v 1478.55005 70.7200012 -89.9860001
v 1478.55005 72.9840012 -93.3730011
v 1478.55005 70.788002 -94.2829971
v 1478.55005 70.788002 -94.2829971
v 1478.55005 72.9840012 -93.3730011
v 1478.55005 73.7779999 -97.3690033
v 1478.55005 71.4020004 -97.3690033
v 1478.55005 71.4020004 -97.3690033
v 1478.55005 73.7779999 -97.3690033
v 1478.55005 72.9840012 -101.364998
v 1478.55005 70.788002 -100.455002
v 1478.55005 70.788002 -100.455002
v 1478.55005 72.9840012 -101.364998
v 1478.55005 70.7200012 -104.751999
v 1478.55005 69.0400009 -103.071999
v 1478.55005 69.0400009 -103.071999
v 1478.55005 70.7200012 -104.751999
v 1478.55005 67.3330002 -107.015999
v 1478.55005 66.4229965 -104.82
v 1478.55005 66.4229965 -104.82
v 1478.55005 67.3330002 -107.015999
v 1478.55005 63.3370018 -107.810997
v 1478.55005 63.3370018 -105.433998
v 1468.43201 63.3370018 -92.6869965
v 1470.22595 63.3370018 -92.6869965
v 1470.22595 61.5449982 -93.0439987
v 1468.43201 61.5449982 -93.0439987
v 1478.55005 55.8860016 -100.455002
v 1468.43201 58.0200005 -99.5719986
v 1468.43201 59.2669983 -101.439003
v 1478.55005 57.6339989 -103.071999
v 1478.55005 70.788002 -94.2829971
v 1468.43201 68.6539993 -95.1669998
v 1468.43201 67.4069977 -93.2990036
v 1478.55005 69.0400009 -91.6660004
v 1478.55005 55.2719994 -97.3690033
v 1468.43201 57.5810013 -97.3690033
v 1468.43201 58.0200005 -99.5719986
v 1478.55005 55.8860016 -100.455002
v 1478.55005 71.4020004 -97.3690033
v 1468.43201 69.0920029 -97.3690033
v 1468.43201 68.6539993 -95.1669998
v 1478.55005 70.788002 -94.2829971
v 1478.55005 55.8860016 -94.2829971
v 1468.43201 58.0200005 -95.1669998
v 1468.43201 57.5810013 -97.3690033
v 1478.55005 55.2719994 -97.3690033
v 1478.55005 70.788002 -100.455002
v 1468.43201 68.6539993 -99.5719986
v 1468.43201 69.0920029 -97.3690033
v 1478.55005 71.4020004 -97.3690033
v 1478.55005 57.6339989 -91.6660004
v 1468.43201 59.2669983 -93.2990036
v 1468.43201 58.0200005 -95.1669998
v 1478.55005 55.8860016 -94.2829971
v 1478.55005 69.0400009 -103.071999
v 1468.43201 67.4069977 -101.439003
v 1468.43201 68.6539993 -99.5719986
v 1478.55005 70.788002 -100.455002
v 1478.55005 60.2509995 -89.9179993
v 1468.43201 61.1339989 -92.052002
v 1468.43201 59.2669983 -93.2990036
v 1478.55005 57.6339989 -91.6660004
v 1478.55005 66.4229965 -104.82
v 1468.43201 65.5390015 -102.685997
v 1468.43201 67.4069977 -101.439003
v 1478.55005 69.0400009 -103.071999
v 1478.55005 63.3370018 -89.3040009
v 1468.43201 63.3370018 -91.6139984
v 1468.43201 61.1339989 -92.052002
v 1478.55005 60.2509995 -89.9179993
v 1478.55005 60.2509995 -104.82
v 1468.43201 61.1339989 -102.685997
v 1468.43201 63.3370018 -103.125
v 1478.55005 63.3370018 -105.433998
v 1478.55005 63.3370018 -105.433998
v 1468.43201 63.3370018 -103.125
v 1468.43201 65.5390015 -102.685997
v 1478.55005 66.4229965 -104.82
v 1478.55005 66.4229965 -89.9179993
v 1468.43201 65.5390015 -92.052002
v 1468.43201 63.3370018 -91.6139984
v 1478.55005 63.3370018 -89.3040009
v 1478.55005 57.6339989 -103.071999
v 1468.43201 59.2669983 -101.439003
v 1468.43201 61.1339989 -102.685997
v 1478.55005 60.2509995 -104.82
v 1485.60303 63.3370018 -121.038002
v 1489.55798 63.3370018 -119.367996
v 1489.55798 54.9179993 -117.693001
v 1485.60303 54.2789993 -119.236
v 1489.55798 63.3370018 -119.367996
v 1491.19604 63.3370018 -115.335999
v 1491.19604 56.4609985 -113.969002
v 1489.55798 54.9179993 -117.693001
v 1472.98901 54.2789993 -119.236
v 1469.03503 54.9179993 -117.693001
v 1469.03503 63.3370018 -119.367996
v 1472.98901 63.3370018 -121.038002
v 1469.03503 54.9179993 -117.693001
v 1467.39697 56.4609985 -113.969002
v 1467.39697 63.3370018 -115.335999
v 1469.03503 63.3370018 -119.367996
v 1485.60303 54.2789993 -119.236
v 1489.55798 54.9179993 -117.693001
v 1489.55798 47.7809982 -112.925003
v 1485.60303 46.5999985 -114.106003
v 1489.55798 54.9179993 -117.693001
v 1491.19604 56.4609985 -113.969002
v 1491.19604 50.632 -110.073997
v 1489.55798 47.7809982 -112.925003
v 1472.98901 46.5999985 -114.106003
v 1469.03503 47.7809982 -112.925003
v 1469.03503 54.9179993 -117.693001
v 1472.98901 54.2789993 -119.236
v 1469.03503 47.7809982 -112.925003
v 1467.39697 50.632 -110.073997
v 1467.39697 56.4609985 -113.969002
v 1469.03503 54.9179993 -117.693001
v 1485.60303 46.5999985 -114.106003
v 1489.55798 47.7809982 -112.925003
v 1489.55798 43.0130005 -105.788002
v 1485.60303 41.4700012 -106.427002
v 1489.55798 47.7809982 -112.925003
v 1491.19604 50.632 -110.073997
v 1491.19604 46.7369995 -104.245003
v 1489.55798 43.0130005 -105.788002
v 1472.98901 41.4700012 -106.427002
v 1469.03503 43.0130005 -105.788002
v 1469.03503 47.7809982 -112.925003
v 1472.98901 46.5999985 -114.106003
v 1469.03503 43.0130005 -105.788002
v 1467.39697 46.7369995 -104.245003
v 1467.39697 50.632 -110.073997
v 1469.03503 47.7809982 -112.925003
v 1485.60303 41.4700012 -106.427002
v 1489.55798 43.0130005 -105.788002
v 1489.55798 41.3380013 -97.3690033
v 1485.60303 39.6679993 -97.3690033
v 1489.55798 43.0130005 -105.788002
v 1491.19604 46.7369995 -104.245003
v 1491.19604 45.3699989 -97.3690033
v 1489.55798 41.3380013 -97.3690033
v 1472.98901 39.6679993 -97.3690033
v 1469.03503 41.3380013 -97.3690033
v 1469.03503 43.0130005 -105.788002
v 1472.98901 41.4700012 -106.427002
v 1469.03503 41.3380013 -97.3690033
v 1467.39697 45.3699989 -97.3690033
v 1467.39697 46.7369995 -104.245003
v 1469.03503 43.0130005 -105.788002
v 1485.60303 39.6679993 -97.3690033
v 1489.55798 41.3380013 -97.3690033
v 1489.55798 43.0130005 -88.9509964
v 1485.60303 41.4700012 -88.310997
v 1489.55798 41.3380013 -97.3690033
v 1491.19604 45.3699989 -97.3690033
v 1491.19604 46.7369995 -90.4929962
v 1489.55798 43.0130005 -88.9509964
v 1472.98901 41.4700012 -88.310997
v 1469.03503 43.0130005 -88.9509964
v 1469.03503 41.3380013 -97.3690033
v 1472.98901 39.6679993 -97.3690033
v 1469.03503 43.0130005 -88.9509964
v 1467.39697 46.7369995 -90.4929962
v 1467.39697 45.3699989 -97.3690033
v 1469.03503 41.3380013 -97.3690033
v 1485.60303 41.4700012 -88.310997
v 1489.55798 43.0130005 -88.9509964
v 1489.55798 47.7809982 -81.814003
v 1485.60303 46.5999985 -80.6330032
v 1489.55798 43.0130005 -88.9509964
v 1491.19604 46.7369995 -90.4929962
v 1491.19604 50.632 -84.6640015
v 1489.55798 47.7809982 -81.814003
v 1472.98901 46.5999985 -80.6330032
v 1469.03503 47.7809982 -81.814003
v 1469.03503 43.0130005 -88.9509964
v 1472.98901 41.4700012 -88.310997
v 1469.03503 47.7809982 -81.814003
v 1467.39697 50.632 -84.6640015
v 1467.39697 46.7369995 -90.4929962
v 1469.03503 43.0130005 -88.9509964
v 1485.60303 46.5999985 -80.6330032
v 1489.55798 47.7809982 -81.814003
v 1489.55798 54.9179993 -77.0449982
v 1485.60303 54.2789993 -75.5019989
v 1489.55798 47.7809982 -81.814003
v 1491.19604 50.632 -84.6640015
v 1491.19604 56.4609985 -80.7699966
v 1489.55798 54.9179993 -77.0449982
v 1472.98901 54.2789993 -75.5019989
v 1469.03503 54.9179993 -77.0449982
v 1469.03503 47.7809982 -81.814003
v 1472.98901 46.5999985 -80.6330032
v 1469.03503 54.9179993 -77.0449982
v 1467.39697 56.4609985 -80.7699966
v 1467.39697 50.632 -84.6640015
v 1469.03503 47.7809982 -81.814003
v 1485.60303 54.2789993 -75.5019989
v 1489.55798 54.9179993 -77.0449982
v 1489.55798 63.3370018 -75.3700027
v 1485.60303 63.3370018 -73.6999969
v 1489.55798 54.9179993 -77.0449982
v 1491.19604 56.4609985 -80.7699966
v 1491.19604 63.3370018 -79.4020004
v 1489.55798 63.3370018 -75.3700027
v 1472.98901 63.3370018 -73.6999969
v 1469.03503 63.3370018 -75.3700027
v 1469.03503 54.9179993 -77.0449982
v 1472.98901 54.2789993 -75.5019989
v 1469.03503 63.3370018 -75.3700027
v 1467.39697 63.3370018 -79.4020004
v 1467.39697 56.4609985 -80.7699966
v 1469.03503 54.9179993 -77.0449982
v 1485.60303 63.3370018 -73.6999969
v 1489.55798 63.3370018 -75.3700027
v 1489.55798 71.7549973 -77.0449982
v 1485.60303 72.3949966 -75.5019989
v 1489.55798 63.3370018 -75.3700027
v 1491.19604 63.3370018 -79.4020004
v 1491.19604 70.2129974 -80.7699966
v 1489.55798 71.7549973 -77.0449982
v 1472.98901 72.3949966 -75.5019989
v 1469.03503 71.7549973 -77.0449982
v 1469.03503 63.3370018 -75.3700027
v 1472.98901 63.3370018 -73.6999969
v 1469.03503 71.7549973 -77.0449982
v 1467.39697 70.2129974 -80.7699966
v 1467.39697 63.3370018 -79.4020004
v 1469.03503 63.3370018 -75.3700027
v 1485.60303 72.3949966 -75.5019989
v 1489.55798 71.7549973 -77.0449982
v 1489.55798 78.8919983 -81.814003
v 1485.60303 80.072998 -80.6330032
v 1489.55798 71.7549973 -77.0449982
v 1491.19604 70.2129974 -80.7699966
v 1491.19604 76.0419998 -84.6640015
v 1489.55798 78.8919983 -81.814003
v 1472.98901 80.072998 -80.6330032
v 1469.03503 78.8919983 -81.814003
v 1469.03503 71.7549973 -77.0449982
v 1472.98901 72.3949966 -75.5019989
v 1469.03503 78.8919983 -81.814003
v 1467.39697 76.0419998 -84.6640015
v 1467.39697 70.2129974 -80.7699966
v 1469.03503 71.7549973 -77.0449982
v 1485.60303 80.072998 -80.6330032
v 1489.55798 78.8919983 -81.814003
v 1489.55798 83.6610031 -88.9509964
v 1485.60303 85.2040024 -88.310997
v 1489.55798 78.8919983 -81.814003
v 1491.19604 76.0419998 -84.6640015
v 1491.19604 79.935997 -90.4929962
v 1489.55798 83.6610031 -88.9509964
v 1472.98901 85.2040024 -88.310997
v 1469.03503 83.6610031 -88.9509964
v 1469.03503 78.8919983 -81.814003
v 1472.98901 80.072998 -80.6330032
v 1469.03503 83.6610031 -88.9509964
v 1467.39697 79.935997 -90.4929962
v 1467.39697 76.0419998 -84.6640015
v 1469.03503 78.8919983 -81.814003
v 1485.60303 85.2040024 -88.310997
v 1489.55798 83.6610031 -88.9509964
v 1489.55798 85.3359985 -97.3690033
v 1485.60303 87.0059967 -97.3690033
v 1489.55798 83.6610031 -88.9509964
v 1491.19604 79.935997 -90.4929962
v 1491.19604 81.3040009 -97.3690033
v 1489.55798 85.3359985 -97.3690033
v 1472.98901 87.0059967 -97.3690033
v 1469.03503 85.3359985 -97.3690033
v 1469.03503 83.6610031 -88.9509964
v 1472.98901 85.2040024 -88.310997
v 1469.03503 85.3359985 -97.3690033
v 1467.39697 81.3040009 -97.3690033
v 1467.39697 79.935997 -90.4929962
v 1469.03503 83.6610031 -88.9509964
v 1485.60303 87.0059967 -97.3690033
v 1489.55798 85.3359985 -97.3690033
v 1489.55798 83.6610031 -105.788002
v 1485.60303 85.2040024 -106.427002
v 1489.55798 85.3359985 -97.3690033
v 1491.19604 81.3040009 -97.3690033
v 1491.19604 79.935997 -104.245003
v 1489.55798 83.6610031 -105.788002
v 1472.98901 85.2040024 -106.427002
v 1469.03503 83.6610031 -105.788002
v 1469.03503 85.3359985 -97.3690033
v 1472.98901 87.0059967 -97.3690033
v 1469.03503 83.6610031 -105.788002
v 1467.39697 79.935997 -104.245003
v 1467.39697 81.3040009 -97.3690033
v 1469.03503 85.3359985 -97.3690033
v 1485.60303 85.2040024 -106.427002
v 1489.55798 83.6610031 -105.788002
v 1489.55798 78.8919983 -112.925003
v 1485.60303 80.072998 -114.106003
v 1489.55798 83.6610031 -105.788002
v 1491.19604 79.935997 -104.245003
v 1491.19604 76.0419998 -110.073997
v 1489.55798 78.8919983 -112.925003
v 1472.98901 80.072998 -114.106003
v 1469.03503 78.8919983 -112.925003
v 1469.03503 83.6610031 -105.788002
v 1472.98901 85.2040024 -106.427002
v 1469.03503 78.8919983 -112.925003
v 1467.39697 76.0419998 -110.073997
v 1467.39697 79.935997 -104.245003
v 1469.03503 83.6610031 -105.788002
v 1485.60303 80.072998 -114.106003
v 1489.55798 78.8919983 -112.925003
v 1489.55798 71.7549973 -117.693001
v 1485.60303 72.3949966 -119.236
v 1489.55798 78.8919983 -112.925003
v 1491.19604 76.0419998 -110.073997
v 1491.19604 70.2129974 -113.969002
v 1489.55798 71.7549973 -117.693001
v 1472.98901 72.3949966 -119.236
v 1469.03503 71.7549973 -117.693001
v 1469.03503 78.8919983 -112.925003
v 1472.98901 80.072998 -114.106003
v 1469.03503 71.7549973 -117.693001
v 1467.39697 70.2129974 -113.969002
v 1467.39697 76.0419998 -110.073997
v 1469.03503 78.8919983 -112.925003
v 1485.60303 72.3949966 -119.236
v 1489.55798 71.7549973 -117.693001
v 1489.55798 63.3370018 -119.367996
v 1485.60303 63.3370018 -121.038002
v 1489.55798 71.7549973 -117.693001
v 1491.19604 70.2129974 -113.969002
v 1491.19604 63.3370018 -115.335999
v 1489.55798 63.3370018 -119.367996
v 1472.98901 63.3370018 -121.038002
v 1469.03503 63.3370018 -119.367996
v 1469.03503 71.7549973 -117.693001
v 1472.98901 72.3949966 -119.236
v 1469.03503 63.3370018 -119.367996
v 1467.39697 63.3370018 -115.335999
v 1467.39697 70.2129974 -113.969002
v 1469.03503 71.7549973 -117.693001
v 1491.19604 63.3370018 -115.335999
v 1491.19604 70.2129974 -113.969002
v 1491.19604 76.0419998 -110.073997
v 1491.19604 63.3370018 -115.335999
v 1491.19604 76.0419998 -110.073997
v 1491.19604 46.7369995 -104.245003
v 1491.19604 50.632 -110.073997
v 1491.19604 63.3370018 -115.335999
v 1491.19604 50.632 -110.073997
v 1491.19604 56.4609985 -113.969002
v 1491.19604 76.0419998 -110.073997
v 1491.19604 79.935997 -104.245003
v 1491.19604 81.3040009 -97.3690033
v 1491.19604 76.0419998 -110.073997
v 1491.19604 81.3040009 -97.3690033
v 1491.19604 76.0419998 -84.6640015
v 1491.19604 70.2129974 -80.7699966
v 1491.19604 46.7369995 -104.245003
v 1491.19604 76.0419998 -110.073997
v 1491.19604 70.2129974 -80.7699966
v 1491.19604 46.7369995 -90.4929962
v 1491.19604 81.3040009 -97.3690033
v 1491.19604 79.935997 -90.4929962
v 1491.19604 76.0419998 -84.6640015
v 1491.19604 46.7369995 -90.4929962
v 1491.19604 70.2129974 -80.7699966
v 1491.19604 56.4609985 -80.7699966
v 1491.19604 50.632 -84.6640015
v 1491.19604 70.2129974 -80.7699966
v 1491.19604 63.3370018 -79.4020004
v 1491.19604 56.4609985 -80.7699966
v 1491.19604 46.7369995 -90.4929962
v 1491.19604 45.3699989 -97.3690033
v 1491.19604 46.7369995 -104.245003
v 1468.37305 56.8310013 -110.364998
v 1467.39697 57.5540009 -111.330002
v 1467.39697 52.6520004 -108.054001
v 1468.37305 53.8199997 -108.352997
v 1468.37305 49.5470009 -101.958
v 1467.39697 49.3759995 -103.152
v 1467.39697 48.2260017 -97.3690033
v 1468.37305 48.8400002 -98.4059982
v 1468.37305 50.3409996 -90.862999
v 1467.39697 49.3759995 -91.5859985
v 1467.39697 52.6520004 -86.6839981
v 1468.37305 52.3530006 -87.8519974
v 1468.37305 58.7480011 -83.5790024
v 1467.39697 57.5540009 -83.4079971
v 1467.39697 63.3370018 -82.2580032
v 1468.37305 62.2999992 -82.8730011
v 1468.37305 69.8430023 -84.3730011
v 1467.39697 69.1200027 -83.4079971
v 1467.39697 74.0220032 -86.6839981
v 1468.37305 72.8539963 -86.3850021
v 1468.37305 77.1269989 -92.7799988
v 1467.39697 77.2979965 -91.5859985
v 1467.39697 78.447998 -97.3690033
v 1468.37305 77.8330002 -96.3320007
v 1468.37305 76.3330002 -103.875
v 1467.39697 77.2979965 -103.152
v 1467.39697 74.0220032 -108.054001
v 1468.37305 74.3209991 -106.886002
v 1468.37305 67.9260025 -111.158997
v 1467.39697 69.1200027 -111.330002
v 1467.39697 63.3370018 -112.480003
v 1468.37305 64.3740005 -111.865997
v 1477.57397 56.5439987 -105.628998
v 1478.55005 55.9539986 -104.751999
v 1478.55005 59.3409996 -107.015999
v 1477.57397 58.3050003 -106.806
v 1477.57397 52.6930008 -98.4059982
v 1478.55005 52.8950005 -97.3690033
v 1478.55005 53.6899986 -101.364998
v 1477.57397 53.105999 -100.484001
v 1477.57397 55.0769997 -90.5759964
v 1478.55005 55.9539986 -89.9860001
v 1478.55005 53.6899986 -93.3730011
v 1477.57397 53.9000015 -92.3379974
v 1477.57397 62.2999992 -86.7249985
v 1478.55005 63.3370018 -86.9280014
v 1478.55005 59.3409996 -87.7220001
v 1477.57397 60.2220001 -87.1389999
v 1477.57397 70.1299973 -89.1090012
v 1478.55005 70.7200012 -89.9860001
v 1478.55005 67.3330002 -87.7220001
v 1477.57397 68.3679962 -87.9329987
v 1477.57397 73.9810028 -96.3320007
v 1478.55005 73.7779999 -97.3690033
v 1478.55005 72.9840012 -93.3730011
v 1477.57397 73.5670013 -94.2539978
v 1477.57397 71.5970001 -104.162003
v 1478.55005 70.7200012 -104.751999
v 1478.55005 72.9840012 -101.364998
v 1477.57397 72.7730026 -102.401001
v 1477.57397 64.3740005 -108.013
v 1478.55005 63.3370018 -107.810997
v 1478.55005 67.3330002 -107.015999
v 1477.57397 66.4520035 -107.599998
v 1468.37305 74.3209991 -106.886002
v 1467.39697 74.0220032 -108.054001
v 1478.55005 70.7200012 -104.751999
v 1477.57397 71.5970001 -104.162003
v 1477.57397 66.4520035 -107.599998
v 1478.55005 67.3330002 -107.015999
v 1467.39697 69.1200027 -111.330002
v 1468.37305 67.9260025 -111.158997
v 1477.57397 60.2220001 -87.1389999
v 1478.55005 59.3409996 -87.7220001
v 1467.39697 57.5540009 -83.4079971
v 1468.37305 58.7480011 -83.5790024
v 1468.37305 62.2999992 -82.8730011
v 1467.39697 63.3370018 -82.2580032
v 1478.55005 63.3370018 -86.9280014
v 1477.57397 62.2999992 -86.7249985
v 1468.37305 64.3740005 -111.865997
v 1467.39697 63.3370018 -112.480003
v 1478.55005 63.3370018 -107.810997
v 1477.57397 64.3740005 -108.013
v 1477.57397 58.3050003 -106.806
v 1478.55005 59.3409996 -107.015999
v 1467.39697 57.5540009 -111.330002
v 1468.37305 56.8310013 -110.364998
v 1477.57397 68.3679962 -87.9329987
v 1478.55005 67.3330002 -87.7220001
v 1467.39697 69.1200027 -83.4079971
v 1468.37305 69.8430023 -84.3730011
v 1468.37305 53.8199997 -108.352997
v 1467.39697 52.6520004 -108.054001
v 1478.55005 55.9539986 -104.751999
v 1477.57397 56.5439987 -105.628998
v 1468.37305 72.8539963 -86.3850021
v 1467.39697 74.0220032 -86.6839981
v 1478.55005 70.7200012 -89.9860001
v 1477.57397 70.1299973 -89.1090012
v 1477.57397 53.105999 -100.484001
v 1478.55005 53.6899986 -101.364998
v 1467.39697 49.3759995 -103.152
v 1468.37305 49.5470009 -101.958
v 1477.57397 73.5670013 -94.2539978
v 1478.55005 72.9840012 -93.3730011
v 1467.39697 77.2979965 -91.5859985
v 1468.37305 77.1269989 -92.7799988
v 1468.37305 48.8400002 -98.4059982
v 1467.39697 48.2260017 -97.3690033
v 1478.55005 52.8950005 -97.3690033
v 1477.57397 52.6930008 -98.4059982
v 1468.37305 77.8330002 -96.3320007
v 1467.39697 78.447998 -97.3690033
v 1478.55005 73.7779999 -97.3690033
v 1477.57397 73.9810028 -96.3320007
v 1477.57397 53.9000015 -92.3379974
v 1478.55005 53.6899986 -93.3730011
v 1467.39697 49.3759995 -91.5859985
v 1468.37305 50.3409996 -90.862999
v 1477.57397 72.7730026 -102.401001
v 1478.55005 72.9840012 -101.364998
v 1467.39697 77.2979965 -103.152
v 1468.37305 76.3330002 -103.875
v 1468.37305 52.3530006 -87.8519974
v 1467.39697 52.6520004 -86.6839981
v 1478.55005 55.9539986 -89.9860001
v 1477.57397 55.0769997 -90.5759964
v 1470.79297 64.0059967 -91.4499969
v 1479.995 64.0059967 -95.302002
v 1479.995 61.9280014 -95.7160034
v 1470.79297 60.4539986 -92.1559982
v 1470.79297 62.6679993 -103.289001
v 1479.995 62.6679993 -99.435997
v 1479.995 64.7460022 -99.0230026
v 1470.79297 66.2200012 -102.582001
v 1470.79297 58.6780014 -101.082001
v 1479.995 61.4029999 -98.3580017
v 1479.995 63.1640015 -99.5350037
v 1470.79297 61.6889992 -103.094002
v 1470.79297 67.9950027 -93.6559982
v 1479.995 65.2710037 -96.3809967
v 1479.995 63.5099983 -95.2040024
v 1470.79297 64.9840012 -91.6439972
v 1470.79297 57.4169998 -96.6999969
v 1479.995 61.2700005 -96.6999969
v 1479.995 61.6829987 -98.7779999
v 1470.79297 58.1240005 -100.251999
v 1470.79297 69.2559967 -98.038002
v 1479.995 65.4039993 -98.038002
v 1479.995 64.9899979 -95.9599991
v 1470.79297 68.5500031 -94.4860001
v 1470.79297 59.6240005 -92.7109985
v 1479.995 62.3479996 -95.4349976
v 1479.995 61.1710014 -97.1959991
v 1470.79297 57.6119995 -95.7220001
v 1470.79297 67.0500031 -102.028
v 1479.995 64.3249969 -99.3030014
v 1479.995 65.5019989 -97.5419998
v 1470.79297 69.0619965 -99.0169983
v 1468.37305 67.9260025 -111.158997
v 1470.79297 66.2200012 -102.582001
v 1479.995 64.7460022 -99.0230026
v 1477.57397 66.4520035 -107.599998
v 1468.37305 72.8539963 -86.3850021
v 1470.79297 67.9950027 -93.6559982
v 1470.79297 64.9840012 -91.6439972
v 1468.37305 69.8430023 -84.3730011
v 1477.57397 55.0769997 -90.5759964
v 1479.995 62.3479996 -95.4349976
v 1470.79297 59.6240005 -92.7109985
v 1468.37305 52.3530006 -87.8519974
v 1468.37305 58.7480011 -83.5790024
v 1470.79297 60.4539986 -92.1559982
v 1479.995 61.9280014 -95.7160034
v 1477.57397 60.2220001 -87.1389999
v 1468.37305 77.8330002 -96.3320007
v 1470.79297 69.2559967 -98.038002
v 1470.79297 68.5500031 -94.4860001
v 1468.37305 77.1269989 -92.7799988
v 1477.57397 62.2999992 -86.7249985
v 1479.995 64.0059967 -95.302002
v 1470.79297 64.0059967 -91.4499969
v 1468.37305 62.2999992 -82.8730011
v 1468.37305 74.3209991 -106.886002
v 1470.79297 67.0500031 -102.028
v 1470.79297 69.0619965 -99.0169983
v 1468.37305 76.3330002 -103.875
v 1477.57397 64.3740005 -108.013
v 1479.995 62.6679993 -99.435997
v 1470.79297 62.6679993 -103.289001
v 1468.37305 64.3740005 -111.865997
v 1468.37305 64.3740005 -111.865997
v 1470.79297 62.6679993 -103.289001
v 1470.79297 66.2200012 -102.582001
v 1468.37305 67.9260025 -111.158997
v 1468.37305 56.8310013 -110.364998
v 1470.79297 61.6889992 -103.094002
v 1479.995 63.1640015 -99.5350037
v 1477.57397 58.3050003 -106.806
v 1477.57397 58.3050003 -106.806
v 1479.995 63.1640015 -99.5350037
v 1479.995 61.4029999 -98.3580017
v 1477.57397 56.5439987 -105.628998
v 1468.37305 69.8430023 -84.3730011
v 1470.79297 64.9840012 -91.6439972
v 1479.995 63.5099983 -95.2040024
v 1477.57397 68.3679962 -87.9329987
v 1477.57397 53.105999 -100.484001
v 1479.995 61.6829987 -98.7779999
v 1479.995 61.2700005 -96.6999969
v 1477.57397 52.6930008 -98.4059982
v 1477.57397 56.5439987 -105.628998
v 1479.995 61.4029999 -98.3580017
v 1470.79297 58.6780014 -101.082001
v 1468.37305 53.8199997 -108.352997
v 1477.57397 53.9000015 -92.3379974
v 1479.995 61.1710014 -97.1959991
v 1479.995 62.3479996 -95.4349976
v 1477.57397 55.0769997 -90.5759964
v 1477.57397 70.1299973 -89.1090012
v 1479.995 65.2710037 -96.3809967
v 1470.79297 67.9950027 -93.6559982
v 1468.37305 72.8539963 -86.3850021
v 1477.57397 60.2220001 -87.1389999
v 1479.995 61.9280014 -95.7160034
v 1479.995 64.0059967 -95.302002
v 1477.57397 62.2999992 -86.7249985
v 1468.37305 49.5470009 -101.958
v 1470.79297 58.1240005 -100.251999
v 1479.995 61.6829987 -98.7779999
v 1477.57397 53.105999 -100.484001
v 1477.57397 68.3679962 -87.9329987
v 1479.995 63.5099983 -95.2040024
v 1479.995 65.2710037 -96.3809967
v 1477.57397 70.1299973 -89.1090012
v 1468.37305 77.1269989 -92.7799988
v 1470.79297 68.5500031 -94.4860001
v 1479.995 64.9899979 -95.9599991
v 1477.57397 73.5670013 -94.2539978
v 1477.57397 73.5670013 -94.2539978
v 1479.995 64.9899979 -95.9599991
v 1479.995 65.4039993 -98.038002
v 1477.57397 73.9810028 -96.3320007
v 1468.37305 53.8199997 -108.352997
v 1470.79297 58.6780014 -101.082001
v 1470.79297 61.6889992 -103.094002
v 1468.37305 56.8310013 -110.364998
v 1477.57397 52.6930008 -98.4059982
v 1479.995 61.2700005 -96.6999969
v 1470.79297 57.4169998 -96.6999969
v 1468.37305 48.8400002 -98.4059982
v 1477.57397 72.7730026 -102.401001
v 1479.995 65.5019989 -97.5419998
v 1479.995 64.3249969 -99.3030014
v 1477.57397 71.5970001 -104.162003
v 1468.43201 63.3370018 -102.051003
v 1468.43201 63.3370018 -103.125
v 1468.43201 61.1339989 -102.685997
v 1468.43201 61.5449982 -101.695
v 1468.43201 61.5449982 -101.695
v 1468.43201 61.1339989 -102.685997
v 1468.43201 59.2669983 -101.439003
v 1468.43201 60.026001 -100.68
v 1468.43201 60.026001 -100.68
v 1468.43201 59.2669983 -101.439003
v 1468.43201 58.0200005 -99.5719986
v 1468.43201 59.0110016 -99.1610031
v 1468.43201 59.0110016 -99.1610031
v 1468.43201 58.0200005 -99.5719986
v 1468.43201 57.5810013 -97.3690033
v 1468.43201 58.6549988 -97.3690033
v 1468.43201 58.6549988 -97.3690033
v 1468.43201 57.5810013 -97.3690033
v 1468.43201 58.0200005 -95.1669998
v 1468.43201 59.0110016 -95.5770035
v 1468.43201 59.0110016 -95.5770035
v 1468.43201 58.0200005 -95.1669998
v 1468.43201 59.2669983 -93.2990036
v 1468.43201 60.026001 -94.0589981
v 1468.43201 60.026001 -94.0589981
v 1468.43201 59.2669983 -93.2990036
v 1468.43201 61.1339989 -92.052002
v 1468.43201 61.5449982 -93.0439987
v 1468.43201 61.5449982 -93.0439987
v 1468.43201 61.1339989 -92.052002
v 1468.43201 63.3370018 -91.6139984
v 1468.43201 63.3370018 -92.6869965
v 1468.43201 63.3370018 -92.6869965
v 1468.43201 63.3370018 -91.6139984
v 1468.43201 65.5390015 -92.052002
v 1468.43201 65.1289978 -93.0439987
v 1468.43201 65.1289978 -93.0439987
v 1468.43201 65.5390015 -92.052002
v 1468.43201 67.4069977 -93.2990036
v 1468.43201 66.6470032 -94.0589981
v 1468.43201 66.6470032 -94.0589981
v 1468.43201 67.4069977 -93.2990036
v 1468.43201 68.6539993 -95.1669998
v 1468.43201 67.6620026 -95.5770035
v 1468.43201 67.6620026 -95.5770035
v 1468.43201 68.6539993 -95.1669998
v 1468.43201 69.0920029 -97.3690033
v 1468.43201 68.0189972 -97.3690033
v 1468.43201 68.0189972 -97.3690033
v 1468.43201 69.0920029 -97.3690033
v 1468.43201 68.6539993 -99.5719986
v 1468.43201 67.6620026 -99.1610031
v 1468.43201 67.6620026 -99.1610031
v 1468.43201 68.6539993 -99.5719986
v 1468.43201 67.4069977 -101.439003
v 1468.43201 66.6470032 -100.68
v 1468.43201 66.6470032 -100.68
v 1468.43201 67.4069977 -101.439003
v 1468.43201 65.5390015 -102.685997
v 1468.43201 65.1289978 -101.695
v 1468.43201 65.1289978 -101.695
v 1468.43201 65.5390015 -102.685997
v 1468.43201 63.3370018 -103.125
v 1468.43201 63.3370018 -102.051003
v 1467.86206 64.5859985 -100.384003
v 1467.86206 63.3370018 -100.633003
v 1467.86206 62.0880013 -100.384003
v 1467.86206 66.3519974 -98.6179962
v 1467.86206 62.0880013 -100.384003
v 1467.86206 61.0289993 -99.677002
v 1467.86206 60.3219986 -98.6179962
v 1467.86206 60.0730019 -97.3690033
v 1467.86206 66.3519974 -98.6179962
v 1467.86206 62.0880013 -100.384003
v 1467.86206 60.0730019 -97.3690033
v 1467.86206 64.5859985 -94.3539963
v 1467.86206 62.0880013 -94.3539963
v 1467.86206 60.0730019 -97.3690033
v 1467.86206 60.3219986 -96.1200027
v 1467.86206 61.0289993 -95.060997
v 1467.86206 60.0730019 -97.3690033
v 1467.86206 62.0880013 -94.3539963
v 1467.86206 63.3370018 -94.1050034
v 1467.86206 64.5859985 -94.3539963
v 1467.86206 64.5859985 -94.3539963
v 1467.86206 65.6449966 -95.060997
v 1467.86206 66.3519974 -96.1200027
v 1467.86206 66.3519974 -98.6179962
v 1467.86206 64.5859985 -94.3539963
v 1467.86206 66.3519974 -96.1200027
v 1467.86206 66.6009979 -97.3690033
v 1467.86206 66.3519974 -98.6179962
v 1467.86206 65.6449966 -99.677002
v 1467.86206 64.5859985 -100.384003
v 1468.43201 61.5449982 -101.695
v 1470.22595 61.5449982 -101.695
v 1470.22595 63.3370018 -102.051003
v 1468.43201 63.3370018 -102.051003
v 1468.43201 63.3370018 -102.051003
v 1470.22595 63.3370018 -102.051003
v 1470.22595 65.1289978 -101.695
v 1468.43201 65.1289978 -101.695
v 1468.43201 65.1289978 -93.0439987
v 1470.22595 65.1289978 -93.0439987
v 1470.22595 63.3370018 -92.6869965
v 1468.43201 63.3370018 -92.6869965
v 1468.43201 60.026001 -100.68
v 1470.22595 60.026001 -100.68
v 1470.22595 61.5449982 -101.695
v 1468.43201 61.5449982 -101.695
v 1468.43201 66.6470032 -94.0589981
v 1470.22595 66.6470032 -94.0589981
v 1470.22595 65.1289978 -93.0439987
v 1468.43201 65.1289978 -93.0439987
v 1468.43201 59.0110016 -99.1610031
v 1470.22595 59.0110016 -99.1610031
v 1470.22595 60.026001 -100.68
v 1468.43201 60.026001 -100.68
v 1468.43201 67.6620026 -95.5770035
v 1470.22595 67.6620026 -95.5770035
v 1470.22595 66.6470032 -94.0589981
v 1468.43201 66.6470032 -94.0589981
v 1468.43201 58.6549988 -97.3690033
v 1470.22595 58.6549988 -97.3690033
v 1470.22595 59.0110016 -99.1610031
v 1468.43201 59.0110016 -99.1610031
v 1468.43201 68.0189972 -97.3690033
v 1470.22595 68.0189972 -97.3690033
v 1470.22595 67.6620026 -95.5770035
v 1468.43201 67.6620026 -95.5770035
v 1468.43201 59.0110016 -95.5770035
v 1470.22595 59.0110016 -95.5770035
v 1470.22595 58.6549988 -97.3690033
v 1468.43201 58.6549988 -97.3690033
v 1468.43201 67.6620026 -99.1610031
v 1470.22595 67.6620026 -99.1610031
v 1470.22595 68.0189972 -97.3690033
v 1468.43201 68.0189972 -97.3690033
v 1468.43201 60.026001 -94.0589981
v 1470.22595 60.026001 -94.0589981
v 1470.22595 59.0110016 -95.5770035
v 1468.43201 59.0110016 -95.5770035
v 1468.43201 66.6470032 -100.68
v 1470.22595 66.6470032 -100.68
v 1470.22595 67.6620026 -99.1610031
v 1468.43201 67.6620026 -99.1610031
v 1468.43201 61.5449982 -93.0439987
v 1470.22595 61.5449982 -93.0439987
v 1470.22595 60.026001 -94.0589981
v 1468.43201 60.026001 -94.0589981
v 1468.43201 65.1289978 -101.695
v 1470.22595 65.1289978 -101.695
v 1470.22595 66.6470032 -100.68
v 1468.43201 66.6470032 -100.68
v 1467.86206 63.3370018 -100.633003
v 1470.22595 63.3370018 -102.051003
v 1470.22595 61.5449982 -101.695
v 1467.86206 62.0880013 -100.384003
v 1467.86206 62.0880013 -100.384003
v 1470.22595 61.5449982 -101.695
v 1470.22595 60.026001 -100.68
v 1467.86206 61.0289993 -99.677002
v 1467.86206 61.0289993 -99.677002
v 1470.22595 60.026001 -100.68
v 1470.22595 59.0110016 -99.1610031
v 1467.86206 60.3219986 -98.6179962
v 1467.86206 60.3219986 -98.6179962
v 1470.22595 59.0110016 -99.1610031
v 1470.22595 58.6549988 -97.3690033
v 1467.86206 60.0730019 -97.3690033
v 1467.86206 60.0730019 -97.3690033
v 1470.22595 58.6549988 -97.3690033
v 1470.22595 59.0110016 -95.5770035
v 1467.86206 60.3219986 -96.1200027
v 1467.86206 60.3219986 -96.1200027
v 1470.22595 59.0110016 -95.5770035
v 1470.22595 60.026001 -94.0589981
v 1467.86206 61.0289993 -95.060997
v 1467.86206 61.0289993 -95.060997
v 1470.22595 60.026001 -94.0589981
v 1470.22595 61.5449982 -93.0439987
v 1467.86206 62.0880013 -94.3539963
v 1467.86206 62.0880013 -94.3539963
v 1470.22595 61.5449982 -93.0439987
v 1470.22595 63.3370018 -92.6869965
v 1467.86206 63.3370018 -94.1050034
v 1467.86206 63.3370018 -94.1050034
v 1470.22595 63.3370018 -92.6869965
v 1470.22595 65.1289978 -93.0439987
v 1467.86206 64.5859985 -94.3539963
v 1467.86206 64.5859985 -94.3539963
v 1470.22595 65.1289978 -93.0439987
v 1470.22595 66.6470032 -94.0589981
v 1467.86206 65.6449966 -95.060997
v 1467.86206 65.6449966 -95.060997
v 1470.22595 66.6470032 -94.0589981
v 1470.22595 67.6620026 -95.5770035
v 1467.86206 66.3519974 -96.1200027
v 1467.86206 66.3519974 -96.1200027
v 1470.22595 67.6620026 -95.5770035
v 1470.22595 68.0189972 -97.3690033
v 1467.86206 66.6009979 -97.3690033
v 1467.86206 66.6009979 -97.3690033
v 1470.22595 68.0189972 -97.3690033
v 1470.22595 67.6620026 -99.1610031
v 1467.86206 66.3519974 -98.6179962
v 1467.86206 66.3519974 -98.6179962
v 1470.22595 67.6620026 -99.1610031
v 1470.22595 66.6470032 -100.68
v 1467.86206 65.6449966 -99.677002
v 1467.86206 65.6449966 -99.677002
v 1470.22595 66.6470032 -100.68
v 1470.22595 65.1289978 -101.695
v 1467.86206 64.5859985 -100.384003
v 1467.86206 64.5859985 -100.384003
v 1470.22595 65.1289978 -101.695
v 1470.22595 63.3370018 -102.051003
v 1467.86206 63.3370018 -100.633003
v 1485.94897 72.8899994 84.1409988
v 1485.94897 63.3370018 82.2409973
v 1472.64404 63.3370018 82.2409973
v 1472.64404 72.8899994 84.1409988
v 1485.94897 45.6850014 89.5530014
v 1485.94897 40.2729988 97.6520004
v 1472.64404 40.2729988 97.6520004
v 1472.64404 45.6850014 89.5530014
v 1485.94897 40.2729988 97.6520004
v 1485.94897 38.3730011 107.205002
v 1472.64404 38.3730011 107.205002
v 1472.64404 40.2729988 97.6520004
v 1485.94897 38.3730011 107.205002
v 1485.94897 40.2729988 116.759003
v 1472.64404 40.2729988 116.759003
v 1472.64404 38.3730011 107.205002
v 1485.94897 40.2729988 116.759003
v 1485.94897 45.6850014 124.857002
v 1472.64404 45.6850014 124.857002
v 1472.64404 40.2729988 116.759003
v 1485.94897 45.6850014 124.857002
v 1485.94897 53.7830009 130.268997
v 1472.64404 53.7830009 130.268997
v 1472.64404 45.6850014 124.857002
v 1485.94897 53.7830009 130.268997
v 1485.94897 63.3370018 132.169006
v 1472.64404 63.3370018 132.169006
v 1472.64404 53.7830009 130.268997
v 1485.94897 63.3370018 132.169006
v 1485.94897 72.8899994 130.268997
v 1472.64404 72.8899994 130.268997
v 1472.64404 63.3370018 132.169006
v 1485.94897 72.8899994 130.268997
v 1485.94897 80.9889984 124.857002
v 1472.64404 80.9889984 124.857002
v 1472.64404 72.8899994 130.268997
v 1485.94897 80.9889984 124.857002
v 1485.94897 86.401001 116.759003
v 1472.64404 86.401001 116.759003
v 1472.64404 80.9889984 124.857002
v 1485.94897 86.401001 116.759003
v 1485.94897 88.3010025 107.205002
v 1472.64404 88.3010025 107.205002
v 1472.64404 86.401001 116.759003
v 1485.94897 88.3010025 107.205002
v 1485.94897 86.401001 97.6520004
v 1472.64404 86.401001 97.6520004
v 1472.64404 88.3010025 107.205002
v 1485.94897 86.401001 97.6520004
v 1485.94897 80.9889984 89.5530014
v 1472.64404 80.9889984 89.5530014
v 1472.64404 86.401001 97.6520004
v 1485.94897 80.9889984 89.5530014
v 1485.94897 72.8899994 84.1409988
v 1472.64404 72.8899994 84.1409988
v 1472.64404 80.9889984 89.5530014
v 1467.39697 52.6520004 96.5199966
v 1478.55005 55.9539986 99.8219986
v 1478.55005 59.3409996 97.5579987
v 1467.39697 57.5540009 93.2440033
v 1467.39697 75.4240036 95.1179962
v 1467.80603 75.802002 94.3430023
v 1467.80603 70.2559967 90.637001
v 1467.39697 69.8779984 91.4120026
v 1485.94897 53.7830009 84.1409988
v 1485.94897 45.6850014 89.5530014
v 1472.64404 45.6850014 89.5530014
v 1472.64404 53.7830009 84.1409988
v 1485.94897 63.3370018 82.2409973
v 1485.94897 53.7830009 84.1409988
v 1472.64404 53.7830009 84.1409988
v 1472.64404 63.3370018 82.2409973
v 1467.39697 63.3370018 90.1110001
v 1467.80603 63.7150002 89.3359985
v 1467.80603 57.1730003 90.637001
v 1467.39697 56.7949982 91.4120026
v 1467.39697 79.1299973 100.664001
v 1467.80603 79.5080032 99.8880005
v 1467.80603 75.802002 94.3430023
v 1467.39697 75.4240036 95.1179962
v 1467.39697 45.3699989 107.205002
v 1467.80603 45.7480011 106.43
v 1467.80603 47.1150017 99.5540009
v 1467.39697 46.7369995 100.329002
v 1467.39697 63.3370018 125.171997
v 1467.80603 63.7150002 124.397003
v 1467.80603 56.8390007 123.028999
v 1467.39697 56.4609985 123.805
v 1467.39697 81.3040009 107.205002
v 1467.80603 81.6819992 106.43
v 1467.80603 80.314003 113.306
v 1467.39697 79.935997 114.081001
v 1467.39697 80.4309998 107.205002
v 1467.80603 80.8089981 106.43
v 1467.80603 79.5080032 99.8880005
v 1467.39697 79.1299973 100.664001
v 1467.39697 79.1299973 113.747002
v 1467.80603 79.5080032 112.971001
v 1467.80603 80.8089981 106.43
v 1467.39697 80.4309998 107.205002
v 1467.39697 75.4240036 119.292
v 1467.80603 75.802002 118.516998
v 1467.80603 79.5080032 112.971001
v 1467.39697 79.1299973 113.747002
v 1467.39697 56.4609985 90.6060028
v 1467.80603 56.8390007 89.8300018
v 1467.80603 63.7150002 88.4629974
v 1467.39697 63.3370018 89.237999
v 1467.39697 46.7369995 114.081001
v 1467.80603 47.1150017 113.306
v 1467.80603 45.7480011 106.43
v 1467.39697 45.3699989 107.205002
v 1467.39697 70.2129974 123.805
v 1467.80603 70.5910034 123.028999
v 1467.80603 63.7150002 124.397003
v 1467.39697 63.3370018 125.171997
v 1467.39697 69.8779984 122.998001
v 1467.80603 70.2559967 122.223
v 1467.80603 75.802002 118.516998
v 1467.39697 75.4240036 119.292
v 1467.39697 79.935997 100.329002
v 1467.80603 80.314003 99.5540009
v 1467.80603 81.6819992 106.43
v 1467.39697 81.3040009 107.205002
v 1467.39697 63.3370018 89.237999
v 1467.80603 63.7150002 88.4629974
v 1467.80603 70.5910034 89.8300018
v 1467.39697 70.2129974 90.6060028
v 1467.39697 63.3370018 124.299004
v 1467.80603 63.7150002 123.524002
v 1467.80603 70.2559967 122.223
v 1467.39697 69.8779984 122.998001
v 1467.39697 63.3370018 92.0940018
v 1467.39697 63.3370018 90.1110001
v 1467.39697 56.7949982 91.4120026
v 1467.39697 57.5540009 93.2440033
v 1467.39697 57.5540009 93.2440033
v 1467.39697 56.7949982 91.4120026
v 1467.39697 51.25 95.1179962
v 1467.39697 52.6520004 96.5199966
v 1467.39697 52.6520004 96.5199966
v 1467.39697 51.25 95.1179962
v 1467.39697 47.5439987 100.664001
v 1467.39697 49.3759995 101.421997
v 1467.39697 49.3759995 101.421997
v 1467.39697 47.5439987 100.664001
v 1467.39697 46.243 107.205002
v 1467.39697 48.2260017 107.205002
v 1467.39697 48.2260017 107.205002
v 1467.39697 46.243 107.205002
v 1467.39697 47.5439987 113.747002
v 1467.39697 49.3759995 112.987999
v 1467.39697 49.3759995 112.987999
v 1467.39697 47.5439987 113.747002
v 1467.39697 51.25 119.292
v 1467.39697 52.6520004 117.889999
v 1467.39697 52.6520004 117.889999
v 1467.39697 51.25 119.292
v 1467.39697 56.7949982 122.998001
v 1467.39697 57.5540009 121.166
v 1467.39697 57.5540009 121.166
v 1467.39697 56.7949982 122.998001
v 1467.39697 63.3370018 124.299004
v 1467.39697 63.3370018 122.316002
v 1467.39697 63.3370018 122.316002
v 1467.39697 63.3370018 124.299004
v 1467.39697 69.8779984 122.998001
v 1467.39697 69.1200027 121.166
v 1467.39697 69.1200027 121.166
v 1467.39697 69.8779984 122.998001
v 1467.39697 75.4240036 119.292
v 1467.39697 74.0220032 117.889999
v 1467.39697 74.0220032 117.889999
v 1467.39697 75.4240036 119.292
v 1467.39697 79.1299973 113.747002
v 1467.39697 77.2979965 112.987999
v 1467.39697 77.2979965 112.987999
v 1467.39697 79.1299973 113.747002
v 1467.39697 80.4309998 107.205002
v 1467.39697 78.447998 107.205002
v 1467.39697 78.447998 107.205002
v 1467.39697 80.4309998 107.205002
v 1467.39697 79.1299973 100.664001
v 1467.39697 77.2979965 101.421997
v 1467.39697 77.2979965 101.421997
v 1467.39697 79.1299973 100.664001
v 1467.39697 75.4240036 95.1179962
v 1467.39697 74.0220032 96.5199966
v 1467.39697 74.0220032 96.5199966
v 1467.39697 75.4240036 95.1179962
v 1467.39697 69.8779984 91.4120026
v 1467.39697 69.1200027 93.2440033
v 1467.39697 69.1200027 93.2440033
v 1467.39697 69.8779984 91.4120026
v 1467.39697 63.3370018 90.1110001
v 1467.39697 63.3370018 92.0940018
v 1478.55005 71.4020004 107.205002
v 1468.64795 68.8460007 107.205002
v 1468.64795 68.4260025 109.313004
v 1478.55005 70.788002 110.291
v 1467.39697 74.0220032 117.889999
v 1478.55005 70.7200012 114.587997
v 1478.55005 67.3330002 116.851997
v 1467.39697 69.1200027 121.166
v 1468.37305 50.3409996 100.698997
v 1470.79297 57.6119995 105.557999
v 1470.79297 59.6240005 102.546997
v 1468.37305 52.3530006 97.6880035
v 1477.57397 73.9810028 106.167999
v 1479.995 65.4039993 107.874001
v 1479.995 64.9899979 105.795998
v 1477.57397 73.5670013 104.089996
v 1467.39697 48.2260017 107.205002
v 1478.55005 52.8950005 107.205002
v 1478.55005 53.6899986 103.209
v 1467.39697 49.3759995 101.421997
v 1467.39697 78.447998 107.205002
v 1478.55005 73.7779999 107.205002
v 1478.55005 72.9840012 111.200996
v 1467.39697 77.2979965 112.987999
v 1468.37305 72.8539963 96.2210007
v 1470.79297 67.9950027 103.491997
v 1479.995 65.2710037 106.217003
v 1477.57397 70.1299973 98.9449997
v 1468.37305 58.7480011 93.4150009
v 1470.79297 60.4539986 101.991997
v 1470.79297 64.0059967 101.286003
v 1468.37305 62.2999992 92.7089996
v 1467.39697 52.6520004 117.889999
v 1478.55005 55.9539986 114.587997
v 1478.55005 53.6899986 111.200996
v 1467.39697 49.3759995 112.987999
v 1467.39697 74.0220032 96.5199966
v 1478.55005 70.7200012 99.8219986
v 1478.55005 72.9840012 103.209
v 1467.39697 77.2979965 101.421997
v 1477.57397 71.5970001 113.998001
v 1479.995 64.3249969 109.139
v 1479.995 65.5019989 107.377998
v 1477.57397 72.7730026 112.237
v 1468.37305 53.8199997 118.189003
v 1470.79297 58.6780014 110.917999
v 1479.995 61.4029999 108.194
v 1477.57397 56.5439987 115.464996
v 1467.39697 63.3370018 122.316002
v 1478.55005 63.3370018 117.647003
v 1478.55005 59.3409996 116.851997
v 1467.39697 57.5540009 121.166
v 1477.57397 64.3740005 117.848999
v 1479.995 62.6679993 109.272003
v 1479.995 64.7460022 108.859001
v 1477.57397 66.4520035 117.435997
v 1467.39697 63.3370018 92.0940018
v 1478.55005 63.3370018 96.7639999
v 1478.55005 67.3330002 97.5579987
v 1467.39697 69.1200027 93.2440033
v 1477.57397 73.5670013 104.089996
v 1479.995 64.9899979 105.795998
v 1470.79297 68.5500031 104.321999
v 1468.37305 77.1269989 102.615997
v 1478.55005 63.3370018 99.1399994
v 1478.55005 63.3370018 96.7639999
v 1478.55005 59.3409996 97.5579987
v 1478.55005 60.2509995 99.7539978
v 1478.55005 60.2509995 99.7539978
v 1478.55005 59.3409996 97.5579987
v 1478.55005 55.9539986 99.8219986
v 1478.55005 57.6339989 101.501999
v 1478.55005 57.6339989 101.501999
v 1478.55005 55.9539986 99.8219986
v 1478.55005 53.6899986 103.209
v 1478.55005 55.8860016 104.119003
v 1478.55005 55.8860016 104.119003
v 1478.55005 53.6899986 103.209
v 1478.55005 52.8950005 107.205002
v 1478.55005 55.2719994 107.205002
v 1478.55005 55.2719994 107.205002
v 1478.55005 52.8950005 107.205002
v 1478.55005 53.6899986 111.200996
v 1478.55005 55.8860016 110.291
v 1478.55005 55.8860016 110.291
v 1478.55005 53.6899986 111.200996
v 1478.55005 55.9539986 114.587997
v 1478.55005 57.6339989 112.907997
v 1478.55005 57.6339989 112.907997
v 1478.55005 55.9539986 114.587997
v 1478.55005 59.3409996 116.851997
v 1478.55005 60.25 114.655998
v 1478.55005 60.25 114.655998
v 1478.55005 59.3409996 116.851997
v 1478.55005 63.3370018 117.647003
v 1478.55005 63.3370018 115.269997
v 1478.55005 63.3370018 115.269997
v 1478.55005 63.3370018 117.647003
v 1478.55005 67.3330002 116.851997
v 1478.55005 66.4229965 114.655998
v 1478.55005 66.4229965 114.655998
v 1478.55005 67.3330002 116.851997
v 1478.55005 70.7200012 114.587997
v 1478.55005 69.0400009 112.907997
v 1478.55005 69.0400009 112.907997
v 1478.55005 70.7200012 114.587997
v 1478.55005 72.9840012 111.200996
v 1478.55005 70.788002 110.291
v 1478.55005 70.788002 110.291
v 1478.55005 72.9840012 111.200996
v 1478.55005 73.7779999 107.205002
v 1478.55005 71.4020004 107.205002
v 1478.55005 71.4020004 107.205002
v 1478.55005 73.7779999 107.205002
v 1478.55005 72.9840012 103.209
v 1478.55005 70.788002 104.119003
v 1478.55005 70.788002 104.119003
v 1478.55005 72.9840012 103.209
v 1478.55005 70.7200012 99.8219986
v 1478.55005 69.0400009 101.501999
v 1478.55005 69.0400009 101.501999
v 1478.55005 70.7200012 99.8219986
v 1478.55005 67.3330002 97.5579987
v 1478.55005 66.4229965 99.7539978
v 1478.55005 66.4229965 99.7539978
v 1478.55005 67.3330002 97.5579987
v 1478.55005 63.3370018 96.7639999
v 1478.55005 63.3370018 99.1399994
v 1468.64795 61.6399994 111.303001
v 1470.44202 61.6399994 111.303001
v 1470.44202 60.2010002 110.341003
v 1468.64795 60.2010002 110.341003
v 1478.55005 55.8860016 110.291
v 1468.64795 58.2470016 109.313004
v 1468.64795 57.8279991 107.205002
v 1478.55005 55.2719994 107.205002
v 1478.55005 70.788002 104.119003
v 1468.64795 68.4260025 105.097
v 1468.64795 68.8460007 107.205002
v 1478.55005 71.4020004 107.205002
v 1478.55005 57.6339989 112.907997
v 1468.64795 59.4420013 111.099998
v 1468.64795 58.2470016 109.313004
v 1478.55005 55.8860016 110.291
v 1478.55005 69.0400009 101.501999
v 1468.64795 67.2320023 103.309998
v 1468.64795 68.4260025 105.097
v 1478.55005 70.788002 104.119003
v 1478.55005 60.25 114.655998
v 1468.64795 61.2290001 112.294998
v 1468.64795 59.4420013 111.099998
v 1478.55005 57.6339989 112.907997
v 1478.55005 66.4229965 99.7539978
v 1468.64795 65.4449997 102.115997
v 1468.64795 67.2320023 103.309998
v 1478.55005 69.0400009 101.501999
v 1478.55005 63.3370018 115.269997
v 1468.64795 63.3370018 112.713997
v 1468.64795 61.2290001 112.294998
v 1478.55005 60.25 114.655998
v 1478.55005 60.2509995 99.7539978
v 1468.64795 61.2290001 102.115997
v 1468.64795 63.3370018 101.695999
v 1478.55005 63.3370018 99.1399994
v 1478.55005 63.3370018 99.1399994
v 1468.64795 63.3370018 101.695999
v 1468.64795 65.4449997 102.115997
v 1478.55005 66.4229965 99.7539978
v 1478.55005 66.4229965 114.655998
v 1468.64795 65.4449997 112.294998
v 1468.64795 63.3370018 112.713997
v 1478.55005 63.3370018 115.269997
v 1478.55005 57.6339989 101.501999
v 1468.64795 59.4420013 103.309998
v 1468.64795 61.2290001 102.115997
v 1478.55005 60.2509995 99.7539978
v 1478.55005 69.0400009 112.907997
v 1468.64795 67.2320023 111.099998
v 1468.64795 65.4449997 112.294998
v 1478.55005 66.4229965 114.655998
v 1478.55005 55.8860016 104.119003
v 1468.64795 58.2470016 105.097
v 1468.64795 59.4420013 103.309998
v 1478.55005 57.6339989 101.501999
v 1478.55005 70.788002 110.291
v 1468.64795 68.4260025 109.313004
v 1468.64795 67.2320023 111.099998
v 1478.55005 69.0400009 112.907997
v 1478.55005 55.2719994 107.205002
v 1468.64795 57.8279991 107.205002
v 1468.64795 58.2470016 105.097
v 1478.55005 55.8860016 104.119003
v 1485.94897 63.3370018 82.2409973
v 1489.55798 63.3370018 85.2060013
v 1489.55798 54.9179993 86.8809967
v 1485.94897 53.7830009 84.1409988
v 1489.55798 63.3370018 85.2060013
v 1491.19604 63.3370018 89.237999
v 1491.19604 56.4609985 90.6060028
v 1489.55798 54.9179993 86.8809967
v 1472.64404 53.7830009 84.1409988
v 1469.03503 54.9179993 86.8809967
v 1469.03503 63.3370018 85.2060013
v 1472.64404 63.3370018 82.2409973
v 1469.03503 54.9179993 86.8809967
v 1467.39697 56.4609985 90.6060028
v 1467.39697 63.3370018 89.237999
v 1469.03503 63.3370018 85.2060013
v 1485.94897 53.7830009 84.1409988
v 1489.55798 54.9179993 86.8809967
v 1489.55798 47.7809982 91.6500015
v 1485.94897 45.6850014 89.5530014
v 1489.55798 54.9179993 86.8809967
v 1491.19604 56.4609985 90.6060028
v 1491.19604 50.632 94.5
v 1489.55798 47.7809982 91.6500015
v 1472.64404 45.6850014 89.5530014
v 1469.03503 47.7809982 91.6500015
v 1469.03503 54.9179993 86.8809967
v 1472.64404 53.7830009 84.1409988
v 1469.03503 47.7809982 91.6500015
v 1467.39697 50.632 94.5
v 1467.39697 56.4609985 90.6060028
v 1469.03503 54.9179993 86.8809967
v 1485.94897 45.6850014 89.5530014
v 1489.55798 47.7809982 91.6500015
v 1489.55798 43.0130005 98.7870026
v 1485.94897 40.2729988 97.6520004
v 1489.55798 47.7809982 91.6500015
v 1491.19604 50.632 94.5
v 1491.19604 46.7369995 100.329002
v 1489.55798 43.0130005 98.7870026
v 1472.64404 40.2729988 97.6520004
v 1469.03503 43.0130005 98.7870026
v 1469.03503 47.7809982 91.6500015
v 1472.64404 45.6850014 89.5530014
v 1469.03503 43.0130005 98.7870026
v 1467.39697 46.7369995 100.329002
v 1467.39697 50.632 94.5
v 1469.03503 47.7809982 91.6500015
v 1485.94897 40.2729988 97.6520004
v 1489.55798 43.0130005 98.7870026
v 1489.55798 41.3380013 107.205002
v 1485.94897 38.3730011 107.205002
v 1489.55798 43.0130005 98.7870026
v 1491.19604 46.7369995 100.329002
v 1491.19604 45.3699989 107.205002
v 1489.55798 41.3380013 107.205002
v 1472.64404 38.3730011 107.205002
v 1469.03503 41.3380013 107.205002
v 1469.03503 43.0130005 98.7870026
v 1472.64404 40.2729988 97.6520004
v 1469.03503 41.3380013 107.205002
v 1467.39697 45.3699989 107.205002
v 1467.39697 46.7369995 100.329002
v 1469.03503 43.0130005 98.7870026
v 1485.94897 38.3730011 107.205002
v 1489.55798 41.3380013 107.205002
v 1489.55798 43.0130005 115.624001
v 1485.94897 40.2729988 116.759003
v 1489.55798 41.3380013 107.205002
v 1491.19604 45.3699989 107.205002
v 1491.19604 46.7369995 114.081001
v 1489.55798 43.0130005 115.624001
v 1472.64404 40.2729988 116.759003
v 1469.03503 43.0130005 115.624001
v 1469.03503 41.3380013 107.205002
v 1472.64404 38.3730011 107.205002
v 1469.03503 43.0130005 115.624001
v 1467.39697 46.7369995 114.081001
v 1467.39697 45.3699989 107.205002
v 1469.03503 41.3380013 107.205002
v 1485.94897 40.2729988 116.759003
v 1489.55798 43.0130005 115.624001
v 1489.55798 47.7809982 122.761002
v 1485.94897 45.6850014 124.857002
v 1489.55798 43.0130005 115.624001
v 1491.19604 46.7369995 114.081001
v 1491.19604 50.632 119.910004
v 1489.55798 47.7809982 122.761002
v 1472.64404 45.6850014 124.857002
v 1469.03503 47.7809982 122.761002
v 1469.03503 43.0130005 115.624001
v 1472.64404 40.2729988 116.759003
v 1469.03503 47.7809982 122.761002
v 1467.39697 50.632 119.910004
v 1467.39697 46.7369995 114.081001
v 1469.03503 43.0130005 115.624001
v 1485.94897 45.6850014 124.857002
v 1489.55798 47.7809982 122.761002
v 1489.55798 54.9179993 127.528999
v 1485.94897 53.7830009 130.268997
v 1489.55798 47.7809982 122.761002
v 1491.19604 50.632 119.910004
v 1491.19604 56.4609985 123.805
v 1489.55798 54.9179993 127.528999
v 1472.64404 53.7830009 130.268997
v 1469.03503 54.9179993 127.528999
v 1469.03503 47.7809982 122.761002
v 1472.64404 45.6850014 124.857002
v 1469.03503 54.9179993 127.528999
v 1467.39697 56.4609985 123.805
v 1467.39697 50.632 119.910004
v 1469.03503 47.7809982 122.761002
v 1485.94897 53.7830009 130.268997
v 1489.55798 54.9179993 127.528999
v 1489.55798 63.3370018 129.203995
v 1485.94897 63.3370018 132.169006
v 1489.55798 54.9179993 127.528999
v 1491.19604 56.4609985 123.805
v 1491.19604 63.3370018 125.171997
v 1489.55798 63.3370018 129.203995
v 1472.64404 63.3370018 132.169006
v 1469.03503 63.3370018 129.203995
v 1469.03503 54.9179993 127.528999
v 1472.64404 53.7830009 130.268997
v 1469.03503 63.3370018 129.203995
v 1467.39697 63.3370018 125.171997
v 1467.39697 56.4609985 123.805
v 1469.03503 54.9179993 127.528999
v 1485.94897 63.3370018 132.169006
v 1489.55798 63.3370018 129.203995
v 1489.55798 71.7549973 127.528999
v 1485.94897 72.8899994 130.268997
v 1489.55798 63.3370018 129.203995
v 1491.19604 63.3370018 125.171997
v 1491.19604 70.2129974 123.805
v 1489.55798 71.7549973 127.528999
v 1472.64404 72.8899994 130.268997
v 1469.03503 71.7549973 127.528999
v 1469.03503 63.3370018 129.203995
v 1472.64404 63.3370018 132.169006
v 1469.03503 71.7549973 127.528999
v 1467.39697 70.2129974 123.805
v 1467.39697 63.3370018 125.171997
v 1469.03503 63.3370018 129.203995
v 1485.94897 72.8899994 130.268997
v 1489.55798 71.7549973 127.528999
v 1489.55798 78.8919983 122.761002
v 1485.94897 80.9889984 124.857002
v 1489.55798 71.7549973 127.528999
v 1491.19604 70.2129974 123.805
v 1491.19604 76.0419998 119.910004
v 1489.55798 78.8919983 122.761002
v 1472.64404 80.9889984 124.857002
v 1469.03503 78.8919983 122.761002
v 1469.03503 71.7549973 127.528999
v 1472.64404 72.8899994 130.268997
v 1469.03503 78.8919983 122.761002
v 1467.39697 76.0419998 119.910004
v 1467.39697 70.2129974 123.805
v 1469.03503 71.7549973 127.528999
v 1485.94897 80.9889984 124.857002
v 1489.55798 78.8919983 122.761002
v 1489.55798 83.6610031 115.624001
v 1485.94897 86.401001 116.759003
v 1489.55798 78.8919983 122.761002
v 1491.19604 76.0419998 119.910004
v 1491.19604 79.935997 114.081001
v 1489.55798 83.6610031 115.624001
v 1472.64404 86.401001 116.759003
v 1469.03503 83.6610031 115.624001
v 1469.03503 78.8919983 122.761002
v 1472.64404 80.9889984 124.857002
v 1469.03503 83.6610031 115.624001
v 1467.39697 79.935997 114.081001
v 1467.39697 76.0419998 119.910004
v 1469.03503 78.8919983 122.761002
v 1485.94897 86.401001 116.759003
v 1489.55798 83.6610031 115.624001
v 1489.55798 85.3359985 107.205002
v 1485.94897 88.3010025 107.205002
v 1489.55798 83.6610031 115.624001
v 1491.19604 79.935997 114.081001
v 1491.19604 81.3040009 107.205002
v 1489.55798 85.3359985 107.205002
v 1472.64404 88.3010025 107.205002
v 1469.03503 85.3359985 107.205002
v 1469.03503 83.6610031 115.624001
v 1472.64404 86.401001 116.759003
v 1469.03503 85.3359985 107.205002
v 1467.39697 81.3040009 107.205002
v 1467.39697 79.935997 114.081001
v 1469.03503 83.6610031 115.624001
v 1485.94897 88.3010025 107.205002
v 1489.55798 85.3359985 107.205002
v 1489.55798 83.6610031 98.7870026
v 1485.94897 86.401001 97.6520004
v 1489.55798 85.3359985 107.205002
v 1491.19604 81.3040009 107.205002
v 1491.19604 79.935997 100.329002
v 1489.55798 83.6610031 98.7870026
v 1472.64404 86.401001 97.6520004
v 1469.03503 83.6610031 98.7870026
v 1469.03503 85.3359985 107.205002
v 1472.64404 88.3010025 107.205002
v 1469.03503 83.6610031 98.7870026
v 1467.39697 79.935997 100.329002
v 1467.39697 81.3040009 107.205002
v 1469.03503 85.3359985 107.205002
v 1485.94897 86.401001 97.6520004
v 1489.55798 83.6610031 98.7870026
v 1489.55798 78.8919983 91.6500015
v 1485.94897 80.9889984 89.5530014
v 1489.55798 83.6610031 98.7870026
v 1491.19604 79.935997 100.329002
v 1491.19604 76.0419998 94.5
v 1489.55798 78.8919983 91.6500015
v 1472.64404 80.9889984 89.5530014
v 1469.03503 78.8919983 91.6500015
v 1469.03503 83.6610031 98.7870026
v 1472.64404 86.401001 97.6520004
v 1469.03503 78.8919983 91.6500015
v 1467.39697 76.0419998 94.5
v 1467.39697 79.935997 100.329002
v 1469.03503 83.6610031 98.7870026
v 1485.94897 80.9889984 89.5530014
v 1489.55798 78.8919983 91.6500015
v 1489.55798 71.7549973 86.8809967
v 1485.94897 72.8899994 84.1409988
v 1489.55798 78.8919983 91.6500015
v 1491.19604 76.0419998 94.5
v 1491.19604 70.2129974 90.6060028
v 1489.55798 71.7549973 86.8809967
v 1472.64404 72.8899994 84.1409988
v 1469.03503 71.7549973 86.8809967
v 1469.03503 78.8919983 91.6500015
v 1472.64404 80.9889984 89.5530014
v 1469.03503 71.7549973 86.8809967
v 1467.39697 70.2129974 90.6060028
v 1467.39697 76.0419998 94.5
v 1469.03503 78.8919983 91.6500015
v 1485.94897 72.8899994 84.1409988
v 1489.55798 71.7549973 86.8809967
v 1489.55798 63.3370018 85.2060013
v 1485.94897 63.3370018 82.2409973
v 1489.55798 71.7549973 86.8809967
v 1491.19604 70.2129974 90.6060028
v 1491.19604 63.3370018 89.237999
v 1489.55798 63.3370018 85.2060013
v 1472.64404 63.3370018 82.2409973
v 1469.03503 63.3370018 85.2060013
v 1469.03503 71.7549973 86.8809967
v 1472.64404 72.8899994 84.1409988
v 1469.03503 63.3370018 85.2060013
v 1467.39697 63.3370018 89.237999
v 1467.39697 70.2129974 90.6060028
v 1469.03503 71.7549973 86.8809967
v 1491.19604 56.4609985 90.6060028
v 1491.19604 63.3370018 89.237999
v 1491.19604 70.2129974 90.6060028
v 1491.19604 50.632 94.5
v 1491.19604 70.2129974 90.6060028
v 1491.19604 76.0419998 94.5
v 1491.19604 79.935997 100.329002
v 1491.19604 76.0419998 119.910004
v 1491.19604 70.2129974 90.6060028
v 1491.19604 79.935997 100.329002
v 1491.19604 79.935997 114.081001
v 1491.19604 50.632 94.5
v 1491.19604 70.2129974 90.6060028
v 1491.19604 76.0419998 119.910004
v 1491.19604 70.2129974 123.805
v 1491.19604 79.935997 100.329002
v 1491.19604 81.3040009 107.205002
v 1491.19604 79.935997 114.081001
v 1491.19604 50.632 94.5
v 1491.19604 70.2129974 123.805
v 1491.19604 50.632 119.910004
v 1491.19604 46.7369995 114.081001
v 1491.19604 50.632 119.910004
v 1491.19604 70.2129974 123.805
v 1491.19604 63.3370018 125.171997
v 1491.19604 56.4609985 123.805
v 1491.19604 50.632 94.5
v 1491.19604 46.7369995 114.081001
v 1491.19604 45.3699989 107.205002
v 1491.19604 46.7369995 100.329002
v 1468.37305 62.2999992 92.7089996
v 1467.39697 63.3370018 92.0940018
v 1467.39697 57.5540009 93.2440033
v 1468.37305 58.7480011 93.4150009
v 1468.37305 52.3530006 97.6880035
v 1467.39697 52.6520004 96.5199966
v 1467.39697 49.3759995 101.421997
v 1468.37305 50.3409996 100.698997
v 1468.37305 48.8400002 108.241997
v 1467.39697 48.2260017 107.205002
v 1467.39697 49.3759995 112.987999
v 1468.37305 49.5470009 111.793999
v 1468.37305 53.8199997 118.189003
v 1467.39697 52.6520004 117.889999
v 1467.39697 57.5540009 121.166
v 1468.37305 56.8310013 120.200996
v 1468.37305 64.3740005 121.702003
v 1467.39697 63.3370018 122.316002
v 1467.39697 69.1200027 121.166
v 1468.37305 67.9260025 120.995003
v 1468.37305 74.3209991 116.722
v 1467.39697 74.0220032 117.889999
v 1467.39697 77.2979965 112.987999
v 1468.37305 76.3330002 113.710999
v 1468.37305 77.8330002 106.167999
v 1467.39697 78.447998 107.205002
v 1467.39697 77.2979965 101.421997
v 1468.37305 77.1269989 102.615997
v 1468.37305 72.8539963 96.2210007
v 1467.39697 74.0220032 96.5199966
v 1467.39697 69.1200027 93.2440033
v 1468.37305 69.8430023 94.2089996
v 1477.57397 60.2220001 96.9749985
v 1478.55005 59.3409996 97.5579987
v 1478.55005 63.3370018 96.7639999
v 1477.57397 62.2999992 96.560997
v 1477.57397 53.9000015 102.174004
v 1478.55005 53.6899986 103.209
v 1478.55005 55.9539986 99.8219986
v 1477.57397 55.0769997 100.412003
v 1477.57397 53.105999 110.32
v 1478.55005 53.6899986 111.200996
v 1478.55005 52.8950005 107.205002
v 1477.57397 52.6930008 108.241997
v 1477.57397 58.3050003 116.641998
v 1478.55005 59.3409996 116.851997
v 1478.55005 55.9539986 114.587997
v 1477.57397 56.5439987 115.464996
v 1477.57397 66.4520035 117.435997
v 1478.55005 67.3330002 116.851997
v 1478.55005 63.3370018 117.647003
v 1477.57397 64.3740005 117.848999
v 1477.57397 72.7730026 112.237
v 1478.55005 72.9840012 111.200996
v 1478.55005 70.7200012 114.587997
v 1477.57397 71.5970001 113.998001
v 1477.57397 73.5670013 104.089996
v 1478.55005 72.9840012 103.209
v 1478.55005 73.7779999 107.205002
v 1477.57397 73.9810028 106.167999
v 1477.57397 68.3679962 97.7689972
v 1478.55005 67.3330002 97.5579987
v 1478.55005 70.7200012 99.8219986
v 1477.57397 70.1299973 98.9449997
v 1468.37305 58.7480011 93.4150009
v 1467.39697 57.5540009 93.2440033
v 1478.55005 59.3409996 97.5579987
v 1477.57397 60.2220001 96.9749985
v 1477.57397 55.0769997 100.412003
v 1478.55005 55.9539986 99.8219986
v 1467.39697 52.6520004 96.5199966
v 1468.37305 52.3530006 97.6880035
v 1468.37305 67.9260025 120.995003
v 1467.39697 69.1200027 121.166
v 1478.55005 67.3330002 116.851997
v 1477.57397 66.4520035 117.435997
v 1477.57397 71.5970001 113.998001
v 1478.55005 70.7200012 114.587997
v 1467.39697 74.0220032 117.889999
v 1468.37305 74.3209991 116.722
v 1468.37305 50.3409996 100.698997
v 1467.39697 49.3759995 101.421997
v 1478.55005 53.6899986 103.209
v 1477.57397 53.9000015 102.174004
v 1468.37305 76.3330002 113.710999
v 1467.39697 77.2979965 112.987999
v 1478.55005 72.9840012 111.200996
v 1477.57397 72.7730026 112.237
v 1477.57397 52.6930008 108.241997
v 1478.55005 52.8950005 107.205002
v 1467.39697 48.2260017 107.205002
v 1468.37305 48.8400002 108.241997
v 1477.57397 73.9810028 106.167999
v 1478.55005 73.7779999 107.205002
v 1467.39697 78.447998 107.205002
v 1468.37305 77.8330002 106.167999
v 1468.37305 49.5470009 111.793999
v 1467.39697 49.3759995 112.987999
v 1478.55005 53.6899986 111.200996
v 1477.57397 53.105999 110.32
v 1468.37305 77.1269989 102.615997
v 1467.39697 77.2979965 101.421997
v 1478.55005 72.9840012 103.209
v 1477.57397 73.5670013 104.089996
v 1477.57397 56.5439987 115.464996
v 1478.55005 55.9539986 114.587997
v 1467.39697 52.6520004 117.889999
v 1468.37305 53.8199997 118.189003
v 1477.57397 70.1299973 98.9449997
v 1478.55005 70.7200012 99.8219986
v 1467.39697 74.0220032 96.5199966
v 1468.37305 72.8539963 96.2210007
v 1468.37305 56.8310013 120.200996
v 1467.39697 57.5540009 121.166
v 1478.55005 59.3409996 116.851997
v 1477.57397 58.3050003 116.641998
v 1468.37305 69.8430023 94.2089996
v 1467.39697 69.1200027 93.2440033
v 1478.55005 67.3330002 97.5579987
v 1477.57397 68.3679962 97.7689972
v 1477.57397 64.3740005 117.848999
v 1478.55005 63.3370018 117.647003
v 1467.39697 63.3370018 122.316002
v 1468.37305 64.3740005 121.702003
v 1477.57397 62.2999992 96.560997
v 1478.55005 63.3370018 96.7639999
v 1467.39697 63.3370018 92.0940018
v 1468.37305 62.2999992 92.7089996
v 1470.79297 57.6119995 105.557999
v 1479.995 61.1710014 107.031998
v 1479.995 62.3479996 105.271004
v 1470.79297 59.6240005 102.546997
v 1470.79297 69.0619965 108.852997
v 1479.995 65.5019989 107.377998
v 1479.995 64.3249969 109.139
v 1470.79297 67.0500031 111.863998
v 1470.79297 58.1240005 110.087997
v 1479.995 61.6829987 108.613998
v 1479.995 61.2700005 106.536003
v 1470.79297 57.4169998 106.536003
v 1470.79297 68.5500031 104.321999
v 1479.995 64.9899979 105.795998
v 1479.995 65.4039993 107.874001
v 1470.79297 69.2559967 107.874001
v 1470.79297 61.6889992 112.93
v 1479.995 63.1640015 109.371002
v 1479.995 61.4029999 108.194
v 1470.79297 58.6780014 110.917999
v 1470.79297 64.9840012 101.480003
v 1479.995 63.5099983 105.040001
v 1479.995 65.2710037 106.217003
v 1470.79297 67.9950027 103.491997
v 1470.79297 60.4539986 101.991997
v 1479.995 61.9280014 105.552002
v 1479.995 64.0059967 105.138
v 1470.79297 64.0059967 101.286003
v 1470.79297 66.2200012 112.417999
v 1479.995 64.7460022 108.859001
v 1479.995 62.6679993 109.272003
v 1470.79297 62.6679993 113.125
v 1477.57397 58.3050003 116.641998
v 1479.995 63.1640015 109.371002
v 1470.79297 61.6889992 112.93
v 1468.37305 56.8310013 120.200996
v 1477.57397 70.1299973 98.9449997
v 1479.995 65.2710037 106.217003
v 1479.995 63.5099983 105.040001
v 1477.57397 68.3679962 97.7689972
v 1468.37305 49.5470009 111.793999
v 1470.79297 58.1240005 110.087997
v 1470.79297 57.4169998 106.536003
v 1468.37305 48.8400002 108.241997
v 1477.57397 68.3679962 97.7689972
v 1479.995 63.5099983 105.040001
v 1470.79297 64.9840012 101.480003
v 1468.37305 69.8430023 94.2089996
v 1477.57397 60.2220001 96.9749985
v 1479.995 61.9280014 105.552002
v 1470.79297 60.4539986 101.991997
v 1468.37305 58.7480011 93.4150009
v 1468.37305 56.8310013 120.200996
v 1470.79297 61.6889992 112.93
v 1470.79297 58.6780014 110.917999
v 1468.37305 53.8199997 118.189003
v 1468.37305 64.3740005 121.702003
v 1470.79297 62.6679993 113.125
v 1479.995 62.6679993 109.272003
v 1477.57397 64.3740005 117.848999
v 1468.37305 52.3530006 97.6880035
v 1470.79297 59.6240005 102.546997
v 1479.995 62.3479996 105.271004
v 1477.57397 55.0769997 100.412003
v 1468.37305 67.9260025 120.995003
v 1470.79297 66.2200012 112.417999
v 1470.79297 62.6679993 113.125
v 1468.37305 64.3740005 121.702003
v 1468.37305 62.2999992 92.7089996
v 1470.79297 64.0059967 101.286003
v 1479.995 64.0059967 105.138
v 1477.57397 62.2999992 96.560997
v 1477.57397 66.4520035 117.435997
v 1479.995 64.7460022 108.859001
v 1470.79297 66.2200012 112.417999
v 1468.37305 67.9260025 120.995003
v 1468.37305 76.3330002 113.710999
v 1470.79297 69.0619965 108.852997
v 1470.79297 67.0500031 111.863998
v 1468.37305 74.3209991 116.722
v 1468.37305 74.3209991 116.722
v 1470.79297 67.0500031 111.863998
v 1479.995 64.3249969 109.139
v 1477.57397 71.5970001 113.998001
v 1468.37305 77.1269989 102.615997
v 1470.79297 68.5500031 104.321999
v 1470.79297 69.2559967 107.874001
v 1468.37305 77.8330002 106.167999
v 1477.57397 53.9000015 102.174004
v 1479.995 61.1710014 107.031998
v 1470.79297 57.6119995 105.557999
v 1468.37305 50.3409996 100.698997
v 1468.37305 69.8430023 94.2089996
v 1470.79297 64.9840012 101.480003
v 1470.79297 67.9950027 103.491997
v 1468.37305 72.8539963 96.2210007
v 1477.57397 72.7730026 112.237
v 1479.995 65.5019989 107.377998
v 1470.79297 69.0619965 108.852997
v 1468.37305 76.3330002 113.710999
v 1477.57397 62.2999992 96.560997
v 1479.995 64.0059967 105.138
v 1479.995 61.9280014 105.552002
v 1477.57397 60.2220001 96.9749985
v 1468.37305 48.8400002 108.241997
v 1470.79297 57.4169998 106.536003
v 1479.995 61.2700005 106.536003
v 1477.57397 52.6930008 108.241997
v 1477.57397 55.0769997 100.412003
v 1479.995 62.3479996 105.271004
v 1479.995 61.1710014 107.031998
v 1477.57397 53.9000015 102.174004
v 1468.37305 77.8330002 106.167999
v 1470.79297 69.2559967 107.874001
v 1479.995 65.4039993 107.874001
v 1477.57397 73.9810028 106.167999
v 1477.57397 52.6930008 108.241997
v 1479.995 61.2700005 106.536003
v 1479.995 61.6829987 108.613998
v 1477.57397 53.105999 110.32
v 1477.57397 53.105999 110.32
v 1479.995 61.6829987 108.613998
v 1470.79297 58.1240005 110.087997
v 1468.37305 49.5470009 111.793999
v 1477.57397 56.5439987 115.464996
v 1479.995 61.4029999 108.194
v 1479.995 63.1640015 109.371002
v 1477.57397 58.3050003 116.641998
v 1468.64795 63.3370018 102.769997
v 1468.64795 63.3370018 101.695999
v 1468.64795 61.2290001 102.115997
v 1468.64795 61.6399994 103.108002
v 1468.64795 61.6399994 103.108002
v 1468.64795 61.2290001 102.115997
v 1468.64795 59.4420013 103.309998
v 1468.64795 60.2010002 104.069
v 1468.64795 60.2010002 104.069
v 1468.64795 59.4420013 103.309998
v 1468.64795 58.2470016 105.097
v 1468.64795 59.2389984 105.508003
v 1468.64795 59.2389984 105.508003
v 1468.64795 58.2470016 105.097
v 1468.64795 57.8279991 107.205002
v 1468.64795 58.9020004 107.205002
v 1468.64795 58.9020004 107.205002
v 1468.64795 57.8279991 107.205002
v 1468.64795 58.2470016 109.313004
v 1468.64795 59.2389984 108.902
v 1468.64795 59.2389984 108.902
v 1468.64795 58.2470016 109.313004
v 1468.64795 59.4420013 111.099998
v 1468.64795 60.2010002 110.341003
v 1468.64795 60.2010002 110.341003
v 1468.64795 59.4420013 111.099998
v 1468.64795 61.2290001 112.294998
v 1468.64795 61.6399994 111.303001
v 1468.64795 61.6399994 111.303001
v 1468.64795 61.2290001 112.294998
v 1468.64795 63.3370018 112.713997
v 1468.64795 63.3370018 111.639999
v 1468.64795 63.3370018 111.639999
v 1468.64795 63.3370018 112.713997
v 1468.64795 65.4449997 112.294998
v 1468.64795 65.0339966 111.303001
v 1468.64795 65.0339966 111.303001
v 1468.64795 65.4449997 112.294998
v 1468.64795 67.2320023 111.099998
v 1468.64795 66.4729996 110.341003
v 1468.64795 66.4729996 110.341003
v 1468.64795 67.2320023 111.099998
v 1468.64795 68.4260025 109.313004
v 1468.64795 67.4339981 108.902
v 1468.64795 67.4339981 108.902
v 1468.64795 68.4260025 109.313004
v 1468.64795 68.8460007 107.205002
v 1468.64795 67.7720032 107.205002
v 1468.64795 67.7720032 107.205002
v 1468.64795 68.8460007 107.205002
v 1468.64795 68.4260025 105.097
v 1468.64795 67.4339981 105.508003
v 1468.64795 67.4339981 105.508003
v 1468.64795 68.4260025 105.097
v 1468.64795 67.2320023 103.309998
v 1468.64795 66.4729996 104.069
v 1468.64795 66.4729996 104.069
v 1468.64795 67.2320023 103.309998
v 1468.64795 65.4449997 102.115997
v 1468.64795 65.0339966 103.108002
v 1468.64795 65.0339966 103.108002
v 1468.64795 65.4449997 102.115997
v 1468.64795 63.3370018 101.695999
v 1468.64795 63.3370018 102.769997
v 1468.078 63.3370018 104.188004
v 1468.078 62.1819992 104.417999
v 1468.078 61.2029991 105.071999
v 1468.078 65.4700012 105.071999
v 1468.078 61.2029991 105.071999
v 1468.078 60.5489998 106.051003
v 1468.078 60.3199997 107.205002
v 1468.078 60.5489998 108.360001
v 1468.078 61.2029991 105.071999
v 1468.078 60.5489998 108.360001
v 1468.078 62.1819992 109.992996
v 1468.078 63.3370018 110.222
v 1468.078 65.4700012 105.071999
v 1468.078 61.2029991 105.071999
v 1468.078 63.3370018 110.222
v 1468.078 64.4909973 109.992996
v 1468.078 60.5489998 108.360001
v 1468.078 61.2029991 109.337997
v 1468.078 62.1819992 109.992996
v 1468.078 64.4909973 109.992996
v 1468.078 65.4700012 109.337997
v 1468.078 66.1240005 108.360001
v 1468.078 65.4700012 105.071999
v 1468.078 64.4909973 109.992996
v 1468.078 66.1240005 108.360001
v 1468.078 66.3539963 107.205002
v 1468.078 66.3539963 107.205002
v 1468.078 66.1240005 106.051003
v 1468.078 65.4700012 105.071999
v 1468.078 65.4700012 105.071999
v 1468.078 64.4909973 104.417999
v 1468.078 63.3370018 104.188004
v 1468.64795 65.0339966 103.108002
v 1470.44202 65.0339966 103.108002
v 1470.44202 66.4729996 104.069
v 1468.64795 66.4729996 104.069
v 1468.64795 63.3370018 111.639999
v 1470.44202 63.3370018 111.639999
v 1470.44202 61.6399994 111.303001
v 1468.64795 61.6399994 111.303001
v 1468.64795 61.6399994 103.108002
v 1470.44202 61.6399994 103.108002
v 1470.44202 63.3370018 102.769997
v 1468.64795 63.3370018 102.769997
v 1468.64795 63.3370018 102.769997
v 1470.44202 63.3370018 102.769997
v 1470.44202 65.0339966 103.108002
v 1468.64795 65.0339966 103.108002
v 1468.64795 65.0339966 111.303001
v 1470.44202 65.0339966 111.303001
v 1470.44202 63.3370018 111.639999
v 1468.64795 63.3370018 111.639999
v 1468.64795 60.2010002 104.069
v 1470.44202 60.2010002 104.069
v 1470.44202 61.6399994 103.108002
v 1468.64795 61.6399994 103.108002
v 1468.64795 66.4729996 110.341003
v 1470.44202 66.4729996 110.341003
v 1470.44202 65.0339966 111.303001
v 1468.64795 65.0339966 111.303001
v 1468.64795 59.2389984 105.508003
v 1470.44202 59.2389984 105.508003
v 1470.44202 60.2010002 104.069
v 1468.64795 60.2010002 104.069
v 1468.64795 67.4339981 108.902
v 1470.44202 67.4339981 108.902
v 1470.44202 66.4729996 110.341003
v 1468.64795 66.4729996 110.341003
v 1468.64795 58.9020004 107.205002
v 1470.44202 58.9020004 107.205002
v 1470.44202 59.2389984 105.508003
v 1468.64795 59.2389984 105.508003
v 1468.64795 67.7720032 107.205002
v 1470.44202 67.7720032 107.205002
v 1470.44202 67.4339981 108.902
v 1468.64795 67.4339981 108.902
v 1468.64795 59.2389984 108.902
v 1470.44202 59.2389984 108.902
v 1470.44202 58.9020004 107.205002
v 1468.64795 58.9020004 107.205002
v 1468.64795 67.4339981 105.508003
v 1470.44202 67.4339981 105.508003
v 1470.44202 67.7720032 107.205002
v 1468.64795 67.7720032 107.205002
v 1468.64795 60.2010002 110.341003
v 1470.44202 60.2010002 110.341003
v 1470.44202 59.2389984 108.902
v 1468.64795 59.2389984 108.902
v 1468.64795 66.4729996 104.069
v 1470.44202 66.4729996 104.069
v 1470.44202 67.4339981 105.508003
v 1468.64795 67.4339981 105.508003
v 1468.078 63.3370018 104.188004
v 1470.44202 63.3370018 102.769997
v 1470.44202 61.6399994 103.108002
v 1468.078 62.1819992 104.417999
v 1468.078 62.1819992 104.417999
v 1470.44202 61.6399994 103.108002
v 1470.44202 60.2010002 104.069
v 1468.078 61.2029991 105.071999
v 1468.078 61.2029991 105.071999
v 1470.44202 60.2010002 104.069
v 1470.44202 59.2389984 105.508003
v 1468.078 60.5489998 106.051003
v 1468.078 60.5489998 106.051003
v 1470.44202 59.2389984 105.508003
v 1470.44202 58.9020004 107.205002
v 1468.078 60.3199997 107.205002
v 1468.078 60.3199997 107.205002
v 1470.44202 58.9020004 107.205002
v 1470.44202 59.2389984 108.902
v 1468.078 60.5489998 108.360001
v 1468.078 60.5489998 108.360001
v 1470.44202 59.2389984 108.902
v 1470.44202 60.2010002 110.341003
v 1468.078 61.2029991 109.337997
v 1468.078 61.2029991 109.337997
v 1470.44202 60.2010002 110.341003
v 1470.44202 61.6399994 111.303001
v 1468.078 62.1819992 109.992996
v 1468.078 62.1819992 109.992996
v 1470.44202 61.6399994 111.303001
v 1470.44202 63.3370018 111.639999
v 1468.078 63.3370018 110.222
v 1468.078 63.3370018 110.222
v 1470.44202 63.3370018 111.639999
v 1470.44202 65.0339966 111.303001
v 1468.078 64.4909973 109.992996
v 1468.078 64.4909973 109.992996
v 1470.44202 65.0339966 111.303001
v 1470.44202 66.4729996 110.341003
v 1468.078 65.4700012 109.337997
v 1468.078 65.4700012 109.337997
v 1470.44202 66.4729996 110.341003
v 1470.44202 67.4339981 108.902
v 1468.078 66.1240005 108.360001
v 1468.078 66.1240005 108.360001
v 1470.44202 67.4339981 108.902
v 1470.44202 67.7720032 107.205002
v 1468.078 66.3539963 107.205002
v 1468.078 66.3539963 107.205002
v 1470.44202 67.7720032 107.205002
v 1470.44202 67.4339981 105.508003
v 1468.078 66.1240005 106.051003
v 1468.078 66.1240005 106.051003
v 1470.44202 67.4339981 105.508003
v 1470.44202 66.4729996 104.069
v 1468.078 65.4700012 105.071999
v 1468.078 65.4700012 105.071999
v 1470.44202 66.4729996 104.069
v 1470.44202 65.0339966 103.108002
v 1468.078 64.4909973 104.417999
v 1468.078 64.4909973 104.417999
v 1470.44202 65.0339966 103.108002
v 1470.44202 63.3370018 102.769997
v 1468.078 63.3370018 104.188004
v 1467.80603 63.7150002 89.3359985
v 1467.80603 63.7150002 88.4629974
v 1467.80603 56.8390007 89.8300018
v 1467.80603 57.1730003 90.637001
v 1467.80603 57.1730003 90.637001
v 1467.80603 56.8390007 89.8300018
v 1467.80603 51.0099983 93.7249985
v 1467.80603 51.6279984 94.3430023
v 1467.80603 70.2559967 90.637001
v 1467.80603 70.5910034 89.8300018
v 1467.80603 63.7150002 88.4629974
v 1467.80603 63.7150002 89.3359985
v 1467.80603 47.9220009 99.8880005
v 1467.80603 47.1150017 99.5540009
v 1467.80603 45.7480011 106.43
v 1467.80603 46.6209984 106.43
v 1467.80603 46.6209984 106.43
v 1467.80603 45.7480011 106.43
v 1467.80603 47.1150017 113.306
v 1467.80603 47.9220009 112.971001
v 1467.80603 47.9220009 112.971001
v 1467.80603 47.1150017 113.306
v 1467.80603 51.0099983 119.135002
v 1467.80603 51.6279984 118.516998
v 1467.80603 51.6279984 118.516998
v 1467.80603 51.0099983 119.135002
v 1467.80603 56.8390007 123.028999
v 1467.80603 57.1730003 122.223
v 1467.80603 57.1730003 122.223
v 1467.80603 56.8390007 123.028999
v 1467.80603 63.7150002 124.397003
v 1467.80603 63.7150002 123.524002
v 1467.80603 63.7150002 123.524002
v 1467.80603 63.7150002 124.397003
v 1467.80603 70.5910034 123.028999
v 1467.80603 70.2559967 122.223
v 1467.80603 70.2559967 122.223
v 1467.80603 70.5910034 123.028999
v 1467.80603 76.4199982 119.135002
v 1467.80603 75.802002 118.516998
v 1467.80603 75.802002 118.516998
v 1467.80603 76.4199982 119.135002
v 1467.80603 80.314003 113.306
v 1467.80603 79.5080032 112.971001
v 1467.80603 79.5080032 112.971001
v 1467.80603 80.314003 113.306
v 1467.80603 81.6819992 106.43
v 1467.80603 80.8089981 106.43
v 1467.80603 80.8089981 106.43
v 1467.80603 81.6819992 106.43
v 1467.80603 80.314003 99.5540009
v 1467.80603 79.5080032 99.8880005
v 1467.80603 79.5080032 99.8880005
v 1467.80603 80.314003 99.5540009
v 1467.80603 76.4199982 93.7249985
v 1467.80603 75.802002 94.3430023
v 1467.80603 75.802002 94.3430023
v 1467.80603 76.4199982 93.7249985
v 1467.80603 70.5910034 89.8300018
v 1467.80603 70.2559967 90.637001
v 1467.80603 51.6279984 94.3430023
v 1467.80603 51.0099983 93.7249985
v 1467.80603 47.1150017 99.5540009
v 1467.80603 47.9220009 99.8880005
v 1467.39697 56.7949982 91.4120026
v 1467.80603 57.1730003 90.637001
v 1467.80603 51.6279984 94.3430023
v 1467.39697 51.25 95.1179962
v 1467.39697 69.8779984 91.4120026
v 1467.80603 70.2559967 90.637001
v 1467.80603 63.7150002 89.3359985
v 1467.39697 63.3370018 90.1110001
v 1467.39697 51.25 95.1179962
v 1467.80603 51.6279984 94.3430023
v 1467.80603 47.9220009 99.8880005
v 1467.39697 47.5439987 100.664001
v 1467.39697 70.2129974 90.6060028
v 1467.80603 70.5910034 89.8300018
v 1467.80603 76.4199982 93.7249985
v 1467.39697 76.0419998 94.5
v 1467.39697 79.935997 114.081001
v 1467.80603 80.314003 113.306
v 1467.80603 76.4199982 119.135002
v 1467.39697 76.0419998 119.910004
v 1467.39697 56.4609985 123.805
v 1467.80603 56.8390007 123.028999
v 1467.80603 51.0099983 119.135002
v 1467.39697 50.632 119.910004
v 1467.39697 46.7369995 100.329002
v 1467.80603 47.1150017 99.5540009
v 1467.80603 51.0099983 93.7249985
v 1467.39697 50.632 94.5
v 1467.39697 47.5439987 100.664001
v 1467.80603 47.9220009 99.8880005
v 1467.80603 46.6209984 106.43
v 1467.39697 46.243 107.205002
v 1467.39697 46.243 107.205002
v 1467.80603 46.6209984 106.43
v 1467.80603 47.9220009 112.971001
v 1467.39697 47.5439987 113.747002
v 1467.39697 47.5439987 113.747002
v 1467.80603 47.9220009 112.971001
v 1467.80603 51.6279984 118.516998
v 1467.39697 51.25 119.292
v 1467.39697 76.0419998 94.5
v 1467.80603 76.4199982 93.7249985
v 1467.80603 80.314003 99.5540009
v 1467.39697 79.935997 100.329002
v 1467.39697 76.0419998 119.910004
v 1467.80603 76.4199982 119.135002
v 1467.80603 70.5910034 123.028999
v 1467.39697 70.2129974 123.805
v 1467.39697 50.632 119.910004
v 1467.80603 51.0099983 119.135002
v 1467.80603 47.1150017 113.306
v 1467.39697 46.7369995 114.081001
v 1467.39697 51.25 119.292
v 1467.80603 51.6279984 118.516998
v 1467.80603 57.1730003 122.223
v 1467.39697 56.7949982 122.998001
v 1467.39697 50.632 94.5
v 1467.80603 51.0099983 93.7249985
v 1467.80603 56.8390007 89.8300018
v 1467.39697 56.4609985 90.6060028
v 1467.39697 56.7949982 122.998001
v 1467.80603 57.1730003 122.223
v 1467.80603 63.7150002 123.524002
v 1467.39697 63.3370018 124.299004

# 2682 UV coordinates
vt 0.639999986 0.957000017 0
vt 0.639999986 0.989000022 0
vt 0.795000017 0.989000022 0
vt 0.795000017 0.957000017 0
vt 0.89200002 0.70599997 0
vt 0.34799999 0.97299999 0
vt 0.796000004 0.989000022 0
vt 0.89200002 0.715999961 0
vt 0.79400003 0.957000017 0
vt 0.79400003 0.989000022 0
vt 0.787999988 0.989000022 0
vt 0.787999988 0.957000017 0
vt 0.787 0.957000017 0
vt 0.787 0.989000022 0
vt 0.648000002 0.989000022 0
vt 0.648000002 0.957000017 0
vt 0.802999973 0.39200002 0
vt 0.79400003 0.95599997 0
vt 0.809000015 0.398000002 0
vt 0.802999973 0.398000002 0
vt 0.876999974 0.715999961 0
vt 0.231000006 0.986000001 0
vt 0.239999995 0.986000001 0
vt 0.34799999 0.990999997 0
vt 0.901000023 0.715999961 0
vt 0.337000012 0.973999977 0
vt 0.337000012 0.99000001 0
vt 0.326999992 0.99000001 0
vt 0.326999992 0.973999977 0
vt 0.338 0.973999977 0
vt 0.338 0.99000001 0
vt 0.349000007 0.99000001 0
vt 0.349000007 0.973999977 0
vt 0.34799999 0.973999977 0
vt 0.34799999 0.99000001 0
vt 0.640999973 0.957000017 0
vt 0.647000015 0.957000017 0
vt 0.647000015 0.989000022 0
vt 0.640999973 0.989000022 0
vt 0.81400001 0.398000002 0
vt 0.851999998 0.255999982 0
vt 0.852999985 0.255999982 0
vt 0.855000019 0.944999993 0
vt 0.846000016 0.254999995 0
vt 0.853999972 0.249000013 0
vt 0.462000012 0.93599999 0
vt 0.460999995 0.93599999 0
vt 0.973999977 0.283999979 0
vt 0.99000001 0.953999996 0
vt 0.986000001 0.953999996 0
vt 0.986000001 0.861000001 0
vt 0.941999972 0.977999985 0
vt 0.462000012 0.843999982 0
vt 0.941999972 0.88499999 0
vt 0.852999985 0.254999995 0
vt 0.853999972 0.250999987 0
vt 0.846000016 0.255999982 0
vt 0.853999972 0.255999982 0
vt 0.354999989 0.987999976 0
vt 0.356000006 0.987999976 0
vt 0.989000022 0.0879999995 0
vt 0.855000019 0.249000013 0
vt 0.856000006 0.944000006 0
vt 0.975000024 0.50999999 0
vt 0.99000001 0.735000014 0
vt 0.986000001 0.735000014 0
vt 0.986000001 0.647000015 0
vt 0.989000022 0.842000008 0
vt 0.856999993 0.944000006 0
vt 0.856000006 0.855000019 0
vt 0.989000022 0.753000021 0
vt 0.853999972 0.254999995 0
vt 0.855000019 0.250999987 0
vt 0.990999997 0.0870000124 0
vt 0.848999977 0.255999982 0
vt 0.850000024 0.255999982 0
vt 0.957000017 0.513999999 0
vt 0.84799999 0.254999995 0
vt 0.851000011 0.249000013 0
vt 0.356000006 0.986999989 0
vt 0.996999979 0.838 0
vt 0.991999984 0.426999986 0
vt 0.987999976 0.426999986 0
vt 0.987999976 0.341000021 0
vt 0.989000022 0.0870000124 0
vt 0.356999993 0.986000001 0
vt 0.354999989 0.90200001 0
vt 0.989000022 0.00199997425 0
vt 0.850000024 0.254999995 0
vt 0.851000011 0.250999987 0
vt 0.84799999 0.255999982 0
vt 0.855000019 0.255999982 0
vt 0.856000006 0.255999982 0
vt 0.958000004 0.893999994 0
vt 0.612999976 0.583000004 0
vt 0.856999993 0.249000013 0
vt 0.958000004 0.513000011 0
vt 0.957000017 0.513000011 0
vt 0.998000026 0.726999998 0
vt 0.996999979 0.727999985 0
vt 0.991999984 0.727999985 0
vt 0.991999984 0.647000015 0
vt 0.995000005 0.0830000043 0
vt 0.958000004 0.430999994 0
vt 0.995000005 0.00199997425 0
vt 0.856000006 0.254999995 0
vt 0.856999993 0.250999987 0
vt 0.612999976 0.583999991 0
vt 0.851000011 0.255999982 0
vt 0.851999998 0.249000013 0
vt 0.958999991 0.89200002 0
vt 0.638000011 0.994000018 0
vt 0.998000026 0.234000027 0
vt 0.994000018 0.234000027 0
vt 0.994000018 0.156000018 0
vt 0.898000002 0.995999992 0
vt 0.959999979 0.89200002 0
vt 0.958999991 0.814999998 0
vt 0.898000002 0.917999983 0
vt 0.851000011 0.254999995 0
vt 0.851999998 0.250999987 0
vt 0.813000023 0.397000015 0
vt 0.811999977 0.393000007 0
vt 0.958000004 0.397000015 0
vt 0.941999972 0.397000015 0
vt 0.949999988 0.397000015 0
vt 0.957000017 0.397000015 0
vt 0.935000002 0.397000015 0
vt 0.927999973 0.397000015 0
vt 0.572000027 0.913999975 0
vt 0.910000026 0.486000001 0
vt 0.910000026 0.494000018 0
vt 0.910000026 0.500999987 0
vt 0.910000026 0.508000016 0
vt 0.910000026 0.513999999 0
vt 0.547999978 0.913999975 0
vt 0.541999996 0.913999975 0
vt 0.535000026 0.913999975 0
vt 0.910000026 0.463999987 0
vt 0.910000026 0.471000016 0
vt 0.910000026 0.477999985 0
vt 0.56400001 0.913999975 0
vt 0.555999994 0.913999975 0
vt 0.194000006 0.964999974 0
vt 0.177000001 0.964999974 0
vt 0.185000002 0.964999974 0
vt 0.193000004 0.964999974 0
vt 0.170000002 0.964999974 0
vt 0.163000003 0.964999974 0
vt 0.893999994 0.916999996 0
vt 0.703000009 0.915000021 0
vt 0.703000009 0.922999978 0
vt 0.703000009 0.930000007 0
vt 0.703000009 0.936999977 0
vt 0.703000009 0.943000019 0
vt 0.870000005 0.916999996 0
vt 0.862999976 0.916999996 0
vt 0.703000009 0.887000024 0
vt 0.703000009 0.893000007 0
vt 0.703000009 0.899999976 0
vt 0.703000009 0.907000005 0
vt 0.893000007 0.916999996 0
vt 0.88499999 0.916999996 0
vt 0.876999974 0.916999996 0
vt 0.999000013 0.63499999 0
vt 0.783999979 0.0889999866 0
vt 0.128000006 0.926999986 0
vt 0.142000005 0.868000031 0
vt 0.163000003 0.932999969 0
vt 0.786000013 0.00999999046 0
vt 0.158000007 0.795000017 0
vt 0.736000001 0.943000019 0
vt 0.170000002 0.932999969 0
vt 0.177000001 0.932999969 0
vt 0.711000025 0.00800001621 0
vt 0.736000001 0.922999978 0
vt 0.80400002 0.600000024 0
vt 0.736000001 0.915000021 0
vt 0.736000001 0.930000007 0
vt 0.736000001 0.936999977 0
vt 0 0.199999988 0
vt 0.870000005 0.949000001 0
vt 0.862999976 0.949000001 0
vt 0.736000001 0.887000024 0
vt 0.736000001 0.893000007 0
vt 0.736000001 0.899999976 0
vt 0.736000001 0.907000005 0
vt 0.349000007 0.90200001 0
vt 0.876999974 0.949000001 0
vt 0.349000007 0.755999982 0
vt 0.0579999983 0.319999993 0
vt 0.0579999983 0.379999995 0
vt 0.941999972 0.364000022 0
vt 0.94599998 0.364000022 0
vt 0.0579999983 0.43900001 0
vt 0.941999972 0.500999987 0
vt 0.941999972 0.508000016 0
vt 0.941999972 0.513999999 0
vt 0.927999973 0.364000022 0
vt 0.935000002 0.364000022 0
vt 0.0359999985 0.43900001 0
vt 0.941999972 0.486000001 0
vt 0.941999972 0.494000018 0
vt 0.535000026 0.725000024 0
vt 0.799000025 0.606999993 0
vt 0.708000004 0.634000003 0
vt 0.0960000008 0.75999999 0
vt 0.98299998 0.647000015 0
vt 0.976999998 0.647000015 0
vt 0.769999981 0.476999998 0
vt 0.535000026 0.590999961 0
vt 0.44600001 0.590999961 0
vt 0.0890000015 0.675999999 0
vt 0.163000003 0.408999979 0
vt 0.0579999983 0.25999999 0
vt 0.944000006 0.884000003 0
vt 0.944000006 0.829999983 0
vt 0.80400002 0.621999979 0
vt 0.193000004 0.675999999 0
vt 0.356999993 0.557000041 0
vt 0.0489999987 0.557000041 0
vt 0.959999979 0.751999974 0
vt 0.968999982 0.648999989 0
vt 0.959999979 0.648999989 0
vt 0.968999982 0.751999974 0
vt 0.535000026 0.680000007 0
vt 0.44600001 0.680000007 0
vt 0.44600001 0.63499999 0
vt 0.535000026 0.63499999 0
vt 0.187999994 0.787999988 0
vt 0.976999998 0.860000014 0
vt 0 0.25999999 0
vt 0.194000006 0.922999978 0
vt 0.356999993 0.546000004 0
vt 0.193000004 0.922999978 0
vt 0.901000023 0.601000011 0
vt 0.901000023 0.687999964 0
vt 0.185000002 0.922999978 0
vt 0.486000001 0.546000004 0
vt 0.795000017 0.129000008 0
vt 0.648000002 0.725000024 0
vt 0.0939999968 0.761000037 0
vt 0.187000006 0.787 0
vt 0.861000001 0.503000021 0
vt 0.200000003 0.789000034 0
vt 0.796000004 0.23299998 0
vt 0.888000011 0.23299998 0
vt 0.975000024 0.750999987 0
vt 0.98299998 0.740999997 0
vt 0.976999998 0.740999997 0
vt 0.164000005 0.273999989 0
vt 0.158000007 0.234000027 0
vt 0.941999972 0.828999996 0
vt 0.941999972 0.881999969 0
vt 0.421000004 0.995000005 0
vt 0.936999977 0.828999996 0
vt 0.959999979 0.761000037 0
vt 0.061999999 0.433000028 0
vt 0.284999996 0.922999978 0
vt 0.709999979 0.63499999 0
vt 0.797999978 0.60800004 0
vt 0.984000027 0.105000019 0
vt 0.80400002 0.625999987 0
vt 0.709999979 0.712000012 0
vt 0.80400002 0.703000009 0
vt 0.298999995 0.199999988 0
vt 0.698000014 0.699000001 0
vt 0.76700002 0.887000024 0
vt 0.976999998 0.967000008 0
vt 0.76700002 0.984000027 0
vt 0.977999985 0.00199997425 0
vt 0.984000027 0.00199997425 0
vt 0.165000007 0.36500001 0
vt 0.170000002 0.324999988 0
vt 0.957000017 0.761000037 0
vt 0.957000017 0.812999964 0
vt 0.711000025 0.255999982 0
vt 0.711000025 0.309000015 0
vt 0.167999998 0.325999975 0
vt 0.999000013 0.582000017 0
vt 0.908999979 0.677999973 0
vt 0.908999979 0.638999999 0
vt 0.999000013 0.54400003 0
vt 0.80400002 0.718999982 0
vt 0.44600001 0.725000024 0
vt 0.708000004 0.713 0
vt 0.799000025 0.713 0
vt 0.155000001 0.235000014 0
vt 0.959999979 0.814999998 0
vt 0.0939999968 0.682000041 0
vt 0.064000003 0.430999994 0
vt 0.800999999 0.91900003 0
vt 0.170000002 0.314999998 0
vt 0.158999994 0.406000018 0
vt 0.980000019 0.427999973 0
vt 0.52700001 0.899999976 0
vt 0.535000026 0.899999976 0
vt 0.987999976 0.427999973 0
vt 0.666999996 0.199999988 0
vt 0.711000025 0 0
vt 0.614000022 0.199999988 0
vt 0.614000022 0 0
vt 0.968999982 0.185000002 0
vt 0.973999977 0.421999991 0
vt 0.986000001 0.421999991 0
vt 0.958000004 0.185000002 0
vt 0.142000005 0.936999977 0
vt 0.142000005 0.986000001 0
vt 0.152999997 0.986000001 0
vt 0.152999997 0.936999977 0
vt 0.349999994 0.90200001 0
vt 0.995000005 0.95599997 0
vt 0.99000001 0.95599997 0
vt 0.354000002 0.90200001 0
vt 0.0890000015 0.868000031 0
vt 0.782999992 0.129000008 0
vt 0.0890000015 0.926999986 0
vt 0.995000005 1 0
vt 0.349999994 0.935000002 0
vt 0.99000001 1 0
vt 0.354000002 0.935000002 0
vt 0.980000019 0.51699996 0
vt 0.959999979 0.518999994 0
vt 0.973999977 0.154999971 0
vt 0.944999993 0.962000012 0
vt 0.987999976 0.51699996 0
vt 0.156000003 0.936999977 0
vt 0.952000022 0.518999994 0
vt 0.973999977 0.115999997 0
vt 0.757000029 0.973999977 0
vt 0.150999993 0.936999977 0
vt 0.754000008 0.975000024 0
vt 0.989000022 0.154999971 0
vt 0.148000002 0.934000015 0
vt 0.989000022 0.115999997 0
vt 0.986999989 0.954999983 0
vt 0.908999979 0.713 0
vt 0.904999971 0.713 0
vt 0.99000001 0.954999983 0
vt 0.944000006 0.995000005 0
vt 0.986999989 0.989000022 0
vt 0.948000014 0.995000005 0
vt 0.99000001 0.989000022 0
vt 0.959999979 0.855000019 0
vt 0.601999998 0.583000004 0
vt 0 0.539999962 0
vt 0.524999976 0.725000024 0
vt 0.611999989 0.583000004 0
vt 0.968999982 0.855000019 0
vt 0.354000002 0.754999995 0
vt 0.354000002 0.815999985 0
vt 0.354000002 0.876999974 0
vt 0.908999979 0.605000019 0
vt 0.917999983 0.605000019 0
vt 0.917999983 0.667999983 0
vt 0.908999979 0.667999983 0
vt 0.463 0.850000024 0
vt 0 0.477999985 0
vt 0.532000005 0.850000024 0
vt 0.791999996 0.00499999523 0
vt 0.791000009 0.101000011 0
vt 0.711000025 0.00300002098 0
vt 0.903999984 0.68900001 0
vt 0.354000002 0.675999999 0
vt 0.968999982 0.265999973 0
vt 0.933000028 0.518999994 0
vt 0.572000027 0.95599997 0
vt 0.56400001 0.95599997 0
vt 0.573000014 0.95599997 0
vt 0.970000029 0.191999972 0
vt 0.651000023 0.726999998 0
vt 0.486000001 0.0120000243 0
vt 0.486000001 0.112999976 0
vt 0.933000028 0.647000015 0
vt 0.486000001 0.231999993 0
vt 0.486000001 0.351999998 0
vt 0.486000001 0.534999967 0
vt 0.908999979 0.542999983 0
vt 0.908999979 0.518999994 0
vt 0.908999979 0.745999992 0
vt 0.921000004 0.519999981 0
vt 0.917999983 0.519999981 0
vt 0.911000013 0.518999994 0
vt 0.917999983 0.542999983 0
vt 0.921000004 0.745000005 0
vt 0.917999983 0.745000005 0
vt 0.0120000001 0.475000024 0
vt 0.00499999989 0.476999998 0
vt 0.0299999993 0.459999979 0
vt 0.0250000004 0.466000021 0
vt 0.275000006 0.875 0
vt 0.714999974 0.132000029 0
vt 0.796000004 0.132000029 0
vt 0.217999995 0.95599997 0
vt 0.97299999 0.191999972 0
vt 0.911000013 0.745999992 0
vt 0.0329999998 0.453999996 0
vt 0.0189999994 0.471000016 0
vt 0.940999985 0.647000015 0
vt 0.0359999985 0.44599998 0
vt 0.532000005 0.725000024 0
vt 0.827000022 0.921999991 0
vt 0.819999993 0.921999991 0
vt 0.842999995 0.921999991 0
vt 0.834999979 0.921999991 0
vt 0.813000023 0.921999991 0
vt 0.356999993 0.675999999 0
vt 0.356999993 0.669999957 0
vt 0.356999993 0.662999988 0
vt 0.356999993 0.654999971 0
vt 0.356999993 0.647000015 0
vt 0.356999993 0.639999986 0
vt 0.635999978 0.958999991 0
vt 0.356999993 0.631999969 0
vt 0.356999993 0.625999987 0
vt 0.598999977 0.958999991 0
vt 0.606000006 0.958999991 0
vt 0.612999976 0.958999991 0
vt 0.620000005 0.958999991 0
vt 0.628000021 0.958999991 0
vt 0.842000008 0.921999991 0
vt 0.230000004 0.922999978 0
vt 0.214000002 0.922999978 0
vt 0.207000002 0.922999978 0
vt 0.200000003 0.922999978 0
vt 0.222000003 0.922999978 0
vt 0.229000002 0.922999978 0
vt 0.936999977 0.95599997 0
vt 0.936999977 0.949999988 0
vt 0.936999977 0.943000019 0
vt 0.936999977 0.935000002 0
vt 0.936999977 0.927999973 0
vt 0.5 0.958999991 0
vt 0.936999977 0.920000017 0
vt 0.936999977 0.912 0
vt 0.936999977 0.906000018 0
vt 0.936999977 0.899999976 0
vt 0.469000012 0.958999991 0
vt 0.476000011 0.958999991 0
vt 0.48300001 0.958999991 0
vt 0.490999997 0.958999991 0
vt 0.499000013 0.958999991 0
vt 0.97299999 0.466000021 0
vt 0.864000022 0.336000025 0
vt 0.878000021 0.393999994 0
vt 0.721000016 0.217000008 0
vt 0.214000002 0.95599997 0
vt 0.207000002 0.95599997 0
vt 0.200000003 0.95599997 0
vt 0.216000006 0.875 0
vt 0.904999971 0.95599997 0
vt 0.904999971 0.949999988 0
vt 0.904999971 0.943000019 0
vt 0.904999971 0.935000002 0
vt 0.904999971 0.927999973 0
vt 0.904999971 0.920000017 0
vt 0.904999971 0.912 0
vt 0.904999971 0.906000018 0
vt 0.904999971 0.899999976 0
vt 0.469000012 0.925999999 0
vt 0.476000011 0.925999999 0
vt 0.356999993 0.199999988 0
vt 0.48300001 0.925999999 0
vt 0.930000007 0.355000019 0
vt 0.930000007 0.208000004 0
vt 0.832000017 0.953999996 0
vt 0.827000022 0.953999996 0
vt 0.298999995 0.379999995 0
vt 0.298999995 0.319999993 0
vt 0.819999993 0.953999996 0
vt 0.813000023 0.953999996 0
vt 0.324999988 0.675999999 0
vt 0.324999988 0.669999957 0
vt 0.324999988 0.662999988 0
vt 0.298999995 0.43900001 0
vt 0.324999988 0.654999971 0
vt 0.324999988 0.647000015 0
vt 0.32100001 0.43900001 0
vt 0.977999985 0.964999974 0
vt 0.88499999 0 0
vt 0.796000004 0 0
vt 0.609000027 0.593999982 0
vt 0.200000003 0.710999966 0
vt 0.796000004 0.154999971 0
vt 0 0.601999998 0
vt 0.194000006 0.408999979 0
vt 0.193000004 0.795000017 0
vt 0.0890000015 0.601999998 0
vt 0.967999995 0.10799998 0
vt 0.200000003 0.234000027 0
vt 0 0.736000001 0
vt 0.307999998 0.557000041 0
vt 0.486000001 0.494000018 0
vt 0.298000008 0.795000017 0
vt 0.959999979 0.958000004 0
vt 0.968999982 0.958000004 0
vt 0.912999988 0.336000025 0
vt 0.921999991 0.336000025 0
vt 0 0.690999985 0
vt 0 0.647000015 0
vt 0.0890000015 0.647000015 0
vt 0.0890000015 0.690999985 0
vt 0.293000013 0.682999969 0
vt 0.199000001 0.710000038 0
vt 0.356999993 0.25999999 0
vt 0.298999995 0.25999999 0
vt 0.842000008 0.504999995 0
vt 0.614000022 0.546000004 0
vt 0.229000002 0.964999974 0
vt 0.222000003 0.964999974 0
vt 0.231000006 0.964999974 0
vt 0.841000021 0.592000008 0
vt 0.714999974 0.228999972 0
vt 0.199000001 0.790000021 0
vt 0.976999998 0.751999974 0
vt 0.291999996 0.685000002 0
vt 0.888000011 0.129000008 0
vt 0.193000004 0.273999989 0
vt 0.967999995 0.05400002 0
vt 0.294 0.433000028 0
vt 0.968999982 0.805999994 0
vt 0.971000016 0.106000006 0
vt 0.976000011 0.106000006 0
vt 0.800999999 0.996999979 0
vt 0.202000007 0.235000014 0
vt 0.609000027 0.671000004 0
vt 0.796000004 0.0770000219 0
vt 0.88499999 0.103999972 0
vt 0.697000027 0.697000027 0
vt 0.187000006 0.324999988 0
vt 0.193000004 0.36500001 0
vt 0.968999982 0.860000014 0
vt 0.293000013 0.430999994 0
vt 0.995999992 0.95599997 0
vt 0.806999981 0.771000028 0
vt 0.971000016 0.805999994 0
vt 0.976000011 0.05400002 0
vt 0.800999999 0.958000004 0
vt 0.994000018 0.467000008 0
vt 0.994000018 0.504999995 0
vt 0.967000008 0.463 0
vt 0.60799998 0.592000008 0
vt 0.0890000015 0.736000001 0
vt 0.187000006 0.31400001 0
vt 0.967999995 0.628000021 0
vt 0.60799998 0.671999991 0
vt 0.971000016 0.05400002 0
vt 0.197999999 0.404999971 0
vt 0.971000016 0.858999968 0
vt 0.980000019 0.606000006 0
vt 0.987999976 0.606000006 0
vt 0.460999995 0.903999984 0
vt 0.453000009 0.903999984 0
vt 0.657999992 0.399999976 0
vt 0.711000025 0.399999976 0
vt 0.97299999 0.518000007 0
vt 0.711000025 0.199999988 0
vt 0.958999991 0.288999975 0
vt 0.948000014 0.288999975 0
vt 0.850000024 0.503000021 0
vt 0.0450000018 0.978999972 0
vt 0.0450000018 0.930000007 0
vt 0.0340000018 0.978999972 0
vt 0.0340000018 0.930999994 0
vt 0.568000019 0.989000022 0
vt 0.573000014 0.989000022 0
vt 0.458000004 0.996999979 0
vt 0.462000012 0.996999979 0
vt 0.916999996 0.336000025 0
vt 0.916999996 0.393999994 0
vt 0.721000016 0.255999982 0
vt 0.462000012 0.953999996 0
vt 0.568000019 0.95599997 0
vt 0.458000004 0.953999996 0
vt 0.944000006 0.70599997 0
vt 0.943000019 0.44599998 0
vt 0.933000028 0.0690000057 0
vt 0.957000017 0.43900001 0
vt 0.957000017 0.399999976 0
vt 0.952000022 0.70599997 0
vt 0.938000023 0.0690000057 0
vt 0.115000002 0.981999993 0
vt 0.119000003 0.98299998 0
vt 0.941999972 0.43900001 0
vt 0.940999985 0.0659999847 0
vt 0.941999972 0.399999976 0
vt 0.999000013 0.957000017 0
vt 0.995999992 0.957000017 0
vt 0.731999993 0.943000019 0
vt 0.994000018 0.0939999819 0
vt 0.999000013 0.990999997 0
vt 0.995999992 0.990999997 0
vt 0.990999997 0.0939999819 0
vt 0.356999993 0.539999962 0
vt 0.527999997 0.987999976 0
vt 0.063000001 0.863999963 0
vt 0.518000007 0.987999976 0
vt 0.925000012 0.268999994 0
vt 0.925000012 0.207000017 0
vt 0.0689999983 0.738999963 0
vt 0.0689999983 0.863999963 0
vt 0.933000028 0.605000019 0
vt 0.614000022 0.230000019 0
vt 0.924000025 0.667999983 0
vt 0.924000025 0.605000019 0
vt 0.964999974 0.110000014 0
vt 0.964999974 0.129000008 0
vt 0 0.738999963 0
vt 0.356999993 0.477999985 0
vt 0.614000022 0.190999985 0
vt 0.843999982 0.963999987 0
vt 0.842000008 0.963999987 0
vt 0.834999979 0.963999987 0
vt 0.924000025 0.745000005 0
vt 0.925000012 0.129000008 0
vt 0.637000024 0.916999996 0
vt 0.933000028 0.776000023 0
vt 0.635999978 0.916999996 0
vt 0.963999987 0.342000008 0
vt 0.963999987 0.268000007 0
vt 0.628000021 0.916999996 0
vt 0.796000004 0.129000008 0
vt 0.933000028 0.542999983 0
vt 0.925000012 0.355000019 0
vt 0.921999991 0.355000019 0
vt 0.924000025 0.519999981 0
vt 0.714999974 0.255999982 0
vt 0.931999981 0.518999994 0
vt 0.924000025 0.542999983 0
vt 0.921999991 0.129000008 0
vt 0.344999999 0.475000024 0
vt 0.352999985 0.476999998 0
vt 0.326999992 0.459999979 0
vt 0.331999987 0.466000021 0
vt 0.324000001 0.453999996 0
vt 0.338 0.471000016 0
vt 0.925000012 0.329999983 0
vt 0.32100001 0.44599998 0
vt 0.195999995 0.273999989 0
vt 0.976000011 0.521000028 0
vt 0.189999998 0.313000023 0
vt 0.976000011 0.00199997425 0
vt 0.971000016 0.00199997425 0
vt 0.160999998 0.273999989 0
vt 0.166999996 0.313000023 0
vt 0.27700001 0.815999985 0
vt 0.936999977 0.77700001 0
vt 0.941999972 0.77700001 0
vt 0.194999993 0.36500001 0
vt 0.995999992 0.860000014 0
vt 0.200000003 0.403999984 0
vt 0.188999996 0.325999975 0
vt 0.162 0.36500001 0
vt 0.157000005 0.403999984 0
vt 0.800999999 0.823000014 0
vt 0.921000004 0.667999983 0
vt 0.921000004 0.605000019 0
vt 0.944000006 0.647000015 0
vt 0.972000003 0.264999986 0
vt 0.921000004 0.542999983 0
vt 0.903999984 0.602999985 0
vt 0.921999991 0.207000017 0
vt 0.921999991 0.268999994 0
vt 0.0729999989 0.863999963 0
vt 0.0729999989 0.736000001 0
vt 0.921999991 0.33099997 0
vt 0.711000025 0.129000008 0
vt 0.711000025 0.235000014 0
vt 0.921999991 0.0960000157 0
vt 0.922999978 0.100000024 0
vt 0.783999979 0.378000021 0
vt 0.783999979 0.375 0
vt 0.90200001 0.0830000043 0
vt 0.904999971 0.0820000172 0
vt 0.765999973 0.361000001 0
vt 0.763000011 0.361000001 0
vt 0.0480000004 0.977999985 0
vt 0.925000012 0.0960000157 0
vt 0.922999978 0.0960000157 0
vt 0.921999991 0.0929999948 0
vt 0.305000007 0.953000009 0
vt 0.305000007 0.949000001 0
vt 0.89200002 0.112999976 0
vt 0.894999981 0.11500001 0
vt 0.0480000004 0.975000024 0
vt 0.920000017 0.0899999738 0
vt 0.305000007 0.957000017 0
vt 0.898000002 0.115999997 0
vt 0.0480000004 0.971000016 0
vt 0.917999983 0.0870000124 0
vt 0.305000007 0.959999979 0
vt 0.901000023 0.116999984 0
vt 0.904999971 0.0799999833 0
vt 0.908999979 0.0799999833 0
vt 0.907999992 0.0820000172 0
vt 0.0480000004 0.967000008 0
vt 0.915000021 0.0849999785 0
vt 0.904999971 0.120000005 0
vt 0.904999971 0.117999971 0
vt 0.264999986 0.94599998 0
vt 0.264999986 0.943000019 0
vt 0.898000002 0.0830000043 0
vt 0.894999981 0.0849999785 0
vt 0.0480000004 0.963 0
vt 0.912 0.0830000043 0
vt 0.908999979 0.120000005 0
vt 0.907999992 0.116999984 0
vt 0.264999986 0.949999988 0
vt 0.89200002 0.0870000124 0
vt 0.912999988 0.119000018 0
vt 0.912 0.115999997 0
vt 0.264999986 0.953999996 0
vt 0.889999986 0.0899999738 0
vt 0.624000013 0.707000017 0
vt 0.616999984 0.707000017 0
vt 0.620999992 0.70599997 0
vt 0.628000021 0.708000004 0
vt 0.630999982 0.710000038 0
vt 0.60799998 0.712000012 0
vt 0.634000003 0.712000012 0
vt 0.635999978 0.715000033 0
vt 0.638000011 0.717999995 0
vt 0.638999999 0.725000024 0
vt 0.616999984 0.743000031 0
vt 0.638999999 0.720999956 0
vt 0.638999999 0.728999972 0
vt 0.624000013 0.743000031 0
vt 0.638000011 0.731999993 0
vt 0.634000003 0.738000035 0
vt 0.635999978 0.735000014 0
vt 0.630999982 0.74000001 0
vt 0.628000021 0.741999984 0
vt 0.620999992 0.743000031 0
vt 0.614000022 0.741999984 0
vt 0.610000014 0.74000001 0
vt 0.60799998 0.738000035 0
vt 0.603999972 0.731999993 0
vt 0.603999972 0.717999995 0
vt 0.605000019 0.735000014 0
vt 0.602999985 0.728999972 0
vt 0.602999985 0.720999956 0
vt 0.601999998 0.725000024 0
vt 0.605000019 0.715000033 0
vt 0.610000014 0.710000038 0
vt 0.614000022 0.708000004 0
vt 0.0680000037 0.977999985 0
vt 0.915000021 0.11500001 0
vt 0.264999986 0.958000004 0
vt 0.888000011 0.0929999948 0
vt 0.901000023 0.0799999833 0
vt 0.901000023 0.0820000172 0
vt 0.0680000037 0.975000024 0
vt 0.917999983 0.112999976 0
vt 0.88499999 0.0960000157 0
vt 0.887000024 0.0960000157 0
vt 0.0680000037 0.971000016 0
vt 0.920000017 0.110000014 0
vt 0.88499999 0.100000024 0
vt 0.887000024 0.100000024 0
vt 0.0680000037 0.967000008 0
vt 0.921999991 0.106999993 0
vt 0.887000024 0.102999985 0
vt 0.0680000037 0.963 0
vt 0.922999978 0.102999985 0
vt 0.885999978 0.10799998 0
vt 0.888000011 0.106999993 0
vt 0.925000012 0.100000024 0
vt 0.305000007 0.944999993 0
vt 0.889999986 0.110000014 0
vt 0.904999971 0.0789999962 0
vt 0.624000013 0.70599997 0
vt 0.616999984 0.70599997 0
vt 0.612999976 0.708000004 0
vt 0.610000014 0.708999991 0
vt 0.606999993 0.712000012 0
vt 0.605000019 0.713999987 0
vt 0.602999985 0.717999995 0
vt 0.601999998 0.720999956 0
vt 0.601999998 0.728999972 0
vt 0.602999985 0.731999993 0
vt 0.606999993 0.738000035 0
vt 0.610000014 0.740999997 0
vt 0.612999976 0.741999984 0
vt 0.620999992 0.743999958 0
vt 0.305000007 0.961000025 0
vt 0.630999982 0.740999997 0
vt 0.263999999 0.958000004 0
vt 0.263999999 0.953999996 0
vt 0.635999978 0.713999987 0
vt 0.263999999 0.949999988 0
vt 0.263999999 0.94599998 0
vt 0.630999982 0.708999991 0
vt 0.263999999 0.943000019 0
vt 0.764999986 0.374000013 0
vt 0.765999973 0.374000013 0
vt 0.76700002 0.374000013 0
vt 0.763999999 0.375 0
vt 0.763000011 0.375 0
vt 0.768000007 0.374000013 0
vt 0.768999994 0.375 0
vt 0.771000028 0.376999974 0
vt 0.769999981 0.375 0
vt 0.769999981 0.375999987 0
vt 0.771000028 0.379000008 0
vt 0.771000028 0.378000021 0
vt 0.769999981 0.382000029 0
vt 0.769999981 0.380999982 0
vt 0.768000007 0.383000016 0
vt 0.76700002 0.383000016 0
vt 0.763000011 0.382000029 0
vt 0.771000028 0.379999995 0
vt 0.768999994 0.382000029 0
vt 0.764999986 0.383000016 0
vt 0.765999973 0.383000016 0
vt 0.763999999 0.382000029 0
vt 0.763000011 0.380999982 0
vt 0.762000024 0.379999995 0
vt 0.762000024 0.378000021 0
vt 0.762000024 0.379000008 0
vt 0.763000011 0.375999987 0
vt 0.762000024 0.376999974 0
vt 0.888999999 0.106999993 0
vt 0.75 0.38499999 0
vt 0.751999974 0.388000011 0
vt 0.921999991 0.102999985 0
vt 0.783999979 0.382000029 0
vt 0.888000011 0.102999985 0
vt 0.749000013 0.382000029 0
vt 0.921000004 0.106999993 0
vt 0.782999992 0.38499999 0
vt 0.749000013 0.378000021 0
vt 0.781000018 0.388000011 0
vt 0.888000011 0.0960000157 0
vt 0.749000013 0.375 0
vt 0.916999996 0.111999989 0
vt 0.778999984 0.390999973 0
vt 0.888999999 0.0929999948 0
vt 0.75 0.371999979 0
vt 0.776000023 0.393000007 0
vt 0.898000002 0.0839999914 0
vt 0.75999999 0.361999989 0
vt 0.751999974 0.369000018 0
vt 0.773000002 0.394999981 0
vt 0.907999992 0.0830000043 0
vt 0.769999981 0.361000001 0
vt 0.754000008 0.365999997 0
vt 0.769999981 0.396000028 0
vt 0.912 0.0839999914 0
vt 0.773000002 0.361999989 0
vt 0.757000029 0.364000022 0
vt 0.765999973 0.396000028 0
vt 0.776000023 0.364000022 0
vt 0.90200001 0.116999984 0
vt 0.763000011 0.396000028 0
vt 0.916999996 0.0870000124 0
vt 0.778999984 0.365999997 0
vt 0.765999973 0.364000022 0
vt 0.763999999 0.36500001 0
vt 0.75999999 0.394999981 0
vt 0.781000018 0.369000018 0
vt 0.757000029 0.393000007 0
vt 0.921000004 0.0929999948 0
vt 0.782999992 0.371999979 0
vt 0.89200002 0.111999989 0
vt 0.754000008 0.390999973 0
vt 0.760999978 0.36500001 0
vt 0.759000003 0.366999984 0
vt 0.773999989 0.366999984 0
vt 0.772000015 0.36500001 0
vt 0.776000023 0.369000018 0
vt 0.777999997 0.370999992 0
vt 0.782000005 0.371999979 0
vt 0.778999984 0.373000026 0
vt 0.782999992 0.375 0
vt 0.779999971 0.375999987 0
vt 0.779999971 0.378000021 0
vt 0.782999992 0.382000029 0
vt 0.779999971 0.380999982 0
vt 0.782000005 0.38499999 0
vt 0.778999984 0.384000003 0
vt 0.777999997 0.385999978 0
vt 0.776000023 0.388000011 0
vt 0.773999989 0.389999986 0
vt 0.772000015 0.390999973 0
vt 0.769999981 0.394999981 0
vt 0.768999994 0.39200002 0
vt 0.765999973 0.39200002 0
vt 0.763000011 0.394999981 0
vt 0.763999999 0.39200002 0
vt 0.760999978 0.390999973 0
vt 0.759000003 0.389999986 0
vt 0.757000029 0.388000011 0
vt 0.754999995 0.385999978 0
vt 0.753000021 0.384000003 0
vt 0.753000021 0.380999982 0
vt 0.751999974 0.378000021 0
vt 0.753000021 0.375999987 0
vt 0.753000021 0.373000026 0
vt 0.754999995 0.370999992 0
vt 0.757000029 0.369000018 0
vt 0.375999987 0.942000031 0
vt 0.375999987 0.944999993 0
vt 0.734000027 0.361000001 0
vt 0.730000019 0.361000001 0
vt 0.768999994 0.36500001 0
vt 0.765999973 0.369000018 0
vt 0.764999986 0.369000018 0
vt 0.768000007 0.369000018 0
vt 0.769999981 0.370000005 0
vt 0.772000015 0.370999992 0
vt 0.773000002 0.371999979 0
vt 0.773999989 0.373000026 0
vt 0.774999976 0.375 0
vt 0.776000023 0.376999974 0
vt 0.776000023 0.378000021 0
vt 0.776000023 0.379999995 0
vt 0.774999976 0.382000029 0
vt 0.773999989 0.384000003 0
vt 0.773000002 0.38499999 0
vt 0.772000015 0.385999978 0
vt 0.769999981 0.387000024 0
vt 0.768000007 0.388000011 0
vt 0.765999973 0.388000011 0
vt 0.764999986 0.388000011 0
vt 0.763000011 0.387000024 0
vt 0.760999978 0.385999978 0
vt 0.75999999 0.38499999 0
vt 0.759000003 0.384000003 0
vt 0.758000016 0.382000029 0
vt 0.757000029 0.379999995 0
vt 0.757000029 0.378000021 0
vt 0.757000029 0.376999974 0
vt 0.758000016 0.375 0
vt 0.759000003 0.373000026 0
vt 0.75999999 0.371999979 0
vt 0.760999978 0.370999992 0
vt 0.763000011 0.370000005 0
vt 0.395000011 0.91900003 0
vt 0.395000011 0.921999991 0
vt 0.535000026 0.934000015 0
vt 0.535000026 0.930999994 0
vt 0.375999987 0.948000014 0
vt 0.736999989 0.361999989 0
vt 0.393999994 0.915000021 0
vt 0.533999979 0.927999973 0
vt 0.36500001 0.935000002 0
vt 0.361999989 0.931999981 0
vt 0.503000021 0.944000006 0
vt 0.504999995 0.947000027 0
vt 0.395000011 0.915000021 0
vt 0.395999998 0.917999983 0
vt 0.367000014 0.936999977 0
vt 0.508000016 0.949000001 0
vt 0.39199999 0.912 0
vt 0.532000005 0.925000012 0
vt 0.370000005 0.938000023 0
vt 0.510999978 0.950999975 0
vt 0.381000012 0.904999971 0
vt 0.384000003 0.906000018 0
vt 0.523999989 0.917999983 0
vt 0.521000028 0.916999996 0
vt 0.389999986 0.909999967 0
vt 0.529999971 0.921999991 0
vt 0.374000013 0.93900001 0
vt 0.513999999 0.952000022 0
vt 0.513999999 0.916999996 0
vt 0.518000007 0.916999996 0
vt 0.518000007 0.920000017 0
vt 0.514999986 0.921000004 0
vt 0.386999995 0.907000005 0
vt 0.52700001 0.920000017 0
vt 0.377000004 0.939999998 0
vt 0.518000007 0.952000022 0
vt 0.367000014 0.907000005 0
vt 0.370000005 0.906000018 0
vt 0.510999978 0.917999983 0
vt 0.508000016 0.920000017 0
vt 0.381000012 0.93900001 0
vt 0.521000028 0.952000022 0
vt 0.36500001 0.909999967 0
vt 0.504999995 0.921999991 0
vt 0.384000003 0.938000023 0
vt 0.523999989 0.950999975 0
vt 0.361999989 0.912 0
vt 0.503000021 0.925000012 0
vt 0.374000013 0.904999971 0
vt 0.386999995 0.936999977 0
vt 0.52700001 0.949000001 0
vt 0.361000001 0.915000021 0
vt 0.500999987 0.927999973 0
vt 0.389999986 0.935000002 0
vt 0.529999971 0.947000027 0
vt 0.360000014 0.91900003 0
vt 0.5 0.930999994 0
vt 0.39199999 0.931999981 0
vt 0.532000005 0.944000006 0
vt 0.360000014 0.921999991 0
vt 0.5 0.934000015 0
vt 0.393999994 0.92900002 0
vt 0.533999979 0.940999985 0
vt 0.360000014 0.925999999 0
vt 0.5 0.938000023 0
vt 0.395000011 0.925999999 0
vt 0.535000026 0.938000023 0
vt 0.361000001 0.92900002 0
vt 0.500999987 0.940999985 0
vt 0.73299998 0.361000001 0
vt 0.726000011 0.361000001 0
vt 0.74000001 0.364000022 0
vt 0.717000008 0.365999997 0
vt 0.748000026 0.379000008 0
vt 0.720000029 0.364000022 0
vt 0.742999971 0.365999997 0
vt 0.745000005 0.369000018 0
vt 0.746999979 0.371999979 0
vt 0.748000026 0.375999987 0
vt 0.748000026 0.383000016 0
vt 0.746999979 0.387000024 0
vt 0.745000005 0.389999986 0
vt 0.74000001 0.394999981 0
vt 0.73299998 0.398000002 0
vt 0.726000011 0.398000002 0
vt 0.742999971 0.393000007 0
vt 0.736999989 0.397000015 0
vt 0.730000019 0.398000002 0
vt 0.717000008 0.393000007 0
vt 0.72299999 0.397000015 0
vt 0.720000029 0.394999981 0
vt 0.713 0.371999979 0
vt 0.713999987 0.389999986 0
vt 0.713 0.387000024 0
vt 0.712000012 0.383000016 0
vt 0.711000025 0.379000008 0
vt 0.712000012 0.375999987 0
vt 0.713999987 0.369000018 0
vt 0.72299999 0.361999989 0
vt 0.375999987 0.952000022 0
vt 0.372999996 0.903999984 0
vt 0.377000004 0.902999997 0
vt 0.377000004 0.903999984 0
vt 0.906000018 0.963 0
vt 0.906000018 0.958999991 0
vt 0.906000018 0.967000008 0
vt 0.718999982 0.364000022 0
vt 0.906000018 0.971000016 0
vt 0.906000018 0.975000024 0
vt 0.906000018 0.977999985 0
vt 0.906000018 0.981999993 0
vt 0.711000025 0.375999987 0
vt 0.907000005 0.750999987 0
vt 0.907000005 0.754000008 0
vt 0.711000025 0.383000016 0
vt 0.907000005 0.758000016 0
vt 0.907000005 0.761999965 0
vt 0.907000005 0.766000032 0
vt 0.907000005 0.769999981 0
vt 0.718999982 0.394999981 0
vt 0.907000005 0.773000002 0
vt 0.907000005 0.776000023 0
vt 0.284000009 0.962000012 0
vt 0.284000009 0.958000004 0
vt 0.734000027 0.398000002 0
vt 0.284000009 0.953999996 0
vt 0.284000009 0.949999988 0
vt 0.284000009 0.94599998 0
vt 0.284000009 0.943000019 0
vt 0.745999992 0.389999986 0
vt 0.284000009 0.93900001 0
vt 0.284000009 0.936999977 0
vt 0.375999987 0.971000016 0
vt 0.749000013 0.379000008 0
vt 0.375999987 0.967000008 0
vt 0.375999987 0.963999987 0
vt 0.375999987 0.959999979 0
vt 0.745999992 0.369000018 0
vt 0.375999987 0.95599997 0
vt 0.51700002 0.930000007 0
vt 0.518000007 0.930000007 0
vt 0.515999973 0.930000007 0
vt 0.518999994 0.930000007 0
vt 0.519999981 0.930999994 0
vt 0.513999999 0.931999981 0
vt 0.521000028 0.930999994 0
vt 0.514999986 0.930999994 0
vt 0.521000028 0.931999981 0
vt 0.522000015 0.932999969 0
vt 0.522000015 0.93599999 0
vt 0.513000011 0.934000015 0
vt 0.522000015 0.934000015 0
vt 0.522000015 0.935000002 0
vt 0.521000028 0.936999977 0
vt 0.521000028 0.938000023 0
vt 0.518999994 0.938000023 0
vt 0.518000007 0.93900001 0
vt 0.513999999 0.938000023 0
vt 0.519999981 0.938000023 0
vt 0.51700002 0.93900001 0
vt 0.515999973 0.938000023 0
vt 0.514999986 0.938000023 0
vt 0.513999999 0.936999977 0
vt 0.513000011 0.935000002 0
vt 0.513000011 0.93599999 0
vt 0.513000011 0.932999969 0
vt 0.513999999 0.930999994 0
vt 0.363999993 0.93599999 0
vt 0.361000001 0.932999969 0
vt 0.395999998 0.921999991 0
vt 0.360000014 0.92900002 0
vt 0.395999998 0.925999999 0
vt 0.358999997 0.925999999 0
vt 0.395000011 0.92900002 0
vt 0.35800001 0.921999991 0
vt 0.358999997 0.921999991 0
vt 0.393000007 0.932999969 0
vt 0.358999997 0.917999983 0
vt 0.391000003 0.93599999 0
vt 0.370000005 0.904999971 0
vt 0.360000014 0.915000021 0
vt 0.388000011 0.938000023 0
vt 0.361000001 0.912 0
vt 0.384000003 0.939999998 0
vt 0.384000003 0.93900001 0
vt 0.381000012 0.903999984 0
vt 0.363999993 0.908999979 0
vt 0.36500001 0.908999979 0
vt 0.381000012 0.940999985 0
vt 0.381000012 0.939999998 0
vt 0.384000003 0.904999971 0
vt 0.367000014 0.906000018 0
vt 0.377000004 0.940999985 0
vt 0.388000011 0.906000018 0
vt 0.372999996 0.940999985 0
vt 0.374000013 0.939999998 0
vt 0.391000003 0.908999979 0
vt 0.389999986 0.908999979 0
vt 0.370000005 0.939999998 0
vt 0.370000005 0.93900001 0
vt 0.393000007 0.912 0
vt 0.367000014 0.938000023 0
vt 0.512000024 0.921000004 0
vt 0.50999999 0.922999978 0
vt 0.524999976 0.922999978 0
vt 0.523000002 0.921000004 0
vt 0.52700001 0.924000025 0
vt 0.528999984 0.926999986 0
vt 0.529999971 0.92900002 0
vt 0.531000018 0.931999981 0
vt 0.531000018 0.934000015 0
vt 0.531000018 0.936999977 0
vt 0.529999971 0.939999998 0
vt 0.528999984 0.942000031 0
vt 0.52700001 0.944000006 0
vt 0.524999976 0.94599998 0
vt 0.523999989 0.949999988 0
vt 0.523000002 0.947000027 0
vt 0.521000028 0.950999975 0
vt 0.519999981 0.948000014 0
vt 0.518000007 0.948000014 0
vt 0.513999999 0.950999975 0
vt 0.514999986 0.948000014 0
vt 0.510999978 0.949999988 0
vt 0.512000024 0.947000027 0
vt 0.50999999 0.94599998 0
vt 0.508000016 0.944000006 0
vt 0.505999982 0.942000031 0
vt 0.504999995 0.939999998 0
vt 0.504000008 0.936999977 0
vt 0.504000008 0.934000015 0
vt 0.504000008 0.931999981 0
vt 0.504999995 0.92900002 0
vt 0.505999982 0.926999986 0
vt 0.508000016 0.924000025 0
vt 0.451999992 0.726000011 0
vt 0.451999992 0.726999998 0
vt 0.519999981 0.921000004 0
vt 0.518000007 0.925000012 0
vt 0.515999973 0.925000012 0
vt 0.518999994 0.925000012 0
vt 0.521000028 0.925999999 0
vt 0.523000002 0.926999986 0
vt 0.523999989 0.927999973 0
vt 0.524999976 0.92900002 0
vt 0.526000023 0.930999994 0
vt 0.52700001 0.932999969 0
vt 0.52700001 0.934000015 0
vt 0.52700001 0.93599999 0
vt 0.526000023 0.938000023 0
vt 0.524999976 0.939999998 0
vt 0.523999989 0.940999985 0
vt 0.523000002 0.942000031 0
vt 0.521000028 0.943000019 0
vt 0.518999994 0.943000019 0
vt 0.518000007 0.944000006 0
vt 0.515999973 0.943000019 0
vt 0.513999999 0.943000019 0
vt 0.512000024 0.942000031 0
vt 0.510999978 0.940999985 0
vt 0.50999999 0.939999998 0
vt 0.509000003 0.938000023 0
vt 0.508000016 0.93599999 0
vt 0.508000016 0.934000015 0
vt 0.508000016 0.932999969 0
vt 0.509000003 0.930999994 0
vt 0.50999999 0.92900002 0
vt 0.510999978 0.927999973 0
vt 0.512000024 0.926999986 0
vt 0.513999999 0.925999999 0
vt 0.451999992 0.731000006 0
vt 0.825999975 0.398999989 0
vt 0.825999975 0.398000002 0
vt 0.827000022 0.394999981 0
vt 0.827000022 0.393999994 0
vt 0.833999991 0.397000015 0
vt 0.453000009 0.730000019 0
vt 0.841000021 0.394999981 0
vt 0.44600001 0.727999985 0
vt 0.44600001 0.728999972 0
vt 0.841000021 0.396000028 0
vt 0.833999991 0.396000028 0
vt 0.453000009 0.728999972 0
vt 0.841000021 0.397000015 0
vt 0.446999997 0.730000019 0
vt 0.453000009 0.726999998 0
vt 0.833999991 0.394999981 0
vt 0.446999997 0.731000006 0
vt 0.838 0.250999987 0
vt 0.838 0.25 0
vt 0.451000005 0.726000011 0
vt 0.453000009 0.727999985 0
vt 0.449999988 0.725000024 0
vt 0.448000014 0.731999993 0
vt 0.838 0.251999974 0
vt 0.790000021 0.393999994 0
vt 0.790000021 0.394999981 0
vt 0.790000021 0.39200002 0
vt 0.790000021 0.396000028 0
vt 0.788999975 0.397000015 0
vt 0.787999988 0.397000015 0
vt 0.786000013 0.397000015 0
vt 0.783999979 0.394999981 0
vt 0.783999979 0.393999994 0
vt 0.787 0.397000015 0
vt 0.785000026 0.397000015 0
vt 0.785000026 0.396000028 0
vt 0.785000026 0.393000007 0
vt 0.785000026 0.39200002 0
vt 0.786000013 0.39200002 0
vt 0.788999975 0.39200002 0
vt 0.786000013 0.390999973 0
vt 0.787 0.390999973 0
vt 0.787999988 0.390999973 0
vt 0.790000021 0.393000007 0
vt 0.828000009 0.253000021 0
vt 0.449000001 0.731999993 0
vt 0.838 0.253000021 0
vt 0.449000001 0.725000024 0
vt 0.448000014 0.726000011 0
vt 0.828000009 0.251999974 0
vt 0.449999988 0.731999993 0
vt 0.828000009 0.250999987 0
vt 0.451000005 0.731999993 0
vt 0.446999997 0.726000011 0
vt 0.446999997 0.726999998 0
vt 0.841000021 0.393999994 0
vt 0.791000009 0.394999981 0
vt 0.791000009 0.393999994 0
vt 0.791000009 0.393000007 0
vt 0.788999975 0.390999973 0
vt 0.451999992 0.731999993 0
vt 0.783999979 0.393000007 0
vt 0.783999979 0.396000028 0
vt 0.786000013 0.398000002 0
vt 0.787 0.398000002 0
vt 0.787999988 0.398000002 0
vt 0.448000014 0.725000024 0
vt 0.790000021 0.397000015 0
vt 0.824999988 0.396000028 0
vt 0.824000001 0.394999981 0
vt 0.824999988 0.394999981 0
vt 0.824000001 0.397000015 0
vt 0.824999988 0.397000015 0
vt 0.823000014 0.396000028 0
vt 0.824000001 0.396000028 0
vt 0.446999997 0.727999985 0
vt 0.822000027 0.393999994 0
vt 0.82099998 0.394999981 0
vt 0.824999988 0.398999989 0
vt 0.824000001 0.398999989 0
vt 0.823000014 0.393000007 0
vt 0.823000014 0.398999989 0
vt 0.449000001 0.726000011 0
vt 0.824000001 0.393000007 0
vt 0.825999975 0.393999994 0
vt 0.449999988 0.726000011 0
vt 0.448000014 0.731000006 0
vt 0.822000027 0.398000002 0
vt 0.824999988 0.393000007 0
vt 0.827000022 0.396000028 0
vt 0.825999975 0.393000007 0
vt 0.82099998 0.398000002 0
vt 0.82099998 0.397000015 0
vt 0.827000022 0.397000015 0
vt 0.825999975 0.394999981 0
vt 0.446999997 0.728999972 0
vt 0.82099998 0.396000028 0
vt 0.827000022 0.398000002 0
vt 0.451999992 0.730000019 0
vt 0.824999988 0.393999994 0
vt 0.825999975 0.397000015 0
vt 0.824999988 0.398000002 0
vt 0.823000014 0.398000002 0
vt 0.822000027 0.397000015 0
vt 0.822000027 0.396000028 0
vt 0.822000027 0.394999981 0
vt 0.823000014 0.393999994 0
vt 0.824000001 0.393999994 0
vt 0.458999991 0.726000011 0
vt 0.458999991 0.726999998 0
vt 0.825999975 0.396000028 0
vt 0.824000001 0.398000002 0
vt 0.823000014 0.397000015 0
vt 0.823000014 0.394999981 0
vt 0.458999991 0.731000006 0
vt 0.458000004 0.731000006 0
vt 0.819000006 0.393000007 0
vt 0.814999998 0.394999981 0
vt 0.458999991 0.730000019 0
vt 0.834999979 0.251999974 0
vt 0.834999979 0.250999987 0
vt 0.460000008 0.730000019 0
vt 0.834999979 0.253000021 0
vt 0.460000008 0.728999972 0
vt 0.460000008 0.726999998 0
vt 0.453999996 0.731000006 0
vt 0.842000008 0.595000029 0
vt 0.842000008 0.593999982 0
vt 0.458000004 0.726000011 0
vt 0.460000008 0.727999985 0
vt 0.456999987 0.725000024 0
vt 0.455000013 0.731999993 0
vt 0.842000008 0.595999956 0
vt 0.456 0.725000024 0
vt 0.796000004 0.39200002 0
vt 0.795000017 0.390999973 0
vt 0.795000017 0.39200002 0
vt 0.796999991 0.393000007 0
vt 0.796999991 0.394999981 0
vt 0.796000004 0.396000028 0
vt 0.791999996 0.397000015 0
vt 0.796999991 0.393999994 0
vt 0.796999991 0.396000028 0
vt 0.796000004 0.397000015 0
vt 0.795000017 0.397000015 0
vt 0.79400003 0.397000015 0
vt 0.792999983 0.397000015 0
vt 0.791999996 0.396000028 0
vt 0.791000009 0.396000028 0
vt 0.792999983 0.39200002 0
vt 0.791999996 0.39200002 0
vt 0.792999983 0.390999973 0
vt 0.79400003 0.390999973 0
vt 0.83099997 0.397000015 0
vt 0.842000008 0.597000003 0
vt 0.83099997 0.396000028 0
vt 0.456 0.731999993 0
vt 0.455000013 0.726000011 0
vt 0.456999987 0.731999993 0
vt 0.83099997 0.394999981 0
vt 0.453999996 0.726000011 0
vt 0.83099997 0.393999994 0
vt 0.458000004 0.731999993 0
vt 0.453999996 0.726999998 0
vt 0.796000004 0.390999973 0
vt 0.791999996 0.390999973 0
vt 0.791000009 0.39200002 0
vt 0.458999991 0.731999993 0
vt 0.791000009 0.397000015 0
vt 0.792999983 0.398000002 0
vt 0.79400003 0.398000002 0
vt 0.795000017 0.398000002 0
vt 0.834999979 0.25 0
vt 0.796999991 0.397000015 0
vt 0.455000013 0.725000024 0
vt 0.841000021 0.597000003 0
vt 0.841000021 0.595999956 0
vt 0.841000021 0.595000029 0
vt 0.841000021 0.593999982 0
vt 0.796999991 0.39200002 0
vt 0.816999972 0.396000028 0
vt 0.818000019 0.394999981 0
vt 0.816999972 0.394999981 0
vt 0.819000006 0.396000028 0
vt 0.818000019 0.397000015 0
vt 0.819000006 0.397000015 0
vt 0.816999972 0.397000015 0
vt 0.453999996 0.727999985 0
vt 0.818000019 0.398999989 0
vt 0.819999993 0.393999994 0
vt 0.816999972 0.398999989 0
vt 0.815999985 0.398999989 0
vt 0.815999985 0.398000002 0
vt 0.456 0.726000011 0
vt 0.814999998 0.398000002 0
vt 0.814999998 0.396000028 0
vt 0.455000013 0.731000006 0
vt 0.814999998 0.393999994 0
vt 0.456999987 0.726000011 0
vt 0.814999998 0.397000015 0
vt 0.815999985 0.393999994 0
vt 0.815999985 0.393000007 0
vt 0.453999996 0.730000019 0
vt 0.819999993 0.398000002 0
vt 0.816999972 0.393000007 0
vt 0.815999985 0.394999981 0
vt 0.818000019 0.393000007 0
vt 0.819000006 0.398999989 0
vt 0.816999972 0.393999994 0
vt 0.818000019 0.393999994 0
vt 0.819000006 0.393999994 0
vt 0.819999993 0.394999981 0
vt 0.819999993 0.396000028 0
vt 0.819999993 0.397000015 0
vt 0.819000006 0.398000002 0
vt 0.816999972 0.398000002 0
vt 0.815999985 0.397000015 0
vt 0.381000012 0.90200001 0
vt 0.377000004 0.90200001 0
vt 0.815999985 0.396000028 0
vt 0.819000006 0.394999981 0
vt 0.818000019 0.398000002 0
vt 0.372999996 0.902999997 0
vt 0.381000012 0.902999997 0
vt 0.377000004 0.949000001 0
vt 0.377000004 0.948000014 0
vt 0.377000004 0.952000022 0
vt 0.377000004 0.95599997 0
vt 0.377000004 0.959999979 0
vt 0.377000004 0.963999987 0
vt 0.35800001 0.917999983 0
vt 0.356999993 0.921999991 0
vt 0.35800001 0.925999999 0
vt 0.358999997 0.930000007 0
vt 0.284999996 0.943000019 0
vt 0.284999996 0.947000027 0
vt 0.284999996 0.949999988 0
vt 0.284999996 0.953999996 0
vt 0.284999996 0.958000004 0
vt 0.377000004 0.942000031 0
vt 0.381000012 0.942000031 0
vt 0.38499999 0.940999985 0
vt 0.38499999 0.939999998 0
vt 0.906000018 0.769999981 0
vt 0.904999971 0.769999981 0
vt 0.906000018 0.766000032 0
vt 0.904999971 0.766000032 0
vt 0.906000018 0.761999965 0
vt 0.904999971 0.761999965 0
vt 0.906000018 0.758000016 0
vt 0.904999971 0.758000016 0
vt 0.906000018 0.754000008 0
vt 0.904999971 0.754000008 0
vt 0.397000015 0.921999991 0
vt 0.397000015 0.917999983 0
vt 0.904999971 0.977999985 0
vt 0.904999971 0.975000024 0
vt 0.904999971 0.971000016 0
vt 0.904999971 0.967000008 0
vt 0.904999971 0.963 0
vt 0.372999996 0.90200001 0
vt 0.959999979 0.355000019 0
vt 0.966000021 0.355000019 0
vt 0.65200001 0.710000038 0
vt 0.652999997 0.713999987 0
vt 0.347000003 0.682999969 0
vt 0.307000011 0.698000014 0
vt 0.298999995 0.694000006 0
vt 0.34799999 0.675999999 0
vt 0.638000011 0.968999982 0
vt 0.966000021 0.485000014 0
vt 0.967000008 0.355000019 0
vt 0.638000011 0.850000024 0
vt 0.69599998 0.730000019 0
vt 0.703000009 0.725000024 0
vt 0.638999999 0.850000024 0
vt 0.697000027 0.842000008 0
vt 0.694000006 0.730000019 0
vt 0.694999993 0.842000008 0
vt 0.958000004 0.355000019 0
vt 0.961000025 0.476000011 0
vt 0.961000025 0.648999989 0
vt 0.349000007 0.684000015 0
vt 0.349000007 0.680000007 0
vt 0.967000008 0.648999989 0
vt 0.463 0.725000024 0
vt 0.967999995 0.648999989 0
vt 0.967999995 0.518999994 0
vt 0.305000007 0.699999988 0
vt 0.30399999 0.812000036 0
vt 0.462000012 0.725000024 0
vt 0.298000008 0.69599998 0
vt 0.307999998 0.699999988 0
vt 0.962000012 0.527999997 0
vt 0.307000011 0.812000036 0
vt 0.653999984 0.713 0
vt 0.694999993 0.727999985 0
vt 0.653999984 0.70599997 0
vt 0.702000022 0.72299999 0
vt 0.777999997 0.957000017 0
vt 0.777999997 0.989000022 0
vt 0.967000008 0.518000007 0
vt 0.967000008 0.486000001 0
vt 0.878000021 0.703999996 0
vt 0.326000005 0.97299999 0
vt 0.967999995 0.518000007 0
vt 0.878000021 0.713 0
vt 0.966000021 0.486000001 0
vt 0.966000021 0.518000007 0
vt 0.959999979 0.518000007 0
vt 0.959999979 0.486000001 0
vt 0.958999991 0.486000001 0
vt 0.958999991 0.518000007 0
vt 0.786000013 0.989000022 0
vt 0.786000013 0.957000017 0
vt 0.796999991 0.398000002 0
vt 0.866999984 0.715999961 0
vt 0.981999993 0.636999965 0
vt 0.990999997 0.636999965 0
vt 0.326000005 0.990999997 0
vt 0.885999978 0.713 0
vt 0.853999972 0.972000003 0
vt 0.853999972 0.989000022 0
vt 0.843999982 0.989000022 0
vt 0.843999982 0.972000003 0
vt 0.316000015 0.973999977 0
vt 0.316000015 0.99000001 0
vt 0.855000019 0.989000022 0
vt 0.855000019 0.972000003 0
vt 0.326000005 0.973999977 0
vt 0.326000005 0.99000001 0
vt 0.778999984 0.957000017 0
vt 0.785000026 0.957000017 0
vt 0.785000026 0.989000022 0
vt 0.778999984 0.989000022 0
vt 0.93599999 0.262000024 0
vt 0.953999996 0.262000024 0
vt 0.953999996 0.276000023 0
vt 0.93599999 0.276000023 0
vt 0.930999994 0.0920000076 0
vt 0.949999988 0.0929999948 0
vt 0.949000001 0.106000006 0
vt 0.930999994 0.106000006 0
vt 0.949999988 0.119000018 0
vt 0.930999994 0.117999971 0
vt 0.426999986 0.953000009 0
vt 0.44600001 0.953999996 0
vt 0.42899999 0.939999998 0
vt 0.446999997 0.940999985 0
vt 0.42899999 0.926999986 0
vt 0.448000014 0.926999986 0
vt 0.42899999 0.913999975 0
vt 0.446999997 0.915000021 0
vt 0.321999997 0.93599999 0
vt 0.340000004 0.93599999 0
vt 0.323000014 0.925999999 0
vt 0.342000008 0.925999999 0
vt 0.324000001 0.912999988 0
vt 0.342999995 0.912999988 0
vt 0.324000001 0.899999976 0
vt 0.342999995 0.899999976 0
vt 0.323000014 0.887000024 0
vt 0.936999977 0.24000001 0
vt 0.954999983 0.25 0
vt 0.93599999 0.25 0
vt 0.736000001 0.966000021 0
vt 0.736000001 0.957000017 0
vt 0.754000008 0.958999991 0
vt 0.753000021 0.964999974 0
vt 0.291999996 0.840000033 0
vt 0.291999996 0.850000024 0
vt 0.291000009 0.850000024 0
vt 0.291000009 0.840000033 0
vt 0.933000028 0.0789999962 0
vt 0.950999975 0.0799999833 0
vt 0.296000004 0.858999968 0
vt 0.294999987 0.860000014 0
vt 0.296000004 0.83099997 0
vt 0.294999987 0.829999983 0
vt 0.303000003 0.865999997 0
vt 0.312000006 0.870000005 0
vt 0.312000006 0.870999992 0
vt 0.301999986 0.866999984 0
vt 0.321999997 0.870000005 0
vt 0.321999997 0.870999992 0
vt 0.331 0.865999997 0
vt 0.331999987 0.866999984 0
vt 0.338 0.858999968 0
vt 0.338999987 0.860000014 0
vt 0.342000008 0.850000024 0
vt 0.342999995 0.850000024 0
vt 0.342000008 0.840000033 0
vt 0.342999995 0.840000033 0
vt 0.338 0.83099997 0
vt 0.338999987 0.829999983 0
vt 0.331 0.824000001 0
vt 0.331999987 0.823000014 0
vt 0.321999997 0.819999993 0
vt 0.321999997 0.819000006 0
vt 0.312000006 0.819999993 0
vt 0.312000006 0.819000006 0
vt 0.303000003 0.824000001 0
vt 0.301999986 0.823000014 0
vt 0.736000001 0.973999977 0
vt 0.575999975 0.913999975 0
vt 0.574000001 0.921000004 0
vt 0.573000014 0.92900002 0
vt 0.573000014 0.936999977 0
vt 0.573000014 0.944999993 0
vt 0.573000014 0.952000022 0
vt 0.848999977 0.120000005 0
vt 0.848999977 0.111999989 0
vt 0.414000005 0.98299998 0
vt 0.414999992 0.975000024 0
vt 0.416000009 0.966000021 0
vt 0.414999992 0.958000004 0
vt 0.736999989 0.949000001 0
vt 0.811999977 0.249000013 0
vt 0.785000026 0.575999975 0
vt 0.289999992 0.809000015 0
vt 0.291999996 0.805000007 0
vt 0.910000026 0.981999993 0
vt 0.503000021 0.98299998 0
vt 0.503000021 0.995999992 0
vt 0.910000026 0.995000005 0
vt 0.754000008 0.971000016 0
vt 0.592000008 0.921000004 0
vt 0.546000004 0.978999972 0
vt 0.119000003 0.986999989 0
vt 0.128999993 0.978999972 0
vt 0.535000026 0.971000016 0
vt 0.832000017 0.112999976 0
vt 0.397000015 0.977999985 0
vt 0.505999982 0.98299998 0
vt 0.904999971 0.981999993 0
vt 0.904999971 0.995000005 0
vt 0.505999982 0.995999992 0
vt 0.574000001 0.94599998 0
vt 0.568000019 0.991999984 0
vt 0.568000019 0.978999972 0
vt 0.579999983 0.938000023 0
vt 0.591000021 0.925999999 0
vt 0.589999974 0.930999994 0
vt 0.398000002 0.97299999 0
vt 0.398000002 0.967000008 0
vt 0.574999988 0.949999988 0
vt 0.579999983 0.940999985 0
vt 0.681999981 0.964999974 0
vt 0.244000003 0.981999993 0
vt 0.254000008 0.989000022 0
vt 0.691999972 0.95599997 0
vt 0.589999974 0.936999977 0
vt 0.589999974 0.943000019 0
vt 0.398000002 0.961000025 0
vt 0.754000008 0.953999996 0
vt 0.584999979 0.98299998 0
vt 0.610000014 0.981000006 0
vt 0.610000014 0.994000018 0
vt 0.584999979 0.995999992 0
vt 0.206 0.986000001 0
vt 0.850000024 0.592999995 0
vt 0.861000001 0.585000038 0
vt 0.194999993 0.978999972 0
vt 0.589999974 0.947000027 0
vt 0.832000017 0.119000018 0
vt 0.808000028 0.703000009 0
vt 0.930000007 0.352999985 0
vt 0.934000015 0.353999972 0
vt 0.93900001 0.353999972 0
vt 0.785000026 0.595999956 0
vt 0.785000026 0.592999995 0
vt 0.786000013 0.588 0
vt 0.786000013 0.583999991 0
vt 0.785000026 0.578999996 0
vt 0.811999977 0.245000005 0
vt 0.811999977 0.24000001 0
vt 0.811999977 0.236000001 0
vt 0.816999972 0.703000009 0
vt 0.813000023 0.703000009 0
vt 0.671000004 0.981999993 0
vt 0.671000004 0.984000027 0
vt 0.437999994 0.989000022 0
vt 0.437999994 0.986999989 0
vt 0.275000006 0.801999986 0
vt 0.275000006 0.805000007 0
vt 0.291999996 0.801999986 0
vt 0.275999993 0.809000015 0
vt 0.289999992 0.799000025 0
vt 0.277999997 0.81099999 0
vt 0.287999988 0.796999991 0
vt 0.282000005 0.812000036 0
vt 0.284999996 0.795000017 0
vt 0.284999996 0.812000036 0
vt 0.282000005 0.795000017 0
vt 0.287999988 0.81099999 0
vt 0.277999997 0.796999991 0
vt 0.275999993 0.799000025 0
vt 0.76700002 0.861000001 0
vt 0.76700002 0.848999977 0
vt 0.762000024 0.860000014 0
vt 0.762000024 0.850000024 0
vt 0.284999996 0.838999987 0
vt 0.284999996 0.851999998 0
vt 0.763000011 0.873000026 0
vt 0.758000016 0.870000005 0
vt 0.289999992 0.863000035 0
vt 0.754000008 0.881999969 0
vt 0.75 0.876999974 0
vt 0.298999995 0.871999979 0
vt 0.741999984 0.887000024 0
vt 0.740999997 0.880999982 0
vt 0.31099999 0.876999974 0
vt 0.728999972 0.887000024 0
vt 0.730000019 0.880999982 0
vt 0.323000014 0.876999974 0
vt 0.717000008 0.881999969 0
vt 0.721000016 0.876999974 0
vt 0.335000008 0.871999979 0
vt 0.708000004 0.873000026 0
vt 0.713 0.870000005 0
vt 0.344000012 0.863000035 0
vt 0.703000009 0.861000001 0
vt 0.708999991 0.860000014 0
vt 0.349000007 0.851999998 0
vt 0.703000009 0.848999977 0
vt 0.708999991 0.850000024 0
vt 0.349000007 0.838999987 0
vt 0.708000004 0.837000012 0
vt 0.713 0.840000033 0
vt 0.344000012 0.827000022 0
vt 0.717000008 0.828000009 0
vt 0.721000016 0.833000004 0
vt 0.335000008 0.818000019 0
vt 0.728999972 0.823000014 0
vt 0.730000019 0.828999996 0
vt 0.323000014 0.812999964 0
vt 0.741999984 0.823000014 0
vt 0.740999997 0.828999996 0
vt 0.31099999 0.812999964 0
vt 0.754000008 0.828000009 0
vt 0.75 0.833000004 0
vt 0.298999995 0.818000019 0
vt 0.763000011 0.837000012 0
vt 0.758000016 0.840000033 0
vt 0.289999992 0.827000022 0
vt 0.0579999983 0.995000005 0
vt 0.064000003 0.995000005 0
vt 0.225999996 0.964999974 0
vt 0.386000007 0.990999997 0
vt 0.166999996 0.964999974 0
vt 0.0790000036 0.981999993 0
vt 0.0729999989 0.981999993 0
vt 0.186000004 0.973999977 0
vt 0.377000004 0.986999989 0
vt 0.206 0.972000003 0
vt 0.850000024 0.578000009 0
vt 0.564999998 0.991999984 0
vt 0.916000009 0.995000005 0
vt 0.91900003 0.995000005 0
vt 0.875999987 0.981999993 0
vt 0.873000026 0.981999993 0
vt 0.582000017 0.98299998 0
vt 0.91900003 0.981999993 0
vt 0.916000009 0.981999993 0
vt 0.0729999989 0.995000005 0
vt 0.0790000036 0.995000005 0
vt 0.064000003 0.981999993 0
vt 0.0579999983 0.981999993 0
vt 0.377000004 0.973999977 0
vt 0.175999999 0.964999974 0
vt 0.377000004 0.986000001 0
vt 0.216000006 0.972000003 0
vt 0.873000026 0.995000005 0
vt 0.875999987 0.995000005 0
vt 0.861000001 0.569999993 0
vt 0.194999993 0.964999974 0
vt 0.158000007 0.973999977 0
vt 0.582000017 0.995999992 0
vt 0.564999998 0.978999972 0
vt 0.981000006 0.856999993 0
vt 0.958000004 0.985000014 0
vt 0.958000004 0.986999989 0
vt 0.958000004 0.989000022 0
vt 0.958000004 0.991999984 0
vt 0.671000004 0.989000022 0
vt 0.671000004 0.986999989 0
vt 0.0329999998 0.986999989 0
vt 0.0340000018 0.985000014 0
vt 0.0340000018 0.981999993 0
vt 0.981000006 0.848999977 0
vt 0.981000006 0.851999998 0
vt 0.981000006 0.853999972 0
vt 0.94599998 0.07099998 0
vt 0.811999977 0.396000028 0
vt 0.811999977 0.393999994 0
vt 0.901000023 0.708999991 0
vt 0.94599998 0.0759999752 0
vt 0.901000023 0.715000033 0
vt 0.94599998 0.074000001 0
vt 0.94599998 0.0720000267 0
vt 0.811999977 0.39200002 0
vt 0.901000023 0.710000038 0
vt 0.901000023 0.712000012 0
vt 0.901000023 0.713999987 0
vt 0.433999985 0.987999976 0
vt 0.433999985 0.989000022 0
vt 0.433999985 0.990999997 0
vt 0.433999985 0.992999971 0
vt 0.809000015 0.396000028 0
vt 0.943000019 0.0690000057 0
vt 0.809000015 0.393999994 0
vt 0.904999971 0.717000008 0
vt 0.941999972 0.0720000267 0
vt 0.904999971 0.715000033 0
vt 0.941999972 0.0749999881 0
vt 0.941999972 0.0770000219 0
vt 0.904999971 0.710000038 0
vt 0.437000006 0.994000018 0
vt 0.904999971 0.707000017 0
vt 0.437999994 0.991999984 0
vt 0.809000015 0.390999973 0
vt 0.330000013 0.595999956 0
vt 0.349000007 0.595000029 0
vt 0.349999994 0.608999968 0
vt 0.331 0.608999968 0
vt 0.247999996 0.898999989 0
vt 0.268000007 0.898999989 0
vt 0.268000007 0.912999988 0
vt 0.118000001 0.868000031 0
vt 0.268999994 0.925999999 0
vt 0.104999997 0.863000035 0
vt 0.93599999 0.180000007 0
vt 0.0939999968 0.851999998 0
vt 0.938000023 0.166999996 0
vt 0.0890000015 0.838999987 0
vt 0.938000023 0.152999997 0
vt 0.0890000015 0.824999988 0
vt 0.938000023 0.138999999 0
vt 0.0939999968 0.81099999 0
vt 0.291000009 0.92900002 0
vt 0.104999997 0.800999999 0
vt 0.291999996 0.915000021 0
vt 0.31099999 0.915000021 0
vt 0.291999996 0.901000023 0
vt 0.31099999 0.901000023 0
vt 0.349999994 0.557000041 0
vt 0.145999998 0.800999999 0
vt 0.349000007 0.567999959 0
vt 0.330000013 0.567999959 0
vt 0.349000007 0.58099997 0
vt 0.328999996 0.582000017 0
vt 0.81400001 0.111999989 0
vt 0.379000008 0.97299999 0
vt 0.395999998 0.967999995 0
vt 0.546000004 0.868000031 0
vt 0.542999983 0.878000021 0
vt 0.541000009 0.876999974 0
vt 0.545000017 0.868000031 0
vt 0.145999998 0.861999989 0
vt 0.268999994 0.88499999 0
vt 0.542999983 0.887000024 0
vt 0.349999994 0.903999984 0
vt 0.541000009 0.887000024 0
vt 0.552999973 0.861000001 0
vt 0.551999986 0.861000001 0
vt 0.573000014 0.908999979 0
vt 0.882000029 0.11500001 0
vt 0.883000016 0.114000022 0
vt 0.57099998 0.907999992 0
vt 0.593999982 0.876999974 0
vt 0.593999982 0.888000011 0
vt 0.592000008 0.887000024 0
vt 0.592000008 0.876999974 0
vt 0.561999977 0.856000006 0
vt 0.612999976 0.557000041 0
vt 0.611999989 0.555999994 0
vt 0.56099999 0.856000006 0
vt 0.563000023 0.85799998 0
vt 0.56099999 0.856999993 0
vt 0.572000027 0.85799998 0
vt 0.57099998 0.856999993 0
vt 0.582000017 0.861000001 0
vt 0.579999983 0.861000001 0
vt 0.93900001 0.332000017 0
vt 0.541000009 0.888000011 0
vt 0.540000021 0.887000024 0
vt 0.939999998 0.332000017 0
vt 0.582000017 0.904999971 0
vt 0.58099997 0.903999984 0
vt 0.611999989 0.577000022 0
vt 0.611999989 0.575999975 0
vt 0.588999987 0.868000031 0
vt 0.587000012 0.868000031 0
vt 0.93900001 0.295000017 0
vt 0.939999998 0.295000017 0
vt 0.94599998 0.31400001 0
vt 0.948000014 0.313000023 0
vt 0.00200000009 0.944000006 0
vt 0.00300000003 0.944000006 0
vt 0.377999991 0.967000008 0
vt 0.349000007 0.912999988 0
vt 0.81400001 0.120000005 0
vt 0.349000007 0.922999978 0
vt 0.437999994 0.985000014 0
vt 0.0160000008 0.976999998 0
vt 0.43900001 0.978999972 0
vt 0.00700000022 0.972000003 0
vt 0.43900001 0.970000029 0
vt 0.00200000009 0.963999987 0
vt 0.43900001 0.962000012 0
vt 0 0.953999996 0
vt 0.351999998 0.97299999 0
vt 0.352999985 0.967000008 0
vt 0.354000002 0.958999991 0
vt 0.354000002 0.949999988 0
vt 0.352999985 0.942000031 0
vt 0.351999998 0.93599999 0
vt 0.377999991 0.949999988 0
vt 0.377000004 0.958999991 0
vt 0.866999984 0.103999972 0
vt 0.834999979 0.703000009 0
vt 0.90200001 0.68900001 0
vt 0.898999989 0.68900001 0
vt 0.335999995 0.963 0
vt 0.335999995 0.957000017 0
vt 0.866999984 0.981999993 0
vt 0.598999977 0.981000006 0
vt 0.610000014 0.97299999 0
vt 0.856999993 0.97299999 0
vt 0.374000013 0.986999989 0
vt 0.335999995 0.942000031 0
vt 0.734000027 0.991999984 0
vt 0.365999997 0.990999997 0
vt 0.421000004 0.980000019 0
vt 0.335999995 0.950999975 0
vt 0.335999995 0.94599998 0
vt 0.995999992 0.847000003 0
vt 0.430999994 0.985000014 0
vt 0.430999994 0.996999979 0
vt 0.556999981 0.978999972 0
vt 0.305000007 0.992999971 0
vt 0.31400001 0.987999976 0
vt 0.564999998 0.98299998 0
vt 0.421999991 0.975000024 0
vt 0.421999991 0.970000029 0
vt 0.335000008 0.940999985 0
vt 0.395000011 0.952000022 0
vt 0.483999997 0.97299999 0
vt 0.620999992 0.97299999 0
vt 0.630999982 0.981000006 0
vt 0.47299999 0.981000006 0
vt 0.27700001 0.93599999 0
vt 0.27700001 0.922999978 0
vt 0.421999991 0.963999987 0
vt 0.335000008 0.967000008 0
vt 0.67900002 0.991999984 0
vt 0.720000029 0.978999972 0
vt 0.712000012 0.973999977 0
vt 0.671000004 0.995999992 0
vt 0.395000011 0.958000004 0
vt 0.395000011 0.963999987 0
vt 0.920000017 0.981999993 0
vt 0.920000017 0.995000005 0
vt 0.866999984 0.120000005 0
vt 0.813000023 0.236000001 0
vt 0.813000023 0.249000013 0
vt 0.860000014 0.249000013 0
vt 0.860000014 0.245000005 0
vt 0.861000001 0.24000001 0
vt 0.860000014 0.236000001 0
vt 0.843999982 0.703000009 0
vt 0.839999974 0.703000009 0
vt 0.866999984 0.106999993 0
vt 0.865999997 0.111000001 0
vt 0.866999984 0.115999997 0
vt 0.201000005 0.99000001 0
vt 0.201000005 0.992999971 0
vt 0.981000006 0.749000013 0
vt 0.981000006 0.746999979 0
vt 0.90200001 0.705000043 0
vt 0.904999971 0.703999996 0
vt 0.896000028 0.690999985 0
vt 0.907000005 0.702000022 0
vt 0.893999994 0.692999959 0
vt 0.907999992 0.699000001 0
vt 0.89200002 0.69599998 0
vt 0.907999992 0.69599998 0
vt 0.89200002 0.699000001 0
vt 0.893999994 0.702000022 0
vt 0.907000005 0.692999959 0
vt 0.896000028 0.703999996 0
vt 0.904999971 0.690999985 0
vt 0.898999989 0.705000043 0
vt 0.143999994 0.858999968 0
vt 0.152999997 0.850000024 0
vt 0.141000003 0.853999972 0
vt 0.148000002 0.847000003 0
vt 0.535000026 0.888999999 0
vt 0.540000021 0.901000023 0
vt 0.131999999 0.863999963 0
vt 0.130999997 0.85799998 0
vt 0.549000025 0.909999967 0
vt 0.930000007 0.338 0
vt 0.119000003 0.863999963 0
vt 0.120999999 0.85799998 0
vt 0.56099999 0.913999975 0
vt 0.108000003 0.858999968 0
vt 0.111000001 0.853999972 0
vt 0.574000001 0.913999975 0
vt 0.0989999995 0.850000024 0
vt 0.104000002 0.847000003 0
vt 0.584999979 0.909999967 0
vt 0.0939999968 0.838 0
vt 0.100000001 0.837000012 0
vt 0.593999982 0.901000023 0
vt 0.589999974 0.897000015 0
vt 0.0939999968 0.825999975 0
vt 0.100000001 0.827000022 0
vt 0.598999977 0.888999999 0
vt 0.0989999995 0.81400001 0
vt 0.104000002 0.817000031 0
vt 0.598999977 0.875999987 0
vt 0.108000003 0.805000007 0
vt 0.111000001 0.810000002 0
vt 0.595000029 0.863999963 0
vt 0.119000003 0.800000012 0
vt 0.120999999 0.805999994 0
vt 0.584999979 0.855000019 0
vt 0.612999976 0.567999959 0
vt 0.131999999 0.800000012 0
vt 0.130999997 0.805999994 0
vt 0.574000001 0.850000024 0
vt 0.143999994 0.805000007 0
vt 0.141000003 0.810000002 0
vt 0.56099999 0.850000024 0
vt 0.152999997 0.81400001 0
vt 0.148000002 0.817000031 0
vt 0.549000025 0.855000019 0
vt 0.158000007 0.824999988 0
vt 0.151999995 0.827000022 0
vt 0.540000021 0.863999963 0
vt 0.944000006 0.302999973 0
vt 0.158000007 0.838 0
vt 0.151999995 0.837000012 0
vt 0.535000026 0.875999987 0
vt 0.700999975 0.978999972 0
vt 0.0250000004 0.994000018 0
vt 0.282999992 0.93599999 0
vt 0.745999992 0.980000019 0
vt 0.720000029 0.991999984 0
vt 0.483999997 0.958999991 0
vt 0.620999992 0.958999991 0
vt 0.374000013 0.973999977 0
vt 0.99000001 0.847000003 0
vt 0.423999995 0.996999979 0
vt 0.426999986 0.996999979 0
vt 0.509000003 0.995999992 0
vt 0.512000024 0.995999992 0
vt 0.0250000004 0.981000006 0
vt 0.938000023 0.968999982 0
vt 0.532000005 0.913999975 0
vt 0.954999983 0.976999998 0
vt 0.512000024 0.98299998 0
vt 0.509000003 0.98299998 0
vt 0.630999982 0.967000008 0
vt 0.47299999 0.967000008 0
vt 0.0170000009 0.99000001 0
vt 0.691999972 0.98299998 0
vt 0.938000023 0.95599997 0
vt 0.0170000009 0.976999998 0
vt 0.365999997 0.977999985 0
vt 0.282999992 0.922999978 0
vt 0.532000005 0.899999976 0
vt 0.99000001 0.860000014 0
vt 0.964999974 0.985000014 0
vt 0.426999986 0.985000014 0
vt 0.423999995 0.985000014 0
vt 0.712000012 0.986999989 0
vt 0.745999992 0.994000018 0
vt 0.981000006 0.115999997 0
vt 0.451000005 0.986999989 0
vt 0.451000005 0.989000022 0
vt 0.451000005 0.990999997 0
vt 0.451000005 0.994000018 0
vt 0.201000005 0.995000005 0
vt 0.201000005 0.987999976 0
vt 0.871999979 0.128000021 0
vt 0.871999979 0.125 0
vt 0.871999979 0.123000026 0
vt 0.981000006 0.106999993 0
vt 0.980000019 0.109000027 0
vt 0.980000019 0.111000001 0
vt 0.980000019 0.114000022 0
vt 0.865999997 0.986000001 0
vt 0.865999997 0.985000014 0
vt 0.451000005 0.992999971 0
vt 0.449999988 0.989000022 0
vt 0.449999988 0.990999997 0
vt 0.449999988 0.987999976 0
vt 0.451000005 0.986000001 0
vt 0.647000015 0.837000012 0
vt 0.647000015 0.841000021 0
vt 0.976999998 0.745000005 0
vt 0.647000015 0.838999987 0
vt 0.976999998 0.746999979 0
vt 0.976999998 0.75 0
vt 0.976999998 0.749000013 0
vt 0.865999997 0.99000001 0
vt 0.865999997 0.987999976 0
vt 0.446999997 0.989000022 0
vt 0.446999997 0.990999997 0
vt 0.981000006 0.743999958 0
vt 0.446999997 0.994000018 0
vt 0.861999989 0.98299998 0
vt 0.651000023 0.842000008 0
vt 0.861999989 0.986000001 0
vt 0.651000023 0.840000033 0
vt 0.861999989 0.987999976 0
vt 0.651000023 0.837000012 0
vt 0.861999989 0.990999997 0
vt 0.446999997 0.985000014 0
vt 0.980000019 0.751999974 0
vt 0.446999997 0.986999989 0
vt 0.349000007 0.911000013 0
vt 0.930999994 0.338 0
vt 0.349000007 0.921000004 0
vt 0.00899999961 0.972000003 0
vt 0.00300000003 0.963999987 0
vt 0.588 0.897000015 0
vt 0.00100000005 0.953999996 0
vt 0.611999989 0.565999985 0
vt 0.94599998 0.302999973 0
vt 0.954999983 0.213999987 0
vt 0.954999983 0.226999998 0
vt 0.936999977 0.226999998 0
vt 0.936999977 0.213999987 0
vt 0.697000027 0.920000017 0
vt 0.697000027 0.932999969 0
vt 0.67900002 0.934000015 0
vt 0.677999973 0.920000017 0
vt 0.697000027 0.94599998 0
vt 0.677999973 0.947000027 0
vt 0.646000028 0.95599997 0
vt 0.665000021 0.95599997 0
vt 0.644999981 0.944000006 0
vt 0.663999975 0.943000019 0
vt 0.644999981 0.930000007 0
vt 0.662999988 0.92900002 0
vt 0.644999981 0.916999996 0
vt 0.663999975 0.916999996 0
vt 0.917999983 0.458000004 0
vt 0.93599999 0.458000004 0
vt 0.916000009 0.448000014 0
vt 0.935000002 0.448000014 0
vt 0.915000021 0.43599999 0
vt 0.934000015 0.43599999 0
vt 0.915000021 0.421999991 0
vt 0.934000015 0.421999991 0
vt 0.953999996 0.190999985 0
vt 0.935000002 0.408999979 0
vt 0.954999983 0.200999975 0
vt 0.93599999 0.200999975 0
vt 0.591000021 0.968999982 0
vt 0.573000014 0.967999995 0
vt 0.573000014 0.962000012 0
vt 0.591000021 0.959999979 0
vt 0.393999994 0.894999981 0
vt 0.393999994 0.896000028 0
vt 0.384000003 0.896000028 0
vt 0.384000003 0.894999981 0
vt 0.694999993 0.907000005 0
vt 0.676999986 0.907999992 0
vt 0.374000013 0.89200002 0
vt 0.375 0.891000032 0
vt 0.402999997 0.891000032 0
vt 0.404000014 0.89200002 0
vt 0.368000001 0.884000003 0
vt 0.367000014 0.88499999 0
vt 0.363000005 0.875 0
vt 0.363999993 0.875 0
vt 0.363000005 0.86500001 0
vt 0.363999993 0.86500001 0
vt 0.367000014 0.855000019 0
vt 0.368000001 0.856000006 0
vt 0.374000013 0.84799999 0
vt 0.375 0.848999977 0
vt 0.384000003 0.843999982 0
vt 0.384000003 0.845000029 0
vt 0.393999994 0.843999982 0
vt 0.393999994 0.845000029 0
vt 0.404000014 0.84799999 0
vt 0.402999997 0.848999977 0
vt 0.411000013 0.855000019 0
vt 0.409999996 0.856000006 0
vt 0.414999992 0.86500001 0
vt 0.414000005 0.86500001 0
vt 0.414999992 0.875 0
vt 0.414000005 0.875 0
vt 0.411000013 0.88499999 0
vt 0.409999996 0.884000003 0
vt 0.591000021 0.976999998 0
vt 0.137999997 0.926999986 0
vt 0.140000001 0.932999969 0
vt 0.141000003 0.940999985 0
vt 0.141000003 0.949999988 0
vt 0.141000003 0.958000004 0
vt 0.141000003 0.963999987 0
vt 0.500999987 0.98299998 0
vt 0.5 0.975000024 0
vt 0.5 0.966000021 0
vt 0.5 0.958000004 0
vt 0.589999974 0.952000022 0
vt 0.801999986 0.592999995 0
vt 0.828000009 0.242999971 0
vt 0.828999996 0.245999992 0
vt 0.787 0.575999975 0
vt 0.122000001 0.934000015 0
vt 0.573000014 0.97299999 0
vt 0.691999972 0.978999972 0
vt 0.703000009 0.971000016 0
vt 0.137999997 0.986999989 0
vt 0.518000007 0.978999972 0
vt 0.865999997 0.112999976 0
vt 0.140000001 0.958999991 0
vt 0.134000003 0.949999988 0
vt 0.0850000009 0.981999993 0
vt 0.0850000009 0.995000005 0
vt 0.123000003 0.943000019 0
vt 0.123000003 0.938000023 0
vt 0.51700002 0.967000008 0
vt 0.518000007 0.97299999 0
vt 0.138999999 0.962000012 0
vt 0.134000003 0.953999996 0
vt 0.671000004 0.95599997 0
vt 0.284999996 0.990999997 0
vt 0.294999987 0.984000027 0
vt 0.123999998 0.954999983 0
vt 0.123999998 0.949000001 0
vt 0.518000007 0.961000025 0
vt 0.5 0.98299998 0
vt 0.5 0.995999992 0
vt 0.467999995 0.994000018 0
vt 0.467999995 0.981000006 0
vt 0.216000006 0.978999972 0
vt 0.0780000016 0.939999998 0
vt 0.0890000015 0.948000014 0
vt 0.865999997 0.119000018 0
vt 0.123000003 0.958999991 0
vt 0.825999975 0.703000009 0
vt 0.981999993 0.643000007 0
vt 0.976999998 0.643000007 0
vt 0.97299999 0.643000007 0
vt 0.787 0.595999956 0
vt 0.786000013 0.592999995 0
vt 0.786000013 0.578999996 0
vt 0.801999986 0.588 0
vt 0.801999986 0.583999991 0
vt 0.801999986 0.578999996 0
vt 0.822000027 0.703000009 0
vt 0.194999993 0.987999976 0
vt 0.442999989 0.986999989 0
vt 0.442999989 0.989000022 0
vt 0.194999993 0.990999997 0
vt 0.845000029 0.242999971 0
vt 0.845000029 0.239000022 0
vt 0.828000009 0.239000022 0
vt 0.843999982 0.245999992 0
vt 0.828999996 0.236000001 0
vt 0.841000021 0.248000026 0
vt 0.832000017 0.234000027 0
vt 0.838 0.249000013 0
vt 0.834999979 0.23299998 0
vt 0.834999979 0.249000013 0
vt 0.838 0.23299998 0
vt 0.832000017 0.248000026 0
vt 0.843999982 0.236000001 0
vt 0.841000021 0.234000027 0
vt 0.652999997 0.84799999 0
vt 0.643999994 0.856999993 0
vt 0.656000018 0.852999985 0
vt 0.648999989 0.860000014 0
vt 0.382999986 0.90200001 0
vt 0.395999998 0.90200001 0
vt 0.638999999 0.869000018 0
vt 0.644999981 0.870000005 0
vt 0.370999992 0.897000015 0
vt 0.638999999 0.880999982 0
vt 0.644999981 0.879999995 0
vt 0.361999989 0.888000011 0
vt 0.643999994 0.893000007 0
vt 0.648999989 0.889999986 0
vt 0.356999993 0.875999987 0
vt 0.652999997 0.90200001 0
vt 0.656000018 0.897000015 0
vt 0.356999993 0.863999963 0
vt 0.665000021 0.907000005 0
vt 0.666000009 0.901000023 0
vt 0.361999989 0.851999998 0
vt 0.677999973 0.907000005 0
vt 0.676999986 0.901000023 0
vt 0.370999992 0.842999995 0
vt 0.68900001 0.90200001 0
vt 0.68599999 0.897000015 0
vt 0.382999986 0.838 0
vt 0.698000014 0.893000007 0
vt 0.693000019 0.889999986 0
vt 0.395999998 0.838 0
vt 0.703000009 0.880999982 0
vt 0.697000027 0.879999995 0
vt 0.407000005 0.842999995 0
vt 0.703000009 0.869000018 0
vt 0.697000027 0.870000005 0
vt 0.416000009 0.851999998 0
vt 0.698000014 0.856999993 0
vt 0.693000019 0.860000014 0
vt 0.421000004 0.863999963 0
vt 0.68900001 0.84799999 0
vt 0.68599999 0.852999985 0
vt 0.421000004 0.875999987 0
vt 0.677999973 0.842999995 0
vt 0.676999986 0.848999977 0
vt 0.416000009 0.888000011 0
vt 0.665000021 0.842999995 0
vt 0.666000009 0.848999977 0
vt 0.407000005 0.897000015 0
vt 0.0680000037 0.995000005 0
vt 0.0839999989 0.981999993 0
vt 0.137999997 0.99000001 0
vt 0.0890000015 0.934000015 0
vt 0.0890000015 0.995000005 0
vt 0.119000003 0.995999992 0
vt 0.115999997 0.995999992 0
vt 0.0670000017 0.981999993 0
vt 0.115999997 0.98299998 0
vt 0.0839999989 0.995000005 0
vt 0.0680000037 0.981999993 0
vt 0.137999997 0.976999998 0
vt 0.393999994 0.986000001 0
vt 0.0670000017 0.995000005 0
vt 0.986999989 0.97299999 0
vt 0.216000006 0.964999974 0
vt 0.0780000016 0.925000012 0
vt 0.175999999 0.973999977 0
vt 0.0890000015 0.981999993 0
vt 0.936999977 0.976999998 0
vt 0.964999974 0.986999989 0
vt 0.964999974 0.989000022 0
vt 0.964999974 0.991999984 0
vt 0.194999993 0.995000005 0
vt 0.194999993 0.994000018 0
vt 0.954999983 0.995000005 0
vt 0.954999983 0.991999984 0
vt 0.954999983 0.99000001 0
vt 0.954999983 0.986999989 0
vt 0.936999977 0.968999982 0
vt 0.936999977 0.972000003 0
vt 0.938000023 0.973999977 0
vt 0.639999986 0.838 0
vt 0.639999986 0.838999987 0
vt 0.976999998 0.851000011 0
vt 0.907999992 0.680999994 0
vt 0.976999998 0.851999998 0
vt 0.976999998 0.853999972 0
vt 0.976999998 0.856000006 0
vt 0.907999992 0.687999964 0
vt 0.44600001 0.989000022 0
vt 0.446999997 0.992999971 0
vt 0.44600001 0.990999997 0
vt 0.44600001 0.987999976 0
vt 0.907999992 0.68599999 0
vt 0.907999992 0.684000015 0
vt 0.907999992 0.682999969 0
vt 0.638999999 0.835999966 0
vt 0.980000019 0.848999977 0
vt 0.643000007 0.840000033 0
vt 0.643000007 0.837000012 0
vt 0.903999984 0.687000036 0
vt 0.903999984 0.685000002 0
vt 0.903999984 0.682000041 0
vt 0.442999989 0.994000018 0
vt 0.903999984 0.680000007 0
vt 0.442999989 0.991999984 0
vt 0.643000007 0.834999979 0
vt 0.930999994 0.875999987 0
vt 0.930000007 0.889999986 0
vt 0.911000013 0.888999999 0
vt 0.912 0.875999987 0
vt 0.0759999976 0.887000024 0
vt 0.809000015 0.575999975 0
vt 0.057 0.90200001 0
vt 0.057 0.887000024 0
vt 0.823000014 0.569999993 0
vt 0.0560000017 0.915000021 0
vt 0.833000004 0.560000002 0
vt 0.757000029 0.938000023 0
vt 0.838 0.546999991 0
vt 0.755999982 0.925000012 0
vt 0.838 0.532000005 0
vt 0.754999995 0.911000013 0
vt 0.833000004 0.518999994 0
vt 0.755999982 0.897000015 0
vt 0.823000014 0.509000003 0
vt 0.930000007 0.827000022 0
vt 0.910000026 0.81400001 0
vt 0.92900002 0.81400001 0
vt 0.910000026 0.800000012 0
vt 0.92900002 0.800000012 0
vt 0.782000005 0.509000003 0
vt 0.911000013 0.838 0
vt 0.930999994 0.84799999 0
vt 0.912 0.84799999 0
vt 0.931999981 0.861999989 0
vt 0.912 0.861000001 0
vt 0.796999991 0.112999976 0
vt 0.703000009 0.968999982 0
vt 0.721000016 0.973999977 0
vt 0.515999973 0.870999992 0
vt 0.51700002 0.870000005 0
vt 0.521000028 0.879000008 0
vt 0.518999994 0.879999995 0
vt 0.782000005 0.569999993 0
vt 0.0560000017 0.874000013 0
vt 0.518999994 0.889999986 0
vt 0.521000028 0.888999999 0
vt 0.157000005 0.898999989 0
vt 0.156000003 0.899999976 0
vt 0.509000003 0.863999963 0
vt 0.50999999 0.863000035 0
vt 0.488999993 0.911000013 0
vt 0.490999997 0.909999967 0
vt 0.614000022 0.557999969 0
vt 0.467999995 0.879000008 0
vt 0.469999999 0.879000008 0
vt 0.469999999 0.889999986 0
vt 0.467999995 0.889999986 0
vt 0.5 0.85799998 0
vt 0.500999987 0.85799998 0
vt 0.157000005 0.878000021 0
vt 0.156000003 0.879000008 0
vt 0.5 0.860000014 0
vt 0.500999987 0.858999968 0
vt 0.49000001 0.860000014 0
vt 0.490999997 0.858999968 0
vt 0.479999989 0.863999963 0
vt 0.481999993 0.863000035 0
vt 0.405999988 0.94599998 0
vt 0.405000001 0.94599998 0
vt 0.522000015 0.889999986 0
vt 0.521000028 0.889999986 0
vt 0.479999989 0.907000005 0
vt 0.481000006 0.906000018 0
vt 0.158000007 0.898000002 0
vt 0.474000007 0.870999992 0
vt 0.474999994 0.870000005 0
vt 0.405999988 0.907999992 0
vt 0.405000001 0.907999992 0
vt 0.397000015 0.926999986 0
vt 0.398999989 0.926999986 0
vt 0.0320000015 0.944000006 0
vt 0.0309999995 0.944000006 0
vt 0.722000003 0.967999995 0
vt 0.157000005 0.908999979 0
vt 0.157000005 0.91900003 0
vt 0.0179999992 0.976999998 0
vt 0.439999998 0.985000014 0
vt 0.0260000005 0.972000003 0
vt 0.439999998 0.978999972 0
vt 0.0320000015 0.963999987 0
vt 0.0340000018 0.953999996 0
vt 0.439999998 0.962000012 0
vt 0.317999989 0.97299999 0
vt 0.316000015 0.967000008 0
vt 0.316000015 0.958999991 0
vt 0.316000015 0.949999988 0
vt 0.316000015 0.942000031 0
vt 0.317999989 0.93599999 0
vt 0.722000003 0.950999975 0
vt 0.722000003 0.959999979 0
vt 0.890999973 0.23299998 0
vt 0.901000023 0.23299998 0
vt 0.898000002 0.23299998 0
vt 0.852999985 0.703000009 0
vt 0.333000004 0.957000017 0
vt 0.333999991 0.963 0
vt 0.878000021 0.97299999 0
vt 0.620999992 0.981000006 0
vt 0.703000009 0.986999989 0
vt 0.712000012 0.991999984 0
vt 0.229000002 0.980000019 0
vt 0.333000004 0.942000031 0
vt 0.458000004 0.980000019 0
vt 0.796999991 0.119000018 0
vt 0.333999991 0.94599998 0
vt 0.333000004 0.950999975 0
vt 0.109999999 0.98299998 0
vt 0.109999999 0.995999992 0
vt 0.442999989 0.996999979 0
vt 0.442999989 0.985000014 0
vt 0.54400003 0.978999972 0
vt 0.535000026 0.98299998 0
vt 0.754000008 0.987999976 0
vt 0.763000011 0.991999984 0
vt 0.456999987 0.970000029 0
vt 0.456999987 0.975000024 0
vt 0.703999996 0.953000009 0
vt 0.493999988 0.981000006 0
vt 0.463 0.981000006 0
vt 0.47299999 0.97299999 0
vt 0.992999971 0.624000013 0
vt 0.992999971 0.611000001 0
vt 0.797999978 0.925999999 0
vt 0.797999978 0.93900001 0
vt 0.456999987 0.963999987 0
vt 0.688000023 0.995999992 0
vt 0.365999997 0.973999977 0
vt 0.356999993 0.977999985 0
vt 0.703999996 0.964999974 0
vt 0.703999996 0.958999991 0
vt 0.402999997 0.995999992 0
vt 0.402999997 0.98299998 0
vt 0.890999973 0.249000013 0
vt 0.833000004 0.578999996 0
vt 0.833999991 0.583999991 0
vt 0.833999991 0.588 0
vt 0.833000004 0.592999995 0
vt 0.861000001 0.249000013 0
vt 0.861000001 0.245000005 0
vt 0.861000001 0.236000001 0
vt 0.84799999 0.703000009 0
vt 0.89200002 0.236000001 0
vt 0.89200002 0.24000001 0
vt 0.89200002 0.245000005 0
vt 0.206 0.99000001 0
vt 0.976000011 0.111000001 0
vt 0.976000011 0.114000022 0
vt 0.206 0.992999971 0
vt 0.894999981 0.246999979 0
vt 0.898000002 0.249000013 0
vt 0.903999984 0.234000027 0
vt 0.893000007 0.245000005 0
vt 0.907000005 0.236000001 0
vt 0.89200002 0.241999984 0
vt 0.907999992 0.239000022 0
vt 0.89200002 0.239000022 0
vt 0.907000005 0.245000005 0
vt 0.907999992 0.241999984 0
vt 0.893000007 0.236000001 0
vt 0.903999984 0.246999979 0
vt 0.894999981 0.234000027 0
vt 0.901000023 0.249000013 0
vt 0.774999976 0.557999969 0
vt 0.783999979 0.567000031 0
vt 0.778999984 0.555000007 0
vt 0.787 0.562000036 0
vt 0.522000015 0.902999997 0
vt 0.52700001 0.891000032 0
vt 0.795000017 0.572000027 0
vt 0.796000004 0.565999985 0
vt 0.513000011 0.912 0
vt 0.414999992 0.950999975 0
vt 0.808000028 0.572000027 0
vt 0.805999994 0.565999985 0
vt 0.500999987 0.916999996 0
vt 0.819999993 0.567000031 0
vt 0.815999985 0.562000036 0
vt 0.488000005 0.916999996 0
vt 0.828999996 0.557999969 0
vt 0.823000014 0.555000007 0
vt 0.476999998 0.912 0
vt 0.833000004 0.546000004 0
vt 0.827000022 0.544999957 0
vt 0.467999995 0.902999997 0
vt 0.472000003 0.898999989 0
vt 0.833000004 0.532999992 0
vt 0.827000022 0.534999967 0
vt 0.463 0.891000032 0
vt 0.828999996 0.522000015 0
vt 0.823000014 0.524999976 0
vt 0.463 0.878000021 0
vt 0.819999993 0.513000011 0
vt 0.815999985 0.518000007 0
vt 0.467999995 0.865999997 0
vt 0.808000028 0.508000016 0
vt 0.805999994 0.513999999 0
vt 0.476999998 0.856999993 0
vt 0.156000003 0.888999999 0
vt 0.795000017 0.508000016 0
vt 0.796000004 0.513999999 0
vt 0.488000005 0.852999985 0
vt 0.783999979 0.513000011 0
vt 0.787 0.518000007 0
vt 0.500999987 0.852999985 0
vt 0.774999976 0.522000015 0
vt 0.778999984 0.524999976 0
vt 0.513000011 0.856999993 0
vt 0.769999981 0.532999992 0
vt 0.774999976 0.534999967 0
vt 0.522000015 0.865999997 0
vt 0.400999993 0.916999996 0
vt 0.769999981 0.546000004 0
vt 0.774999976 0.544999957 0
vt 0.52700001 0.878000021 0
vt 0.93599999 0.995999992 0
vt 0.987999976 0.624000013 0
vt 0.749000013 0.980000019 0
vt 0.356999993 0.990999997 0
vt 0.47299999 0.958999991 0
vt 0.703000009 0.973999977 0
vt 0.518000007 0.995999992 0
vt 0.514999986 0.995999992 0
vt 0.93599999 0.98299998 0
vt 0.800999999 0.93900001 0
vt 0.818000019 0.977999985 0
vt 0.518000007 0.98299998 0
vt 0.514999986 0.98299998 0
vt 0.463 0.967000008 0
vt 0.493999988 0.967000008 0
vt 0.944000006 0.991999984 0
vt 0.944000006 0.978999972 0
vt 0.137999997 0.963999987 0
vt 0.55400002 0.98299998 0
vt 0.712000012 0.978999972 0
vt 0.987999976 0.611000001 0
vt 0.800999999 0.925999999 0
vt 0.806999981 0.986000001 0
vt 0.365999997 0.986999989 0
vt 0.749000013 0.994000018 0
vt 0.98299998 0.751999974 0
vt 0.456999987 0.986999989 0
vt 0.458000004 0.989000022 0
vt 0.458000004 0.990999997 0
vt 0.456999987 0.994000018 0
vt 0.206 0.995000005 0
vt 0.206 0.987999976 0
vt 0.866999984 0.128000021 0
vt 0.865999997 0.125 0
vt 0.865999997 0.123000026 0
vt 0.98299998 0.743000031 0
vt 0.984000027 0.743999958 0
vt 0.984000027 0.746999979 0
vt 0.984000027 0.749000013 0
vt 0.953000009 0.0749999881 0
vt 0.916999996 0.389999986 0
vt 0.916999996 0.39200002 0
vt 0.953000009 0.0720000267 0
vt 0.916999996 0.393000007 0
vt 0.916999996 0.394999981 0
vt 0.980000019 0.11500001 0
vt 0.980000019 0.110000014 0
vt 0.980000019 0.112999976 0
vt 0.953000009 0.0690000057 0
vt 0.953000009 0.0699999928 0
vt 0.953000009 0.074000001 0
vt 0.957000017 0.074000001 0
vt 0.957000017 0.0720000267 0
vt 0.976000011 0.109000027 0
vt 0.921000004 0.388999999 0
vt 0.957000017 0.0770000219 0
vt 0.643000007 0.842000008 0
vt 0.921000004 0.390999973 0
vt 0.921000004 0.393999994 0
vt 0.921000004 0.396000028 0
vt 0.957000017 0.0669999719 0
vt 0.976000011 0.115999997 0
vt 0.957000017 0.0690000057 0
vt 0.414000005 0.950999975 0
vt 0.157000005 0.907999992 0
vt 0.157000005 0.917999983 0
vt 0.0250000004 0.972000003 0
vt 0.474000007 0.898999989 0
vt 0.0309999995 0.963999987 0
vt 0.0320000015 0.953999996 0
vt 0.157000005 0.888000011 0
vt 0.398999989 0.916999996 0

# 2395 vertex normals
vn -36.7000008 36.7000008 85.4759979
vn -30.4729996 49.0740013 81.6279984
vn 30.4729996 49.0740013 81.6279984
vn 36.7000008 36.7000008 85.4759979
vn -22.5179996 94.9400024 21.8929996
vn -29.6580009 90.987999 29.0090008
vn 29.6580009 90.987999 29.0090008
vn 22.5179996 94.9400024 21.8929996
vn -22.5179996 94.9400024 -21.8929996
vn -29.6580009 90.987999 -29.0090008
vn 85.4759979 36.7000008 36.7000008
vn 82.2519989 48.0760002 30.3859997
vn 82.2519989 48.0760002 -30.3859997
vn 85.4759979 36.7000008 -36.7000008
vn 36.7000008 36.7000008 -85.4759979
vn 30.4729996 49.0740013 -81.6279984
vn -30.4729996 49.0740013 -81.6279984
vn -36.7000008 36.7000008 -85.4759979
vn -36.7000008 85.4759979 36.7000008
vn 36.7000008 85.4759979 36.7000008
vn 36.7000008 85.4759979 -36.7000008
vn -36.7000008 85.4759979 -36.7000008
vn -36.7000008 -85.4759979 36.7000008
vn -36.7000008 -85.4759979 -36.7000008
vn 36.7000008 -85.4759979 -36.7000008
vn 36.7000008 -85.4759979 36.7000008
vn 29.6580009 90.987999 -29.0090008
vn 22.5179996 94.9400024 -21.8929996
vn -85.7360001 36.151001 -36.6389999
vn -85.4759979 -36.7000008 -36.7000008
vn -85.4759979 -36.7000008 36.7000008
vn -85.7360001 36.151001 36.6389999
vn 36.7849998 37.1100006 -85.2630005
vn 36.7000008 -36.7000008 -85.4759979
vn -36.7000008 -36.7000008 -85.4759979
vn -36.7849998 37.1100006 -85.2630005
vn -36.7849998 37.1100006 85.2630005
vn -36.7000008 -36.7000008 85.4759979
vn 36.7000008 -36.7000008 85.4759979
vn 36.7849998 37.1100006 85.2630005
vn 85.7360001 36.151001 36.6389999
vn 85.4759979 -36.7000008 36.7000008
vn 85.4759979 -36.7000008 -36.7000008
vn 85.7360001 36.151001 -36.6389999
vn -85.4759979 36.7000008 36.7000008
vn -85.4759979 36.7000008 -36.7000008
vn -82.2519989 48.0760002 -30.3859997
vn -82.2519989 48.0760002 30.3859997
vn -42.1640015 -80.8529968 41.0480003
vn -34.5660019 -88.8180008 -30.2759991
vn 34.5670013 -88.8170013 -30.2759991
vn 42.1650009 -80.8529968 41.0489998
vn -82.6269989 46.1339989 32.3190002
vn -90.0569992 24.941 -35.6049995
vn -82.6259995 -46.1339989 -32.3190002
vn -90.0569992 -24.9419994 35.6040001
vn 34.5610008 88.8150024 30.2889996
vn 42.1629982 80.8610001 -41.0349998
vn -42.1640015 80.8600006 -41.0349998
vn -34.5620003 88.8150024 30.2889996
vn -42.1640015 -10.9700003 90.0100021
vn 42.1640015 -10.9700003 90.0100021
vn 34.5629997 58.7869987 73.1399994
vn -34.5629997 58.7869987 73.1399994
vn -34.5629997 -58.7869987 -73.1399994
vn -42.1640015 10.9700003 -90.0100021
vn 42.1640015 10.9700003 -90.0100021
vn 34.5629997 -58.7869987 -73.1399994
vn 90.0569992 -24.9400005 35.605999
vn 82.6269989 -46.1329994 -32.3180008
vn 90.0599976 24.9459991 -35.5929985
vn 82.6210022 46.1349983 32.3320007
vn -42.1640015 -80.8539963 41.0470009
vn -34.5660019 -88.8170013 -30.2779999
vn 34.5660019 -88.8170013 -30.2779999
vn 42.1640015 -80.8529968 41.0470009
vn -77.2480011 63.4990005 0.785000026
vn -60.4669991 24.4190006 -75.8119965
vn -38.0890007 -38.1110001 -84.2419968
vn -82.5859985 -44.2900009 -34.9000015
vn 34.5660019 88.8170013 30.2779999
vn 42.1640015 80.8529968 -41.0470009
vn -42.1640015 80.8539963 -41.0470009
vn -34.5660019 88.8170013 30.2770004
vn -34.5629997 58.7859993 73.1399994
vn -34.5629997 -58.7859993 -73.1409988
vn 34.5629997 -58.7859993 -73.1409988
vn 90.0569992 -24.941 35.6040001
vn 82.6269989 -46.1329994 -32.3190002
vn 90.0569992 24.941 -35.6040001
vn 82.6269989 46.1329994 32.3190002
vn -30.1229992 -93.6780014 17.8040009
vn -17.8040009 -78.4309998 -59.4269981
vn -82.6269989 46.1339989 32.3180008
vn -90.0559998 24.941 -35.605999
vn -82.6269989 -46.1339989 -32.3180008
vn -90.0559998 -24.941 35.605999
vn -32.2190018 83.2070007 -45.1500015
vn -30.7479992 92.1050034 23.8990002
vn -41.8520012 -8.63300037 90.4100037
vn 34.5629997 58.7859993 73.1409988
vn -34.4770012 65.5130005 67.2269974
vn -36.4469986 -52.3089981 -77.0419998
vn -34.4529991 16.0240002 -92.5
vn 34.5629997 -58.7859993 -73.1399994
vn 90.0569992 -24.941 35.6049995
vn 82.6269989 46.1329994 32.3199997
vn -82.6259995 46.1339989 32.3190002
vn -90.0569992 24.9419994 -35.6040001
vn -82.6210022 -46.1339989 -32.3330002
vn -90.060997 -24.9459991 35.5919991
vn 34.5670013 88.8170013 30.2759991
vn 42.1650009 80.8529968 -41.0489998
vn -42.1640015 80.8529968 -41.0480003
vn -34.5660019 88.8180008 30.2759991
vn 90.0569992 -24.9400005 35.6049995
vn 90.0569992 24.9400005 -35.605999
vn 82.6279984 46.1329994 32.3180008
vn -42.1629982 -80.8610001 41.0340004
vn -34.5610008 -88.814003 -30.2900009
vn 34.5610008 -88.8150024 -30.2900009
vn 42.1629982 -80.8610001 41.0340004
vn -34.5660019 88.8170013 30.2779999
vn 42.1640015 -10.9700003 90.0110016
vn -34.5629997 58.7859993 73.1409988
vn -34.5629997 -58.7859993 -73.1399994
vn 90.0599976 -24.9459991 35.5919991
vn 82.6210022 -46.1349983 -32.3330002
vn -90.0569992 -24.941 35.605999
vn -82.6210022 46.1339989 32.3320007
vn -90.0599976 24.9449997 -35.5929985
vn -82.6159973 -54.1010017 -15.7349997
vn -70.8809967 13.7609997 -69.1839981
vn -31.7450008 3.11199999 -94.776001
vn -44.894001 -17.4330006 -87.6389999
vn -44.894001 34.1949997 -82.5540009
vn -70.8809967 39.1899986 -58.6520004
vn -86.9020004 -47.526001 13.757
vn -55.6349983 83.0500031 2.727
vn -70.8809967 69.1839981 -13.7620001
vn -44.894001 82.5540009 -34.1949997
vn -70.8809967 58.6520004 -39.1899986
vn -44.894001 63.1839981 -63.1839981
vn -70.8809967 26.9950008 65.1699982
vn -44.894001 49.644001 74.2969971
vn -70.8809967 49.8790016 49.8790016
vn -44.894001 74.2969971 49.644001
vn -70.8809967 65.1699982 26.9939995
vn -44.894001 87.6389999 17.4330006
vn -44.894001 -17.4319992 87.6389999
vn -55.6349983 2.72600007 83.0500031
vn -44.894001 17.4330006 87.6389999
vn -82.5820007 -54.1669998 -15.691
vn -44.894001 -17.434 -87.6389999
vn -86.9229965 -47.4729996 13.8070002
vn -70.8809967 70.5400009 0
vn 48.2879982 27.5170002 -83.1330032
vn 58.1110001 12.5319996 -80.4120026
vn 38.5880013 -70.362999 -59.6660004
vn 41.3889999 4.8039999 -90.9059982
vn 70.8809967 39.1899986 -58.6520004
vn 86.4729996 30.0480003 -40.243
vn 93.2850037 6.79799986 -35.3790016
vn 70.8809967 49.8790016 -49.8790016
vn 70.8809967 26.9939995 -65.1699982
vn 70.8809967 13.7609997 -69.1839981
vn 26.7840004 38.2010002 -88.4499969
vn 70.8809967 69.1839981 -13.7620001
vn 96.1490021 20.2849998 -18.5419998
vn 70.8809967 70.5400009 0
vn 70.8809967 65.1699982 -26.9950008
vn 70.8809967 58.6520004 -39.1899986
vn 88.6210022 46.3279991 0
vn 70.8809967 26.9950008 65.1699982
vn 70.8809967 39.1899986 58.6520004
vn 70.8809967 49.8790016 49.8790016
vn 70.8809967 58.6520004 39.1899986
vn 70.8809967 65.1699982 26.9939995
vn 70.8809967 69.1839981 13.7620001
vn 26.7840004 38.2010002 88.4499969
vn 70.8809967 13.7620001 69.1839981
vn 81.5800018 57.8339996 0
vn 98.4489975 17.5009995 1.19799995
vn 99.7639999 6.87199974 -0.0399999991
vn 83.3280029 10.7849998 -54.2220001
vn 26.7840004 38.2000008 -88.4499969
vn 95.9189987 20.3939991 19.5879993
vn 70.7109985 70.3700027 6.93099976
vn 54.855999 56.4690018 -61.6609993
vn -15.1359997 38.868 -90.8850021
vn -18.9260006 2.99000001 -98.1470032
vn -53.6660004 -54.8919983 64.0839996
vn 61.0130005 -44.4169998 65.6090012
vn 57.7350006 -39.257 71.5930023
vn -51.230999 -49.8460007 69.9339981
vn 63.125 76.4639969 12.9849997
vn 0 98.5550003 16.9400005
vn 0 57.9150009 81.5220032
vn 53.5089989 57.3709984 62.0099983
vn 99.177002 12.8000002 0.0939999968
vn 89.0139999 41.1829987 19.5039997
vn 76.9329987 63.8860016 0.0820000023
vn 45.0400009 72.3420029 -52.3269997
vn 0 61.5559998 78.8089981
vn -63.4360008 42.4469986 64.6080017
vn 83.3010025 9.46899986 54.5099983
vn 0 -89.9980011 43.5929985
vn 0 43.5929985 89.9980011
vn 57.7350006 35.5929985 73.4830017
vn 57.7350006 -73.4830017 35.5929985
vn 63.6150017 75.822998 -14.2810001
vn 0 98.2450027 -18.6529999
vn 0 99.9810028 -1.926
vn 80.8310013 58.8730011 0.458999991
vn -19.3540001 41.2789993 89.0029984
vn 19.8759995 45.9550018 86.5630035
vn 67.2340012 74.0250015 0
vn 52.5369987 -68.3430023 -50.6860008
vn 69.9410019 -62.7700005 -34.1790009
vn 70.8809967 -13.7630005 -69.1839981
vn 66.4929962 40.9910011 -62.4379997
vn 67.7870026 21.0249996 -70.447998
vn 0 -9.80099964 -99.5189972
vn 0 -28.2919998 -95.9140015
vn 4.16300011 37.1450005 -92.7519989
vn 2.08699989 38.5489998 -92.2480011
vn -18.948 2.65100002 98.1529999
vn -65.7009964 63.737999 40.2599983
vn -61.3759995 62.6030006 48.1030006
vn -61.0130005 -44.4169998 65.6090012
vn -57.7350006 -39.257 71.5930023
vn -57.7350006 71.5930023 39.257
vn -61.0130005 72.7259979 31.4370003
vn 61.0130005 72.7259979 31.4370003
vn 57.7350006 71.5930023 39.257
vn 98.6729965 -16.1009998 2.11299992
vn 97.9779968 -0.83099997 19.9890003
vn 8.49100018 99.6389999 -0.0199999996
vn 39.9059982 64.3679962 65.302002
vn 49.625 64.2409973 58.3979988
vn 48.3160019 87.4889984 -3.35500002
vn 77.6279984 63.0379982 -0.064000003
vn 89.2740021 41.1570015 -18.3360004
vn 85.0630035 46.0530014 -25.3659992
vn -53.5519981 -54.7550011 -64.2969971
vn -65.7419968 63.7779999 -40.1300011
vn -61.401001 62.6759987 -47.9749985
vn -51.1269989 -49.6860008 -70.1240005
vn 61.0130005 -44.1450005 -65.7919998
vn 57.7350006 -38.9599991 -71.7549973
vn -96.1500015 20.2849998 -18.5410004
vn 15.1359997 38.868 -90.8850021
vn -45.0400009 72.3420029 -52.3269997
vn -19.8759995 46.3129997 -86.3720016
vn 0 52.6329994 -85.0279999
vn 61.0130005 72.8560028 -31.1350002
vn 57.7350006 71.7549973 -38.9599991
vn 98.6380005 -16.3379993 -1.89400005
vn 96.6569977 0.84799999 25.625
vn 10.6719999 99.4290009 0.023
vn 25.5620003 71.3280029 65.2610016
vn 39.5960007 69.6819992 59.8050003
vn 49.6220016 86.776001 2.75600004
vn 61.7939987 -49.9140015 60.7459984
vn 72.6869965 -42.3849983 54.0379982
vn 68.3779984 -47.6090012 55.2980003
vn 87.586998 -47.7210007 7.15299988
vn 86.8479996 -49.1389999 -6.54400015
vn 0 58.243 -81.288002
vn 19.8759995 8.19900036 -97.6610031
vn 19.8759995 46.3129997 -86.3720016
vn 61.1570015 -53.3030014 58.4690018
vn 84.8389969 45.4490013 27.1420002
vn 19.8759995 7.79400015 97.6940002
vn 41.2029991 63.6889992 -65.1620026
vn 50.3289986 62.8250008 -59.3300018
vn 97.0839996 3.27399993 -23.75
vn 98.2440033 1.53299999 -18.5960007
vn -41.3769989 84.7669983 -33.2050018
vn -38.4910011 78.8529968 47.9650002
vn -30.0330009 92.2890015 -24.1009998
vn 38.4910011 78.8529968 -47.9650002
vn 41.3769989 84.7669983 33.2050018
vn 0 58.4029999 -81.1729965
vn 0 70.7109985 -70.7109985
vn 0 70.7109985 70.7109985
vn -40.8250008 -64.6579971 -64.4420013
vn -40.8250008 12.7589998 -90.3909988
vn -57.7350006 36.3930016 -73.0910034
vn -57.7350006 -73.0910034 -36.3930016
vn 41.3899994 4.8039999 -90.9059982
vn 60.868 26.8500004 -74.6600037
vn 52.8699989 -79.2210007 -30.4780006
vn 40.8069992 12.8549995 -90.3860016
vn 40.8429985 -64.5839996 -64.5039978
vn 57.7849998 -73.0110016 -36.4729996
vn 57.6839981 36.5050011 -73.0749969
vn 0 13.9770002 -99.0179977
vn 1.36199999 92.7490005 -37.3610001
vn 0 -70.8290024 -70.5920029
vn -41.3899994 -58.6189995 -69.6470032
vn -38.5880013 20.191 -90.0179977
vn -60.868 -66.4209976 -43.3959999
vn -52.8699989 44.848999 -72.0650024
vn 81.6500015 40.8250008 -40.8250008
vn 81.6500015 40.8250008 40.8250008
vn 28.6119995 82.1500015 -49.3230019
vn 62.394001 64.0899963 44.7159996
vn 57.7350006 57.7350006 -57.7350006
vn -0.949999988 70.7109985 70.7040024
vn 57.7350006 57.7350006 57.7350006
vn 43.0009995 40.3919983 -80.7429962
vn 42.2820015 29.7509995 85.598999
vn -48.1080017 31.6459999 81.7559967
vn 68.4869995 58.6889992 43.1870003
vn 46.6199989 44.5530014 -76.4300003
vn -73.3560028 60.8149986 30.3379993
vn -40 42.4389992 -81.2340012
vn -38.1660004 -40.8250008 -82.9260025
vn -38.1660004 40.8250008 -82.9260025
vn -55.8400002 57.7350006 -59.5699997
vn -55.8400002 -57.7350006 -59.5699997
vn 43.4410019 40.8250008 -80.2890015
vn 43.4410019 -40.8250008 -80.2890015
vn 59.5699997 57.7350006 -55.8400002
vn 59.5699997 -57.7350006 -55.8400002
vn -40.8250008 -65.3560028 63.7330017
vn -40.8250008 11.7720003 90.5250015
vn 79.0449982 36.3650017 49.2900009
vn -67.4550018 45.112999 58.4350014
vn -57.7350006 35.5929985 73.4830017
vn -57.7350006 -73.4830017 35.5929985
vn 9.61800003 99.5360031 -0.0460000001
vn 10.6499996 99.4309998 0
vn 10.7010002 99.4260025 0.148000002
vn 70.4229965 -70.9970016 0
vn 97.9509964 20.1389999 0
vn 98.5479965 16.9799995 -0.057
vn 55.0009995 -83.5159988 0
vn 10.9759998 89.2310028 43.7879982
vn 6.40500021 99.6480026 5.41400003
vn 5.21999979 99.7480011 -4.8039999
vn -1.49900007 99.7389984 -7.06799984
vn 8.94999981 89.5510025 -43.5950012
vn 56.875 67.7450027 -46.6450005
vn 7.36899996 89.7480011 -43.4850006
vn 68.25 29.25 66.9810028
vn 66.9810028 -66.2860031 33.4609985
vn 70.8809967 -13.7609997 69.1849976
vn 44.894001 0 89.3560028
vn 52.5379982 -68.3410034 50.6870003
vn 93.4219971 35.6689987 0.238000005
vn 0.616999984 82.1360016 -57.0369987
vn -0.405999988 -99.9990005 -0.225999996
vn -0.81099999 -99.9970016 -0
vn 0 -69.8499985 71.560997
vn -0.405999988 -99.9990005 0.188999996
vn 83.0670013 -55.6769981 0
vn 52.5379982 -68.3420029 -50.6870003
vn 43.6220016 54.8470001 71.3359985
vn 9.20800018 89.4380035 43.7729988
vn 91.9329987 39.3400002 0.847000003
vn 97.9570007 20.1089993 0.216000006
vn 54.3100014 69.8420029 -46.6110001
vn 67.2519989 22.3630009 -70.5479965
vn -86.4729996 30.0480003 -40.243
vn -5.46399975 99.7269974 -4.97100019
vn -9.36400032 89.5179977 -43.5760002
vn -26.7840004 38.2000008 -88.4499969
vn 45.7159996 53.25 71.2350006
vn 70.8809967 -13.7620001 -69.1839981
vn 0 24.1709995 97.0350037
vn 0.00100000005 99.4309998 10.6540003
vn 44.894001 17.4319992 -87.6389999
vn 80.8199997 -57.4780006 -12.8210001
vn 55.6349983 2.727 -83.0500031
vn 44.894001 49.6430016 -74.2969971
vn 44.894001 74.2969971 -49.6430016
vn 44.894001 87.6389999 -17.4330006
vn 55.6349983 83.0500031 2.727
vn 82.5830002 -54.1669998 15.6800003
vn 44.894001 82.5540009 34.1949997
vn 44.894001 63.1839981 63.1839981
vn 44.894001 34.1949997 82.5540009
vn 31.7450008 3.11100006 94.776001
vn 44.894001 -17.4319992 87.6389999
vn 44.894001 -17.4330006 -87.6389999
vn 82.5820007 -54.1669998 -15.691
vn 44.894001 34.1949997 -82.5540009
vn 31.7450008 3.11199999 -94.776001
vn 44.894001 -17.434 -87.6389999
vn 44.894001 63.1839981 -63.1839981
vn 44.894001 82.5540009 -34.1949997
vn 86.9229965 -47.4729996 13.8070002
vn 44.894001 87.6389999 17.4330006
vn 44.894001 74.2969971 49.644001
vn 44.894001 49.644001 74.2969971
vn 44.894001 17.4330006 87.6389999
vn 55.6349983 2.72600007 83.0500031
vn -48.2879982 27.5170002 -83.1330032
vn -41.3889999 4.8039999 -90.9059982
vn -38.5880013 -70.362999 -59.6660004
vn -58.1110001 12.5319996 -80.4120026
vn -70.8809967 26.9939995 -65.1699982
vn -93.2850037 6.79799986 -35.3790016
vn -70.8809967 49.8790016 -49.8790016
vn -70.8809967 65.1699982 -26.9950008
vn -70.8809967 69.1839981 13.7620001
vn -70.8809967 58.6520004 39.1899986
vn -70.8809967 39.1899986 58.6520004
vn -88.6210022 46.3279991 0
vn -70.8809967 13.7620001 69.1839981
vn -26.7840004 38.2010002 88.4499969
vn -81.5800018 57.8339996 0
vn -83.3280029 10.7849998 -54.2220001
vn -99.7639999 6.87300014 -0.0419999994
vn -98.447998 17.5060005 1.204
vn -95.9179993 20.3950005 19.5879993
vn -70.7109985 70.3700027 6.93099976
vn -61.0130005 72.8560028 -31.1350002
vn -57.7350006 71.7549973 -38.9599991
vn -57.7350006 -38.9599991 -71.7549973
vn -61.0130005 -44.1450005 -65.7919998
vn 53.6660004 -54.8919983 64.0839996
vn 51.230999 -49.8460007 69.9339981
vn -63.1170006 76.4710007 12.9779997
vn -53.507 57.3849983 62.0009995
vn -89.0080032 41.1689987 19.5639992
vn -97.9810028 -0.834999979 19.9759998
vn -54.8600006 56.4749985 -61.6520004
vn -83.3010025 9.46899986 54.5099983
vn 63.4360008 42.4469986 64.6080017
vn -63.6139984 75.8249969 -14.2740002
vn -80.8270035 58.8790016 0.465999991
vn 19.3540001 41.2789993 89.0029984
vn 18.948 2.65100002 98.1529999
vn -67.2340012 74.0250015 0
vn -99.1780014 12.7969999 0.0979999974
vn -66.6709976 40.4529991 -62.598999
vn -69.9410019 -62.7700005 -34.1790009
vn -70.8809967 -13.7630005 -69.1839981
vn -31.7450008 3.11100006 -94.776001
vn -52.5369987 -68.3430023 -50.6860008
vn -92.0979996 38.9620018 -0.0520000011
vn -0.00499999989 99.5049973 -9.94099998
vn -19.875 7.79400015 97.6940002
vn -19.8759995 45.9550018 86.5630035
vn 65.7009964 63.737999 40.2599983
vn 61.3759995 62.6030006 48.1030006
vn -98.6669998 -16.1270008 2.16499996
vn -76.9169998 63.9039993 0.202999994
vn -89.2850037 41.1139984 -18.3789997
vn -77.6589966 63 -0.177000001
vn -39.894001 64.3249969 65.3509979
vn -49.625 64.2409973 58.3989983
vn -68.3779984 -47.6090012 55.2980003
vn -61.1660004 -53.3149986 58.4480019
vn 53.5519981 -54.7550011 -64.2969971
vn 51.1269989 -49.6860008 -70.1240005
vn 61.401001 62.6759987 -47.9749985
vn 65.7419968 63.7779999 -40.1300011
vn -96.6849976 0.815999985 25.5230007
vn -98.6350021 -16.3519993 -1.94099998
vn -84.8850021 45.4129982 27.059
vn -41.2480011 63.6189995 -65.2009964
vn -50.3289986 62.8250008 -59.3300018
vn -49.6220016 86.776001 2.75600004
vn -10.7220001 99.4240036 -0.0850000009
vn -48.3160019 87.4889984 -3.35500002
vn -87.586998 -47.7210007 7.15299988
vn -86.8479996 -49.1389999 -6.54400015
vn -72.6869965 -42.3849983 54.0379982
vn -39.5960007 69.6819992 59.8050003
vn -19.8759995 8.19900036 -97.6610031
vn -97.0899963 3.29200006 -23.7199993
vn -85.0250015 46.1389999 -25.3379993
vn 18.9260006 2.99000001 -98.1470032
vn -8.46199989 99.6409988 0.0920000002
vn -98.25 1.51999998 -18.5639992
vn -25.6480007 71.3410034 65.211998
vn 41.3769989 84.7669983 -33.2050018
vn 30.0330009 92.2890015 -24.1009998
vn 38.4910011 78.8529968 47.9650002
vn -41.3769989 84.7669983 33.2050018
vn -38.4910011 78.8529968 -47.9650002
vn 40.8250008 -64.6579971 -64.4420013
vn 57.7350006 -73.0910034 -36.3930016
vn 57.7350006 36.3930016 -73.0910034
vn 40.8250008 12.7589998 -90.3909988
vn -41.3899994 4.8039999 -90.9059982
vn -60.868 26.8500004 -74.6600037
vn -52.8699989 -79.2210007 -30.4780006
vn -40.8069992 12.8549995 -90.3860016
vn -57.6839981 36.5050011 -73.0749969
vn -57.7849998 -73.0110016 -36.4729996
vn -40.8429985 -64.5839996 -64.5039978
vn 0 12.1660004 99.2570038
vn 41.3899994 -58.6189995 -69.6470032
vn 38.5880013 20.191 -90.0179977
vn 52.8699989 44.848999 -72.0650024
vn 60.868 -66.4209976 -43.3959999
vn -81.6500015 40.8250008 -40.8250008
vn -81.6500015 40.8250008 40.8250008
vn -62.394001 64.0899963 44.7159996
vn -57.7350006 57.7350006 -57.7350006
vn 0.949999988 70.7109985 70.7040024
vn -28.6119995 82.1500015 -49.3230019
vn -43.0009995 40.3919983 -80.7429962
vn -57.7350006 57.7350006 57.7350006
vn 48.1080017 31.6459999 81.7559967
vn -42.2820015 29.7509995 85.598999
vn -68.4869995 58.6889992 43.1870003
vn -46.6199989 44.5530014 -76.4300003
vn 73.3560028 60.8149986 30.3379993
vn 40 42.4389992 -81.2340012
vn 38.1660004 -40.8250008 -82.9260025
vn 55.8400002 -57.7350006 -59.5699997
vn 55.8400002 57.7350006 -59.5699997
vn 38.1660004 40.8250008 -82.9260025
vn -43.4410019 40.8250008 -80.2890015
vn -43.4410019 -40.8250008 -80.2890015
vn -59.5699997 -57.7350006 -55.8400002
vn -59.5699997 57.7350006 -55.8400002
vn 40.8250008 -65.3560028 63.7330017
vn -79.0449982 36.3650017 49.2900009
vn 40.8250008 11.7720003 90.5250015
vn 67.4550018 45.112999 58.4350014
vn -10.6499996 99.4309998 0
vn -9.61999989 99.5360031 0
vn -6.46199989 99.6470032 5.36499977
vn -0.00200000009 99.4309998 10.6540003
vn -70.4229965 -70.9970016 -0
vn -55.0009995 -83.5159988 -0
vn -98.9980011 14.1239996 -0.0140000004
vn -97.9509964 20.1389999 0
vn -0.0109999999 39.4840012 -91.875
vn 0 -28.2929993 -95.9140015
vn -0.0189999994 39.4379997 -91.8949966
vn -11.0760002 89.2480011 43.7280006
vn -26.7840004 38.2000008 88.4499969
vn -52.5379982 -68.3420029 -50.6870003
vn -70.8809967 -13.7620001 -69.1839981
vn -31.7450008 3.11100006 -94.7770004
vn -90.012001 43.5629997 -0.0810000002
vn -7.37300014 89.7789993 -43.4220009
vn -52.5379982 -68.3410034 50.6870003
vn -66.9810028 -66.2860031 33.4609985
vn -70.8809967 -13.7609997 69.1849976
vn -68.2900009 29.2350006 66.9459991
vn -68.3479996 19.5 70.3440018
vn 0 -9.80099964 99.5189972
vn -57.5400009 67.25 -46.5460014
vn 0.405999988 -99.9990005 -0.225999996
vn 0.81099999 -99.9970016 0
vn -83.0670013 -55.6769981 -0
vn 0.405999988 -99.9990005 0.188999996
vn -9.13300037 89.5500031 43.5600014
vn -57.1769981 67.5110016 46.6160011
vn -67.8379974 20.8659992 70.4459991
vn -0.00600000005 99.5 -9.98699951
vn -97.9530029 20.1310005 0.0610000007
vn -54.3610001 69.8929977 -46.473999
vn -59.9770012 65.0719986 46.5649986
vn -0.00200000009 24.1709995 97.0350037
vn -61.3959999 -78.012001 12.0229998
vn -73.1529999 -41.3699989 -54.1949997
vn -63.112999 -48.6549988 -60.4099998
vn -38.6279984 70.2829971 -59.7340012
vn -23.9109993 71.9720001 -65.1790009
vn 61.4239998 -77.9980011 11.9779997
vn 63.1399994 -48.6170006 -60.4129982
vn 73.1529999 -41.3699989 -54.1949997
vn 38.6279984 70.2829971 -59.7340012
vn 24.0170002 71.8990021 -65.2200012
vn -60.6559982 -78.7710037 -10.7700005
vn -68.0830002 -48.8059998 -54.6139984
vn -61.644001 -53.3230019 -57.9370003
vn -61.8660011 -49.9760017 60.6220016
vn 60.6800003 -78.7580032 -10.7299995
vn 61.6409988 -53.2820015 -57.9770012
vn 68.0830002 -48.8059998 -54.6139984
vn 65.6119995 75.4660034 -0.126000002
vn 67.2340012 74.0240021 0
vn 0.00100000005 76.3809967 64.5439987
vn 39.8470001 83.9280014 36.9889984
vn 67.2929993 73.9690018 0.39199999
vn 36.7010002 87.0189972 -32.8740005
vn -65.6159973 75.461998 -0.0219999999
vn -0.00400000019 76.3809967 64.5439987
vn -39.9459991 83.9240036 36.8930016
vn -67.2399979 74.0189972 0.0659999996
vn -37.2159996 86.6470032 -33.2750015
vn -0.0170000009 81.0500031 -58.5740013
vn -0.0260000005 80.9929962 -58.6520004
vn -90.5479965 -18.0109997 -38.4269981
vn -92.3219986 0 -38.4259987
vn -86.2730026 0 -50.5660019
vn -84.6149979 -16.8309994 -50.5660019
vn 18.0109997 -90.5490036 -38.4259987
vn 0 -92.3219986 -38.4259987
vn 0 -86.2730026 -50.5670013
vn 16.8309994 -84.6149979 -50.5670013
vn 36.9129982 15.29 -91.6719971
vn 39.1870003 7.79500008 -91.6709976
vn -37.3779984 -7.43499994 -92.4530029
vn -35.2089996 -14.5839996 -92.4530029
vn -22.1970005 -33.2200012 -91.6719971
vn -28.2520008 -28.2520008 -91.6719971
vn 26.9489994 26.9489994 -92.4530029
vn 21.1730003 31.6879997 -92.4530029
vn 33.2210007 22.1970005 -91.6719971
vn -31.6879997 -21.1730003 -92.4530029
vn -15.29 -36.9129982 -91.6719971
vn 14.5839996 35.2099991 -92.4530029
vn 28.2520008 28.2520008 -91.6709976
vn -26.9489994 -26.9489994 -92.4530029
vn -7.79500008 -39.1870003 -91.6709976
vn 7.43499994 37.3790016 -92.4530029
vn 0 39.9539986 -91.6719971
vn 7.79500008 39.1870003 -91.6709976
vn -7.43499994 -37.3790016 -92.4530029
vn 0 -38.1110001 -92.4530029
vn 22.1970005 33.2200012 -91.6719971
vn -21.1730003 -31.6879997 -92.4530029
vn 0 -39.9539986 -91.6709976
vn 0 38.1110001 -92.4530029
vn -22.1970005 33.2210007 -91.6719971
vn -15.29 36.9129982 -91.6709976
vn 14.5839996 -35.2099991 -92.4530029
vn 21.1730003 -31.6879997 -92.4530029
vn 15.29 36.9119987 -91.6719971
vn -14.5839996 -35.2099991 -92.4530029
vn 7.79500008 -39.1870003 -91.6709976
vn -7.43499994 37.3790016 -92.4530029
vn -28.2520008 28.2520008 -91.6719971
vn 26.948 -26.948 -92.4530029
vn 15.29 -36.9129982 -91.6719971
vn -14.585 35.2099991 -92.4530029
vn -33.2200012 22.1970005 -91.6719971
vn 31.6879997 -21.1730003 -92.4530029
vn -5.63999987 28.3530006 95.7300034
vn 5.63999987 28.3530006 95.7300034
vn 0 47.9570007 87.75
vn -18.3530006 44.3069992 87.75
vn -11.3470001 16.9810009 97.8919983
vn 14.4420004 14.4420004 97.8919983
vn -33.9109993 33.9109993 87.75
vn -30.1450005 20.1420002 93.1969986
vn -33.4949989 13.8739996 93.1969986
vn -23.9589996 0 97.086998
vn 3.4690001 -17.4400005 98.4059982
vn -47.0359993 9.35599995 87.75
vn -35.5579987 -7.07299995 93.1959991
vn -4.67399979 -23.4979992 97.0879974
vn -33.4949989 -13.8739996 93.1959991
vn -20.4419994 -20.4419994 95.7300034
vn -39.875 -26.6439991 87.75
vn -26.6439991 -39.875 87.75
vn -18.3519993 -44.3069992 87.75
vn 0 -47.9570007 87.75
vn 18.3519993 -44.3069992 87.75
vn 20.1420002 -30.1439991 93.1969986
vn 25.6359997 -25.6359997 93.1969986
vn 22.1350002 -9.16899967 97.0879974
vn 26.7080002 11.0629997 95.7300034
vn 39.875 -26.6439991 87.75
vn 35.5579987 -7.07299995 93.1969986
vn 35.5579987 7.07299995 93.1969986
vn 47.9570007 0 87.75
vn 39.875 26.6439991 87.75
vn 26.6439991 39.875 87.75
vn 18.3530006 44.3069992 87.75
vn 22.1970005 -33.2200012 -91.6719971
vn -21.1739998 31.6879997 -92.4530029
vn -36.9119987 15.2889996 -91.6719971
vn 35.2099991 -14.585 -92.4530029
vn -7.79500008 39.1860008 -91.6719971
vn 7.43499994 -37.3790016 -92.4530029
vn 28.2509995 -28.2509995 -91.6719971
vn -26.9489994 26.9489994 -92.4530029
vn -39.1860008 7.79400015 -91.6719971
vn 37.3790016 -7.43499994 -92.4530029
vn 33.2210007 -22.1970005 -91.6709976
vn -31.6889992 21.1739998 -92.4530029
vn -39.9539986 0 -91.6719971
vn 38.1110001 0 -92.4530029
vn 36.9129982 -15.29 -91.6709976
vn -35.2099991 14.5839996 -92.4530029
vn -39.1860008 -7.79500008 -91.6719971
vn 37.3790016 7.43499994 -92.4530029
vn 39.1870003 -7.79500008 -91.6709976
vn -37.3779984 7.43499994 -92.4530029
vn -36.9119987 -15.29 -91.6719971
vn 35.2099991 14.585 -92.4530029
vn 39.9550018 0 -91.6709976
vn -38.1110001 0 -92.4530029
vn -33.2200012 -22.1970005 -91.6719971
vn 31.6889992 21.1739998 -92.4530029
vn 0 94.4749985 -32.7789993
vn -18.4309998 92.6600037 -32.7789993
vn -17.526001 88.1080017 43.9300003
vn 0 89.8339996 43.9300003
vn 18.4309998 92.6600037 -32.7779999
vn 17.526001 88.1080017 43.9300003
vn 36.1539993 87.2839966 -32.7779999
vn 34.3779984 82.9960022 43.9300003
vn 52.487999 78.5530014 -32.7789993
vn 49.9090004 74.6940002 43.9290009
vn 66.8040009 66.8040009 -32.7779999
vn 63.5229988 63.5219994 43.9290009
vn 78.5530014 52.487999 -32.7779999
vn 74.6940002 49.9090004 43.9300003
vn 87.2839966 36.1539993 -32.7779999
vn 82.9960022 34.3779984 43.9300003
vn 92.6600037 18.4309998 -32.7770004
vn 88.1080017 17.526001 43.9300003
vn 94.4759979 0 -32.7770004
vn 89.8339996 0 43.9300003
vn 92.6600037 -18.4309998 -32.7779999
vn 88.1080017 -17.526001 43.9300003
vn 87.2839966 -36.1539993 -32.7779999
vn 82.9960022 -34.3779984 43.9300003
vn 78.5530014 -52.487999 -32.7779999
vn 74.6940002 -49.9090004 43.9300003
vn 66.8040009 -66.8040009 -32.7789993
vn 63.5219994 -63.5219994 43.9300003
vn 52.487999 -78.5530014 -32.7779999
vn 49.9090004 -74.6940002 43.9300003
vn 36.1539993 -87.2839966 -32.7779999
vn 34.3779984 -82.9960022 43.9300003
vn 18.4309998 -92.6600037 -32.7779999
vn 17.526001 -88.1080017 43.9300003
vn 0 -94.4759979 -32.7779999
vn 0 -89.8339996 43.9300003
vn -18.4309998 -92.6600037 -32.7779999
vn -17.526001 -88.1080017 43.9300003
vn -36.1539993 -87.2839966 -32.7779999
vn -34.3779984 -82.9960022 43.9300003
vn -52.487999 -78.5530014 -32.7779999
vn -49.9090004 -74.6940002 43.9300003
vn -66.8040009 -66.8040009 -32.7779999
vn -63.5219994 -63.5219994 43.9290009
vn -78.5530014 -52.487999 -32.7789993
vn -74.6949997 -49.9090004 43.9290009
vn -87.2839966 -36.1539993 -32.7789993
vn -82.9960022 -34.3779984 43.9290009
vn -92.6600037 -18.4309998 -32.7789993
vn -88.1080017 -17.526001 43.9290009
vn -94.4749985 0 -32.7789993
vn -89.8339996 0 43.9290009
vn -92.6600037 18.4309998 -32.7789993
vn -88.1080017 17.526001 43.9290009
vn -87.2839966 36.1539993 -32.7789993
vn -82.9960022 34.3779984 43.9300003
vn -78.5530014 52.487999 -32.7779999
vn -74.6940002 49.9090004 43.9300003
vn -66.8040009 66.8040009 -32.7779999
vn -63.5219994 63.5219994 43.9300003
vn -52.487999 78.5530014 -32.7779999
vn -49.9090004 74.6940002 43.9300003
vn -36.1539993 87.2839966 -32.7779999
vn -34.3779984 82.9960022 43.9300003
vn -2.48399997 12.4879999 -99.185997
vn 0 21.2040005 -97.7259979
vn 2.06800008 10.3970003 -99.4369965
vn -8.84700012 13.2410002 -98.723999
vn -7.49599981 7.49599981 -99.4369965
vn -8.11400032 19.5900002 -97.7259979
vn 8.11400032 19.5900002 -97.7259979
vn 7.07399988 10.5869999 -99.185997
vn 7.33199978 3.03699994 -99.6849976
vn 14.993 14.993 -97.7259979
vn 17.6310005 11.7799997 -97.7259979
vn 12.4879999 -2.48399997 -99.185997
vn 20.7970009 4.13700008 -97.7259979
vn 21.2040005 0 -97.7259979
vn 9.00300026 -9.00300026 -99.185997
vn 13.2410002 -8.84700012 -98.723999
vn 6.09399986 -14.7130003 -98.723999
vn 2.06800008 -10.3970003 -99.4369965
vn -5.61100006 -5.61100006 -99.6849976
vn 19.5900002 -8.11400032 -97.7259979
vn 11.7799997 -17.6310005 -97.7259979
vn -3.10700011 -15.6190004 -98.723999
vn -6.09399986 -14.7119999 -98.723999
vn 0 -21.2040005 -97.7259979
vn -11.7799997 -17.6299992 -97.7259979
vn -17.6310005 -11.7799997 -97.7259979
vn -14.7130003 -6.09399986 -98.723999
vn -12.7329998 0 -99.185997
vn -20.7970009 -4.13700008 -97.7259979
vn -13.2410002 8.84700012 -98.723999
vn -20.7970009 4.13700008 -97.7259979
vn -19.5900002 8.11499977 -97.7259979
vn 76.7630005 51.2919998 -38.4249992
vn 85.2949982 35.3300018 -38.4259987
vn 79.7060013 33.0149994 -50.5670013
vn 71.7330017 47.9309998 -50.5670013
vn -90.5479965 18.0109997 -38.4269981
vn -84.6159973 16.8309994 -50.5660019
vn 90.5490036 18.0109997 -38.4259987
vn 84.6149979 16.8309994 -50.5660019
vn -85.2949982 35.3300018 -38.4259987
vn -79.7060013 33.0149994 -50.5660019
vn 92.3219986 0 -38.4259987
vn 86.2730026 0 -50.5660019
vn -76.7639999 51.2919998 -38.4249992
vn -71.7330017 47.9309998 -50.5670013
vn 90.5490036 -18.0109997 -38.4259987
vn 84.6149979 -16.8309994 -50.5670013
vn -65.2819977 65.2819977 -38.4249992
vn -61.0040016 61.0040016 -50.5670013
vn 85.2949982 -35.3300018 -38.4259987
vn 79.7060013 -33.0149994 -50.5670013
vn -51.2919998 76.7630005 -38.4259987
vn -47.9309998 71.7330017 -50.5670013
vn 35.3300018 -85.2949982 -38.4259987
vn 33.0149994 -79.7060013 -50.5670013
vn 76.7630005 -51.2919998 -38.4259987
vn 71.7330017 -47.9309998 -50.5660019
vn -35.3300018 85.2949982 -38.4259987
vn -33.0149994 79.7060013 -50.5670013
vn -18.0109997 -90.5479965 -38.4259987
vn -16.8309994 -84.6149979 -50.5670013
vn 65.2819977 -65.2819977 -38.4269981
vn 61.0040016 -61.0050011 -50.5660019
vn -18.0109997 90.5490036 -38.4259987
vn -16.8309994 84.6149979 -50.5660019
vn -35.3300018 -85.2949982 -38.4259987
vn -33.0149994 -79.7060013 -50.5660019
vn 51.2919998 -76.7630005 -38.4269981
vn 47.9309998 -71.7340012 -50.5660019
vn 0 92.322998 -38.4259987
vn 0 86.2730026 -50.5660019
vn -51.2919998 -76.7630005 -38.4259987
vn -47.9309998 -71.7330017 -50.5660019
vn 18.0109997 90.5490036 -38.4259987
vn 16.8309994 84.6149979 -50.5670013
vn -65.2819977 -65.2819977 -38.4259987
vn -61.0040016 -61.0040016 -50.5670013
vn -0.259000003 1.301 -99.9909973
vn 0 1.32599998 -99.9909973
vn 0 53.5820007 -84.4329987
vn -10.4530001 52.5530014 -84.4329987
vn 35.3300018 85.2949982 -38.4259987
vn 33.0149994 79.7060013 -50.5660019
vn -76.7630005 -51.2919998 -38.4269981
vn -71.7330017 -47.9309998 -50.5660019
vn 51.2919998 76.7630005 -38.4259987
vn 47.9309998 71.7330017 -50.5660019
vn -85.2949982 -35.3300018 -38.4269981
vn -79.7060013 -33.0149994 -50.5660019
vn 65.2819977 65.2819977 -38.4259987
vn 61.0040016 61.0040016 -50.5670013
vn -0.507000029 1.22500002 -99.9909973
vn -20.5049992 49.5040016 -84.4329987
vn -0.736000001 1.10099995 -99.9909973
vn -29.7689991 44.5519981 -84.4329987
vn 0.507000029 1.22399998 -99.9909973
vn 0.736000001 1.102 -99.9909973
vn 29.7689991 44.5519981 -84.4329987
vn 20.5049992 49.5040016 -84.4329987
vn 0.936999977 0.938000023 -99.9909973
vn 37.8880005 37.8889999 -84.4329987
vn 1.102 0.736000001 -99.9909973
vn 44.5519981 29.7689991 -84.4329987
vn 1.22399998 0.507000029 -99.9909973
vn 49.5040016 20.5049992 -84.4329987
vn 1.29999995 0.259000003 -99.9909973
vn 52.5530014 10.4530001 -84.4329987
vn 1.32599998 0 -99.9909973
vn 53.5820007 0 -84.4329987
vn 1.29900002 -0.259000003 -99.9909973
vn 52.5530014 -10.4530001 -84.4329987
vn 1.22500002 -0.507000029 -99.9909973
vn 49.5040016 -20.5049992 -84.4329987
vn 1.10300004 -0.736999989 -99.9909973
vn 44.5519981 -29.7689991 -84.4329987
vn 0.938000023 -0.938000023 -99.9909973
vn 37.8880005 -37.8889999 -84.4329987
vn 0.736999989 -1.102 -99.9909973
vn 29.7689991 -44.5519981 -84.4329987
vn 0.507000029 -1.22500002 -99.9909973
vn 20.5049992 -49.5040016 -84.4329987
vn 0.259000003 -1.29999995 -99.9909973
vn 10.4530001 -52.5530014 -84.4329987
vn 0 -1.32500005 -99.9909973
vn 0 -53.5820007 -84.4329987
vn -0.259000003 -1.29999995 -99.9909973
vn -10.4530001 -52.5530014 -84.4329987
vn -0.507000029 -1.22500002 -99.9909973
vn -20.5049992 -49.5040016 -84.4329987
vn -0.736000001 -1.102 -99.9909973
vn -29.7689991 -44.5519981 -84.4329987
vn -0.938000023 -0.938000023 -99.9909973
vn -37.8889999 -37.8880005 -84.4329987
vn -1.102 -0.736000001 -99.9909973
vn -44.5519981 -29.7689991 -84.4329987
vn -1.22500002 -0.507000029 -99.9909973
vn -49.5040016 -20.5049992 -84.4329987
vn -1.29999995 -0.259000003 -99.9909973
vn -52.5530014 -10.4540005 -84.4329987
vn -1.32500005 0 -99.9909973
vn -53.5830002 0 -84.4329987
vn -1.29999995 0.259000003 -99.9909973
vn -52.5530014 10.4540005 -84.4329987
vn -1.22500002 0.507000029 -99.9909973
vn -49.5029984 20.5049992 -84.4329987
vn -1.102 0.736000001 -99.9909973
vn -44.5519981 29.7689991 -84.4329987
vn -0.936999977 0.936999977 -99.9909973
vn -37.8889999 37.8880005 -84.4329987
vn 0 99.2559967 -12.1780005
vn -19.3640003 97.348999 -12.1780005
vn 0.259000003 1.29999995 -99.9909973
vn 10.4530001 52.5530014 -84.4329987
vn 0 44.0159988 -89.7919998
vn -8.58699989 43.1699982 -89.7919998
vn 8.58699989 43.1710014 -89.7919998
vn 16.8439999 40.6660004 -89.7919998
vn 24.4540005 36.5979996 -89.7919998
vn 31.1240005 31.1240005 -89.7919998
vn 36.5979996 24.4540005 -89.7919998
vn 40.6660004 16.8439999 -89.7919998
vn 43.1699982 8.58699989 -89.7919998
vn 44.0159988 0 -89.7919998
vn 43.1699982 -8.58699989 -89.7919998
vn 40.6660004 -16.8439999 -89.7919998
vn 36.5979996 -24.4540005 -89.7919998
vn 31.1240005 -31.1240005 -89.7919998
vn 24.4540005 -36.5979996 -89.7919998
vn 16.8439999 -40.6660004 -89.7919998
vn 8.58699989 -43.1699982 -89.7919998
vn 0 -44.0159988 -89.7919998
vn -8.58699989 -43.1699982 -89.7919998
vn -16.8439999 -40.6660004 -89.7919998
vn -24.4540005 -36.5979996 -89.7919998
vn -31.1240005 -31.1240005 -89.7919998
vn -36.5979996 -24.4540005 -89.7919998
vn -40.6660004 -16.8439999 -89.7919998
vn -43.1699982 -8.58699989 -89.7919998
vn -44.0159988 0 -89.7919998
vn -43.1699982 8.58699989 -89.7919998
vn -40.6660004 16.8449993 -89.7919998
vn -36.5979996 24.4540005 -89.7919998
vn -31.1240005 31.1240005 -89.7919998
vn -24.4540005 36.5979996 -89.7919998
vn -16.8439999 40.6660004 -89.7919998
vn -84.6159973 -16.8309994 -50.5660019
vn -37.9840012 91.6999969 -12.1780005
vn 65.2819977 65.2819977 -38.4249992
vn 76.7639999 51.2919998 -38.4249992
vn 71.7330017 47.9300003 -50.5670013
vn 18.4330006 7.63500023 -97.9889984
vn 19.5690002 3.89199996 -97.9889984
vn 51.2919998 76.7639999 -38.4249992
vn 47.9309998 71.7330017 -50.5670013
vn -76.7630005 -51.2910004 -38.4269981
vn -71.7340012 -47.9309998 -50.5660019
vn 33.0149994 79.7060013 -50.5670013
vn -35.3300018 -85.2949982 -38.4269981
vn -33.0159988 -79.7060013 -50.5660019
vn -16.8309994 -84.6149979 -50.5660019
vn -65.2809982 -65.2819977 -38.4269981
vn -61.0040016 -61.0040016 -50.5660019
vn -51.2910004 -76.7630005 -38.4269981
vn -47.9309998 -71.7340012 -50.5660019
vn 51.2919998 -76.7630005 -38.4259987
vn 65.2819977 -65.2819977 -38.4259987
vn 61.0040016 -61.0040016 -50.5670013
vn -33.0149994 79.7060013 -50.5660019
vn 71.7330017 -47.9309998 -50.5670013
vn -47.9309998 71.7340012 -50.5660019
vn -65.2819977 65.2819977 -38.4269981
vn -61.0040016 61.0040016 -50.5660019
vn 90.5490036 -18.0109997 -38.4249992
vn -76.7630005 51.2919998 -38.4269981
vn -71.7340012 47.9309998 -50.5660019
vn 92.322998 0 -38.4259987
vn 86.2730026 0 -50.5670013
vn -85.2939987 35.3300018 -38.4269981
vn 84.6149979 16.8309994 -50.5670013
vn 85.2949982 35.3300018 -38.4249992
vn 79.7050018 33.0149994 -50.5670013
vn -4.67399979 23.4979992 97.0879974
vn 5.63999987 28.3540001 95.7300034
vn -13.3109999 19.9209995 97.086998
vn 14.441 14.441 97.8919983
vn -17.7819996 0 98.4059982
vn 20.1420002 30.1450005 93.1969986
vn -33.4959984 13.8739996 93.1959991
vn -47.0369987 9.35599995 87.75
vn -47.0369987 -9.35599995 87.75
vn -44.3079987 -18.3530006 87.75
vn -24.0370007 -16.0610008 95.7300034
vn -16.0610008 -24.0370007 95.7300034
vn 4.67399979 -23.4979992 97.0879974
vn -33.9109993 -33.9109993 87.75
vn 16.941 -16.941 97.086998
vn 18.3530006 -44.3069992 87.75
vn 26.6439991 -39.8759995 87.75
vn 22.1350002 9.16899967 97.086998
vn 33.4949989 -13.8739996 93.1969986
vn 35.5589981 -7.07299995 93.1959991
vn 47.9589996 0 87.7490005
vn 47.0369987 9.35599995 87.7490005
vn 39.875 26.6429996 87.75
vn -55.144001 82.5279999 -12.1780005
vn -3.89199996 19.5680008 -97.9889984
vn 0 19.9519997 -97.9889984
vn 37.9840012 91.6999969 -12.1780005
vn 19.3640003 97.348999 -12.1780005
vn 55.144001 82.5279999 -12.1789999
vn 49.9090004 74.6940002 43.9300003
vn 70.1839981 70.1839981 -12.1780005
vn 63.5219994 63.5219994 43.9300003
vn 82.5279999 55.144001 -12.1780005
vn 91.6999969 37.9830017 -12.1780005
vn 82.9960022 34.3779984 43.9290009
vn 97.3479996 19.3640003 -12.1780005
vn 88.1090012 17.526001 43.9290009
vn 99.2559967 0 -12.1780005
vn 89.8349991 0 43.9290009
vn 97.3479996 -19.3640003 -12.1780005
vn 88.1080017 -17.526001 43.9290009
vn 91.6999969 -37.9830017 -12.1780005
vn 82.5279999 -55.144001 -12.1780005
vn 70.1839981 -70.1839981 -12.1789999
vn 63.5219994 -63.5219994 43.9290009
vn 55.144001 -82.5279999 -12.1780005
vn 49.9090004 -74.6949997 43.9290009
vn 37.9830017 -91.6999969 -12.1780005
vn 19.3640003 -97.348999 -12.1780005
vn 0 -99.2559967 -12.1780005
vn -19.3640003 -97.348999 -12.1780005
vn -37.9830017 -91.6999969 -12.1780005
vn -55.144001 -82.5279999 -12.1780005
vn -70.1839981 -70.1839981 -12.1789999
vn -63.5219994 -63.5219994 43.9300003
vn -82.5279999 -55.1430016 -12.1789999
vn -91.6999969 -37.9830017 -12.1789999
vn -97.3479996 -19.3640003 -12.1789999
vn -99.2559967 0 -12.1789999
vn -97.3479996 19.3640003 -12.1789999
vn -91.6999969 37.9830017 -12.1780005
vn -82.9960022 34.3779984 43.9290009
vn -82.5279999 55.1430016 -12.1780005
vn -70.1839981 70.1839981 -12.1780005
vn -4.13700008 20.7970009 -97.7259979
vn -6.09399986 14.7130003 -98.723999
vn 8.84700012 13.2410002 -98.723999
vn -7.54699993 5.04300022 -99.586998
vn 7.49499989 7.49599981 -99.4369965
vn 14.7130003 6.09399986 -98.723999
vn 7.33199978 -3.03699994 -99.6849976
vn 15.6190004 3.10700011 -98.723999
vn -10.6000004 0 -99.4369965
vn 20.7970009 -4.13700008 -97.7259979
vn 17.6310005 -11.7799997 -97.7259979
vn -7.49599981 -7.49599981 -99.4369965
vn -6.09399986 -14.7130003 -98.723999
vn -13.2410002 -8.84700012 -98.723999
vn -15.6190004 -3.10700011 -98.723999
vn -19.5900002 -8.11499977 -97.7259979
vn -20.7970009 4.13600016 -97.7259979
vn -14.9940004 14.993 -97.7259979
vn -14.1079998 -14.1079998 -97.9889984
vn -16.5900002 -11.085 -97.9889984
vn 19.9519997 0 -97.9889984
vn -18.4330006 -7.63500023 -97.9889984
vn 35.2109985 14.585 -92.4530029
vn 19.5690002 -3.89199996 -97.9889984
vn -19.5690002 -3.89199996 -97.9889984
vn 18.4330006 -7.63500023 -97.9889984
vn -35.2089996 14.5839996 -92.4530029
vn -19.9519997 0 -97.9889984
vn 16.5890007 -11.085 -97.9889984
vn -31.6879997 21.1730003 -92.4530029
vn -19.5690002 3.89199996 -97.9889984
vn 37.3800011 -7.43499994 -92.4530029
vn 14.1079998 -14.1079998 -97.9889984
vn -26.948 26.948 -92.4530029
vn -7.63500023 18.4330006 -97.9889984
vn -18.4330006 7.63500023 -97.9889984
vn 11.085 -16.5890007 -97.9889984
vn -21.1730003 31.6879997 -92.4530029
vn -16.5890007 11.085 -97.9889984
vn 7.63500023 -18.4330006 -97.9889984
vn 3.89199996 19.5680008 -97.9889984
vn -14.1079998 14.1079998 -97.9889984
vn 26.9489994 -26.9489994 -92.4530029
vn 3.89199996 -19.5690002 -97.9889984
vn 7.63500023 18.4330006 -97.9889984
vn -14.5839996 -35.2089996 -92.4530029
vn -11.085 16.5890007 -97.9889984
vn 0 -19.9519997 -97.9889984
vn 11.085 16.5890007 -97.9889984
vn -21.1730003 -31.6870003 -92.4530029
vn -3.89199996 -19.5690002 -97.9889984
vn 14.1079998 14.1079998 -97.9889984
vn -26.948 -26.948 -92.4530029
vn -7.63500023 -18.4330006 -97.9889984
vn 14.585 35.2099991 -92.4530029
vn 16.5890007 11.085 -97.9889984
vn -31.6870003 -21.1730003 -92.4530029
vn -11.085 -16.5890007 -97.9889984
vn 21.1739998 31.6889992 -92.4530029
vn -0.736999989 1.102 -99.9909973
vn 0.507000029 1.22300005 -99.9909973
vn 0.736000001 1.10099995 -99.9909973
vn 20.5049992 49.5029984 -84.4329987
vn 0.936999977 0.936999977 -99.9909973
vn 1.29900002 0.257999986 -99.9909973
vn 1.32500005 0 -99.9909973
vn 1.29900002 -0.257999986 -99.9909973
vn 1.22399998 -0.507000029 -99.9909973
vn 1.10099995 -0.736000001 -99.9909973
vn 0.936999977 -0.936999977 -99.9909973
vn 0.736000001 -1.102 -99.9909973
vn 0.507000029 -1.22399998 -99.9909973
vn -10.4540005 -52.5530014 -84.4329987
vn -0.736999989 -1.10300004 -99.9909973
vn -1.10300004 -0.736999989 -99.9909973
vn -1.22500002 -0.508000016 -99.9909973
vn -1.301 -0.259000003 -99.9909973
vn -1.32599998 0 -99.9909973
vn -1.301 0.259000003 -99.9909973
vn -49.5040016 20.5049992 -84.4329987
vn -37.8880005 37.8880005 -84.4329987
vn -10.29 51.730999 -84.9589996
vn 0 52.7439995 -84.9589996
vn 0 -50.362999 -86.3919983
vn 9.82499981 -49.3950005 -86.3919983
vn 0.257999986 1.29999995 -99.9909973
vn -31.125 -31.1240005 -89.7919998
vn -43.1710014 8.58699989 -89.7919998
vn 18.0109997 -90.5479965 -38.4259987
vn 0 -86.2730026 -50.5660019
vn 36.9140015 15.29 -91.6709976
vn 51.7299995 10.2889996 -84.9599991
vn -49.3950005 -9.82499981 -86.3919983
vn -35.2099991 -14.5839996 -92.4530029
vn -29.3029995 -43.8549995 -84.9589996
vn -37.2960014 -37.2960014 -84.9589996
vn 35.612999 35.6119995 -86.3919983
vn 27.9810009 41.8759995 -86.3919983
vn 33.2210007 22.198 -91.6709976
vn -15.29 -36.9129982 -91.6709976
vn 37.2949982 37.2960014 -84.9589996
vn -35.6119995 -35.6119995 -86.3919983
vn 10.29 51.7299995 -84.9589996
vn -9.82499981 -49.3950005 -86.3919983
vn 40.7400017 60.9720001 -67.9909973
vn -39.1889992 -58.651001 -70.8820038
vn 0 -52.7439995 -84.9589996
vn 0 50.3639984 -86.3919983
vn -29.3029995 43.8549995 -84.9589996
vn -20.184 48.7290001 -84.9589996
vn 19.2730007 -46.5289993 -86.3919983
vn 27.9799995 -41.875 -86.3919983
vn 20.184 48.7290001 -84.9589996
vn -19.2730007 -46.5289993 -86.3919983
vn 10.29 -51.7299995 -84.9589996
vn -9.82600021 49.3959999 -86.3919983
vn -51.8530006 51.8520012 -67.9899979
vn 49.8790016 -49.8790016 -70.8820038
vn 15.29 -36.9129982 -91.6709976
vn -60.9710007 40.7400017 -67.9909973
vn 58.6520004 -39.1889992 -70.8820038
vn 7.07299995 35.5579987 93.1969986
vn 0 47.9580002 87.75
vn -5.63999987 28.3540001 95.7300034
vn 9.87899971 14.7849998 98.4059982
vn -16.0610008 24.0370007 95.7300034
vn -16.9810009 11.3470001 97.8919983
vn -28.9090004 0 95.7300034
vn -26.7080002 -11.0629997 95.7300034
vn 3.98399997 -20.0310001 97.8919983
vn -47.0349998 -9.35599995 87.75
vn -33.9119987 -33.9109993 87.75
vn -20.1420002 -30.1450005 93.1959991
vn 20.1420002 -30.1450005 93.1969986
vn 18.8689995 -7.81599998 97.8919983
vn 19.9209995 13.3109999 97.0879974
vn 39.875 -26.6429996 87.75
vn 47.0359993 -9.35599995 87.75
vn 36.2550011 0 93.1959991
vn 35.5579987 7.07299995 93.1959991
vn 44.3059998 18.3530006 87.75
vn 33.9099998 33.9099998 87.7509995
vn 22.1970005 -33.2210007 -91.6719971
vn -48.7280006 20.184 -84.9599991
vn 46.5299988 -19.2740002 -86.3909988
vn 37.2949982 -37.2949982 -84.9599991
vn -35.6119995 35.6119995 -86.3919983
vn -51.7290001 10.29 -84.9599991
vn 49.3969994 -9.82600021 -86.3909988
vn 43.8549995 -29.3029995 -84.9589996
vn -41.8759995 27.9799995 -86.3919983
vn -52.743 0 -84.9599991
vn 50.3639984 0 -86.3909988
vn 36.9140015 -15.29 -91.6709976
vn -35.2109985 14.585 -92.4530029
vn -51.7299995 -10.29 -84.9589996
vn 49.3959999 9.82600021 -86.3909988
vn -37.3790016 7.43499994 -92.4530029
vn -48.7280006 -20.1830006 -84.9599991
vn 46.5309982 19.2740002 -86.3909988
vn 52.7439995 0 -84.9589996
vn -50.362999 0 -86.3919983
vn -33.2210007 -22.198 -91.6709976
vn 0 94.4759979 -32.7779999
vn -18.4309998 92.6600037 -32.7779999
vn -17.5249996 88.1080017 43.9290009
vn 0 89.8339996 43.9290009
vn 17.5249996 88.1080017 43.9300003
vn 52.4869995 78.5530014 -32.7779999
vn 78.5540009 52.487999 -32.7770004
vn 74.6949997 49.9090004 43.9300003
vn 87.2839966 36.1549988 -32.7770004
vn 92.6600037 18.4309998 -32.7779999
vn 88.1080017 17.5249996 43.9300003
vn 94.4749985 0 -32.7779999
vn 89.8339996 0 43.9290009
vn 92.6610031 -18.4309998 -32.7770004
vn 88.1080017 -17.5249996 43.9300003
vn 87.2839966 -36.1549988 -32.7770004
vn 78.5540009 -52.487999 -32.7779999
vn 74.6949997 -49.9090004 43.9300003
vn 66.8040009 -66.8040009 -32.7779999
vn 63.5229988 -63.5219994 43.9300003
vn 52.4869995 -78.5540009 -32.7779999
vn 18.4319992 -92.6600037 -32.7779999
vn 0 -94.4749985 -32.7779999
vn -49.9099998 -74.6940002 43.9290009
vn -63.5229988 -63.5219994 43.9290009
vn -78.5530014 -52.487999 -32.7779999
vn -74.6949997 -49.9090004 43.9300003
vn -82.9960022 -34.3779984 43.9300003
vn -92.6600037 -18.4319992 -32.7779999
vn -88.1080017 -17.526001 43.9300003
vn -94.4749985 0 -32.7779999
vn -89.8339996 0 43.9300003
vn -92.6600037 18.4319992 -32.7789993
vn -88.1080017 17.526001 43.9300003
vn -74.6949997 49.9090004 43.9300003
vn -63.5219994 63.5219994 43.9290009
vn -49.9099998 74.6940002 43.9290009
vn -36.1549988 87.2839966 -32.7779999
vn -2.48399997 12.4890003 -99.185997
vn 0 21.2049999 -97.7259979
vn 3.10700011 15.6190004 -98.723999
vn -5.61100006 5.61199999 -99.6849976
vn 4.87300014 11.7639999 -99.185997
vn -11.7819996 17.6310005 -97.7259979
vn -8.11499977 19.5909996 -97.7259979
vn 11.7810001 17.6310005 -97.7259979
vn 11.2609997 11.2609997 -98.723999
vn 10.5869999 7.07399988 -99.185997
vn 7.54799986 -5.04300022 -99.586998
vn -5.04300022 -7.54799986 -99.586998
vn 20.7980003 4.13800001 -97.7259979
vn 21.2049999 0 -97.7259979
vn 19.5909996 -8.11499977 -97.7259979
vn 14.9940004 -14.9940004 -97.7259979
vn 7.07399988 -10.5869999 -99.185997
vn 2.48399997 -12.4879999 -99.185997
vn 8.11499977 -19.5909996 -97.7259979
vn -3.10700011 -15.6199999 -98.723999
vn 0 -21.2049999 -97.7259979
vn -8.11499977 -19.5909996 -97.7259979
vn -11.2609997 -11.2609997 -98.723999
vn -9.07800007 0 -99.586998
vn -17.6310005 -11.7819996 -97.7259979
vn -14.7130003 -6.09499979 -98.723999
vn -20.7980003 -4.13600016 -97.7259979
vn -20.7980003 4.13700008 -97.7259979
vn -14.7130003 6.09499979 -98.723999
vn -17.6310005 11.7819996 -97.7259979
vn 85.2949982 35.3310013 -38.4249992
vn 79.7050018 33.0159988 -50.5670013
vn 71.7330017 47.9309998 -50.5660019
vn -90.5490036 18.0109997 -38.4259987
vn -76.7630005 51.2910004 -38.4259987
vn -65.2809982 65.2819977 -38.4269981
vn 85.2949982 -35.3310013 -38.4259987
vn 79.7060013 -33.0159988 -50.5660019
vn -51.2910004 76.7639999 -38.4259987
vn -47.9300003 71.7340012 -50.5660019
vn 35.3300018 -85.2949982 -38.4269981
vn 33.0149994 -79.7060013 -50.5660019
vn 76.7630005 -51.2910004 -38.4259987
vn 71.7340012 -47.9309998 -50.5660019
vn -35.3310013 85.2949982 -38.4259987
vn -33.0159988 79.7060013 -50.5660019
vn -18.0109997 -90.5479965 -38.4269981
vn 65.2819977 -65.2809982 -38.4269981
vn 61.0050011 -61.0040016 -50.5660019
vn -18.0119991 90.5479965 -38.4259987
vn -16.8320007 84.6149979 -50.5660019
vn -35.3310013 -85.2939987 -38.4269981
vn 47.9309998 -71.7330017 -50.5660019
vn 0 92.3219986 -38.4259987
vn -47.9300003 -71.7340012 -50.5660019
vn 18.0119991 90.5490036 -38.4259987
vn -0.259000003 1.29900002 -99.9909973
vn 0 1.324 -99.9909973
vn -10.4530001 52.5519981 -84.4329987
vn -76.7630005 -51.2910004 -38.4259987
vn -85.2949982 -35.3300018 -38.4259987
vn -0.507000029 1.22300005 -99.9909973
vn -20.5049992 49.5029984 -84.4329987
vn -0.735000014 1.10000002 -99.9909973
vn -29.7679996 44.5519981 -84.4329987
vn 0.505999982 1.222 -99.9909973
vn 0.735000014 1.10000002 -99.9909973
vn 29.7679996 44.5519981 -84.4329987
vn 0.93599999 0.93599999 -99.9909973
vn 37.8880005 37.8880005 -84.4329987
vn 1.10000002 0.735000014 -99.9909973
vn 1.222 0.505999982 -99.9909973
vn 49.5029984 20.5049992 -84.4329987
vn 1.29699993 0.257999986 -99.9909973
vn 52.5519981 10.4530001 -84.4329987
vn 1.32200003 0 -99.9909973
vn 1.29699993 -0.257999986 -99.9909973
vn 52.5519981 -10.4530001 -84.4329987
vn 1.22300005 -0.505999982 -99.9909973
vn 49.5029984 -20.5049992 -84.4329987
vn 0.93599999 -0.93599999 -99.9909973
vn 37.8889999 -37.8880005 -84.4329987
vn 0.736000001 -1.10099995 -99.9909973
vn 0.507000029 -1.22300005 -99.9909973
vn 20.5049992 -49.5029984 -84.4329987
vn 0.257999986 -1.29799998 -99.9909973
vn 10.4540005 -52.5519981 -84.4329987
vn 0 -1.324 -99.9909973
vn -0.257999986 -1.29900002 -99.9909973
vn -10.4540005 -52.5519981 -84.4329987
vn -0.507000029 -1.22399998 -99.9909973
vn -29.7679996 -44.5519981 -84.4329987
vn -0.936999977 -0.93599999 -99.9909973
vn -1.10099995 -0.735000014 -99.9909973
vn -44.5519981 -29.7679996 -84.4329987
vn -1.22300005 -0.507000029 -99.9909973
vn -49.5029984 -20.5049992 -84.4329987
vn -1.29799998 -0.257999986 -99.9909973
vn -52.5519981 -10.4530001 -84.4329987
vn -1.324 0 -99.9909973
vn -53.5820007 0 -84.4329987
vn -1.29799998 0.257999986 -99.9909973
vn -52.5519981 10.4530001 -84.4329987
vn -1.22300005 0.507000029 -99.9909973
vn -1.10000002 0.735000014 -99.9909973
vn -44.5519981 29.7679996 -84.4329987
vn -0.935000002 0.935000002 -99.9909973
vn 0.257999986 1.29799998 -99.9909973
vn 10.4530001 52.5519981 -84.4329987
vn 0 44.0180016 -89.7910004
vn -8.58699989 43.1720009 -89.7910004
vn 8.5880003 43.1720009 -89.7910004
vn 16.8449993 40.6669998 -89.7910004
vn 24.4549999 36.5999985 -89.7910004
vn 31.1259995 31.125 -89.7910004
vn 36.5999985 24.4549999 -89.7910004
vn 40.6669998 16.8449993 -89.7910004
vn 43.1720009 8.5880003 -89.7910004
vn 44.0180016 0 -89.7910004
vn 43.1720009 -8.5880003 -89.7910004
vn 40.6669998 -16.8449993 -89.7910004
vn 36.5999985 -24.4549999 -89.7910004
vn 31.1259995 -31.125 -89.7910004
vn 24.4549999 -36.5999985 -89.7910004
vn 16.8449993 -40.6669998 -89.7910004
vn 8.5880003 -43.1720009 -89.7910004
vn 0 -44.0180016 -89.7910004
vn -8.5880003 -43.1720009 -89.7910004
vn -16.8449993 -40.6669998 -89.7910004
vn -24.4549999 -36.598999 -89.7910004
vn -31.125 -31.125 -89.7910004
vn -36.5999985 -24.4549999 -89.7910004
vn -40.6669998 -16.8449993 -89.7910004
vn -43.1720009 -8.58699989 -89.7910004
vn -44.0180016 0 -89.7910004
vn -43.1720009 8.58699989 -89.7910004
vn -40.6669998 16.8449993 -89.7910004
vn -36.598999 24.4549999 -89.7910004
vn -31.125 31.1259995 -89.7910004
vn -24.4559994 36.598999 -89.7910004
vn -16.8449993 40.6669998 -89.7910004
vn -90.5479965 -18.0119991 -38.4269981
vn 16.8309994 -84.6149979 -50.5660019
vn 48.7280006 20.184 -84.9599991
vn 71.9209976 14.3059998 -67.9909973
vn -69.1839981 -13.7620001 -70.8820038
vn -46.5289993 -19.2730007 -86.3919983
vn -37.2949982 -37.2949982 -84.9599991
vn 35.612999 35.612999 -86.3909988
vn 27.9810009 41.8759995 -86.3909988
vn 37.2949982 37.2949982 -84.9599991
vn 0 -39.9539986 -91.6719971
vn 27.9799995 -41.8759995 -86.3919983
vn 7.79500008 -39.1860008 -91.6719971
vn -51.8520012 51.8520012 -67.9899979
vn 49.8790016 -49.8790016 -70.8809967
vn 58.6520004 -39.1899986 -70.8809967
vn -4.67399979 23.4990005 97.086998
vn 4.67399979 23.4979992 97.0879974
vn -28.3530006 5.63999987 95.7300034
vn -20.0310001 -3.98399997 97.8919983
vn -44.3069992 18.3519993 87.75
vn -47.9570007 0 87.75
vn -44.3069992 -18.3519993 87.75
vn -30.1450005 -20.1420002 93.1959991
vn -13.3109999 -19.9209995 97.086998
vn -5.63999987 -28.3530006 95.7300034
vn 13.3109999 -19.9209995 97.0879974
vn 16.9820004 11.3470001 97.8919983
vn 33.9109993 -33.9109993 87.75
vn 39.8759995 -26.6439991 87.75
vn 26.7089996 -11.0629997 95.7300034
vn 28.9090004 0 95.7300034
vn 47.0369987 -9.35599995 87.75
vn 47.0369987 9.35599995 87.75
vn 44.3069992 18.3530006 87.75
vn 33.9109993 33.9109993 87.75
vn 20.1420002 30.1450005 93.1959991
vn 22.1970005 -33.2210007 -91.6709976
vn 46.5299988 -19.2730007 -86.3909988
vn -51.7290001 10.2889996 -84.9599991
vn 49.3959999 -9.82499981 -86.3909988
vn 43.8540001 -29.3029995 -84.9599991
vn -73.3290024 0 -67.9909973
vn 70.5400009 0 -70.8809967
vn -71.9209976 -14.3059998 -67.9909973
vn 69.1849976 13.7620001 -70.8809967
vn 51.7299995 -10.29 -84.9599991
vn -49.3950005 9.82600021 -86.3919983
vn -48.7280006 -20.184 -84.9599991
vn 46.5299988 19.2740002 -86.3909988
vn 73.3300018 0 -67.9909973
vn -70.5390015 0 -70.8820038
vn 34.3779984 82.9960022 43.9290009
vn 52.487999 78.5530014 -32.7779999
vn 78.5540009 52.487999 -32.7779999
vn 74.6949997 49.9090004 43.9290009
vn 82.9960022 34.3790016 43.9290009
vn 92.6600037 18.4309998 -32.7789993
vn 88.1080017 17.526001 43.9290009
vn 82.9960022 -34.3790016 43.9290009
vn 74.6949997 -49.9090004 43.9290009
vn -63.5229988 -63.5229988 43.9290009
vn -74.6940002 -49.9090004 43.9300003
vn -92.6600037 -18.4309998 -32.7779999
vn -78.5530014 52.487999 -32.7789993
vn -63.5219994 63.5229988 43.9290009
vn -3.10700011 15.6199999 -98.723999
vn -6.41900015 6.41900015 -99.586998
vn 8.11499977 19.5909996 -97.7259979
vn 6.59899998 -4.40899992 -99.6849976
vn -7.93599987 0 -99.6849976
vn 20.7980003 4.13700008 -97.7259979
vn 14.9949999 -14.9940004 -97.7259979
vn 8.84799957 -13.2419996 -98.723999
vn -5.88899994 -8.81400013 -99.4369965
vn -14.9940004 -14.9940004 -97.7259979
vn -13.2419996 -8.84799957 -98.723999
vn -20.7980003 4.13600016 -97.7259979
vn -14.7130003 6.09399986 -98.723999
vn -17.6310005 11.7810001 -97.7259979
vn -11.7810001 17.6310005 -97.7259979
vn 85.2949982 35.3310013 -38.4259987
vn 79.7060013 33.0159988 -50.5670013
vn -90.5479965 18.0119991 -38.4259987
vn -84.6149979 16.8320007 -50.5660019
vn -65.2809982 65.2819977 -38.4259987
vn -61.0040016 61.0050011 -50.5670013
vn -51.2910004 76.7630005 -38.4259987
vn -33.0159988 79.7060013 -50.5670013
vn -18.0119991 90.5490036 -38.4259987
vn -35.3300018 -85.2939987 -38.4269981
vn 51.2910004 -76.7630005 -38.4259987
vn 16.8320007 84.6149979 -50.5670013
vn -61.0040016 -61.0050011 -50.5660019
vn -0.259000003 1.29799998 -99.9909973
vn 51.2919998 76.7639999 -38.4259987
vn -29.7689991 44.5509987 -84.4329987
vn 29.7679996 44.5509987 -84.4329987
vn 1.22300005 0.507000029 -99.9909973
vn 1.29799998 0.257999986 -99.9909973
vn 1.324 0 -99.9909973
vn 1.29799998 -0.257999986 -99.9909973
vn 1.22300005 -0.507000029 -99.9909973
vn 0.936999977 -0.93599999 -99.9909973
vn 37.8880005 -37.8880005 -84.4329987
vn 29.7679996 -44.5519981 -84.4329987
vn -0.507000029 -1.22300005 -99.9909973
vn -20.5049992 -49.5029984 -84.4329987
vn -0.736000001 -1.10099995 -99.9909973
vn -0.93599999 -0.93599999 -99.9909973
vn -37.8880005 -37.8880005 -84.4329987
vn -1.10099995 -0.736000001 -99.9909973
vn -1.29900002 0.257999986 -99.9909973
vn -44.5509987 29.7689991 -84.4329987
vn -37.8880005 37.8880005 -84.4339981
vn 16.7689991 84.3040009 -51.1049995
vn 0 85.9550018 -51.1040001
vn -8.5880003 43.1720009 -89.7910004
vn 8.58699989 43.1720009 -89.7910004
vn 24.4549999 36.598999 -89.7910004
vn 43.1720009 -8.58699989 -89.7910004
vn -24.4549999 -36.5999985 -89.7910004
vn -31.1259995 -31.125 -89.7910004
vn -31.125 31.125 -89.7910004
vn -24.4549999 36.598999 -89.7910004
vn -11.2130003 56.3709984 -81.8330002
vn 0 57.4749985 -81.8330002
vn 11.2130003 56.3709984 -81.8330002
vn -21.9950008 53.0999985 -81.8330002
vn -32.894001 79.4120026 -51.1049995
vn -47.7540016 71.4690018 -51.1049995
vn -31.9319992 47.7890015 -81.8330002
vn -60.7789993 60.7799988 -51.1049995
vn -40.6409988 40.6409988 -81.8330002
vn -71.4690018 47.7540016 -51.1049995
vn -47.7890015 31.9319992 -81.8320007
vn -79.4120026 32.8930016 -51.1049995
vn -53.1010017 21.9950008 -81.8320007
vn -84.3030014 16.7689991 -51.1049995
vn -56.3709984 11.2130003 -81.8320007
vn -85.9550018 0 -51.1049995
vn -57.4760017 0 -81.8320007
vn -84.3040009 -16.7689991 -51.1049995
vn -56.3720016 -11.2130003 -81.8320007
vn -79.4120026 -32.8930016 -51.1049995
vn -53.1010017 -21.9950008 -81.8320007
vn -71.4690018 -47.7540016 -51.1049995
vn -47.7900009 -31.9319992 -81.8320007
vn -60.7789993 -60.7789993 -51.1049995
vn -40.6409988 -40.6409988 -81.8330002
vn -47.7540016 -71.4690018 -51.1049995
vn -31.9319992 -47.7890015 -81.8330002
vn -32.894001 -79.4120026 -51.1049995
vn -21.9950008 -53.0999985 -81.8330002
vn -16.7689991 -84.3040009 -51.1040001
vn -11.2130003 -56.3720016 -81.8320007
vn 0 -85.9550018 -51.1049995
vn 0 -57.4760017 -81.8320007
vn 16.7689991 -84.3030014 -51.1049995
vn 11.2130003 -56.3709984 -81.8330002
vn 32.894001 -79.4120026 -51.1049995
vn 21.9950008 -53.1010017 -81.8320007
vn 47.7550011 -71.4690018 -51.1049995
vn 31.9319992 -47.7890015 -81.8320007
vn 60.7789993 -60.7789993 -51.1049995
vn 40.6419983 -40.6419983 -81.8320007
vn 71.4690018 -47.7540016 -51.1049995
vn 47.7890015 -31.9319992 -81.8320007
vn 79.4120026 -32.894001 -51.1040001
vn 53.1010017 -21.9950008 -81.8320007
vn 84.3040009 -16.7689991 -51.1049995
vn 56.3709984 -11.2130003 -81.8320007
vn 85.9550018 0 -51.1049995
vn 57.4760017 0 -81.8320007
vn 84.3040009 16.7689991 -51.1040001
vn 56.3720016 11.2130003 -81.8320007
vn 79.4120026 32.894001 -51.1049995
vn 53.1010017 21.9950008 -81.8320007
vn 71.4690018 47.7540016 -51.1040001
vn 47.7890015 31.9319992 -81.8320007
vn 60.7799988 60.7799988 -51.1040001
vn 40.6419983 40.6419983 -81.8320007
vn 47.7540016 71.4690018 -51.105999
vn 31.9319992 47.7890015 -81.8330002
vn 32.894001 79.4120026 -51.1049995
vn 21.9950008 53.0999985 -81.8330002
vn -16.7689991 84.3040009 -51.1049995
vn -10.1049995 51.6199989 85.0490036
vn -10.1490002 -25.2759991 96.2190018
vn 9.6619997 13.0129995 98.6780014
vn 5.1420002 68.5550003 72.6200027
vn -36.5589981 89.7470016 24.677
vn -44.0379982 85.4889984 -27.427
vn -77.5059967 44.0849991 -45.269001
vn -77.7249985 47.1949997 41.6100006
vn 59.4850006 -46.4220009 -65.6240005
vn 44.7270012 -69.6060028 56.1650009
vn -1.93700004 -92.3300018 38.3600006
vn 6.92199993 -82.3600006 -56.2929993
vn 22.9710007 86.7160034 -44.1889992
vn 38.3440018 46.387001 -79.862999
vn 11.573 26.9309998 -95.6080017
vn 6.73199987 88.3809967 -46.2970009
vn 15.342 97.1210022 -18.2220001
vn 2.16899991 98.3519974 -17.9510002
vn -4.14300013 93.8010025 34.4119987
vn 7.41300011 94.8560028 30.7800007
vn 10.0819998 51.6209984 85.0500031
vn -5.19099998 68.0899963 73.0540009
vn -9.64400005 12.4949999 98.7470016
vn 10.184 -25.2740002 96.2160034
vn -59.4589996 -46.3450012 -65.7020035
vn -7.01000023 -82.3130035 -56.3510017
vn 1.972 -92.3290024 38.3590012
vn -44.7089996 -69.6809998 56.0870018
vn -22.9619999 86.7710037 -44.0859985
vn -6.86000013 88.3809967 -46.2779999
vn -11.6610003 27.0079994 -95.5749969
vn -38.3120003 46.5379982 -79.7900009
vn -15.4379997 97.0589981 -18.4729996
vn -7.46999979 94.9309998 30.5330009
vn 4.12099981 93.802002 34.4129982
vn -2.29999995 98.3519974 -17.9319992
vn 36.362999 89.9100037 24.3729992
vn 44.1100006 85.5049973 -27.2609997
vn 77.6869965 47.7529984 41.0410004
vn 77.5759964 43.9830017 -45.2490005
vn -36.7840004 37.1100006 -85.2630005
vn -36.7840004 37.1100006 85.2630005
vn -19.8759995 37.5050011 -90.5449982
vn 19.8759995 37.5050011 -90.5449982
vn 19.8759995 0 -98.0049973
vn -19.8759995 0 -98.0049973
vn -19.8759995 -69.3000031 -69.3000031
vn 19.8759995 -69.3000031 -69.3000031
vn 19.8759995 -90.5449982 -37.5050011
vn -19.8759995 -90.5449982 -37.5050011
vn 19.8759995 -98.0049973 0
vn -19.8759995 -98.0049973 -0
vn 19.8759995 -90.5449982 37.5050011
vn -19.8759995 -90.5449982 37.5050011
vn 19.8759995 -69.3000031 69.3000031
vn -19.8759995 -69.3000031 69.3000031
vn 19.8759995 -37.5050011 90.5449982
vn -19.8759995 -37.5050011 90.5449982
vn 19.8759995 0 98.0049973
vn -19.8759995 0 98.0049973
vn 19.8759995 37.5050011 90.5449982
vn -19.8759995 37.5050011 90.5449982
vn 19.8759995 69.3000031 69.3000031
vn -19.8759995 69.3000031 69.3000031
vn 19.8759995 90.5449982 37.5050011
vn -19.8759995 90.5449982 37.5050011
vn 19.8759995 98.0049973 0
vn -19.8759995 98.0049973 0
vn 19.8759995 90.5449982 -37.5050011
vn -19.8759995 90.5449982 -37.5050011
vn 19.8759995 69.3000031 -69.3000031
vn -19.8759995 69.3000031 -69.3000031
vn 75.4889984 -21.0349998 62.1209984
vn 75.4889984 -49.3419991 43.2060013
vn 100 0 0
vn 98.1500015 -7.32800007 -17.6900005
vn 98.1500015 0 -19.1480007
vn -19.8759995 -37.5050011 -90.5449982
vn 19.8759995 -37.5050011 -90.5449982
vn 98.1500015 -13.54 -13.54
vn 98.1500015 7.32800007 -17.6900005
vn 98.1500015 -19.1480007 0
vn 98.1500015 -17.691 -7.32800007
vn 98.1500015 -17.6900005 7.32800007
vn 98.1500015 -13.54 13.54
vn 98.1500015 -7.32800007 17.6900005
vn 98.1500015 0 19.1480007
vn 98.1500015 7.32800007 17.6900005
vn 98.1500015 13.54 13.54
vn 98.1500015 17.6900005 7.32800007
vn 98.1500015 19.1480007 0
vn 98.1500015 17.6900005 -7.32800007
vn 98.1500015 13.54 -13.54
vn 75.4889984 -4.33899975 65.4420013
vn 75.4889984 29.052 58.7999992
vn 75.4889984 43.2060013 49.3419991
vn 75.4889984 62.1209984 21.0349998
vn 75.4889984 65.4420013 4.33899975
vn 75.4889984 58.7999992 -29.052
vn 75.4889984 49.3419991 -43.2060013
vn 75.4889984 21.0349998 -62.1209984
vn 75.4889984 4.33899975 -65.4420013
vn 75.4889984 -29.052 -58.7999992
vn 75.4889984 -43.2060013 -49.3419991
vn 75.4889984 -62.1209984 -21.0349998
vn 75.4889984 -65.4420013 -4.33899975
vn 75.4889984 -58.7999992 29.052
vn 78.6409988 43.6790009 43.6790009
vn 78.6409988 23.6389999 57.0690002
vn 57.5929985 -41.855999 70.2220001
vn -15.7959995 -39.6469994 90.4349976
vn -49.7000008 1.97300005 86.7519989
vn 63.2410011 -21.0540009 74.5469971
vn 57.5929985 48.8600006 -65.5419998
vn 57.5929985 -20.0580006 -79.2509995
vn 63.2420006 -37.8250008 -67.5999985
vn 63.2410011 60.8160019 -47.9790001
vn -15.7959995 -98.723999 2.02099991
vn 57.5929985 -80.8949966 11.7969999
vn 63.2420006 -76.9290009 -9.07699966
vn -49.7000008 -79.3939972 -35.0209999
vn 57.5929985 41.855999 -70.2220001
vn -15.7959995 39.6469994 -90.435997
vn -49.7000008 -1.97300005 -86.7519989
vn 63.2420006 21.0540009 -74.5469971
vn 75.4889984 43.2060013 49.3429985
vn 57.5929985 80.8939972 -11.7959995
vn 63.2410011 76.9290009 9.07699966
vn -15.7959995 35.9119987 91.9830017
vn -15.7959995 -68.3789978 71.237999
vn -49.7000008 -80.9039993 31.3759995
vn -49.7000008 62.737999 59.9480019
vn -15.7959995 -71.237999 -68.3789978
vn 57.5929985 -65.5419998 -48.8600006
vn 63.2410011 -47.9790001 -60.8160019
vn -49.7000008 -31.3759995 -80.9039993
vn 57.5929985 65.5429993 48.8600006
vn 57.5929985 79.2509995 -20.0580006
vn 63.2410011 67.5999985 -37.8250008
vn 63.2410011 47.9790001 60.8160019
vn 75.4889984 49.3429985 -43.2060013
vn 78.6409988 0 -61.7709999
vn 78.6409988 -23.6389999 -57.0690002
vn 78.6409988 -43.6790009 -43.6780014
vn 78.6409988 -57.0690002 -23.6389999
vn 78.6409988 -61.7709999 0
vn 78.6409988 -57.0690002 23.6389999
vn 78.6409988 -43.6790009 43.6790009
vn 78.6409988 -23.6389999 57.0690002
vn 78.6409988 0 61.7709999
vn 78.6409988 57.0690002 23.6389999
vn 78.6409988 61.7709999 0
vn 78.6409988 57.0690002 -23.6389999
vn 78.6409988 43.6790009 -43.6790009
vn 78.6409988 23.6389999 -57.0690002
vn 71.3929977 0 -70.0210037
vn 71.3929977 26.7959995 -64.6910019
vn 96.612999 9.8760004 -23.8419991
vn 96.612999 0 -25.8069992
vn -71.3929977 -26.7959995 -64.6910019
vn -71.3929977 0 -70.0210037
vn -96.6969986 -9.75399971 -23.5489998
vn -98.8219986 0 -15.302
vn 71.3929977 -26.7959995 -64.6910019
vn -71.3929977 -49.5130005 -49.5130005
vn -98.1500015 -13.54 -13.54
vn 71.3929977 -49.5130005 -49.5130005
vn -71.3929977 -64.6910019 -26.7959995
vn -98.8219986 -14.1379995 -5.85599995
vn 71.3929977 -64.6910019 -26.7959995
vn -71.3929977 -70.0210037 -0
vn -96.6969986 -25.4890003 -0
vn 71.3929977 -70.0210037 0
vn -71.3929977 -64.6910019 26.7959995
vn -98.8219986 -14.1370001 5.85599995
vn 71.3929977 -64.6910019 26.7959995
vn -71.3929977 -49.5130005 49.5130005
vn -96.6969986 -18.0230007 18.0230007
vn 71.3929977 -49.5130005 49.5130005
vn -71.3929977 -26.7959995 64.6910019
vn -98.1500015 -7.32800007 17.6900005
vn 71.3929977 -26.7959995 64.6910019
vn -71.3929977 0 70.0210037
vn -96.6969986 0 25.4890003
vn 71.3929977 0 70.0210037
vn -71.3929977 26.7959995 64.6910019
vn -99.185997 4.87199974 11.7630005
vn 71.3929977 26.7959995 64.6910019
vn -71.3929977 49.5130005 49.5130005
vn -98.1500015 13.54 13.54
vn 71.3929977 49.5130005 49.5130005
vn -71.3929977 64.6910019 26.7959995
vn -96.6969986 23.5489998 9.75399971
vn 71.3929977 64.6910019 26.7959995
vn -71.3929977 70.0210037 0
vn -98.8219986 15.302 0
vn 71.3929977 70.0210037 0
vn -71.3929977 64.6910019 -26.7959995
vn -96.6969986 23.5489998 -9.75399971
vn 71.3929977 64.6910019 -26.7959995
vn -71.3929977 49.5130005 -49.5130005
vn -99.4049988 7.70499992 -7.70499992
vn 71.3929977 49.5130005 -49.5130005
vn -71.3929977 26.7959995 -64.6910019
vn -96.6969986 9.75399971 -23.5489998
vn 57.5929985 70.2220001 41.855999
vn 57.5929985 11.7959995 80.8949966
vn 57.5929985 -70.2220001 -41.855999
vn 57.5929985 -11.7969999 -80.8949966
vn 57.5929985 -79.2509995 20.0580006
vn 57.5929985 20.0580006 79.2509995
vn 57.5929985 -48.8590012 65.5419998
vn -15.7959995 2.02099991 98.723999
vn -15.7959995 90.435997 39.6469994
vn -15.7959995 71.237999 68.3789978
vn -15.7959995 91.9820023 -35.9129982
vn -15.7959995 98.723999 -2.02099991
vn -15.7950001 68.3789978 -71.237999
vn -15.7950001 -35.9129982 -91.9820023
vn -15.7959995 -2.02099991 -98.723999
vn -15.7959995 -90.4349976 -39.6469994
vn -15.7959995 -91.9830017 35.9119987
vn -49.7000008 -62.737999 -59.9480019
vn -49.7000008 80.9039993 -31.3759995
vn 63.2410011 -60.8160019 47.9790001
vn 63.2420006 37.8250008 67.5999985
vn 63.2420006 -9.07699966 76.9290009
vn 63.2410011 74.5469971 21.0540009
vn -49.7000008 86.7519989 -1.97300005
vn -49.7000008 -35.0209999 79.3939972
vn 63.2420006 9.07699966 -76.9290009
vn 63.2420006 -74.5469971 -21.0540009
vn -49.7000008 -86.7519989 1.97300005
vn -49.7000008 35.0209999 -79.3939972
vn -49.7000008 59.9480019 -62.737999
vn -49.7000008 31.3759995 80.9039993
vn 63.2420006 -67.5999985 37.8250008
vn -49.7000008 -59.9480019 62.737999
vn -49.7000008 79.3939972 35.0209999
vn 92.1600037 -14.8540001 -35.8610001
vn 76.5940018 0 -64.2919998
vn 87.2170029 18.7210007 -45.1969986
vn 94.7580032 29.5179996 -12.2270002
vn 94.7580032 -31.9500008 0
vn 94.7580032 12.2270002 29.5179996
vn 76.5940018 -59.3979988 -24.6030006
vn 76.5940018 -45.4609985 -45.4609985
vn 76.5940018 45.4609985 -45.4609985
vn 76.5940018 64.2919998 0
vn 87.2170029 45.1969986 18.7210007
vn 76.5940018 45.4609985 45.4609985
vn 76.5940018 0 64.2919998
vn 87.2170029 -18.7210007 45.1969986
vn 76.5940018 -45.4609985 45.4609985
vn 76.5940018 -59.3979988 24.6030006
vn 96.612999 0 25.8069992
vn 96.612999 9.8760004 23.8430004
vn 96.612999 -9.8760004 23.8419991
vn 96.612999 -9.8760004 -23.8419991
vn 96.612999 18.2479992 18.2479992
vn 96.612999 -18.2479992 -18.2479992
vn 96.612999 23.8419991 9.8760004
vn 96.612999 -23.8419991 -9.8760004
vn 96.612999 25.8069992 0
vn 96.612999 -25.8069992 0
vn 96.612999 23.8419991 -9.8760004
vn 96.612999 -23.8419991 9.8760004
vn 96.612999 18.2479992 -18.2479992
vn 96.612999 -18.2479992 18.2479992
vn -33.8460007 36.0099983 -86.9349976
vn 33.8450012 36.0099983 -86.9349976
vn 33.8460007 0 -94.0979996
vn -33.8460007 0 -94.0979996
vn -33.8460007 -66.5370026 -66.538002
vn 33.8460007 -66.5370026 -66.538002
vn 33.8460007 -86.9349976 -36.0099983
vn -33.8460007 -86.9349976 -36.0099983
vn 33.8450012 -94.0979996 0
vn -33.8450012 -94.0979996 -0
vn 33.8460007 -86.9349976 36.0099983
vn -33.8460007 -86.9349976 36.0099983
vn 33.8460007 -66.538002 66.5370026
vn -33.8460007 -66.5370026 66.538002
vn 33.8460007 -36.0099983 86.9349976
vn -33.8460007 -36.0099983 86.9349976
vn 33.8460007 0 94.0979996
vn -33.8460007 0 94.0979996
vn 33.8460007 36.0099983 86.9349976
vn -33.8460007 36.0099983 86.9349976
vn 33.8460007 66.538002 66.5370026
vn -33.8460007 66.538002 66.5370026
vn 33.8450012 86.9349976 36.0099983
vn -33.8450012 86.9349976 36.0099983
vn 33.8450012 94.0979996 0
vn -33.8450012 94.0979996 0
vn 33.8450012 86.9349976 -36.0099983
vn -33.8460007 86.9349976 -36.0099983
vn 33.8450012 66.538002 -66.538002
vn -33.8460007 66.5370026 -66.538002
vn 75.4889984 49.3419991 43.2060013
vn 75.4889984 21.0349998 62.1209984
vn 97.3050003 16.4810009 -16.1289997
vn 97.5599976 8.36299992 -20.302
vn -33.8460007 -36.0099983 -86.9349976
vn 33.8460007 -36.0099983 -86.9349976
vn 97.0469971 -0.360000014 -24.1200008
vn 95.0350037 -12.7320004 -28.3950005
vn 95.939003 26.3180008 -10.1520004
vn 97.4179993 22.5200005 1.61699998
vn 88.8539963 42.1220016 18.1870003
vn 77.2539978 58.4500008 24.809
vn 91.1610031 41.0800018 1.44200003
vn 99.8700027 -0.386000007 -5.07299995
vn 99.9589996 1.05400002 -2.66499996
vn 97.5599976 8.36299992 -20.3029995
vn 63.2190018 -77.2819977 -5.54699993
vn 84.1819992 -49.5530014 -21.3959999
vn 70.5770035 -65.2129974 -27.6800003
vn 44.9620018 -89.2669983 -3.13400006
vn 91.1610031 41.0810013 1.44200003
vn 52.5390015 62.1389999 58.1240005
vn 52.2649994 38.7999992 75.9140015
vn 44.3160019 6.80999994 89.3850021
vn 25.1849995 1.44599998 96.7659988
vn 33.1469994 38.6030006 86.0879974
vn 99.5680008 8.83300018 -2.84700012
vn 99.2440033 -5.58599997 -10.9300003
vn 95.0350037 -12.7329998 -28.3950005
vn 49.0079994 -82.9639969 26.743
vn 29.7980003 -89.060997 34.3540001
vn 41.6290016 -33.4459991 84.5479965
vn 22.7840004 -37.0859985 90.0309982
vn 75.4889984 4.33899975 65.4420013
vn 88.0469971 -34.6240005 -32.387001
vn 75.4889984 58.7999992 29.052
vn 75.4889984 65.4420013 -4.33899975
vn 44.9609985 -89.2669983 -3.13400006
vn 75.4889984 62.1209984 -21.0349998
vn 75.4889984 43.2060013 -49.3419991
vn 24.0020008 -69.3809967 67.8990021
vn 75.4889984 29.052 -58.7999992
vn 75.4889984 -4.33899975 -65.4420013
vn 75.4889984 -21.0349998 -62.1209984
vn 75.4889984 -49.3419991 -43.2060013
vn 75.4889984 -58.7999992 -29.052
vn 75.4889984 -65.4420013 4.33899975
vn 75.4889984 -62.1209984 21.0349998
vn 75.4889984 -43.2060013 49.3419991
vn 75.4889984 -29.052 58.7999992
vn 79.4860001 60.6790009 0
vn 79.4860001 56.0600014 23.2210007
vn 57.5929985 41.855999 70.2220001
vn 57.5929985 80.8939972 11.7969999
vn 63.2420006 76.9290009 -9.07699966
vn 63.2410011 21.0529995 74.5469971
vn -15.7959995 -71.237999 68.3789978
vn -15.7959995 -91.9820023 -35.9129982
vn -49.7000008 -59.9480019 -62.737999
vn -49.7000008 -31.3759995 80.9039993
vn 57.5929985 -11.7969999 80.8939972
vn -15.7959995 -2.02099991 98.723999
vn -49.7000008 35.0209999 79.3939972
vn 63.2420006 9.07699966 76.9290009
vn 57.5929985 -20.0580006 79.2509995
vn 57.5929985 48.8600006 65.5429993
vn 63.2410011 60.8160019 47.9790001
vn 63.2420006 -37.8250008 67.5999985
vn -15.7959995 -98.723999 -2.02099991
vn -15.7959995 -39.6469994 -90.435997
vn -49.7000008 1.97300005 -86.7519989
vn -49.7000008 -79.3939972 35.0209999
vn 57.5929985 11.7969999 -80.8939972
vn -15.7959995 2.02099991 -98.723999
vn -49.7000008 -35.0209999 -79.3939972
vn 63.2420006 -9.07699966 -76.9290009
vn -15.7959995 -68.3789978 -71.237999
vn -15.7959995 35.9129982 -91.9820023
vn -49.7000008 62.737999 -59.9480019
vn -49.7000008 -80.9039993 -31.3759995
vn 57.5929985 -79.2509995 -20.0580006
vn 63.2410011 -67.5999985 -37.8260002
vn 79.4860001 0 -60.6790009
vn 79.4860001 -23.2210007 -56.0600014
vn 79.4860001 -42.9070015 -42.9070015
vn 79.4860001 -56.0600014 -23.2210007
vn 79.4860001 -60.6790009 0
vn 79.4860001 -56.0600014 23.2210007
vn 79.4860001 -42.9070015 42.9070015
vn 79.4860001 -23.2210007 56.0600014
vn 79.4860001 0 60.6790009
vn 79.4860001 23.2210007 56.0600014
vn 79.4860001 42.9070015 42.9070015
vn 79.4860001 56.0600014 -23.2210007
vn 79.4860001 42.9070015 -42.9070015
vn 79.4860001 23.2210007 -56.0600014
vn -80.6060028 -22.6480007 -54.6780014
vn -80.6060028 0 -59.1829987
vn -98.1500015 -7.32800007 -17.6900005
vn -96.6969986 0 -25.4890003
vn 80.6060028 0 -59.1829987
vn 80.6060028 -22.6480007 -54.6780014
vn -80.6070023 -41.8479996 -41.8479996
vn -99.185997 -9.00300026 -9.00300026
vn 80.6060028 -41.8479996 -41.848999
vn 69.8519974 53.651001 47.3530006
vn -80.6060028 -54.6780014 -22.6480007
vn -96.6969986 -23.5489998 -9.75399971
vn 80.6060028 -54.6780014 -22.6480007
vn -80.6060028 -59.1829987 -0
vn 80.6060028 -59.1829987 0
vn -80.6060028 -54.6780014 22.6480007
vn -98.1500015 -17.6900005 7.32800007
vn 80.6060028 -54.6780014 22.6480007
vn -80.6070023 -41.8479996 41.8479996
vn -98.1500015 -13.54 13.54
vn 80.6070023 -41.8479996 41.8479996
vn 99.9199982 3.0079999 -2.63199997
vn -80.6060028 -22.6480007 54.6780014
vn -96.6969986 -9.75399971 23.5489998
vn 80.6070023 -22.6480007 54.6780014
vn -80.6070023 0 59.1829987
vn 80.6070023 0 59.1829987
vn -80.6070023 22.6480007 54.6780014
vn -98.8219986 5.85599995 14.1370001
vn 80.6070023 22.6480007 54.6780014
vn -80.6070023 41.8479996 41.8479996
vn 80.6070023 41.8479996 41.8479996
vn 95.6740036 -21.8129997 -19.2530003
vn -80.6060028 54.6780014 22.6480007
vn 80.6060028 54.6780014 22.6480007
vn -80.6060028 59.1829987 0
vn -96.6969986 25.4890003 0
vn 80.6060028 59.1829987 0
vn -80.6060028 54.6780014 -22.6480007
vn -99.185997 11.7630005 -4.87199974
vn 80.6060028 54.6780014 -22.6480007
vn -80.6060028 41.848999 -41.848999
vn -96.6969986 18.0230007 -18.0230007
vn 80.6060028 41.848999 -41.848999
vn 43.0320015 -67.9400024 59.4339981
vn -80.6060028 22.6480007 -54.6780014
vn -98.8219986 5.85599995 -14.1370001
vn 80.6060028 22.6480007 -54.6780014
vn 57.5929985 65.5419998 -48.8600006
vn 57.5929985 79.2509995 20.0580006
vn 57.5929985 70.2220001 -41.855999
vn 57.5929985 -48.8600006 -65.5419998
vn 57.5929985 20.0580006 -79.2509995
vn 57.5929985 -80.8939972 -11.7969999
vn 57.5929985 -41.855999 -70.2220001
vn 57.5929985 -65.5429993 48.8590012
vn 57.5929985 -70.2220001 41.855999
vn -15.7959995 -35.9129982 91.9820023
vn -15.7959995 68.3789978 71.237999
vn -15.7959995 39.6469994 90.435997
vn -15.7950001 98.723999 2.02099991
vn -15.7959995 91.9820023 35.9129982
vn -15.7959995 71.2369995 -68.3789978
vn -15.7959995 90.4349976 -39.6479988
vn -15.7959995 -90.4349976 39.6469994
vn -49.7000008 79.3939972 -35.0209999
vn -49.7000008 -1.97300005 86.7519989
vn 63.2420006 -21.0540009 -74.5469971
vn 63.2410011 -76.9290009 9.07699966
vn 63.2420006 67.5999985 37.8250008
vn 63.2410011 47.9790001 -60.8160019
vn -49.7000008 31.3759995 -80.9039993
vn -49.7000008 59.9480019 62.737999
vn 63.2420006 -47.9790001 60.8160019
vn 63.2410011 74.5469971 -21.0540009
vn -49.7000008 86.7519989 1.97300005
vn 63.2410011 -74.5469971 21.0540009
vn -49.7000008 -86.7519989 -1.97300005
vn -49.7000008 80.9039993 31.3759995
vn -49.7000008 -62.737999 59.9480019
vn 63.2420006 37.8260002 -67.5999985
vn 63.2420006 -60.8160019 -47.9790001
vn 94.7580032 -22.5919991 -22.5919991
vn 76.5940018 -24.6040001 -59.3979988
vn 87.2170029 0 -48.9199982
vn 96.2679977 19.1359997 -19.1359997
vn 76.5940018 24.6040001 -59.3979988
vn 76.5940018 59.3979988 -24.6030006
vn 87.2170029 48.9199982 0
vn 92.1600037 14.8540001 35.8610001
vn 87.2170029 0 48.9199982
vn 92.1600037 -35.8610001 14.8540001
vn 76.5940018 -64.2919998 0
vn 96.612999 9.8760004 23.8419991
vn 97.3050003 16.4799995 -16.1280003
vn 88.0459976 -34.625 -32.3880005
vn -75.4889984 -21.0349998 62.1209984
vn -75.4889984 -49.3419991 43.2060013
vn -100 0 0
vn -98.1500015 0 -19.1480007
vn -98.1500015 7.32800007 -17.6900005
vn -98.1500015 -17.691 -7.32800007
vn -98.1500015 -19.1480007 -0
vn -98.1500015 0 19.1480007
vn -98.1500015 7.32800007 17.6900005
vn -98.1500015 17.6900005 7.32800007
vn -98.1500015 19.1480007 0
vn -98.1500015 17.6900005 -7.32800007
vn -98.1500015 13.54 -13.54
vn -75.4889984 -4.33899975 65.4420013
vn -75.4889984 29.052 58.7999992
vn -75.4889984 43.2060013 49.3419991
vn -75.4889984 62.1209984 21.0349998
vn -75.4889984 65.4420013 4.33899975
vn -75.4889984 58.7999992 -29.052
vn -75.4889984 49.3419991 -43.2060013
vn -75.4889984 21.0349998 -62.1209984
vn -75.4889984 4.33899975 -65.4420013
vn -75.4889984 -29.052 -58.7999992
vn -75.4889984 -43.2060013 -49.3419991
vn -75.4889984 -62.1209984 -21.0349998
vn -75.4889984 -65.4420013 -4.33899975
vn -75.4889984 -58.7999992 29.052
vn -78.6409988 43.6790009 43.6790009
vn -78.6409988 23.6389999 57.0690002
vn -57.5929985 -41.855999 70.2220001
vn -63.2410011 -21.0540009 74.5469971
vn 49.7000008 1.97300005 86.7519989
vn 15.7959995 -39.6469994 90.4349976
vn -57.5929985 48.8600006 -65.5419998
vn -63.2410011 60.8160019 -47.9790001
vn -63.2420006 -37.8250008 -67.5999985
vn -57.5929985 -20.0580006 -79.2509995
vn 15.7959995 -98.723999 2.02099991
vn 49.7000008 -79.3939972 -35.0209999
vn -63.2420006 -76.9290009 -9.07699966
vn -57.5929985 -80.8949966 11.7969999
vn -57.5929985 41.855999 -70.2220001
vn -63.2420006 21.0540009 -74.5469971
vn 49.7000008 -1.97300005 -86.7519989
vn 15.7959995 39.6469994 -90.435997
vn -75.4889984 43.2060013 49.3429985
vn -57.5929985 80.8939972 -11.7959995
vn -63.2410011 76.9290009 9.07699966
vn 15.7959995 35.9119987 91.9830017
vn 49.7000008 62.737999 59.9480019
vn 49.7000008 -80.9039993 31.3759995
vn 15.7959995 -68.3789978 71.237999
vn 15.7959995 -71.237999 -68.3789978
vn 49.7000008 -31.3759995 -80.9039993
vn -63.2410011 -47.9790001 -60.8160019
vn -57.5929985 -65.5419998 -48.8600006
vn -57.5929985 65.5429993 48.8600006
vn -63.2410011 47.9790001 60.8160019
vn -63.2410011 67.5999985 -37.8250008
vn -57.5929985 79.2509995 -20.0580006
vn -75.4889984 49.3429985 -43.2060013
vn -78.6409988 0 -61.7709999
vn -78.6409988 -23.6389999 -57.0690002
vn -78.6409988 -43.6790009 -43.6780014
vn -78.6409988 -57.0690002 -23.6389999
vn -78.6409988 -61.7709999 -0
vn -78.6409988 -57.0690002 23.6389999
vn -78.6409988 -43.6790009 43.6790009
vn -78.6409988 -23.6389999 57.0690002
vn -78.6409988 0 61.7709999
vn -78.6409988 57.0690002 23.6389999
vn -78.6409988 61.7709999 0
vn -78.6409988 57.0690002 -23.6389999
vn -78.6409988 43.6790009 -43.6790009
vn -78.6409988 23.6389999 -57.0690002
vn -96.612999 0 -25.8069992
vn -96.612999 9.8760004 -23.8419991
vn 98.8219986 0 -15.302
vn 96.6969986 -9.75399971 -23.5489998
vn 98.8219986 -14.1379995 -5.85599995
vn 96.6969986 -25.4890003 0
vn 98.8219986 -14.1370001 5.85599995
vn 96.6969986 -18.0230007 18.0230007
vn 96.6969986 0 25.4890003
vn 99.185997 4.87199974 11.7630005
vn 96.6969986 23.5489998 9.75399971
vn 98.8219986 15.302 0
vn 96.6969986 23.5489998 -9.75399971
vn 99.4049988 7.70499992 -7.70499992
vn 96.6969986 9.75399971 -23.5489998
vn -57.5929985 70.2220001 41.855999
vn -57.5929985 11.7959995 80.8949966
vn -57.5929985 -70.2220001 -41.855999
vn -57.5929985 -11.7969999 -80.8949966
vn -57.5929985 -79.2509995 20.0580006
vn -57.5929985 20.0580006 79.2509995
vn -57.5929985 -48.8590012 65.5419998
vn 15.7959995 2.02099991 98.723999
vn 15.7959995 90.435997 39.6469994
vn 15.7959995 71.237999 68.3789978
vn 15.7959995 91.9820023 -35.9129982
vn 15.7959995 98.723999 -2.02099991
vn 15.7950001 68.3789978 -71.237999
vn 15.7950001 -35.9129982 -91.9820023
vn 15.7959995 -2.02099991 -98.723999
vn 15.7959995 -90.4349976 -39.6469994
vn 15.7959995 -91.9830017 35.9119987
vn 49.7000008 80.9039993 -31.3759995
vn 49.7000008 -62.737999 -59.9480019
vn -63.2410011 -60.8160019 47.9790001
vn -63.2420006 37.8250008 67.5999985
vn -63.2420006 -9.07699966 76.9290009
vn 49.7000008 -35.0209999 79.3939972
vn 49.7000008 86.7519989 -1.97300005
vn -63.2410011 74.5469971 21.0540009
vn -63.2420006 9.07699966 -76.9290009
vn 49.7000008 35.0209999 -79.3939972
vn 49.7000008 -86.7519989 1.97300005
vn -63.2420006 -74.5469971 -21.0540009
vn 49.7000008 31.3759995 80.9039993
vn 49.7000008 59.9480019 -62.737999
vn 49.7000008 -59.9480019 62.737999
vn -63.2420006 -67.5999985 37.8250008
vn 49.7000008 79.3939972 35.0209999
vn -87.2170029 18.7210007 -45.1969986
vn -76.5940018 0 -64.2919998
vn -92.1600037 -14.8540001 -35.8610001
vn -94.7580032 29.5179996 -12.2270002
vn -76.5940018 -45.4609985 -45.4609985
vn -76.5940018 -59.3979988 -24.6030006
vn -94.7580032 -31.9500008 -0
vn -94.7580032 12.2270002 29.5179996
vn -87.2170029 -18.7210007 45.1969986
vn -76.5940018 -59.3979988 24.6030006
vn -76.5940018 -45.4609985 45.4609985
vn -76.5940018 0 64.2919998
vn -76.5940018 45.4609985 45.4609985
vn -87.2170029 45.1969986 18.7210007
vn -76.5940018 64.2919998 0
vn -76.5940018 45.4609985 -45.4609985
vn -96.612999 9.8760004 23.8430004
vn -96.612999 0 25.8069992
vn -96.612999 -9.8760004 23.8419991
vn -96.612999 -9.8760004 -23.8419991
vn -96.612999 18.2479992 18.2479992
vn -96.612999 -18.2479992 -18.2479992
vn -96.612999 23.8419991 9.8760004
vn -96.612999 -23.8419991 -9.8760004
vn -96.612999 25.8069992 0
vn -96.612999 -25.8069992 -0
vn -96.612999 23.8419991 -9.8760004
vn -96.612999 -23.8419991 9.8760004
vn -96.612999 18.2479992 -18.2479992
vn -96.612999 -18.2479992 18.2479992
vn 33.8460007 36.0099983 -86.9349976
vn -33.8450012 36.0099983 -86.9349976
vn 33.8460007 -94.0979996 0
vn 33.8460007 -66.5370026 66.538002
vn -33.8460007 -66.538002 66.5370026
vn 33.8460007 86.9349976 36.0099983
vn 33.8460007 94.0979996 0
vn 33.8460007 86.9349976 -36.0099983
vn -33.8450012 86.9349976 -36.0099983
vn 33.8460007 66.5370026 -66.538002
vn -33.8450012 66.538002 -66.538002
vn -75.4889984 49.3419991 43.2060013
vn -75.4889984 21.0349998 62.1209984
vn -97.3050003 16.4810009 -16.1289997
vn -97.5599976 8.36299992 -20.302
vn -97.0469971 -0.360000014 -24.1200008
vn -95.0350037 -12.7320004 -28.3950005
vn -95.939003 26.3180008 -10.1520004
vn -97.4179993 22.5200005 1.61699998
vn -91.1610031 41.0800018 1.44200003
vn -77.2539978 58.4500008 24.809
vn -88.8539963 42.1220016 18.1870003
vn -99.8700027 -0.386000007 -5.07299995
vn -97.5599976 8.36299992 -20.3029995
vn -99.9589996 1.05400002 -2.66499996
vn -63.2190018 -77.2819977 -5.54699993
vn -44.9620018 -89.2669983 -3.13400006
vn -70.5770035 -65.2129974 -27.6800003
vn -84.1819992 -49.5530014 -21.3959999
vn -91.1610031 41.0810013 1.44200003
vn -52.5390015 62.1389999 58.1240005
vn -52.2649994 38.7999992 75.9140015
vn -33.1469994 38.6030006 86.0879974
vn -25.1849995 1.44599998 96.7659988
vn -44.3160019 6.80999994 89.3850021
vn -99.5680008 8.83300018 -2.84700012
vn -99.2440033 -5.58599997 -10.9300003
vn -95.0350037 -12.7329998 -28.3950005
vn -49.0079994 -82.9639969 26.743
vn -29.7980003 -89.060997 34.3540001
vn -22.7840004 -37.0859985 90.0309982
vn -41.6290016 -33.4459991 84.5479965
vn -75.4889984 4.33899975 65.4420013
vn -88.0469971 -34.6240005 -32.387001
vn -75.4889984 58.7999992 29.052
vn -44.9609985 -89.2669983 -3.13400006
vn -75.4889984 65.4420013 -4.33899975
vn -75.4889984 62.1209984 -21.0349998
vn -24.0020008 -69.3809967 67.8990021
vn -75.4889984 43.2060013 -49.3419991
vn -75.4889984 29.052 -58.7999992
vn -75.4889984 -4.33899975 -65.4420013
vn -75.4889984 -21.0349998 -62.1209984
vn -75.4889984 -49.3419991 -43.2060013
vn -75.4889984 -58.7999992 -29.052
vn -75.4889984 -65.4420013 4.33899975
vn -75.4889984 -62.1209984 21.0349998
vn -75.4889984 -43.2060013 49.3419991
vn -75.4889984 -29.052 58.7999992
vn -79.4860001 60.6790009 0
vn -79.4860001 56.0600014 23.2210007
vn -57.5929985 41.855999 70.2220001
vn -63.2410011 21.0529995 74.5469971
vn -63.2420006 76.9290009 -9.07699966
vn -57.5929985 80.8939972 11.7969999
vn 15.7959995 -71.237999 68.3789978
vn 49.7000008 -31.3759995 80.9039993
vn 49.7000008 -59.9480019 -62.737999
vn 15.7959995 -91.9820023 -35.9129982
vn -57.5929985 -11.7969999 80.8939972
vn -63.2420006 9.07699966 76.9290009
vn 49.7000008 35.0209999 79.3939972
vn 15.7959995 -2.02099991 98.723999
vn -57.5929985 -20.0580006 79.2509995
vn -63.2420006 -37.8250008 67.5999985
vn -63.2410011 60.8160019 47.9790001
vn -57.5929985 48.8600006 65.5429993
vn 15.7959995 -98.723999 -2.02099991
vn 49.7000008 -79.3939972 35.0209999
vn 49.7000008 1.97300005 -86.7519989
vn 15.7959995 -39.6469994 -90.435997
vn -57.5929985 11.7969999 -80.8939972
vn -63.2420006 -9.07699966 -76.9290009
vn 49.7000008 -35.0209999 -79.3939972
vn 15.7959995 2.02099991 -98.723999
vn 15.7959995 -68.3789978 -71.237999
vn 49.7000008 -80.9039993 -31.3759995
vn 49.7000008 62.737999 -59.9480019
vn 15.7959995 35.9129982 -91.9820023
vn -63.2420006 -67.5999985 -37.8260002
vn -57.5929985 -79.2509995 -20.0580006
vn -79.4860001 0 -60.6790009
vn -79.4860001 -23.2210007 -56.0600014
vn -79.4860001 -42.9070015 -42.9070015
vn -79.4860001 -56.0600014 -23.2210007
vn -79.4860001 -60.6790009 -0
vn -79.4860001 -56.0600014 23.2210007
vn -79.4860001 -42.9070015 42.9070015
vn -79.4860001 -23.2210007 56.0600014
vn -79.4860001 0 60.6790009
vn -79.4860001 23.2210007 56.0600014
vn -79.4860001 42.9070015 42.9070015
vn -79.4860001 56.0600014 -23.2210007
vn -79.4860001 42.9070015 -42.9070015
vn -79.4860001 23.2210007 -56.0600014
vn 80.6070023 -22.6480007 -54.6780014
vn 96.6969986 0 -25.4890003
vn 80.6070023 -41.8479996 -41.8479996
vn 99.185997 -9.00300026 -9.00300026
vn -80.6060028 -41.8479996 -41.848999
vn -69.8519974 53.651001 47.3530006
vn 96.6969986 -23.5489998 -9.75399971
vn 80.6070023 -54.6780014 22.6480007
vn -99.9199982 3.0079999 -2.63199997
vn 96.6969986 -9.75399971 23.5489998
vn -80.6070023 -22.6480007 54.6780014
vn 98.8219986 5.85599995 14.1370001
vn -95.6740036 -21.8129997 -19.2530003
vn 96.6969986 25.4890003 0
vn 80.6070023 54.6780014 -22.6480007
vn 98.8219986 14.1379995 -5.85599995
vn 80.6070023 41.8479996 -41.8479996
vn 96.6969986 18.0230007 -18.0230007
vn -43.0320015 -67.9400024 59.4339981
vn 99.185997 4.87199974 -11.7630005
vn -57.5929985 65.5429993 -48.8600006
vn -57.5929985 79.2509995 20.0580006
vn -57.5929985 70.2220001 -41.855999
vn -57.5929985 -48.8600006 -65.5419998
vn -57.5929985 20.0580006 -79.2509995
vn -57.5929985 -80.8939972 -11.7969999
vn -57.5929985 -41.855999 -70.2220001
vn -57.5929985 -65.5429993 48.8590012
vn -57.5929985 -70.2220001 41.855999
vn 15.7959995 -35.9129982 91.9820023
vn 15.7959995 68.3789978 71.237999
vn 15.7959995 39.6469994 90.435997
vn 15.7950001 98.723999 2.02099991
vn 15.7959995 91.9820023 35.9129982
vn 15.7959995 71.237999 -68.3789978
vn 15.7959995 90.4349976 -39.6479988
vn 15.7959995 -90.4349976 39.6469994
vn 49.7000008 -1.97300005 86.7519989
vn 49.7000008 79.3939972 -35.0209999
vn -63.2420006 -21.0540009 -74.5469971
vn -63.2410011 -76.9290009 9.07699966
vn -63.2420006 67.5999985 37.8250008
vn 49.7000008 59.9480019 62.737999
vn 49.7000008 31.3759995 -80.9039993
vn -63.2420006 47.9790001 -60.8160019
vn -63.2420006 -47.9790001 60.8160019
vn -63.2420006 74.5469971 -21.0540009
vn 49.7000008 86.7519989 1.97300005
vn -63.2420006 -74.5469971 21.0540009
vn 49.7000008 -86.7519989 -1.97300005
vn 49.7000008 -62.737999 59.9480019
vn 49.7000008 80.9039993 31.3759995
vn -63.2420006 37.8260002 -67.5999985
vn -63.2420006 -60.8160019 -47.9790001
vn -87.2170029 0 -48.9210014
vn -76.5940018 -24.6040001 -59.3979988
vn -94.7580032 -22.5919991 -22.5919991
vn -96.2679977 19.1359997 -19.1359997
vn -76.5940018 -64.2919998 -0
vn -92.1600037 -35.8610001 14.8540001
vn -87.2170029 0 48.9199982
vn -92.1600037 14.8540001 35.8610001
vn -87.2170029 48.9210014 0
vn -76.5940018 59.3979988 -24.6030006
vn -76.5940018 24.6040001 -59.3979988
vn -96.612999 9.8760004 23.8419991
vn -97.3050003 16.4799995 -16.1280003
vn -88.0459976 -34.625 -32.3880005

# Mesh '' with 3597 faces
usemtl C4DMAT___
f  1/1/1 2/2/2 3/3/3 4/4/4
f  5/5/5 6/5/6 7/6/7 8/7/8
f  9/8/9 10/8/10 11/5/6 12/5/5
f  13/9/11 14/10/12 15/11/13 16/12/14
f  17/13/15 18/14/16 19/15/17 20/16/18
f  21/17/19 22/18/20 23/19/21 24/20/22
f  25/21/23 26/22/24 27/23/25 28/24/26
f  29/7/8 30/6/7 31/25/27 32/25/28
f  33/26/29 34/27/30 35/28/31 36/29/32
f  37/25/28 38/25/27 39/8/10 40/8/9
f  41/30/33 42/31/34 43/31/35 44/30/36
f  45/29/37 46/28/38 47/32/39 48/33/40
f  49/34/41 50/35/42 51/31/43 52/30/44
f  53/36/45 54/1/1 55/17/19
f  56/4/4 57/9/11 58/18/20
f  59/37/46 60/20/22 61/16/18
f  62/12/14 63/13/15 64/19/21
f  65/8/9 66/38/47 67/15/17
f  68/39/48 69/5/5 70/2/2
f  71/3/3 72/7/8 73/10/12
f  74/11/13 75/25/28 76/14/16
f  77/26/29 78/8/10 79/30/36
f  80/29/32 81/29/37 82/5/6
f  83/33/40 84/34/41 85/6/7
f  86/30/44 87/30/33 88/25/27
f  89/27/30 90/31/35 91/22/24
f  92/28/31 93/21/23 94/28/38
f  95/32/39 96/24/26 97/35/42
f  98/31/43 99/23/25 100/31/34
f  101/20/22 102/37/46 103/36/45 104/17/19
f  105/17/19 106/1/1 107/4/4 108/18/20
f  109/18/20 110/9/11 111/12/14 112/19/21
f  113/19/21 114/13/15 115/16/18 116/20/22
f  117/38/47 118/8/9 119/5/5 120/39/48
f  121/2/2 122/5/5 123/7/8 124/3/3
f  125/10/12 126/7/8 127/25/28 128/11/13
f  129/14/16 130/25/28 131/8/9 132/15/17
f  133/37/46 134/16/18 135/15/17 136/38/47
f  137/11/13 138/14/16 139/13/15 140/12/14
f  141/9/11 142/4/4 143/3/3 144/10/12
f  145/39/48 146/2/2 147/1/1 148/36/45
f  149/8/10 150/26/29 151/29/32 152/5/6
f  153/5/6 154/29/37 155/33/40 156/6/7
f  157/6/7 158/34/41 159/30/44 160/25/27
f  161/25/27 162/30/33 163/30/36 164/8/10
f  165/27/30 166/22/24 167/21/23 168/28/31
f  169/28/38 170/21/23 171/24/26 172/32/39
f  173/35/42 174/24/26 175/23/25 176/31/43
f  177/31/34 178/23/25 179/22/24 180/31/35
f  181/30/33 182/30/44 183/31/43 184/31/34
f  185/32/39 186/35/42 187/34/41 188/33/40
f  189/29/37 190/29/32 191/28/31 192/28/38
f  193/31/35 194/27/30 195/26/29 196/30/36
f  197/37/46 198/38/47 199/39/48 200/36/45
f  201/40/49 202/40/50 203/41/51 204/42/52
f  205/43/53 206/43/54 207/44/55 208/44/56
f  209/45/57 210/45/58 211/46/59 212/47/60
f  213/48/61 214/49/62 215/50/63 216/51/64
f  217/52/65 218/46/66 219/53/67 220/54/68
f  221/55/69 222/55/70 223/56/71 224/56/72
f  225/57/73 226/57/74 227/58/75 228/58/76
f  229/59/77 230/60/78 231/61/79 232/61/80
f  233/62/81 234/62/82 235/63/83 236/63/84
f  237/64/61 238/65/62 239/66/63 240/67/85
f  241/68/86 242/69/66 243/70/67 244/71/87
f  245/72/88 246/72/89 247/73/90 248/73/91
f  249/74/92 250/74/93 251/75/75 252/76/76
f  253/77/94 254/77/95 255/78/96 256/78/97
f  257/79/81 258/79/82 259/80/98 260/80/99
f  261/81/100 262/82/62 263/83/101 264/84/102
f  265/85/103 266/86/104 267/87/67 268/88/105
f  269/89/106 270/89/89 271/90/90 272/90/107
f  273/91/49 274/75/50 275/92/51 276/93/52
f  277/94/108 278/94/109 279/95/110 280/95/111
f  281/96/112 282/96/113 283/97/114 284/98/115
f  285/99/61 286/100/62 287/101/63 288/102/64
f  289/103/65 290/97/66 291/104/67 292/105/68
f  293/106/116 294/106/70 295/107/117 296/107/118
f  297/108/119 298/108/120 299/109/121 300/109/122
f  301/110/81 302/110/82 303/111/83 304/111/123
f  305/112/61 306/113/124 307/114/101 308/115/125
f  309/116/126 310/117/66 311/118/67 312/119/105
f  313/120/127 314/120/128 315/121/90 316/121/107
f  317/122/129 318/40/49 319/48/61
f  320/42/52 321/55/69 322/49/62
f  323/123/130 324/51/64 325/47/60
f  326/56/72 327/45/57 328/50/63
f  329/123/131 330/46/59 331/46/66
f  332/122/96 333/52/65 334/40/50
f  335/41/51 336/54/68 337/55/70
f  338/56/71 339/53/67 340/45/58
f  341/44/56 342/57/73 343/64/61
f  344/58/76 345/72/88 346/65/62
f  347/43/53 348/67/85 349/63/84
f  350/73/91 351/62/81 352/66/63
f  353/43/54 354/63/83 355/69/66
f  356/44/55 357/68/86 358/57/74
f  359/58/75 360/71/87 361/72/89
f  362/73/90 363/70/67 364/62/82
f  365/61/80 366/74/92 367/81/100
f  368/76/76 369/89/106 370/82/62
f  371/59/77 372/84/102 373/80/99
f  374/90/107 375/79/81 376/83/101
f  377/60/78 378/80/98 379/86/104
f  380/61/79 381/85/103 382/74/93
f  383/75/75 384/88/105 385/89/89
f  386/90/90 387/87/67 388/79/82
f  389/78/97 390/91/49 391/99/61
f  392/93/52 393/106/116 394/100/62
f  395/77/94 396/102/64 397/98/115
f  398/107/118 399/96/112 400/101/63
f  401/77/95 402/97/114 403/97/66
f  404/78/96 405/103/65 406/75/50
f  407/92/51 408/105/68 409/106/70
f  410/107/117 411/104/67 412/96/113
f  413/95/111 414/108/119 415/112/61
f  416/109/122 417/120/127 418/113/124
f  419/94/108 420/115/125 421/111/123
f  422/121/107 423/110/81 424/114/101
f  425/94/109 426/111/83 427/117/66
f  428/95/110 429/116/126 430/108/120
f  431/109/121 432/119/105 433/120/128
f  434/121/90 435/118/67 436/110/82
f  437/51/64 438/123/130 439/122/129 440/48/61
f  441/48/61 442/40/49 443/42/52 444/49/62
f  445/49/62 446/55/69 447/56/72 448/50/63
f  449/50/63 450/45/57 451/47/60 452/51/64
f  453/123/131 454/46/66 455/52/65 456/122/96
f  457/40/50 458/52/65 459/54/68 460/41/51
f  461/55/70 462/54/68 463/53/67 464/56/71
f  465/45/58 466/53/67 467/46/66 468/46/59
f  469/45/57 470/56/72 471/56/71 472/45/58
f  473/41/51 474/55/70 475/55/69 476/42/52
f  477/40/49 478/122/129 479/122/96 480/40/50
f  481/46/59 482/123/131 483/123/130 484/47/60
f  485/67/85 486/43/53 487/44/56 488/64/61
f  489/64/61 490/57/73 491/58/76 492/65/62
f  493/65/62 494/72/88 495/73/91 496/66/63
f  497/66/63 498/62/81 499/63/84 500/67/85
f  501/43/54 502/69/66 503/68/86 504/44/55
f  505/57/74 506/68/86 507/71/87 508/58/75
f  509/72/89 510/71/87 511/70/67 512/73/90
f  513/62/82 514/70/67 515/69/66 516/63/83
f  517/62/81 518/73/91 519/73/90 520/62/82
f  521/58/75 522/72/89 523/72/88 524/58/76
f  525/57/73 526/44/56 527/44/55 528/57/74
f  529/63/83 530/43/54 531/43/53 532/63/84
f  533/84/102 534/59/77 535/61/80 536/81/100
f  537/81/100 538/74/92 539/76/76 540/82/62
f  541/82/62 542/89/106 543/90/107 544/83/101
f  545/83/101 546/79/81 547/80/99 548/84/102
f  549/60/78 550/86/104 551/85/103 552/61/79
f  553/74/93 554/85/103 555/88/105 556/75/75
f  557/89/89 558/88/105 559/87/67 560/90/90
f  561/79/82 562/87/67 563/86/104 564/80/98
f  565/79/81 566/90/107 567/90/90 568/79/82
f  569/75/75 570/89/89 571/89/106 572/76/76
f  573/74/92 574/61/80 575/61/79 576/74/93
f  577/80/98 578/60/78 579/59/77 580/80/99
f  581/102/64 582/77/94 583/78/97 584/99/61
f  585/99/61 586/91/49 587/93/52 588/100/62
f  589/100/62 590/106/116 591/107/118 592/101/63
f  593/101/63 594/96/112 595/98/115 596/102/64
f  597/77/95 598/97/66 599/103/65 600/78/96
f  601/75/50 602/103/65 603/105/68 604/92/51
f  605/106/70 606/105/68 607/104/67 608/107/117
f  609/96/113 610/104/67 611/97/66 612/97/114
f  613/96/112 614/107/118 615/107/117 616/96/113
f  617/92/51 618/106/70 619/106/116 620/93/52
f  621/91/49 622/78/97 623/78/96 624/75/50
f  625/97/114 626/77/95 627/77/94 628/98/115
f  629/115/125 630/94/108 631/95/111 632/112/61
f  633/112/61 634/108/119 635/109/122 636/113/124
f  637/113/124 638/120/127 639/121/107 640/114/101
f  641/114/101 642/110/81 643/111/123 644/115/125
f  645/94/109 646/117/66 647/116/126 648/95/110
f  649/108/120 650/116/126 651/119/105 652/109/121
f  653/120/128 654/119/105 655/118/67 656/121/90
f  657/110/82 658/118/67 659/117/66 660/111/83
f  661/110/81 662/121/107 663/121/90 664/110/82
f  665/109/121 666/120/128 667/120/127 668/109/122
f  669/108/119 670/95/111 671/95/110 672/108/120
f  673/111/83 674/94/109 675/94/108 676/111/123
f  677/123/130 678/123/131 679/122/96 680/122/129
f  681/124/132 682/125/133 683/126/134 684/127/135
f  685/128/136 686/125/133 687/124/132 688/129/137
f  689/124/132 690/130/138 691/131/139 692/132/140
f  693/124/132 694/132/140 695/133/141 696/134/142
f  697/124/132 698/134/142 699/135/143 700/129/137
f  701/130/138 702/136/144 703/137/145 704/138/146
f  705/130/138 706/138/146 707/139/147 708/140/148
f  709/130/138 710/140/148 711/141/149 712/131/139
f  713/130/138 714/130/150 715/142/151
f  716/130/138 717/142/151 718/143/152 719/136/144
f  720/144/153 721/145/133 722/146/134 723/147/154
f  724/148/136 725/145/133 726/144/153 727/149/137
f  728/144/153 729/150/155 730/151/156 731/152/140
f  732/144/153 733/152/140 734/153/141 735/154/142
f  736/144/153 737/154/142 738/155/143 739/149/137
f  740/150/155 741/156/144 742/157/145 743/158/146
f  744/150/155 745/158/146 746/159/147 747/160/148
f  748/150/155 749/160/148 750/161/149 751/151/156
f  752/150/155 753/162/150 754/163/151
f  755/150/155 756/163/151 757/164/152 758/156/144
f  759/165/157 760/166/158 761/167/159 762/168/160
f  763/169/161 764/170/162 765/171/163 766/172/164
f  767/170/162 768/169/161 769/173/165
f  770/170/162 771/173/165 772/174/166
f  773/170/162 774/174/166 775/175/167
f  776/176/168 777/171/163 778/177/169 779/178/170
f  780/171/163 781/176/168 782/179/171
f  783/171/163 784/179/171 785/180/172
f  786/171/163 787/180/172 788/172/164
f  789/177/169 790/181/173 791/182/174 792/183/175
f  793/177/169 794/183/175 795/184/176
f  796/177/169 797/184/176 798/185/177
f  799/177/169 800/185/177 801/186/178
f  802/177/169 803/186/178 804/187/179
f  805/177/169 806/187/179 807/178/170
f  808/181/173 809/188/180 810/189/181
f  811/181/173 812/189/181 813/182/174
f  814/190/182 815/191/183 816/192/184 817/193/185
f  818/190/182 819/193/185 820/194/186
f  821/192/184 822/195/187 823/196/171 824/197/172
f  825/192/184 826/197/172 827/198/164
f  828/192/184 829/198/164 830/199/161
f  831/192/184 832/199/161 833/200/165
f  834/192/184 835/200/165 836/193/185
f  837/195/187 838/201/188 839/202/170
f  840/195/187 841/202/170 842/203/168
f  843/195/187 844/203/168 845/196/171
f  846/204/189 847/177/169 848/205/190 849/206/191
f  850/207/192 851/208/193 852/209/194 853/210/195
f  854/211/196 855/212/197 856/213/198 857/214/199
f  858/215/200 859/177/169 860/216/201 861/217/202
f  862/171/163 863/165/157 864/218/203 865/177/169
f  866/195/187 867/219/204 868/220/205 869/221/206
f  870/222/207 871/223/208 872/224/209 873/225/210
f  874/226/211 875/227/212 876/228/213 877/229/214
f  878/219/204 879/195/187 880/230/215 881/231/216
f  882/232/217 883/215/200 884/191/183 885/190/182
f  886/233/218 887/234/219 888/235/220
f  889/235/220 890/234/219 891/236/221 892/237/222
f  893/237/222 894/238/223 895/235/220
f  896/239/224 897/240/225 898/241/226
f  899/234/219 900/239/224 901/241/226 902/236/221
f  903/195/187 904/214/199 905/242/227 906/230/215
f  907/243/228 908/207/192 909/210/195 910/244/229
f  911/245/230 912/246/231 913/247/232 914/248/233
f  915/249/234 916/243/228 917/244/229 918/250/235
f  919/204/189 920/226/211 921/251/236 922/252/237
f  923/253/238 924/254/239 925/255/240 926/256/241
f  927/195/187 928/192/184 929/257/242 930/258/243
f  931/191/183 932/215/200 933/217/202 934/259/244
f  935/260/245 936/261/246 937/262/247 938/263/248
f  939/264/249 940/260/245 941/263/248 942/265/250
f  943/266/251 944/267/252 945/268/253
f  946/268/253 947/267/252 948/269/254 949/270/255
f  950/271/256 951/264/249 952/265/250 953/272/257
f  954/229/214 955/211/196 956/273/258 957/274/259
f  958/275/260 959/276/261 960/277/262 961/278/263
f  962/276/261 963/279/264 964/280/265 965/277/262
f  966/250/235 967/244/229 968/210/195 969/209/194
f  970/256/241 971/255/240 972/281/266 973/282/267
f  974/262/247 975/272/257 976/265/250 977/263/248
f  978/278/263 979/277/262 980/280/265 981/283/268
f  982/284/255 983/285/269 984/286/270 985/287/271
f  986/254/239 987/288/272 988/281/266 989/255/240
f  990/192/184 991/191/183 992/289/273 993/257/242
f  994/214/199 995/213/198 996/290/274 997/242/227
f  998/261/246 999/271/256 1000/272/257 1001/262/247
f  1002/177/169 1003/204/189 1004/252/237 1005/216/201
f  1006/291/275 1007/275/260 1008/278/263 1009/292/276
f  1010/285/269 1011/204/189 1012/206/191 1013/286/270
f  1014/226/211 1015/229/214 1016/293/277 1017/251/236
f  1018/191/183 1019/229/214 1020/274/259 1021/289/273
f  1022/211/196 1023/214/199 1024/294/278 1025/273/258
f  1026/213/198 1027/219/204 1028/231/216 1029/290/274
f  1030/295/279 1031/296/280 1032/297/280 1033/298/281
f  1034/218/203 1035/165/157 1036/299/282 1037/300/283
f  1038/165/157 1039/280/284 1040/301/285 1041/299/282
f  1042/284/255 1043/218/203 1044/300/283 1045/302/286
f  1046/303/287 1047/304/288 1048/305/289 1049/306/290
f  1050/166/158 1051/165/157 1052/307/159 1053/308/291
f  1054/165/157 1055/171/163 1056/303/287 1057/307/159
f  1058/171/163 1059/170/162 1060/304/288 1061/303/287
f  1062/170/162 1063/166/158 1064/308/291 1065/304/288
f  1066/309/292 1067/310/293 1068/306/290 1069/305/289
f  1070/304/288 1071/308/291 1072/309/292 1073/305/289
f  1074/307/159 1075/303/287 1076/306/290 1077/310/293
f  1078/308/291 1079/307/159 1080/310/293 1081/309/292
f  1082/311/294 1083/312/295 1084/313/296 1085/314/297
f  1086/280/284 1087/165/157 1088/168/160 1089/315/298
f  1090/166/158 1091/316/299 1092/317/300 1093/167/159
f  1094/317/300 1095/315/298 1096/312/295 1097/311/294
f  1098/315/298 1099/168/160 1100/318/301 1101/312/295
f  1102/168/160 1103/167/159 1104/319/302 1105/318/301
f  1106/167/159 1107/317/300 1108/311/294 1109/319/302
f  1110/314/297 1111/313/296 1112/320/303 1113/321/304
f  1114/318/301 1115/319/302 1116/321/304 1117/320/303
f  1118/319/302 1119/311/294 1120/314/297 1121/321/304
f  1122/312/295 1123/318/301 1124/320/303 1125/313/296
f  1126/322/305 1127/323/306 1128/301/285 1129/302/286
f  1130/323/306 1131/296/280 1132/299/282 1133/301/285
f  1134/295/279 1135/322/305 1136/302/286 1137/300/283
f  1138/296/280 1139/295/279 1140/300/283 1141/299/282
f  1142/298/281 1143/297/280 1144/324/307
f  1145/298/281 1146/324/307 1147/325/308
f  1148/326/309 1149/298/281 1150/325/308 1151/327/310
f  1152/324/307 1153/297/280 1154/328/311 1155/329/312
f  1156/296/280 1157/323/306 1158/328/311 1159/297/280
f  1160/323/306 1161/322/305 1162/327/310 1163/329/312
f  1164/323/306 1165/329/312 1166/328/311
f  1167/322/305 1168/326/309 1169/327/310
f  1170/322/305 1171/295/279 1172/298/281 1173/326/309
f  1174/327/310 1175/325/308 1176/330/313 1177/331/314
f  1178/332/315 1179/325/308 1180/324/307 1181/333/316
f  1182/325/308 1183/332/315 1184/330/313
f  1185/334/317 1186/332/315 1187/333/316 1188/335/318
f  1189/336/319 1190/337/320 1191/338/321 1192/339/322
f  1193/331/314 1194/330/313 1195/332/315 1196/334/317
f  1197/329/312 1198/327/310 1199/334/317 1200/335/318
f  1201/327/310 1202/331/314 1203/334/317
f  1204/340/323 1205/337/320 1206/324/307 1207/329/312
f  1208/336/319 1209/341/324 1210/335/318 1211/333/316
f  1212/337/320 1213/336/319 1214/333/316 1215/324/307
f  1216/341/324 1217/340/323 1218/329/312 1219/335/318
f  1220/338/321 1221/342/325 1222/343/326 1223/339/322
f  1224/337/320 1225/340/323 1226/342/325 1227/338/321
f  1228/340/323 1229/341/324 1230/343/326 1231/342/325
f  1232/341/324 1233/336/319 1234/339/322 1235/343/326
f  1236/222/207 1237/344/327 1238/221/206 1239/220/205
f  1240/344/327 1241/345/328 1242/346/329 1243/221/206
f  1244/223/208 1245/222/207 1246/220/205 1247/347/330
f  1248/345/328 1249/223/208 1250/347/330 1251/346/329
f  1252/348/331 1253/349/332 1254/225/210 1255/224/209
f  1256/223/208 1257/345/328 1258/348/331 1259/224/209
f  1260/345/328 1261/344/327 1262/349/332 1263/348/331
f  1264/344/327 1265/222/207 1266/225/210 1267/349/332
f  1268/232/217 1269/190/182 1270/350/333 1271/351/334
f  1272/181/173 1273/232/217 1274/351/334 1275/352/335
f  1276/353/336 1277/354/337 1278/355/338 1279/356/339
f  1280/357/340 1281/358/180 1282/346/329 1283/359/341
f  1284/166/158 1285/170/162 1286/360/342 1287/361/343
f  1288/146/134 1289/145/133 1290/174/166 1291/175/167
f  1292/175/167 1293/362/344 1294/363/345 1295/237/222
f  1296/146/134 1297/175/167 1298/237/222
f  1299/238/223 1300/146/134 1301/237/222
f  1302/190/182 1303/194/186 1304/364/346 1305/350/333
f  1306/365/347 1307/366/348 1308/367/349 1309/368/350
f  1310/366/348 1311/369/351 1312/367/349
f  1313/368/350 1314/370/352 1315/365/347
f  1316/316/299 1317/166/158 1318/361/343
f  1319/316/299 1320/361/343 1321/371/353
f  1322/316/299 1323/371/353 1324/241/226 1325/240/225
f  1326/130/138 1327/372/354 1328/373/355 1329/124/132
f  1330/372/354 1331/130/138 1332/366/348 1333/374/356
f  1334/124/132 1335/373/355 1336/375/355 1337/356/339
f  1338/375/355 1339/376/355 1340/353/336 1341/356/339
f  1342/376/355 1343/377/357 1344/144/153 1345/150/155
f  1346/353/336 1347/376/355 1348/150/155 1349/378/358
f  1350/377/357 1351/239/224 1352/234/219 1353/144/153
f  1354/234/219 1355/233/218 1356/144/153
f  1357/150/155 1358/379/351 1359/378/358
f  1360/356/339 1361/380/359 1362/124/132
f  1363/130/138 1364/369/351 1365/366/348
f  1366/189/181 1367/164/152 1368/163/151 1369/188/180
f  1370/381/360 1371/314/361 1372/188/180
f  1373/381/360 1374/188/180 1375/163/151 1376/382/350
f  1377/382/350 1378/382/362 1379/381/360
f  1380/314/361 1381/188/180 1382/181/173 1383/352/335
f  1384/183/175 1385/157/145 1386/156/144 1387/182/174
f  1388/184/176 1389/158/146 1390/157/145 1391/183/175
f  1392/182/174 1393/156/144 1394/164/152 1395/189/181
f  1396/383/349 1397/162/150 1398/150/155 1399/379/351
f  1400/378/358 1401/384/363 1402/354/337 1403/353/336
f  1404/178/170 1405/151/156 1406/161/149 1407/187/179
f  1408/176/168 1409/152/140 1410/151/156 1411/178/170
f  1412/187/179 1413/161/149 1414/160/148 1415/186/178
f  1416/174/166 1417/145/133 1418/148/136 1419/173/165
f  1420/169/161 1421/149/137 1422/155/143 1423/172/164
f  1424/382/350 1425/163/151 1426/162/150 1427/383/349
f  1428/126/134 1429/125/133 1430/193/185 1431/194/186
f  1432/194/186 1433/364/346 1434/385/364 1435/386/365
f  1436/126/134 1437/194/186 1438/386/365
f  1439/386/223 1440/126/134 1441/386/365
f  1442/235/220 1443/147/154 1444/146/134 1445/238/223
f  1446/185/177 1447/159/147 1448/158/146 1449/184/176
f  1450/172/164 1451/155/143 1452/154/142 1453/180/172
f  1454/180/172 1455/154/142 1456/153/141 1457/179/171
f  1458/144/153 1459/147/154 1460/235/220 1461/233/218
f  1462/186/178 1463/160/148 1464/159/147 1465/185/177
f  1466/173/165 1467/148/136 1468/149/137 1469/169/161
f  1470/179/171 1471/153/141 1472/152/140 1473/176/168
f  1474/387/174 1475/136/144 1476/143/152 1477/388/181
f  1478/389/177 1479/139/147 1480/138/146 1481/390/176
f  1482/391/366 1483/392/367 1484/393/368 1485/394/369
f  1486/388/181 1487/143/152 1488/142/151 1489/358/180
f  1490/395/370 1491/357/340 1492/358/180
f  1493/395/370 1494/358/180 1495/142/151 1496/368/350
f  1497/368/350 1498/370/352 1499/395/370
f  1500/124/132 1501/127/135 1502/396/371 1503/380/359
f  1504/199/161 1505/129/137 1506/135/143 1507/198/164
f  1508/397/178 1509/140/148 1510/139/147 1511/389/177
f  1512/390/176 1513/138/146 1514/137/145 1515/398/175
f  1516/198/164 1517/135/143 1518/134/142 1519/197/172
f  1520/200/165 1521/128/136 1522/129/137 1523/199/161
f  1524/203/168 1525/132/140 1526/131/139 1527/202/170
f  1528/366/348 1529/365/347 1530/399/372 1531/374/356
f  1532/396/371 1533/127/135 1534/126/134 1535/386/223
f  1536/197/172 1537/134/142 1538/133/141 1539/196/171
f  1540/398/175 1541/137/145 1542/136/144 1543/387/174
f  1544/196/171 1545/133/141 1546/132/140 1547/203/168
f  1548/193/185 1549/125/133 1550/128/136 1551/200/165
f  1552/367/349 1553/130/150 1554/130/138 1555/369/351
f  1556/400/179 1557/141/149 1558/140/148 1559/397/178
f  1560/368/350 1561/142/151 1562/130/150 1563/367/349
f  1564/202/170 1565/131/139 1566/201/188
f  1567/201/188 1568/131/139 1569/141/149 1570/400/179
f  1571/346/329 1572/347/330 1573/401/373 1574/359/341
f  1575/358/180 1576/388/181 1577/346/329
f  1578/388/181 1579/387/174 1580/346/329
f  1581/387/174 1582/398/175 1583/221/206 1584/346/329
f  1585/398/175 1586/390/176 1587/221/206
f  1588/221/206 1589/390/176 1590/389/177 1591/195/187
f  1592/389/177 1593/397/178 1594/195/187
f  1595/397/178 1596/400/179 1597/195/187
f  1598/400/179 1599/201/188 1600/195/187
f  1601/402/374 1602/403/165 1603/404/375 1604/405/376
f  1605/404/375 1606/403/165 1607/406/377 1608/407/164
f  1609/404/375 1610/407/164 1611/408/378 1612/409/171
f  1613/404/375 1614/409/171 1615/410/379 1616/411/380
f  1617/411/380 1618/412/179 1619/413/381 1620/404/375
f  1621/413/381 1622/412/179 1623/414/382 1624/415/177
f  1625/413/381 1626/415/177 1627/416/383 1628/417/175
f  1629/413/381 1630/417/175 1631/418/384 1632/419/181
f  1633/413/381 1634/419/181 1635/420/385 1636/413/386
f  1637/404/375 1638/421/387 1639/405/376
f  1640/422/388 1641/423/166 1642/424/389 1643/425/161
f  1644/426/390 1645/423/166 1646/422/388 1647/427/391
f  1648/422/388 1649/425/161 1650/428/392 1651/429/172
f  1652/422/388 1653/429/172 1654/430/393 1655/431/168
f  1656/422/388 1657/431/168 1658/432/170 1659/433/394
f  1660/433/394 1661/432/170 1662/434/395 1663/435/178
f  1664/433/394 1665/435/178 1666/436/396 1667/437/176
f  1668/433/394 1669/437/176 1670/438/397 1671/439/174
f  1672/433/394 1673/439/174 1674/440/398 1675/441/399
f  1676/441/399 1677/442/386 1678/433/394
f  1679/443/400 1680/444/401 1681/445/402 1682/446/403
f  1683/391/366 1684/394/369 1685/447/133
f  1686/391/366 1687/447/133 1688/448/404
f  1689/391/366 1690/448/404 1691/449/137
f  1692/450/405 1693/391/366 1694/449/137 1695/451/406
f  1696/451/406 1697/452/142 1698/450/405
f  1699/452/142 1700/453/407 1701/450/405
f  1702/453/407 1703/454/140 1704/450/405
f  1705/454/140 1706/455/156 1707/266/251 1708/450/405
f  1709/455/156 1710/456/408 1711/266/251
f  1712/456/408 1713/457/148 1714/266/251
f  1715/457/148 1716/458/409 1717/266/251
f  1718/458/409 1719/459/146 1720/266/251
f  1721/459/146 1722/460/410 1723/266/251
f  1724/266/251 1725/460/410 1726/461/144 1727/462/411
f  1728/461/144 1729/463/412 1730/462/411
f  1731/463/412 1732/464/413 1733/462/411
f  1734/465/414 1735/466/369 1736/467/415
f  1737/465/414 1738/467/415 1739/468/416 1740/469/417
f  1741/467/415 1742/470/404 1743/468/416
f  1744/470/404 1745/471/137 1746/468/416
f  1747/471/137 1748/472/406 1749/468/416
f  1750/472/406 1751/473/142 1752/468/416
f  1753/468/416 1754/473/142 1755/474/407 1756/475/418
f  1757/474/407 1758/476/140 1759/475/418
f  1760/476/140 1761/477/156 1762/475/418
f  1763/477/156 1764/478/419 1765/475/418
f  1766/479/420 1767/480/421 1768/481/422 1769/482/423
f  1770/483/424 1771/484/425 1772/246/231 1773/245/230
f  1774/485/426 1775/486/427 1776/487/198 1777/488/197
f  1778/266/251 1779/489/428 1780/490/429 1781/491/430
f  1782/450/405 1783/266/251 1784/268/253 1785/443/400
f  1786/475/418 1787/492/431 1788/493/432 1789/494/204
f  1790/495/207 1791/496/332 1792/497/331 1793/498/208
f  1794/499/433 1795/500/434 1796/501/213 1797/502/212
f  1798/475/418 1799/503/435 1800/504/436 1801/486/427
f  1802/505/437 1803/465/414 1804/469/417 1805/506/438
f  1806/507/439 1807/508/440 1808/509/441 1809/510/442
f  1810/508/440 1811/511/443 1812/509/441
f  1813/510/442 1814/512/444 1815/507/439
f  1816/446/403 1817/513/445 1818/392/367 1819/391/366
f  1820/487/198 1821/514/446 1822/515/447 1823/494/204
f  1824/516/448 1825/517/449 1826/484/425 1827/483/424
f  1828/248/233 1829/247/232 1830/517/449 1831/516/448
f  1832/491/430 1833/490/429 1834/518/450 1835/499/433
f  1836/506/438 1837/519/451 1838/489/428 1839/266/251
f  1840/475/418 1841/520/452 1842/521/453 1843/468/416
f  1844/522/454 1845/523/455 1846/524/456 1847/525/457
f  1848/526/458 1849/527/459 1850/528/460 1851/529/461
f  1852/482/423 1853/481/422 1854/527/459 1855/526/458
f  1856/529/461 1857/528/460 1858/480/421 1859/479/420
f  1860/500/434 1861/530/462 1862/531/463 1863/485/426
f  1864/468/416 1865/521/453 1866/532/464 1867/469/417
f  1868/533/465 1869/534/466 1870/535/467 1871/536/468
f  1872/247/232 1873/246/231 1874/484/425 1875/517/449
f  1876/537/469 1877/538/470 1878/524/456 1879/523/455
f  1880/528/460 1881/527/459 1882/481/422 1883/480/421
f  1884/535/467 1885/539/471 1886/540/472 1887/541/473
f  1888/270/255 1889/269/254 1890/542/474 1891/543/269
f  1892/500/434 1893/544/475 1894/545/476 1895/469/417
f  1896/469/417 1897/532/464 1898/530/462 1899/500/434
f  1900/486/427 1901/504/436 1902/514/446 1903/487/198
f  1904/491/430 1905/546/477 1906/267/252 1907/266/251
f  1908/547/478 1909/537/469 1910/523/455 1911/522/454
f  1912/486/427 1913/548/479 1914/520/452 1915/475/418
f  1916/543/269 1917/542/474 1918/546/477 1919/491/430
f  1920/499/433 1921/518/450 1922/544/475 1923/500/434
f  1924/536/468 1925/535/467 1926/541/473 1927/549/480
f  1928/485/426 1929/531/463 1930/548/479 1931/486/427
f  1932/494/204 1933/515/447 1934/503/435 1935/475/418
f  1936/550/481 1937/551/482 1938/552/483 1939/553/483
f  1940/268/253 1941/301/484 1942/554/485 1943/443/400
f  1944/443/400 1945/554/485 1946/555/285 1947/556/284
f  1948/270/255 1949/557/286 1950/301/484 1951/268/253
f  1952/558/486 1953/559/487 1954/244/488 1955/560/489
f  1956/446/403 1957/561/490 1958/562/402 1959/443/400
f  1960/443/400 1961/562/402 1962/558/486 1963/450/405
f  1964/450/405 1965/558/486 1966/560/489 1967/391/366
f  1968/391/366 1969/560/489 1970/561/490 1971/446/403
f  1972/563/491 1973/244/488 1974/559/487 1975/564/492
f  1976/560/489 1977/244/488 1978/563/491 1979/561/490
f  1980/562/402 1981/564/492 1982/559/487 1983/558/486
f  1984/561/490 1985/563/491 1986/564/492 1987/562/402
f  1988/565/493 1989/566/494 1990/567/495 1991/568/496
f  1992/556/284 1993/569/298 1994/444/401 1995/443/400
f  1996/446/403 1997/445/402 1998/570/300 1999/571/497
f  2000/570/300 2001/565/493 2002/568/496 2003/569/298
f  2004/569/298 2005/568/496 2006/572/498 2007/444/401
f  2008/444/401 2009/572/498 2010/573/499 2011/445/402
f  2012/445/402 2013/573/499 2014/565/493 2015/570/300
f  2016/566/494 2017/369/500 2018/574/501 2019/567/495
f  2020/572/498 2021/574/501 2022/369/500 2023/573/499
f  2024/573/499 2025/369/500 2026/566/494 2027/565/493
f  2028/568/496 2029/567/495 2030/574/501 2031/572/498
f  2032/322/502 2033/557/286 2034/555/285 2035/575/503
f  2036/575/503 2037/555/285 2038/554/485 2039/553/483
f  2040/550/481 2041/301/484 2042/557/286 2043/322/502
f  2044/553/483 2045/554/485 2046/301/484 2047/550/481
f  2048/576/504 2049/551/482 2050/326/505 2051/577/506
f  2052/551/482 2053/576/504 2054/578/507
f  2055/551/482 2056/578/507 2057/552/483
f  2058/578/507 2059/579/508 2060/580/509 2061/552/483
f  2062/553/483 2063/552/483 2064/580/509 2065/575/503
f  2066/575/503 2067/580/509 2068/579/508
f  2069/575/503 2070/579/508 2071/577/506 2072/322/502
f  2073/577/506 2074/326/505 2075/322/502
f  2076/322/502 2077/326/505 2078/551/482 2079/550/481
f  2080/577/506 2081/581/510 2082/582/511 2083/576/504
f  2084/576/504 2085/582/511 2086/583/512
f  2087/578/507 2088/576/504 2089/583/512 2090/584/513
f  2091/585/514 2092/586/515 2093/584/513 2094/583/512
f  2095/587/516 2096/588/517 2097/172/518 2098/589/519
f  2099/581/510 2100/585/514 2101/583/512 2102/582/511
f  2103/579/508 2104/586/515 2105/585/514 2106/577/506
f  2107/585/514 2108/581/510 2109/577/506
f  2110/590/520 2111/579/508 2112/578/507 2113/589/519
f  2114/587/516 2115/584/513 2116/586/515 2117/591/521
f  2118/589/519 2119/578/507 2120/584/513 2121/587/516
f  2122/591/521 2123/586/515 2124/579/508 2125/590/520
f  2126/172/518 2127/588/517 2128/592/522 2129/593/523
f  2130/589/519 2131/172/518 2132/593/523 2133/590/520
f  2134/590/520 2135/593/523 2136/592/522 2137/591/521
f  2138/591/521 2139/592/522 2140/588/517 2141/587/516
f  2142/495/207 2143/493/432 2144/492/431 2145/344/524
f  2146/344/524 2147/492/431 2148/594/525 2149/595/526
f  2150/498/208 2151/596/527 2152/493/432 2153/495/207
f  2154/595/526 2155/594/525 2156/596/527 2157/498/208
f  2158/597/209 2159/497/331 2160/496/332 2161/349/210
f  2162/498/208 2163/497/331 2164/597/209 2165/595/526
f  2166/595/526 2167/597/209 2168/349/210 2169/344/524
f  2170/344/524 2171/349/210 2172/496/332 2173/495/207
f  2174/505/437 2175/598/528 2176/599/529 2177/465/414
f  2178/594/525 2179/600/530 2180/601/531 2181/596/527
f  2182/602/532 2183/603/533 2184/604/534 2185/605/535
f  2186/606/536 2187/239/537 2188/508/440 2189/507/439
f  2190/239/537 2191/606/536 2192/607/538
f  2193/608/539 2194/600/530 2195/594/525 2196/609/540
f  2197/604/534 2198/603/533 2199/610/532
f  2200/610/532 2201/611/541 2202/612/542 2203/604/534
f  2204/604/534 2205/612/542 2206/613/543
f  2207/613/543 2208/614/544 2209/604/534
f  2210/465/414 2211/599/529 2212/615/545 2213/466/369
f  2214/616/546 2215/617/547 2216/618/548
f  2217/618/548 2218/617/547 2219/619/549 2220/620/550
f  2221/620/550 2222/621/551 2223/618/548
f  2224/423/166 2225/426/390 2226/394/369 2227/447/133
f  2228/622/552 2229/393/368 2230/394/369 2231/510/442
f  2232/394/369 2233/426/390 2234/510/442
f  2235/510/442 2236/512/444 2237/622/552
f  2238/372/553 2239/374/356 2240/617/547 2241/413/381
f  2242/373/554 2243/372/553 2244/413/381 2245/404/375
f  2246/617/547 2247/616/546 2248/413/381
f  2249/375/554 2250/373/554 2251/404/375 2252/603/533
f  2253/404/375 2254/611/541 2255/610/532
f  2256/404/375 2257/610/532 2258/603/533
f  2259/375/554 2260/603/533 2261/602/532 2262/376/554
f  2263/602/532 2264/623/555 2265/433/394 2266/376/554
f  2267/623/555 2268/366/546 2269/433/394
f  2270/376/554 2271/433/394 2272/422/388 2273/377/556
f  2274/422/388 2275/511/443 2276/508/440
f  2277/377/556 2278/422/388 2279/508/440 2280/239/537
f  2281/441/399 2282/440/398 2283/463/412 2284/464/413
f  2285/464/413 2286/624/557 2287/625/558 2288/626/559
f  2289/441/399 2290/464/413 2291/626/559
f  2292/626/559 2293/626/551 2294/441/399
f  2295/571/497 2296/627/560 2297/513/445 2298/446/403
f  2299/460/410 2300/461/144 2301/439/174 2302/438/397
f  2303/459/146 2304/460/410 2305/438/397 2306/437/176
f  2307/461/144 2308/463/412 2309/440/398 2310/439/174
f  2311/628/548 2312/366/546 2313/433/394 2314/442/386
f  2315/623/555 2316/602/532 2317/605/535 2318/629/561
f  2319/455/156 2320/456/408 2321/434/395 2322/432/170
f  2323/454/140 2324/455/156 2325/432/170 2326/431/168
f  2327/456/408 2328/457/148 2329/435/178 2330/434/395
f  2331/447/133 2332/448/404 2333/424/389 2334/423/166
f  2335/449/137 2336/451/406 2337/428/392 2338/425/161
f  2339/626/551 2340/628/548 2341/442/386 2342/441/399
f  2343/402/374 2344/405/376 2345/466/369 2346/467/415
f  2347/630/562 2348/615/545 2349/466/369 2350/613/543
f  2351/466/369 2352/405/376 2353/613/543
f  2354/613/543 2355/614/544 2356/630/562
f  2357/509/441 2358/510/442 2359/426/390 2360/427/391
f  2361/458/409 2362/459/146 2363/437/176 2364/436/396
f  2365/451/406 2366/452/142 2367/429/172 2368/428/392
f  2369/452/142 2370/453/407 2371/430/393 2372/429/172
f  2373/422/388 2374/511/443 2375/509/441 2376/427/391
f  2377/457/148 2378/458/409 2379/436/396 2380/435/178
f  2381/448/404 2382/449/137 2383/425/161 2384/424/389
f  2385/453/407 2386/454/140 2387/431/168 2388/430/393
f  2389/631/144 2390/632/412 2391/419/181 2392/418/384
f  2393/633/409 2394/634/146 2395/416/383 2396/415/177
f  2397/420/385 2398/419/181 2399/632/412 2400/609/540
f  2401/609/540 2402/608/539 2403/491/563 2404/620/550
f  2405/420/385 2406/609/540 2407/620/550
f  2408/620/550 2409/621/551 2410/420/385
f  2411/404/375 2412/611/541 2413/612/542 2414/421/387
f  2415/471/137 2416/472/406 2417/407/164 2418/406/377
f  2419/635/148 2420/633/409 2421/415/177 2422/414/382
f  2423/634/146 2424/636/410 2425/417/175 2426/416/383
f  2427/472/406 2428/473/142 2429/408/378 2430/407/164
f  2431/470/404 2432/471/137 2433/406/377 2434/403/165
f  2435/476/140 2436/477/156 2437/411/380 2438/410/379
f  2439/462/411 2440/637/528 2441/598/528 2442/505/437
f  2443/612/542 2444/613/543 2445/405/376 2446/421/387
f  2447/473/142 2448/474/407 2449/409/171 2450/408/378
f  2451/636/410 2452/631/144 2453/418/384 2454/417/175
f  2455/474/407 2456/476/140 2457/410/379 2458/409/171
f  2459/467/415 2460/470/404 2461/403/165 2462/402/374
f  2463/618/548 2464/616/546 2465/413/381 2466/413/386
f  2467/638/408 2468/635/148 2469/414/382 2470/412/179
f  2471/621/551 2472/618/548 2473/413/386 2474/420/385
f  2475/477/156 2476/478/419 2477/411/380
f  2478/478/419 2479/638/408 2480/412/179 2481/411/380
f  2482/617/547 2483/374/356 2484/399/564 2485/619/549
f  2486/609/540 2487/594/525 2488/632/412
f  2489/594/525 2490/631/144 2491/632/412
f  2492/631/144 2493/594/525 2494/492/431 2495/636/410
f  2496/492/431 2497/475/418 2498/633/409 2499/634/146
f  2500/492/431 2501/634/146 2502/636/410
f  2503/475/418 2504/478/419 2505/638/408
f  2506/475/418 2507/638/408 2508/635/148
f  2509/475/418 2510/635/148 2511/633/409
f  2512/624/557 2513/637/528 2514/462/411 2515/464/413
f  2516/366/546 2517/623/555 2518/628/548
f  2519/628/548 2520/623/555 2521/629/561 2522/626/559
f  2523/626/559 2524/626/551 2525/628/548
f  2526/639/565 2527/538/470 2528/640/566 2529/641/567
f  2530/642/568 2531/640/566 2532/538/470 2533/537/469
f  2534/525/457 2535/524/456 2536/538/470 2537/639/565
f  2538/641/567 2539/640/566 2540/642/568 2541/643/569
f  2542/462/411 2543/505/437 2544/506/438 2545/266/251
f  2546/491/430 2547/499/433 2548/502/212 2549/543/269
f  2550/469/417 2551/545/476 2552/519/451 2553/506/438
f  2554/384/363 2555/378/358 2556/383/349 2557/382/350
f  2558/378/358 2559/379/351 2560/383/349
f  2561/382/350 2562/382/362 2563/384/363
f  2564/380/359 2565/356/339 2566/355/338 2567/396/371
f  2568/396/371 2569/355/338 2570/386/365
f  2571/386/365 2572/386/223 2573/396/371
f  2574/644/570 2575/645/571 2576/646/572 2577/282/267
f  2578/647/573 2579/256/241 2580/282/267 2581/646/572
f  2582/288/272 2583/644/570 2584/282/267 2585/281/266
f  2586/645/571 2587/648/574 2588/647/573 2589/646/572
f  2590/181/173 2591/177/169 2592/215/200 2593/232/217
f  2594/204/189 2595/285/269 2596/227/212 2597/226/211
f  2598/229/214 2599/191/183 2600/259/244 2601/293/277
f  2602/649/575 2603/539/471 2604/650/576 2605/651/577
f  2606/549/480 2607/541/473 2608/540/472 2609/652/578
f  2610/534/466 2611/650/576 2612/539/471 2613/535/467
f  2614/652/578 2615/540/472 2616/539/471 2617/649/575
f  2618/651/577 2619/650/576 2620/534/466 2621/533/465
f  2622/500/434 2623/485/426 2624/488/197 2625/501/213
f  2626/653/579 2627/654/580 2628/655/581 2629/283/268
f  2630/214/199 2631/195/187 2632/258/243 2633/294/278
f  2634/292/276 2635/278/263 2636/283/268 2637/655/581
f  2638/279/264 2639/653/579 2640/283/268 2641/280/265
f  2642/654/580 2643/291/275 2644/292/276 2645/655/581
f  2646/229/214 2647/228/213 2648/212/197 2649/211/196
f  2650/351/334 2651/350/333 2652/656/582 2653/657/583
f  2654/657/583 2655/656/582 2656/355/338 2657/354/337
f  2658/359/341 2659/401/373 2660/658/584 2661/659/585
f  2662/659/585 2663/658/584 2664/399/372 2665/365/347
f  2666/314/361 2667/352/335 2668/660/586 2669/381/360
f  2670/381/360 2671/660/586 2672/384/363 2673/382/362
f  2674/357/340 2675/359/341 2676/659/585 2677/395/370
f  2678/395/370 2679/659/585 2680/365/347 2681/370/352
f  2682/361/343 2683/360/342 2684/661/587 2685/371/353
f  2686/371/353 2687/661/587 2688/236/221 2689/241/226
f  2690/360/342 2691/362/344 2692/363/345 2693/661/587
f  2694/661/587 2695/363/345 2696/237/222 2697/236/221
f  2698/350/333 2699/364/346 2700/385/364 2701/656/582
f  2702/656/582 2703/385/364 2704/386/365 2705/355/338
f  2706/605/535 2707/604/534 2708/662/588 2709/663/437
f  2710/663/437 2711/662/588 2712/599/529 2713/598/528
f  2714/619/549 2715/399/564 2716/664/589 2717/665/590
f  2718/665/590 2719/664/589 2720/601/531 2721/600/530
f  2722/626/559 2723/629/561 2724/666/591 2725/625/558
f  2726/625/558 2727/666/591 2728/637/528 2729/624/557
f  2730/620/550 2731/619/549 2732/665/590 2733/491/563
f  2734/491/563 2735/665/590 2736/600/530 2737/608/539
f  2738/606/536 2739/507/439 2740/667/592 2741/668/593
f  2742/668/593 2743/667/592 2744/392/367 2745/513/445
f  2746/607/538 2747/606/536 2748/668/593 2749/277/594
f  2750/277/594 2751/668/593 2752/513/445 2753/627/560
f  2754/507/439 2755/512/444 2756/622/552 2757/667/592
f  2758/667/592 2759/622/552 2760/393/368 2761/392/367
f  2762/604/534 2763/614/544 2764/630/562 2765/662/588
f  2766/662/588 2767/630/562 2768/615/545 2769/599/529
f  2770/629/561 2771/605/535 2772/663/437 2773/666/591
f  2774/666/591 2775/663/437 2776/598/528 2777/637/528
f  2778/352/335 2779/351/334 2780/657/583 2781/660/586
f  2782/660/586 2783/657/583 2784/354/337 2785/384/363
f  2786/170/162 2787/175/167 2788/362/344 2789/360/342
f  2790/253/238 2791/648/574 2792/259/244 2793/217/202
f  2794/648/574 2795/645/571 2796/293/277 2797/259/244
f  2798/288/272 2799/254/239 2800/216/201 2801/252/237
f  2802/251/236 2803/293/277 2804/645/571 2805/644/570
f  2806/275/260 2807/291/275 2808/258/243 2809/257/242
f  2810/291/275 2811/654/580 2812/294/278 2813/258/243
f  2814/289/273 2815/274/259 2816/279/264 2817/276/261
f  2818/273/258 2819/294/278 2820/654/580 2821/653/579
f  2822/254/239 2823/253/238 2824/217/202 2825/216/201
f  2826/252/237 2827/251/236 2828/644/570 2829/288/272
f  2830/276/261 2831/275/260 2832/257/242 2833/289/273
f  2834/274/259 2835/273/258 2836/653/579 2837/279/264
f  2838/648/574 2839/253/238 2840/256/241 2841/647/573
f  2842/519/451 2843/545/476 2844/643/569 2845/547/478
f  2846/545/476 2847/544/475 2848/641/567 2849/643/569
f  2850/490/429 2851/489/428 2852/522/454 2853/525/457
f  2854/639/565 2855/641/567 2856/544/475 2857/518/450
f  2858/521/453 2859/520/452 2860/533/465 2861/536/468
f  2862/520/452 2863/548/479 2864/651/577 2865/533/465
f  2866/549/480 2867/652/578 2868/530/462 2869/532/464
f  2870/649/575 2871/651/577 2872/548/479 2873/531/463
f  2874/489/428 2875/519/451 2876/547/478 2877/522/454
f  2878/525/457 2879/639/565 2880/518/450 2881/490/429
f  2882/532/464 2883/521/453 2884/536/468 2885/549/480
f  2886/652/578 2887/649/575 2888/531/463 2889/530/462
f  2890/643/569 2891/642/568 2892/537/469 2893/547/478
f  2894/287/271 2895/286/270 2896/264/249 2897/271/256
f  2898/271/256 2899/261/246 2900/205/190 2901/287/271
f  2902/206/191 2903/205/190 2904/261/246 2905/260/245
f  2906/286/270 2907/206/191 2908/260/245 2909/264/249
f  2910/479/420 2911/482/423 2912/542/474 2913/269/254
f  2914/269/254 2915/267/252 2916/529/461 2917/479/420
f  2918/526/458 2919/529/461 2920/267/252 2921/546/477
f  2922/482/423 2923/526/458 2924/546/477 2925/542/474
f  2926/177/169 2927/218/203 2928/205/190
f  2929/218/203 2930/284/255 2931/287/271 2932/205/190
f  2933/249/234 2934/208/193 2935/290/274 2936/231/216
f  2937/231/216 2938/230/215 2939/243/228 2940/249/234
f  2941/230/215 2942/242/227 2943/207/192 2944/243/228
f  2945/208/193 2946/207/192 2947/242/227 2948/290/274
f  2949/515/447 2950/514/446 2951/245/230 2952/248/233
f  2953/248/233 2954/516/448 2955/503/435 2956/515/447
f  2957/516/448 2958/483/424 2959/504/436 2960/503/435
f  2961/514/446 2962/504/436 2963/483/424 2964/245/230
f  2965/208/193 2966/249/234 2967/250/235 2968/209/194
f  2969/669/595 2970/670/596 2971/671/597 2972/672/598
f  2973/673/599 2974/674/600 2975/675/601 2976/676/602
f  2977/677/603 2978/678/604 2979/679/605 2980/680/606
f  2981/681/607 2982/682/608 2983/683/609 2984/684/610
f  2985/685/611 2986/677/603 2987/680/606 2988/686/612
f  2989/687/613 2990/681/607 2991/684/610 2992/688/614
f  2993/689/615 2994/685/611 2995/686/612 2996/690/616
f  2997/691/617 2998/687/613 2999/688/614 3000/692/618
f  3001/693/619 3002/694/620 3003/695/621 3004/674/622
f  3005/696/623 3006/689/615 3007/690/616 3008/697/624
f  3009/698/625 3010/691/617 3011/692/618 3012/699/626
f  3013/700/627 3014/701/628 3015/702/629 3016/703/630
f  3017/704/631 3018/696/623 3019/697/624 3020/705/632
f  3021/706/633 3022/698/625 3023/699/626 3024/707/634
f  3025/708/635 3026/700/627 3027/703/630 3028/709/636
f  3029/694/620 3030/704/631 3031/705/632 3032/695/621
f  3033/710/637 3034/706/633 3035/707/634 3036/711/638
f  3037/712/639 3038/708/635 3039/709/636 3040/713/640
f  3041/714/641 3042/715/642 3043/716/643
f  3044/714/641 3045/717/644 3046/718/645
f  3047/715/642 3048/714/641 3049/718/645 3050/719/646
f  3051/718/645 3052/720/647 3053/721/648
f  3054/718/645 3055/721/648 3056/722/649 3057/723/650
f  3058/719/646 3059/718/645 3060/723/650 3061/724/651
f  3062/722/649 3063/725/652 3064/723/650
f  3065/723/650 3066/726/653 3067/727/654 3068/724/651
f  3069/727/654 3070/726/653 3071/728/655 3072/729/656
f  3073/728/655 3074/730/657 3075/729/656
f  3076/727/654 3077/729/656 3078/731/658 3079/732/659
f  3080/727/654 3081/733/660 3082/724/651
f  3083/724/651 3084/734/661 3085/735/662
f  3086/724/651 3087/735/662 3088/736/663 3089/737/664
f  3090/724/651 3091/737/664 3092/738/665 3093/719/646
f  3094/736/663 3095/739/666 3096/737/664
f  3097/737/664 3098/740/667 3099/741/668 3100/738/665
f  3101/740/667 3102/742/669 3103/741/668
f  3104/738/665 3105/743/670 3106/719/646
f  3107/715/642 3108/719/646 3109/744/671 3110/745/672
f  3111/746/673 3112/710/637 3113/711/638 3114/747/674
f  3115/748/675 3116/712/639 3117/713/640 3118/749/676
f  3119/701/628 3120/750/677 3121/751/678 3122/702/629
f  3123/752/679 3124/746/673 3125/747/674 3126/753/680
f  3127/754/681 3128/748/675 3129/749/676 3130/755/682
f  3131/756/683 3132/752/679 3133/753/680 3134/757/684
f  3135/758/685 3136/754/681 3137/755/682 3138/759/686
f  3139/760/687 3140/756/683 3141/757/684 3142/761/688
f  3143/528/689 3144/758/685 3145/759/686 3146/762/690
f  3147/763/691 3148/760/687 3149/761/688 3150/764/692
f  3151/765/693 3152/528/689 3153/762/690 3154/766/694
f  3155/767/695 3156/763/691 3157/764/692 3158/670/696
f  3159/768/697 3160/765/693 3161/766/694 3162/769/698
f  3163/678/604 3164/767/695 3165/670/696 3166/679/605
f  3167/682/608 3168/768/697 3169/769/698 3170/683/609
f  3171/770/699 3172/750/700 3173/771/701 3174/716/702
f  3175/694/703 3176/770/699 3177/716/702 3178/772/704
f  3179/704/705 3180/694/703 3181/772/704 3182/773/706
f  3183/696/707 3184/704/705 3185/773/706 3186/774/708
f  3187/689/709 3188/696/707 3189/774/708 3190/775/710
f  3191/685/711 3192/689/709 3193/775/710 3194/776/712
f  3195/677/713 3196/685/711 3197/776/712 3198/777/714
f  3199/678/715 3200/677/713 3201/777/714 3202/778/716
f  3203/767/717 3204/678/715 3205/778/716 3206/742/718
f  3207/763/719 3208/767/717 3209/742/718 3210/779/720
f  3211/760/721 3212/763/719 3213/779/720 3214/780/722
f  3215/756/723 3216/760/721 3217/780/722 3218/739/724
f  3219/752/725 3220/756/723 3221/739/724 3222/781/726
f  3223/746/727 3224/752/725 3225/781/726 3226/782/728
f  3227/710/729 3228/746/727 3229/782/728 3230/783/730
f  3231/706/731 3232/710/729 3233/783/730 3234/724/732
f  3235/698/733 3236/706/731 3237/724/732 3238/784/734
f  3239/785/735 3240/698/733 3241/784/734 3242/727/736
f  3243/687/737 3244/785/735 3245/727/736 3246/732/738
f  3247/681/739 3248/687/737 3249/732/738 3250/786/740
f  3251/682/741 3252/681/739 3253/786/740 3254/729/742
f  3255/768/743 3256/682/741 3257/729/742 3258/730/744
f  3259/765/745 3260/768/743 3261/730/744 3262/728/746
f  3263/528/747 3264/765/745 3265/728/746 3266/726/748
f  3267/758/749 3268/528/747 3269/726/748 3270/723/750
f  3271/754/751 3272/758/749 3273/723/750 3274/725/752
f  3275/787/753 3276/754/751 3277/725/752 3278/722/754
f  3279/788/755 3280/787/753 3281/722/754 3282/789/756
f  3283/790/757 3284/788/755 3285/789/756 3286/720/758
f  3287/791/759 3288/790/757 3289/720/758 3290/792/760
f  3291/793/761 3292/791/759 3293/792/760 3294/717/762
f  3295/750/700 3296/793/761 3297/717/762 3298/771/701
f  3299/794/763 3300/795/764 3301/796/765
f  3302/797/766 3303/794/763 3304/796/765 3305/798/767
f  3306/794/763 3307/797/766 3308/794/768
f  3309/796/765 3310/799/769 3311/800/770
f  3312/798/767 3313/796/765 3314/800/770 3315/801/771
f  3316/800/770 3317/802/772 3318/803/773 3319/801/771
f  3320/804/774 3321/801/771 3322/801/775 3323/805/776
f  3324/806/777 3325/801/771 3326/804/774 3327/807/778
f  3328/801/771 3329/806/777 3330/808/779 3331/809/780
f  3332/801/771 3333/809/780 3334/810/781 3335/798/767
f  3336/804/774 3337/811/782 3338/807/778
f  3339/806/777 3340/812/783 3341/808/779
f  3342/810/781 3343/809/780 3344/813/784 3345/813/785
f  3346/809/780 3347/814/786 3348/813/784
f  3349/813/785 3350/815/787 3351/810/781
f  3352/810/781 3353/816/788 3354/817/789
f  3355/818/790 3356/810/781 3357/817/789 3358/819/791
f  3359/798/767 3360/810/781 3361/818/790 3362/820/792
f  3363/818/790 3364/821/793 3365/821/794 3366/820/792
f  3367/769/795 3368/822/796 3369/823/797 3370/824/798
f  3371/670/596 3372/825/799 3373/826/800 3374/671/597
f  3375/822/796 3376/827/801 3377/828/802 3378/823/797
f  3379/825/799 3380/829/803 3381/830/804 3382/826/800
f  3383/827/801 3384/759/805 3385/831/806 3386/828/802
f  3387/829/803 3388/757/807 3389/832/808 3390/830/804
f  3391/759/805 3392/833/809 3393/834/810 3394/831/806
f  3395/757/807 3396/835/811 3397/836/812 3398/832/808
f  3399/833/809 3400/837/813 3401/838/814 3402/834/810
f  3403/835/811 3404/747/815 3405/839/816 3406/836/812
f  3407/840/817 3408/673/599 3409/676/602 3410/841/818
f  3411/837/813 3412/713/819 3413/842/820 3414/838/814
f  3415/747/815 3416/711/821 3417/843/822 3418/839/816
f  3419/674/600 3420/844/823 3421/845/824 3422/675/601
f  3423/713/819 3424/709/825 3425/846/826 3426/842/820
f  3427/711/821 3428/707/827 3429/847/828 3430/843/822
f  3431/844/823 3432/848/829 3433/849/830 3434/845/824
f  3435/709/825 3436/703/831 3437/850/832 3438/846/826
f  3439/707/827 3440/699/833 3441/851/834 3442/847/828
f  3443/848/829 3444/697/835 3445/852/836 3446/849/830
f  3447/703/831 3448/840/817 3449/841/818 3450/850/832
f  3451/699/833 3452/853/837 3453/854/838 3454/851/834
f  3455/697/835 3456/855/839 3457/856/840 3458/852/836
f  3459/676/841 3460/675/842 3461/857/843 3462/858/844
f  3463/853/837 3464/688/845 3465/859/846 3466/854/838
f  3467/855/839 3468/686/847 3469/860/848 3470/856/840
f  3471/688/845 3472/684/849 3473/861/850 3474/859/846
f  3475/686/847 3476/862/851 3477/863/852 3478/860/848
f  3479/684/849 3480/864/853 3481/865/854 3482/861/850
f  3483/862/851 3484/669/595 3485/672/598 3486/863/852
f  3487/864/853 3488/769/795 3489/824/798 3490/865/854
f  3491/841/855 3492/676/841 3493/858/844 3494/866/856
f  3495/850/857 3496/841/855 3497/866/856 3498/867/858
f  3499/849/859 3500/852/860 3501/868/861 3502/869/862
f  3503/852/860 3504/856/863 3505/870/864 3506/868/861
f  3507/856/863 3508/860/865 3509/871/866 3510/870/864
f  3511/860/865 3512/872/867 3513/873/868 3514/871/866
f  3515/872/867 3516/874/869 3517/875/870 3518/873/868
f  3519/874/869 3520/671/871 3521/876/872 3522/875/870
f  3523/671/871 3524/877/873 3525/878/874 3526/876/872
f  3527/877/873 3528/879/875 3529/880/876 3530/878/874
f  3531/879/875 3532/832/877 3533/881/878 3534/880/876
f  3535/832/877 3536/836/879 3537/882/880 3538/881/878
f  3539/836/879 3540/839/881 3541/883/882 3542/882/880
f  3543/839/881 3544/843/883 3545/884/884 3546/883/882
f  3547/843/883 3548/885/885 3549/886/886 3550/884/884
f  3551/885/885 3552/851/887 3553/887/888 3554/886/886
f  3555/851/887 3556/888/889 3557/889/890 3558/887/888
f  3559/888/889 3560/859/891 3561/890/892 3562/889/890
f  3563/859/891 3564/861/893 3565/891/894 3566/890/892
f  3567/861/893 3568/865/895 3569/892/896 3570/891/894
f  3571/865/895 3572/824/897 3573/893/898 3574/892/896
f  3575/824/897 3576/823/899 3577/894/900 3578/893/898
f  3579/823/899 3580/828/901 3581/895/902 3582/894/900
f  3583/828/901 3584/831/903 3585/896/904 3586/895/902
f  3587/831/903 3588/834/905 3589/897/906 3590/896/904
f  3591/834/905 3592/838/907 3593/898/908 3594/897/906
f  3595/838/907 3596/842/909 3597/899/910 3598/898/908
f  3599/842/909 3600/846/911 3601/900/912 3602/899/910
f  3603/846/911 3604/850/857 3605/867/858 3606/900/912
f  3607/901/913 3608/902/914 3609/903/701 3610/904/702
f  3611/845/915 3612/849/859 3613/869/862 3614/905/916
f  3615/675/842 3616/845/915 3617/905/916 3618/857/843
f  3619/858/844 3620/857/843 3621/906/917 3622/907/918
f  3623/857/843 3624/905/916 3625/908/919 3626/906/917
f  3627/905/916 3628/869/862 3629/909/920 3630/908/919
f  3631/869/862 3632/868/861 3633/910/921 3634/909/920
f  3635/868/861 3636/870/864 3637/911/922 3638/910/921
f  3639/870/864 3640/871/866 3641/912/923 3642/911/922
f  3643/871/866 3644/873/868 3645/913/924 3646/912/923
f  3647/873/868 3648/875/870 3649/914/925 3650/913/924
f  3651/875/870 3652/876/872 3653/915/926 3654/914/925
f  3655/876/872 3656/878/874 3657/916/927 3658/915/926
f  3659/878/874 3660/880/876 3661/917/928 3662/916/927
f  3663/880/876 3664/881/878 3665/918/929 3666/917/928
f  3667/881/878 3668/882/880 3669/919/930 3670/918/929
f  3671/882/880 3672/883/882 3673/920/931 3674/919/930
f  3675/883/882 3676/884/884 3677/921/932 3678/920/931
f  3679/884/884 3680/886/886 3681/922/933 3682/921/932
f  3683/886/886 3684/887/888 3685/923/934 3686/922/933
f  3687/887/888 3688/889/890 3689/924/935 3690/923/934
f  3691/889/890 3692/890/892 3693/925/936 3694/924/935
f  3695/890/892 3696/891/894 3697/926/937 3698/925/936
f  3699/891/894 3700/892/896 3701/927/938 3702/926/937
f  3703/892/896 3704/893/898 3705/928/939 3706/927/938
f  3707/893/898 3708/894/900 3709/929/940 3710/928/939
f  3711/894/900 3712/895/902 3713/930/941 3714/929/940
f  3715/895/902 3716/896/904 3717/931/942 3718/930/941
f  3719/896/904 3720/897/906 3721/932/943 3722/931/942
f  3723/897/906 3724/898/908 3725/933/944 3726/932/943
f  3727/898/908 3728/899/910 3729/934/945 3730/933/944
f  3731/899/910 3732/900/912 3733/935/946 3734/934/945
f  3735/900/912 3736/867/858 3737/936/947 3738/935/946
f  3739/867/858 3740/866/856 3741/937/948 3742/936/947
f  3743/866/856 3744/858/844 3745/907/918 3746/937/948
f  3747/907/918 3748/906/917 3749/795/764 3750/794/763
f  3751/906/917 3752/908/919 3753/796/765 3754/795/764
f  3755/908/919 3756/909/920 3757/799/769 3758/796/765
f  3759/909/920 3760/910/921 3761/800/770 3762/799/769
f  3763/910/921 3764/911/922 3765/802/772 3766/800/770
f  3767/911/922 3768/912/923 3769/803/773 3770/802/772
f  3771/912/923 3772/913/924 3773/801/771 3774/803/773
f  3775/913/924 3776/914/925 3777/801/775 3778/801/771
f  3779/914/925 3780/915/926 3781/805/776 3782/801/775
f  3783/915/926 3784/916/927 3785/804/774 3786/805/776
f  3787/916/927 3788/917/928 3789/811/782 3790/804/774
f  3791/917/928 3792/918/929 3793/807/778 3794/811/782
f  3795/918/929 3796/919/930 3797/806/777 3798/807/778
f  3799/919/930 3800/920/931 3801/812/783 3802/806/777
f  3803/920/931 3804/921/932 3805/808/779 3806/812/783
f  3807/921/932 3808/922/933 3809/809/780 3810/808/779
f  3811/922/933 3812/923/934 3813/814/786 3814/809/780
f  3815/923/934 3816/924/935 3817/813/784 3818/814/786
f  3819/924/935 3820/925/936 3821/813/785 3822/813/784
f  3823/925/936 3824/926/937 3825/815/787 3826/813/785
f  3827/926/937 3828/927/938 3829/810/781 3830/815/787
f  3831/927/938 3832/928/939 3833/816/788 3834/810/781
f  3835/928/939 3836/929/940 3837/817/789 3838/816/788
f  3839/929/940 3840/930/941 3841/819/791 3842/817/789
f  3843/930/941 3844/931/942 3845/818/790 3846/819/791
f  3847/931/942 3848/932/943 3849/821/793 3850/818/790
f  3851/932/943 3852/933/944 3853/821/794 3854/821/793
f  3855/933/944 3856/934/945 3857/820/792 3858/821/794
f  3859/934/945 3860/935/946 3861/798/767 3862/820/792
f  3863/935/946 3864/936/947 3865/797/766 3866/798/767
f  3867/936/947 3868/937/948 3869/794/768 3870/797/766
f  3871/937/948 3872/907/918 3873/794/763 3874/794/768
f  3875/938/595 3876/939/596 3877/940/597 3878/941/949
f  3879/902/914 3880/942/950 3881/943/762 3882/903/701
f  3883/944/851 3884/938/595 3885/941/949 3886/945/852
f  3887/946/951 3888/947/952 3889/948/953 3890/949/854
f  3891/950/954 3892/951/955 3893/938/605 3894/944/606
f  3895/952/956 3896/946/951 3897/949/854 3898/953/957
f  3899/954/958 3900/944/851 3901/945/852 3902/955/959
f  3903/956/845 3904/952/956 3905/953/957 3906/957/960
f  3907/958/823 3908/959/961 3909/960/962 3910/961/963
f  3911/962/964 3912/954/958 3913/955/959 3914/963/965
f  3915/964/837 3916/956/845 3917/957/960 3918/965/838
f  3919/966/841 3920/967/842 3921/968/843 3922/969/844
f  3923/970/966 3924/962/964 3925/963/965 3926/971/967
f  3927/972/833 3928/964/837 3929/965/838 3930/973/834
f  3931/974/968 3932/975/817 3933/976/818 3934/977/832
f  3935/959/961 3936/970/966 3937/971/967 3938/960/962
f  3939/978/827 3940/972/833 3941/973/834 3942/979/828
f  3943/980/969 3944/974/968 3945/977/832 3946/981/970
f  3947/982/821 3948/978/827 3949/979/828 3950/983/971
f  3951/984/819 3952/980/969 3953/981/970 3954/985/972
f  3955/975/817 3956/986/599 3957/966/602 3958/976/818
f  3959/987/815 3960/982/821 3961/983/971 3962/988/973
f  3963/989/813 3964/984/819 3965/985/972 3966/990/814
f  3967/991/974 3968/987/815 3969/988/973 3970/992/975
f  3971/993/976 3972/989/813 3973/990/814 3974/994/810
f  3975/995/977 3976/991/974 3977/992/975 3978/996/978
f  3979/997/979 3980/993/976 3981/994/810 3982/998/980
f  3983/999/981 3984/995/977 3985/996/978 3986/1000/804
f  3987/1001/801 3988/997/979 3989/998/980 3990/1002/982
f  3991/1003/799 3992/999/981 3993/1000/804 3994/1004/800
f  3995/1005/983 3996/1001/801 3997/1002/982 3998/1006/984
f  3999/939/596 4000/1003/799 4001/1004/800 4002/940/597
f  4003/947/952 4004/1005/983 4005/1006/984 4006/948/953
f  4007/1007/985 4008/1008/986 4009/904/643
f  4010/1007/985 4011/943/644 4012/1009/987
f  4013/1010/988 4014/1007/985 4015/1009/987 4016/1011/989
f  4017/1007/985 4018/1010/988 4019/1012/990 4020/1008/986
f  4021/1009/987 4022/1013/647 4023/1014/648
f  4024/1011/989 4025/1009/987 4026/1014/648 4027/1015/991
f  4028/1015/991 4029/1016/992 4030/1011/989
f  4031/1011/989 4032/1017/993 4033/1018/994 4034/1019/995
f  4035/1011/989 4036/1019/995 4037/1020/996 4038/1021/654
f  4039/1010/988 4040/1011/989 4041/1021/654 4042/1022/997
f  4043/1019/995 4044/1023/998 4045/1020/996
f  4046/1020/996 4047/1024/659 4048/1021/654
f  4049/1021/654 4050/1025/660 4051/1022/997
f  4052/1026/999 4053/1022/997 4054/1027/1000 4055/1028/1001
f  4056/1010/988 4057/1022/997 4058/1026/999 4059/1029/1002
f  4060/1026/999 4061/1030/666 4062/1031/1003
f  4063/1029/1002 4064/1026/999 4065/1031/1003 4066/1032/1004
f  4067/1032/1004 4068/1033/1005 4069/1034/1006 4070/1029/1002
f  4071/1029/1002 4072/1035/1007 4073/1010/988
f  4074/1012/990 4075/1036/672 4076/1008/986
f  4077/942/950 4078/1037/1008 4079/1009/760 4080/943/762
f  4081/1038/1009 4082/1039/1010 4083/1040/622 4084/986/678
f  4085/1041/1011 4086/1042/1012 4087/1008/704 4088/1036/706
f  4089/1043/1013 4090/1041/1011 4091/1036/706 4092/1044/1014
f  4093/1045/1015 4094/1043/1013 4095/1044/1014 4096/1010/1016
f  4097/1046/1017 4098/1045/1015 4099/1010/1016 4100/1035/712
f  4101/1047/1018 4102/1046/1017 4103/1035/712 4104/1029/1019
f  4105/1048/1020 4106/1047/1018 4107/1029/1019 4108/1049/1021
f  4109/1050/1022 4110/1048/1020 4111/1049/1021 4112/1033/1023
f  4113/1051/1024 4114/1050/1022 4115/1033/1023 4116/1052/1025
f  4117/1053/1026 4118/1051/1024 4119/1052/1025 4120/1031/722
f  4121/1054/1027 4122/1053/1026 4123/1031/722 4124/1030/724
f  4125/1055/1028 4126/1054/1027 4127/1030/724 4128/1026/1029
f  4129/1056/1030 4130/1055/1028 4131/1026/1029 4132/1057/1031
f  4133/1058/1032 4134/1056/1030 4135/1057/1031 4136/1027/730
f  4137/1059/1033 4138/1058/1032 4139/1027/730 4140/1022/732
f  4141/1060/1034 4142/1059/1033 4143/1022/732 4144/1025/734
f  4145/1061/1035 4146/1060/1034 4147/1025/734 4148/1062/736
f  4149/1063/1036 4150/1061/1035 4151/1062/736 4152/1024/738
f  4153/1064/1037 4154/1063/1036 4155/1024/738 4156/1020/740
f  4157/1065/1038 4158/1064/1037 4159/1020/740 4160/1023/1039
f  4161/1066/1040 4162/1065/1038 4163/1023/1039 4164/1067/744
f  4165/1068/1041 4166/1066/1040 4167/1067/744 4168/1018/746
f  4169/1069/1042 4170/1068/1041 4171/1018/746 4172/1017/748
f  4173/1070/1043 4174/1069/1042 4175/1017/748 4176/1071/750
f  4177/1072/1044 4178/1070/1043 4179/1071/750 4180/1016/752
f  4181/1073/1045 4182/1072/1044 4183/1016/752 4184/1015/1046
f  4185/1074/1047 4186/1073/1045 4187/1015/1046 4188/1075/756
f  4189/1076/1048 4190/1074/1047 4191/1075/756 4192/1013/758
f  4193/1037/1008 4194/1076/1048 4195/1013/758 4196/1009/760
f  4197/1042/1012 4198/901/913 4199/904/702 4200/1008/704
f  4201/1077/1049 4202/1078/764 4203/1078/765 4204/1079/1050
f  4205/1078/765 4206/1080/769 4207/1081/1051
f  4208/1082/1052 4209/1078/765 4210/1081/1051 4211/1083/1053
f  4212/1079/1050 4213/1078/765 4214/1082/1052 4215/1084/766
f  4216/1083/1053 4217/1085/773 4218/1086/1054
f  4219/1087/1055 4220/1083/1053 4221/1086/1054 4222/1086/1056
f  4223/1082/1052 4224/1083/1053 4225/1087/1055 4226/1088/1057
f  4227/1086/1056 4228/1089/776 4229/1090/1058 4230/1087/1055
f  4231/1087/1055 4232/1091/1059 4233/1092/777
f  4234/1087/1055 4235/1092/777 4236/1093/779 4237/1094/780
f  4238/1087/1055 4239/1094/780 4240/1095/1060 4241/1088/1057
f  4242/1092/777 4243/1096/783 4244/1093/779
f  4245/1094/780 4246/1097/784 4247/1098/1061 4248/1095/1060
f  4249/1094/780 4250/1094/786 4251/1097/784
f  4252/1098/1061 4253/1099/787 4254/1095/1060
f  4255/1088/1057 4256/1095/1060 4257/1100/1062 4258/1101/1063
f  4259/1100/1062 4260/1102/1064 4261/1101/1063
f  4262/1082/1052 4263/1088/1057 4264/1103/1065 4265/1103/794
f  4266/1082/1052 4267/1104/1066 4268/1084/766
f  4269/1105/1067 4270/1106/1068 4271/947/698 4272/946/609
f  4273/951/955 4274/1107/1069 4275/939/696 4276/938/605
f  4277/1106/1068 4278/1108/1070 4279/1005/1071 4280/947/698
f  4281/1107/1069 4282/1109/1072 4283/1003/692 4284/939/696
f  4285/1108/1070 4286/1110/1073 4287/1001/690 4288/1005/1071
f  4289/1109/1072 4290/1111/1074 4291/999/1075 4292/1003/692
f  4293/1110/1073 4294/1112/1076 4295/1113/686 4296/1001/690
f  4297/1111/1074 4298/1114/1077 4299/995/1078 4300/999/1075
f  4301/1112/1076 4302/1115/1079 4303/993/1080 4304/1113/686
f  4305/1114/1077 4306/1116/1081 4307/991/1082 4308/995/1078
f  4309/1117/1083 4310/1038/1009 4311/986/678 4312/975/629
f  4313/1115/1079 4314/1118/1084 4315/989/676 4316/993/1080
f  4317/1116/1081 4318/1119/1085 4319/987/1086 4320/991/1082
f  4321/1040/600 4322/958/823 4323/961/963 4324/967/601
f  4325/1118/1084 4326/1120/1087 4327/984/640 4328/989/676
f  4329/1119/1085 4330/1121/1088 4331/1122/638 4332/987/1086
f  4333/1039/1010 4334/1123/1089 4335/958/621 4336/1040/622
f  4337/1120/1087 4338/1124/1090 4339/1125/1091 4340/984/640
f  4341/1121/1088 4342/1126/1092 4343/1127/634 4344/1122/638
f  4345/1123/1089 4346/1128/1093 4347/959/1094 4348/958/621
f  4349/1124/1090 4350/1129/1095 4351/974/630 4352/1125/1091
f  4353/1126/1092 4354/1130/1096 4355/972/626 4356/1127/634
f  4357/1128/1093 4358/1131/1097 4359/970/1098 4360/959/1094
f  4361/1129/1095 4362/1117/1083 4363/975/629 4364/974/630
f  4365/1130/1096 4366/1132/1099 4367/1133/618 4368/972/626
f  4369/1131/1097 4370/1134/1100 4371/1135/1101 4372/970/1098
f  4373/1132/1099 4374/1136/1102 4375/1137/1103 4376/1133/618
f  4377/1134/1100 4378/1138/1104 4379/954/1105 4380/1135/1101
f  4381/1136/1102 4382/1139/1106 4383/952/1107 4384/1137/1103
f  4385/1138/1104 4386/950/954 4387/944/606 4388/954/1105
f  4389/1139/1106 4390/1105/1067 4391/946/609 4392/952/1107
f  4393/976/855 4394/966/841 4395/969/844 4396/1140/856
f  4397/977/1108 4398/976/855 4399/1140/856 4400/1141/858
f  4401/960/1109 4402/971/1110 4403/1142/861 4404/1143/1111
f  4405/971/1110 4406/963/1112 4407/1144/864 4408/1142/861
f  4409/963/1112 4410/955/865 4411/1145/866 4412/1144/864
f  4413/955/865 4414/945/867 4415/1146/868 4416/1145/866
f  4417/945/867 4418/941/1113 4419/1147/870 4420/1146/868
f  4421/941/1113 4422/940/1114 4423/1148/872 4424/1147/870
f  4425/940/1114 4426/1004/1115 4427/1149/874 4428/1148/872
f  4429/1004/1115 4430/1000/1116 4431/1150/876 4432/1149/874
f  4433/1000/1116 4434/996/1117 4435/1151/878 4436/1150/876
f  4437/996/1117 4438/992/1118 4439/1152/880 4440/1151/878
f  4441/992/1118 4442/988/1119 4443/1153/882 4444/1152/880
f  4445/988/1119 4446/1154/1120 4447/1155/884 4448/1153/882
f  4449/1154/1120 4450/1156/885 4451/1157/886 4452/1155/884
f  4453/1156/885 4454/973/887 4455/1158/888 4456/1157/886
f  4457/973/887 4458/1159/889 4459/1160/1121 4460/1158/888
f  4461/1159/889 4462/1161/891 4463/1162/892 4464/1160/1121
f  4465/1161/891 4466/953/1122 4467/1163/894 4468/1162/892
f  4469/953/1122 4470/949/895 4471/1164/896 4472/1163/894
f  4473/949/895 4474/948/1123 4475/1165/898 4476/1164/896
f  4477/948/1123 4478/1006/1124 4479/1166/900 4480/1165/898
f  4481/1006/1124 4482/1002/1125 4483/1167/902 4484/1166/900
f  4485/1002/1125 4486/998/1126 4487/1168/904 4488/1167/902
f  4489/998/1126 4490/994/1127 4491/1169/906 4492/1168/904
f  4493/994/1127 4494/990/907 4495/1170/1128 4496/1169/906
f  4497/990/907 4498/985/909 4499/1171/910 4500/1170/1128
f  4501/985/909 4502/981/911 4503/1172/1129 4504/1171/910
f  4505/981/911 4506/977/1108 4507/1141/858 4508/1172/1129
f  4509/1173/1130 4510/1174/1131 4511/1174/1132 4512/1173/1133
f  4513/961/1134 4514/960/1109 4515/1143/1111 4516/1175/916
f  4517/967/842 4518/961/1134 4519/1175/916 4520/968/843
f  4521/969/844 4522/968/843 4523/1176/917 4524/1177/918
f  4525/968/843 4526/1175/916 4527/1178/919 4528/1176/917
f  4529/1175/916 4530/1143/1111 4531/1179/920 4532/1178/919
f  4533/1143/1111 4534/1142/861 4535/1180/921 4536/1179/920
f  4537/1142/861 4538/1144/864 4539/1181/922 4540/1180/921
f  4541/1144/864 4542/1145/866 4543/1182/923 4544/1181/922
f  4545/1145/866 4546/1146/868 4547/1183/924 4548/1182/923
f  4549/1146/868 4550/1147/870 4551/1184/925 4552/1183/924
f  4553/1147/870 4554/1148/872 4555/1185/926 4556/1184/925
f  4557/1148/872 4558/1149/874 4559/1186/927 4560/1185/926
f  4561/1149/874 4562/1150/876 4563/1187/928 4564/1186/927
f  4565/1150/876 4566/1151/878 4567/1188/929 4568/1187/928
f  4569/1151/878 4570/1152/880 4571/1189/930 4572/1188/929
f  4573/1152/880 4574/1153/882 4575/1190/931 4576/1189/930
f  4577/1153/882 4578/1155/884 4579/1191/932 4580/1190/931
f  4581/1155/884 4582/1157/886 4583/1192/933 4584/1191/932
f  4585/1157/886 4586/1158/888 4587/1193/934 4588/1192/933
f  4589/1158/888 4590/1160/1121 4591/1194/935 4592/1193/934
f  4593/1160/1121 4594/1162/892 4595/1195/936 4596/1194/935
f  4597/1162/892 4598/1163/894 4599/1196/937 4600/1195/936
f  4601/1163/894 4602/1164/896 4603/1197/1135 4604/1196/937
f  4605/1164/896 4606/1165/898 4607/1198/939 4608/1197/1135
f  4609/1165/898 4610/1166/900 4611/1199/940 4612/1198/939
f  4613/1166/900 4614/1167/902 4615/1200/941 4616/1199/940
f  4617/1167/902 4618/1168/904 4619/1201/942 4620/1200/941
f  4621/1168/904 4622/1169/906 4623/1202/1136 4624/1201/942
f  4625/1169/906 4626/1170/1128 4627/1203/944 4628/1202/1136
f  4629/1170/1128 4630/1171/910 4631/1204/945 4632/1203/944
f  4633/1171/910 4634/1172/1129 4635/1205/946 4636/1204/945
f  4637/1172/1129 4638/1141/858 4639/1206/947 4640/1205/946
f  4641/1141/858 4642/1140/856 4643/1207/948 4644/1206/947
f  4645/1140/856 4646/969/844 4647/1177/918 4648/1207/948
f  4649/1177/918 4650/1176/917 4651/1078/764 4652/1077/1049
f  4653/1176/917 4654/1178/919 4655/1078/765 4656/1078/764
f  4657/1178/919 4658/1179/920 4659/1080/769 4660/1078/765
f  4661/1179/920 4662/1180/921 4663/1081/1051 4664/1080/769
f  4665/1180/921 4666/1181/922 4667/1083/1053 4668/1081/1051
f  4669/1181/922 4670/1182/923 4671/1085/773 4672/1083/1053
f  4673/1182/923 4674/1183/924 4675/1086/1054 4676/1085/773
f  4677/1183/924 4678/1184/925 4679/1086/1056 4680/1086/1054
f  4681/1184/925 4682/1185/926 4683/1089/776 4684/1086/1056
f  4685/1185/926 4686/1186/927 4687/1090/1058 4688/1089/776
f  4689/1186/927 4690/1187/928 4691/1087/1055 4692/1090/1058
f  4693/1187/928 4694/1188/929 4695/1091/1059 4696/1087/1055
f  4697/1188/929 4698/1189/930 4699/1092/777 4700/1091/1059
f  4701/1189/930 4702/1190/931 4703/1096/783 4704/1092/777
f  4705/1190/931 4706/1191/932 4707/1093/779 4708/1096/783
f  4709/1191/932 4710/1192/933 4711/1094/780 4712/1093/779
f  4713/1192/933 4714/1193/934 4715/1094/786 4716/1094/780
f  4717/1193/934 4718/1194/935 4719/1097/784 4720/1094/786
f  4721/1194/935 4722/1195/936 4723/1098/1061 4724/1097/784
f  4725/1195/936 4726/1196/937 4727/1099/787 4728/1098/1061
f  4729/1196/937 4730/1197/1135 4731/1095/1060 4732/1099/787
f  4733/1197/1135 4734/1198/939 4735/1100/1062 4736/1095/1060
f  4737/1198/939 4738/1199/940 4739/1102/1064 4740/1100/1062
f  4741/1199/940 4742/1200/941 4743/1101/1063 4744/1102/1064
f  4745/1200/941 4746/1201/942 4747/1088/1057 4748/1101/1063
f  4749/1201/942 4750/1202/1136 4751/1103/1065 4752/1088/1057
f  4753/1202/1136 4754/1203/944 4755/1103/794 4756/1103/1065
f  4757/1203/944 4758/1204/945 4759/1082/1052 4760/1103/794
f  4761/1204/945 4762/1205/946 4763/1104/1066 4764/1082/1052
f  4765/1205/946 4766/1206/947 4767/1084/766 4768/1104/1066
f  4769/1206/947 4770/1207/948 4771/1079/1050 4772/1084/766
f  4773/1207/948 4774/1177/918 4775/1077/1049 4776/1079/1050
f  4777/1208/595 4778/1208/596 4779/1209/597 4780/1210/949
f  4781/1173/1137 4782/1174/600 4783/1211/1138 4784/1212/602
f  4785/1213/1139 4786/1208/1140 4787/1208/1141 4788/1214/1142
f  4789/1215/1143 4790/1215/1144 4791/1216/1145 4792/1217/1146
f  4793/1213/1147 4794/1213/1139 4795/1214/1142 4796/1214/612
f  4797/1218/1148 4798/1215/1143 4799/1217/1146 4800/1217/1103
f  4801/1219/1149 4802/1213/1147 4803/1214/612 4804/1220/1150
f  4805/1221/617 4806/1218/1148 4807/1217/1103 4808/1222/618
f  4809/1174/1131 4810/1223/1151 4811/1223/1152 4812/1174/1132
f  4813/1224/1153 4814/1219/1149 4815/1220/1150 4816/1220/1154
f  4817/1225/1155 4818/1221/617 4819/1222/618 4820/1225/1156
f  4821/1226/1157 4822/1227/1158 4823/1173/1159 4824/1228/1160
f  4825/1224/1161 4826/1224/1153 4827/1220/1154 4828/1229/1162
f  4829/1225/1163 4830/1225/1155 4831/1225/1156 4832/1225/1164
f  4833/1226/1165 4834/1226/1157 4835/1228/1160 4836/1230/1166
f  4837/1223/1151 4838/1224/1161 4839/1229/1162 4840/1223/1152
f  4841/1231/1167 4842/1225/1163 4843/1225/1164 4844/1231/638
f  4845/1232/1168 4846/1226/1165 4847/1230/1166 4848/1230/1169
f  4849/1233/1170 4850/1233/1171 4851/1234/1172 4852/1235/1173
f  4853/1234/1172 4854/1234/644 4855/1236/1174
f  4856/1234/1172 4857/1236/1174 4858/1237/1175 4859/1235/1173
f  4860/1236/1174 4861/1236/647 4862/1237/1175
f  4863/1237/1175 4864/1237/649 4865/1238/1176 4866/1239/1177
f  4867/1240/654 4868/1237/1175 4869/1239/1177 4870/1239/995
f  4871/1235/1173 4872/1237/1175 4873/1240/654 4874/1241/1178
f  4875/1237/649 4876/1238/652 4877/1238/1176
f  4878/1238/1176 4879/1242/1179 4880/1239/1177
f  4881/1239/995 4882/1243/1180 4883/1244/1181
f  4884/1240/654 4885/1239/995 4886/1244/1181 4887/1244/659
f  4888/1240/654 4889/1240/660 4890/1241/1178
f  4891/1241/1178 4892/1241/661 4893/1245/1182
f  4894/1241/1178 4895/1245/1182 4896/1246/663 4897/1247/1183
f  4898/1235/1173 4899/1241/1178 4900/1247/1183 4901/1248/1184
f  4902/1246/663 4903/1246/1185 4904/1247/1183
f  4905/1247/1183 4906/1249/1186 4907/1250/1187
f  4908/1248/1184 4909/1247/1183 4910/1250/1187 4911/1251/1188
f  4912/1251/1188 4913/1251/1189 4914/1248/1184
f  4915/1248/1184 4916/1248/1190 4917/1235/1173
f  4918/1235/1173 4919/1252/672 4920/1233/1170
f  4921/1253/1191 4922/1231/1167 4923/1231/638 4924/1254/1086
f  4925/1255/1192 4926/1232/1168 4927/1230/1169 4928/1256/1193
f  4929/1227/1158 4930/1173/1130 4931/1173/1133 4932/1173/1159
f  4933/1253/1194 4934/1253/1191 4935/1254/1086 4936/1254/1195
f  4937/1257/1196 4938/1255/1192 4939/1256/1193 4940/1257/1197
f  4941/1258/1198 4942/1253/1194 4943/1254/1195 4944/1259/1199
f  4945/1257/1200 4946/1257/1196 4947/1257/1197 4948/1257/1201
f  4949/1260/1202 4950/1258/1198 4951/1259/1199 4952/1261/1203
f  4953/1262/1204 4954/1257/1200 4955/1257/1201 4956/1262/1205
f  4957/1260/691 4958/1260/1202 4959/1261/1203 4960/1261/1206
f  4961/1263/1207 4962/1262/1204 4963/1262/1205 4964/1263/1208
f  4965/1208/1209 4966/1260/691 4967/1261/1206 4968/1208/1210
f  4969/1264/1211 4970/1263/1207 4971/1263/1208 4972/1263/698
f  4973/1208/1140 4974/1208/1209 4975/1208/1210 4976/1208/1141
f  4977/1215/1144 4978/1264/1211 4979/1263/698 4980/1216/1145
f  4981/1223/1212 4982/1173/1213 4983/1265/1214 4984/1266/1215
f  4985/1223/703 4986/1223/1212 4987/1266/1215 4988/1267/1216
f  4989/1224/705 4990/1223/703 4991/1267/1216 4992/1252/706
f  4993/1224/1217 4994/1224/705 4995/1252/706 4996/1235/1014
f  4997/1219/709 4998/1224/1217 4999/1235/1014 5000/1248/1016
f  5001/1213/1218 5002/1219/709 5003/1248/1016 5004/1268/1219
f  5005/1213/1220 5006/1213/1218 5007/1268/1219 5008/1251/714
f  5009/1208/1221 5010/1213/1220 5011/1251/714 5012/1251/1222
f  5013/1269/1223 5014/1208/1221 5015/1251/1222 5016/1250/1224
f  5017/1260/1225 5018/1269/1223 5019/1250/1224 5020/1249/1226
f  5021/1260/1227 5022/1260/1225 5023/1249/1226 5024/1249/722
f  5025/1258/1228 5026/1260/1227 5027/1249/722 5028/1246/1229
f  5029/1253/1230 5030/1258/1228 5031/1246/1229 5032/1246/1231
f  5033/1253/1232 5034/1253/1230 5035/1246/1231 5036/1270/728
f  5037/1231/729 5038/1253/1232 5039/1270/728 5040/1270/730
f  5041/1225/1233 5042/1231/729 5043/1270/730 5044/1241/732
f  5045/1225/1234 5046/1225/1233 5047/1241/732 5048/1240/734
f  5049/1221/735 5050/1225/1234 5051/1240/734 5052/1240/736
f  5053/1218/737 5054/1221/735 5055/1240/736 5056/1271/738
f  5057/1215/739 5058/1218/737 5059/1271/738 5060/1243/1235
f  5061/1215/741 5062/1215/739 5063/1243/1235 5064/1243/1236
f  5065/1264/1237 5066/1215/741 5067/1243/1236 5068/1239/1238
f  5069/1263/745 5070/1264/1237 5071/1239/1238 5072/1272/1239
f  5073/1262/1240 5074/1263/745 5075/1272/1239 5076/1273/1241
f  5077/1257/1242 5078/1262/1240 5079/1273/1241 5080/1274/1243
f  5081/1275/1244 5082/1257/1242 5083/1274/1243 5084/1274/1245
f  5085/1255/753 5086/1275/1244 5087/1274/1245 5088/1237/754
f  5089/1232/755 5090/1255/753 5091/1237/754 5092/1237/1246
f  5093/1226/757 5094/1232/755 5095/1237/1246 5096/1276/1247
f  5097/1226/759 5098/1226/757 5099/1276/1247 5100/1236/1248
f  5101/1227/1249 5102/1226/759 5103/1236/1248 5104/1265/762
f  5105/1173/1213 5106/1227/1249 5107/1265/762 5108/1265/1214
f  5109/1277/1250 5110/1277/1251 5111/1277/1252
f  5112/1278/1253 5113/1277/1250 5114/1277/1252 5115/1277/1254
f  5116/1277/1250 5117/1278/1253 5118/1279/1255 5119/1279/1256
f  5120/1277/1254 5121/1277/1257 5122/1277/1258
f  5123/1278/1253 5124/1277/1254 5125/1277/1258 5126/1277/1259
f  5127/1280/1260 5128/1277/1259 5129/1281/1054 5130/1280/774
f  5131/1278/1253 5132/1277/1259 5133/1280/1260 5134/1282/1261
f  5135/1280/774 5136/1281/1054 5137/1281/1262 5138/1281/1263
f  5139/1280/774 5140/1280/1264 5141/1280/1260
f  5142/1280/1260 5143/1280/1265 5144/1280/1266
f  5145/1280/1260 5146/1280/1266 5147/1280/1267 5148/1282/1261
f  5149/1280/1266 5150/1280/1268 5151/1280/1267
f  5152/1282/1269 5153/1282/1261 5154/1280/1267 5155/1282/1270
f  5156/1282/1269 5157/1282/1271 5158/1282/1261
f  5159/1278/1253 5160/1282/1261 5161/1282/1272 5162/1278/1273
f  5163/1278/1273 5164/1282/1272 5165/1282/1274 5166/1283/1275
f  5167/1283/1275 5168/1278/1276 5169/1278/1273
f  5170/1278/1273 5171/1278/1277 5172/1278/1278
f  5173/1278/1253 5174/1278/1273 5175/1278/1278 5176/1278/1279
f  5177/1284/952 5178/1263/1280 5179/1285/1281 5180/1286/1282
f  5181/1208/596 5182/1261/1283 5183/1287/800 5184/1209/597
f  5185/1263/1280 5186/1263/801 5187/1285/802 5188/1285/1281
f  5189/1261/1283 5190/1259/803 5191/1288/804 5192/1287/800
f  5193/1263/801 5194/1257/979 5195/1289/806 5196/1285/802
f  5197/1259/803 5198/1259/1284 5199/1288/808 5200/1288/804
f  5201/1257/979 5202/1257/976 5203/1289/810 5204/1289/806
f  5205/1259/1284 5206/1254/1285 5207/1290/812 5208/1288/808
f  5209/1257/976 5210/1291/1286 5211/1292/1287 5212/1289/810
f  5213/1254/1285 5214/1254/1288 5215/1290/1289 5216/1290/812
f  5217/1228/1290 5218/1173/1137 5219/1212/602 5220/1293/1291
f  5221/1291/1286 5222/1294/1292 5223/1292/1293 5224/1292/1287
f  5225/1254/1288 5226/1295/1294 5227/1296/1295 5228/1290/1289
f  5229/1174/600 5230/1223/1296 5231/1211/963 5232/1211/1138
f  5233/1294/1292 5234/1294/1297 5235/1297/1298 5236/1292/1293
f  5237/1295/1294 5238/1295/1299 5239/1296/1300 5240/1296/1295
f  5241/1223/1296 5242/1229/1301 5243/1298/962 5244/1211/963
f  5245/1294/1297 5246/1228/968 5247/1299/1302 5248/1297/1298
f  5249/1295/1299 5250/1225/1303 5251/1300/834 5252/1296/1300
f  5253/1229/1301 5254/1220/966 5255/1298/1304 5256/1298/962
f  5257/1228/968 5258/1228/1290 5259/1293/1291 5260/1299/1302
f  5261/1225/1303 5262/1222/1305 5263/1301/838 5264/1300/834
f  5265/1220/966 5266/1220/964 5267/1302/840 5268/1298/1304
f  5269/1293/1306 5270/1211/1307 5271/1303/843 5272/1303/1308
f  5273/1222/1305 5274/1304/845 5275/1305/960 5276/1301/838
f  5277/1220/964 5278/1214/1309 5279/1306/848 5280/1302/840
f  5281/1304/845 5282/1304/849 5283/1305/957 5284/1305/960
f  5285/1214/1309 5286/1307/1310 5287/1306/852 5288/1306/848
f  5289/1304/849 5290/1284/853 5291/1286/854 5292/1305/957
f  5293/1307/1310 5294/1208/595 5295/1210/949 5296/1306/852
f  5297/1284/853 5298/1284/952 5299/1286/1282 5300/1286/854
f  5301/1293/1311 5302/1293/1306 5303/1303/1308 5304/1293/1312
f  5305/1299/1313 5306/1293/1311 5307/1293/1312 5308/1308/1314
f  5309/1298/1315 5310/1298/1316 5311/1298/1317 5312/1298/1111
f  5313/1298/1316 5314/1302/1318 5315/1309/1319 5316/1298/1317
f  5317/1302/1318 5318/1302/1320 5319/1309/866 5320/1309/1319
f  5321/1302/1320 5322/1210/1321 5323/1210/1322 5324/1309/866
f  5325/1210/1321 5326/1210/1323 5327/1210/1324 5328/1210/1322
f  5329/1210/1323 5330/1209/1325 5331/1310/872 5332/1210/1324
f  5333/1209/1325 5334/1287/1326 5335/1310/1327 5336/1310/872
f  5337/1287/1326 5338/1288/1328 5339/1288/1329 5340/1310/1327
f  5341/1288/1328 5342/1288/1117 5343/1288/878 5344/1288/1329
f  5345/1288/1117 5346/1290/1330 5347/1311/1331 5348/1288/878
f  5349/1290/1330 5350/1290/1332 5351/1311/882 5352/1311/1331
f  5353/1290/1332 5354/1296/1333 5355/1311/1334 5356/1311/882
f  5357/1296/1333 5358/1296/1335 5359/1296/1336 5360/1311/1334
f  5361/1296/1335 5362/1312/1337 5363/1312/888 5364/1296/1336
f  5365/1312/1337 5366/1301/1338 5367/1312/1339 5368/1312/888
f  5369/1301/1338 5370/1305/1340 5371/1313/892 5372/1312/1339
f  5373/1305/1340 5374/1305/893 5375/1313/1341 5376/1313/892
f  5377/1305/893 5378/1286/1342 5379/1314/896 5380/1313/1341
f  5381/1286/1342 5382/1314/1343 5383/1314/1344 5384/1314/896
f  5385/1314/1343 5386/1285/1345 5387/1314/1346 5388/1314/1344
f  5389/1285/1345 5390/1285/1347 5391/1315/1348 5392/1314/1346
f  5393/1285/1347 5394/1289/1349 5395/1315/1350 5396/1315/1348
f  5397/1289/1349 5398/1289/1351 5399/1315/1352 5400/1315/1350
f  5401/1289/1351 5402/1292/1353 5403/1316/908 5404/1315/1352
f  5405/1292/1353 5406/1292/1354 5407/1316/1355 5408/1316/908
f  5409/1292/1354 5410/1297/1356 5411/1308/1129 5412/1316/1355
f  5413/1297/1356 5414/1299/1313 5415/1308/1314 5416/1308/1129
f  5417/1317/1130 5418/1318/1131 5419/1318/1132 5420/1317/1133
f  5421/1211/1357 5422/1298/1315 5423/1298/1111 5424/1303/1358
f  5425/1211/1307 5426/1211/1357 5427/1303/1358 5428/1303/843
f  5429/1303/1308 5430/1303/843 5431/1303/1359 5432/1279/1360
f  5433/1303/843 5434/1303/1358 5435/1319/1361 5436/1303/1359
f  5437/1303/1358 5438/1298/1111 5439/1319/1362 5440/1319/1361
f  5441/1298/1111 5442/1298/1317 5443/1319/1363 5444/1319/1362
f  5445/1298/1317 5446/1309/1319 5447/1309/1364 5448/1319/1363
f  5449/1309/1319 5450/1309/866 5451/1309/1365 5452/1309/1364
f  5453/1309/866 5454/1210/1322 5455/1281/1366 5456/1309/1365
f  5457/1210/1322 5458/1210/1324 5459/1281/1367 5460/1281/1366
f  5461/1210/1324 5462/1310/872 5463/1310/1368 5464/1281/1367
f  5465/1310/872 5466/1310/1327 5467/1310/1369 5468/1310/1368
f  5469/1310/1327 5470/1288/1329 5471/1320/1370 5472/1310/1369
f  5473/1288/1329 5474/1288/878 5475/1320/1371 5476/1320/1370
f  5477/1288/878 5478/1311/1331 5479/1320/1372 5480/1320/1371
f  5481/1311/1331 5482/1311/882 5483/1311/1373 5484/1320/1372
f  5485/1311/882 5486/1311/1334 5487/1321/1374 5488/1311/1373
f  5489/1311/1334 5490/1296/1336 5491/1321/1375 5492/1321/1374
f  5493/1296/1336 5494/1312/888 5495/1321/1376 5496/1321/1375
f  5497/1312/888 5498/1312/1339 5499/1321/1377 5500/1321/1376
f  5501/1312/1339 5502/1313/892 5503/1313/1378 5504/1321/1377
f  5505/1313/892 5506/1313/1341 5507/1313/1379 5508/1313/1378
f  5509/1313/1341 5510/1314/896 5511/1282/1380 5512/1313/1379
f  5513/1314/896 5514/1314/1344 5515/1322/1381 5516/1282/1380
f  5517/1314/1344 5518/1314/1346 5519/1322/1382 5520/1322/1381
f  5521/1314/1346 5522/1315/1348 5523/1322/1383 5524/1322/1382
f  5525/1315/1348 5526/1315/1350 5527/1322/1384 5528/1322/1383
f  5529/1315/1350 5530/1315/1352 5531/1316/1385 5532/1322/1384
f  5533/1315/1352 5534/1316/908 5535/1316/1386 5536/1316/1385
f  5537/1316/908 5538/1316/1355 5539/1316/1387 5540/1316/1386
f  5541/1316/1355 5542/1308/1129 5543/1308/1388 5544/1316/1387
f  5545/1308/1129 5546/1308/1314 5547/1279/1389 5548/1308/1388
f  5549/1308/1314 5550/1293/1312 5551/1279/1390 5552/1279/1389
f  5553/1293/1312 5554/1303/1308 5555/1279/1360 5556/1279/1390
f  5557/1279/1360 5558/1303/1359 5559/1277/1251 5560/1277/1250
f  5561/1303/1359 5562/1319/1361 5563/1277/1252 5564/1277/1251
f  5565/1319/1361 5566/1319/1362 5567/1277/1254 5568/1277/1252
f  5569/1319/1362 5570/1319/1363 5571/1277/1257 5572/1277/1254
f  5573/1319/1363 5574/1309/1364 5575/1277/1258 5576/1277/1257
f  5577/1309/1364 5578/1309/1365 5579/1277/1259 5580/1277/1258
f  5581/1309/1365 5582/1281/1366 5583/1281/1054 5584/1277/1259
f  5585/1281/1366 5586/1281/1367 5587/1281/1262 5588/1281/1054
f  5589/1281/1367 5590/1310/1368 5591/1281/1263 5592/1281/1262
f  5593/1310/1368 5594/1310/1369 5595/1280/774 5596/1281/1263
f  5597/1310/1369 5598/1320/1370 5599/1280/1264 5600/1280/774
f  5601/1320/1370 5602/1320/1371 5603/1280/1260 5604/1280/1264
f  5605/1320/1371 5606/1320/1372 5607/1280/1265 5608/1280/1260
f  5609/1320/1372 5610/1311/1373 5611/1280/1266 5612/1280/1265
f  5613/1311/1373 5614/1321/1374 5615/1280/1268 5616/1280/1266
f  5617/1321/1374 5618/1321/1375 5619/1280/1267 5620/1280/1268
f  5621/1321/1375 5622/1321/1376 5623/1282/1270 5624/1280/1267
f  5625/1321/1376 5626/1321/1377 5627/1282/1269 5628/1282/1270
f  5629/1321/1377 5630/1313/1378 5631/1282/1271 5632/1282/1269
f  5633/1313/1378 5634/1313/1379 5635/1282/1261 5636/1282/1271
f  5637/1313/1379 5638/1282/1380 5639/1282/1272 5640/1282/1261
f  5641/1282/1380 5642/1322/1381 5643/1282/1274 5644/1282/1272
f  5645/1322/1381 5646/1322/1382 5647/1283/1275 5648/1282/1274
f  5649/1322/1382 5650/1322/1383 5651/1278/1276 5652/1283/1275
f  5653/1322/1383 5654/1322/1384 5655/1278/1273 5656/1278/1276
f  5657/1322/1384 5658/1316/1385 5659/1278/1277 5660/1278/1273
f  5661/1316/1385 5662/1316/1386 5663/1278/1278 5664/1278/1277
f  5665/1316/1386 5666/1316/1387 5667/1278/1279 5668/1278/1278
f  5669/1316/1387 5670/1308/1388 5671/1278/1253 5672/1278/1279
f  5673/1308/1388 5674/1279/1389 5675/1279/1255 5676/1278/1253
f  5677/1279/1389 5678/1279/1390 5679/1279/1256 5680/1279/1255
f  5681/1279/1390 5682/1279/1360 5683/1277/1250 5684/1279/1256
f  5685/1323/1391 5686/1324/596 5687/1325/597 5688/1325/598
f  5689/1317/1137 5690/1318/600 5691/1326/1138 5692/1326/1392
f  5693/1302/1393 5694/1323/1394 5695/1323/1395 5696/1327/1396
f  5697/1328/1143 5698/1329/1397 5699/1229/1398 5700/1220/1399
f  5701/1302/1147 5702/1302/1393 5703/1327/1396 5704/1330/612
f  5705/1331/1148 5706/1328/1143 5707/1220/1399 5708/1220/1103
f  5709/1298/1400 5710/1302/1147 5711/1330/612 5712/1332/1150
f  5713/1331/617 5714/1331/1148 5715/1220/1103 5716/1214/618
f  5717/1318/1131 5718/1333/1151 5719/1333/1152 5720/1318/1132
f  5721/1211/1153 5722/1298/1400 5723/1332/1150 5724/1332/1154
f  5725/1334/1401 5726/1331/617 5727/1214/618 5728/1334/626
f  5729/1335/1157 5730/1336/1158 5731/1337/1159 5732/1337/1402
f  5733/1211/1161 5734/1211/1153 5735/1332/1154 5736/1338/1162
f  5737/1334/1403 5738/1334/1401 5739/1334/626 5740/1334/634
f  5741/1335/1404 5742/1335/1157 5743/1337/1402 5744/1339/1405
f  5745/1333/1151 5746/1211/1161 5747/1338/1162 5748/1333/1152
f  5749/1340/1167 5750/1334/1403 5751/1334/634 5752/1340/638
f  5753/1341/1168 5754/1335/1404 5755/1339/1405 5756/1342/1406
f  5757/1343/1407 5758/1344/1408 5759/1345/1171
f  5760/1343/1407 5761/1343/644 5762/1346/987
f  5763/1343/1407 5764/1346/987 5765/1347/1409 5766/1348/1410
f  5767/1343/1407 5768/1348/1410 5769/1349/1178 5770/1344/1408
f  5771/1346/987 5772/1350/647 5773/1350/648
f  5774/1347/1409 5775/1346/987 5776/1350/648 5777/1347/1411
f  5778/1347/1409 5779/1351/1412 5780/1348/1410
f  5781/1348/1410 5782/1352/1413 5783/1353/1414 5784/1354/1415
f  5785/1348/1410 5786/1354/1415 5787/1355/1416 5788/1349/1178
f  5789/1353/1414 5790/1353/998 5791/1354/1415
f  5792/1354/1415 5793/1354/659 5794/1355/1416
f  5795/1355/1416 5796/1355/660 5797/1349/1178
f  5798/1349/1178 5799/1356/661 5800/1357/1417
f  5801/1349/1178 5802/1357/1417 5803/1358/1418 5804/1344/1408
f  5805/1357/1417 5806/1265/1419 5807/1265/1420 5808/1266/1421
f  5809/1358/1418 5810/1357/1417 5811/1266/1421 5812/1267/1422
f  5813/1266/1421 5814/1266/1423 5815/1267/1422
f  5816/1267/1422 5817/1359/1424 5818/1359/1425 5819/1358/1418
f  5820/1358/1418 5821/1360/1426 5822/1361/1427
f  5823/1344/1408 5824/1358/1418 5825/1361/1427 5826/1361/672
f  5827/1362/1428 5828/1340/1167 5829/1340/638 5830/1340/1086
f  5831/1363/1192 5832/1341/1168 5833/1342/1406 5834/1342/1429
f  5835/1336/1158 5836/1317/1130 5837/1317/1133 5838/1337/1159
f  5839/1364/1194 5840/1362/1428 5841/1340/1086 5842/1365/1195
f  5843/1366/1430 5844/1363/1192 5845/1342/1429 5846/1366/1431
f  5847/1364/1432 5848/1364/1194 5849/1365/1195 5850/1367/1199
f  5851/1366/1433 5852/1366/1430 5853/1366/1431 5854/1366/1434
f  5855/1368/687 5856/1364/1432 5857/1367/1199 5858/1367/688
f  5859/1369/1435 5860/1366/1433 5861/1366/1434 5862/1369/1436
f  5863/1370/1437 5864/1368/687 5865/1367/688 5866/1371/1438
f  5867/1372/1439 5868/1369/1435 5869/1369/1436 5870/1372/1440
f  5871/1324/1441 5872/1370/1437 5873/1371/1438 5874/1324/1442
f  5875/1329/697 5876/1372/1439 5877/1372/1440 5878/1223/698
f  5879/1323/1394 5880/1324/1441 5881/1324/1442 5882/1323/1395
f  5883/1329/1397 5884/1329/697 5885/1223/698 5886/1229/1398
f  5887/1318/1212 5888/1317/1213 5889/1343/1214 5890/1373/1215
f  5891/1333/703 5892/1318/1212 5893/1373/1215 5894/1344/1216
f  5895/1211/705 5896/1333/703 5897/1344/1216 5898/1361/1443
f  5899/1211/1444 5900/1211/705 5901/1361/1443 5902/1361/708
f  5903/1298/709 5904/1211/1444 5905/1361/708 5906/1360/1016
f  5907/1302/1445 5908/1298/709 5909/1360/1016 5910/1374/1446
f  5911/1302/713 5912/1302/1445 5913/1374/1446 5914/1359/1447
f  5915/1323/1448 5916/1302/713 5917/1359/1447 5918/1375/1449
f  5919/1376/1223 5920/1323/1448 5921/1375/1449 5922/1267/1224
f  5923/1370/719 5924/1376/1223 5925/1267/1224 5926/1267/1025
f  5927/1368/721 5928/1370/719 5929/1267/1025 5930/1266/1450
f  5931/1364/723 5932/1368/721 5933/1266/1450 5934/1265/1451
f  5935/1364/1230 5936/1364/723 5937/1265/1451 5938/1265/1231
f  5939/1362/727 5940/1364/1230 5941/1265/1231 5942/1357/728
f  5943/1340/729 5944/1362/727 5945/1357/728 5946/1377/730
f  5947/1334/731 5948/1340/729 5949/1377/730 5950/1349/732
f  5951/1334/1234 5952/1334/731 5953/1349/732 5954/1349/734
f  5955/1331/735 5956/1334/1234 5957/1349/734 5958/1378/736
f  5959/1331/737 5960/1331/735 5961/1378/736 5962/1379/738
f  5963/1328/739 5964/1331/737 5965/1379/738 5966/1379/1235
f  5967/1329/741 5968/1328/739 5969/1379/1235 5970/1380/1452
f  5971/1381/1237 5972/1329/741 5973/1380/1452 5974/1352/1453
f  5975/1223/745 5976/1381/1237 5977/1352/1453 5978/1352/1239
f  5979/1369/1454 5980/1223/745 5981/1352/1239 5982/1382/1241
f  5983/1369/749 5984/1369/1454 5985/1382/1241 5986/1351/1243
f  5987/1383/751 5988/1369/749 5989/1351/1243 5990/1347/1245
f  5991/1384/753 5992/1383/751 5993/1347/1245 5994/1347/754
f  5995/1385/1455 5996/1384/753 5997/1347/754 5998/1350/756
f  5999/1386/757 6000/1385/1455 6001/1350/756 6002/1346/1456
f  6003/1386/759 6004/1386/757 6005/1346/1456 6006/1346/1248
f  6007/1387/1249 6008/1386/759 6009/1346/1248 6010/1388/762
f  6011/1317/1213 6012/1387/1249 6013/1388/762 6014/1343/1214
f  6015/1389/1457 6016/1389/1251 6017/1389/765
f  6018/1389/1457 6019/1389/765 6020/1389/1458 6021/1389/1050
f  6022/1390/1258 6023/1389/765 6024/1391/1459 6025/1390/1257
f  6026/1389/1458 6027/1389/765 6028/1390/1258 6029/1390/1259
f  6030/1392/1460 6031/1390/1259 6032/1390/1054 6033/1390/774
f  6034/1389/1458 6035/1390/1259 6036/1392/1460 6037/1393/1461
f  6038/1390/774 6039/1390/1054 6040/1390/1462 6041/1390/1263
f  6042/1390/774 6043/1392/1264 6044/1392/1460
f  6045/1392/1460 6046/1392/1463 6047/1392/1464
f  6048/1392/780 6049/1392/1460 6050/1392/1464 6051/1392/1268
f  6052/1392/1460 6053/1392/780 6054/1393/1465 6055/1393/1461
f  6056/1392/780 6057/1394/784 6058/1393/1271 6059/1393/1465
f  6060/1392/780 6061/1392/1270 6062/1394/784
f  6063/1393/1465 6064/1393/1466 6065/1393/1467
f  6066/1393/1461 6067/1393/1465 6068/1393/1467 6069/1393/1275
f  6070/1393/1275 6071/1393/1276 6072/1393/1461
f  6073/1393/1461 6074/1395/1468 6075/1395/1469
f  6076/1389/1458 6077/1393/1461 6078/1395/1469 6079/1389/1470
f  6080/1389/1458 6081/1389/1471 6082/1389/1050
f  6083/1396/952 6084/1372/1472 6085/1397/1473 6086/1397/798
f  6087/1324/596 6088/1371/1474 6089/1398/1475 6090/1325/597
f  6091/1372/1472 6092/1372/801 6093/1399/802 6094/1397/1473
f  6095/1371/1474 6096/1367/803 6097/1398/804 6098/1398/1475
f  6099/1372/801 6100/1366/805 6101/1400/806 6102/1399/802
f  6103/1367/803 6104/1367/1284 6105/1286/808 6106/1398/804
f  6107/1366/805 6108/1366/809 6109/1401/810 6110/1400/806
f  6111/1367/1284 6112/1365/1476 6113/1286/1477 6114/1286/808
f  6115/1366/809 6116/1402/813 6117/1403/814 6118/1401/810
f  6119/1365/1476 6120/1340/1478 6121/1305/816 6122/1286/1477
f  6123/1337/1290 6124/1317/1137 6125/1326/1392 6126/1404/1291
f  6127/1402/813 6128/1402/1292 6129/1403/1293 6130/1403/814
f  6131/1340/1478 6132/1405/1294 6133/1305/1479 6134/1305/816
f  6135/1318/600 6136/1318/1296 6137/1406/963 6138/1326/1138
f  6139/1402/1292 6140/1407/969 6141/1408/1298 6142/1403/1293
f  6143/1405/1294 6144/1334/1480 6145/1301/1300 6146/1305/1479
f  6147/1318/1296 6148/1338/1481 6149/1409/830 6150/1406/963
f  6151/1407/969 6152/1337/1482 6153/1404/832 6154/1408/1298
f  6155/1334/1480 6156/1334/833 6157/1300/834 6158/1301/1300
f  6159/1338/1481 6160/1332/966 6161/1410/967 6162/1409/830
f  6163/1337/1482 6164/1337/1290 6165/1404/1291 6166/1404/832
f  6167/1334/833 6168/1411/1305 6169/1412/1483 6170/1300/834
f  6171/1332/966 6172/1332/964 6173/1413/1484 6174/1410/967
f  6175/1326/1485 6176/1326/1307 6177/1414/843 6178/1414/1308
f  6179/1411/1305 6180/1220/845 6181/1412/960 6182/1412/1483
f  6183/1332/964 6184/1327/1309 6185/1415/959 6186/1413/1484
f  6187/1220/845 6188/1220/1486 6189/1416/957 6190/1412/960
f  6191/1327/1309 6192/1327/851 6193/1415/852 6194/1415/959
f  6195/1220/1486 6196/1229/853 6197/1416/854 6198/1416/957
f  6199/1327/851 6200/1323/1391 6201/1325/598 6202/1415/852
f  6203/1229/853 6204/1396/952 6205/1397/798 6206/1416/854
f  6207/1404/1311 6208/1326/1485 6209/1414/1308 6210/1404/1312
f  6211/1404/1313 6212/1404/1311 6213/1404/1312 6214/1404/1487
f  6215/1409/1315 6216/1413/1316 6217/1417/1488 6218/1409/1111
f  6219/1413/1316 6220/1413/1318 6221/1417/1319 6222/1417/1488
f  6223/1413/1318 6224/1415/1320 6225/1418/866 6226/1417/1319
f  6227/1415/1320 6228/1415/1489 6229/1418/1322 6230/1418/866
f  6231/1415/1489 6232/1325/1490 6233/1419/1324 6234/1418/1322
f  6235/1325/1490 6236/1325/1491 6237/1419/872 6238/1419/1324
f  6239/1325/1491 6240/1398/1492 6241/1419/874 6242/1419/872
f  6243/1398/1492 6244/1398/1493 6245/1420/1329 6246/1419/874
f  6247/1398/1493 6248/1420/1117 6249/1420/878 6250/1420/1329
f  6251/1420/1117 6252/1286/1494 6253/1420/1495 6254/1420/878
f  6255/1286/1494 6256/1305/1332 6257/1421/1496 6258/1420/1495
f  6259/1305/1332 6260/1305/1120 6261/1421/884 6262/1421/1496
f  6263/1305/1120 6264/1301/1335 6265/1422/1336 6266/1421/884
f  6267/1301/1335 6268/1422/1337 6269/1422/888 6270/1422/1336
f  6271/1422/1337 6272/1412/1338 6273/1412/1339 6274/1422/888
f  6275/1412/1338 6276/1412/1497 6277/1423/1498 6278/1412/1339
f  6279/1412/1497 6280/1416/1499 6281/1423/894 6282/1423/1498
f  6283/1416/1499 6284/1416/1500 6285/1423/1501 6286/1423/894
f  6287/1416/1500 6288/1397/1502 6289/1397/898 6290/1423/1501
f  6291/1397/1502 6292/1397/1345 6293/1397/1346 6294/1397/898
f  6295/1397/1345 6296/1399/1347 6297/1424/1348 6298/1397/1346
f  6299/1399/1347 6300/1399/1349 6301/1424/1350 6302/1424/1348
f  6303/1399/1349 6304/1401/1503 6305/1401/1352 6306/1424/1350
f  6307/1401/1503 6308/1401/1353 6309/1401/908 6310/1401/1352
f  6311/1401/1353 6312/1408/1354 6313/1425/1504 6314/1401/908
f  6315/1408/1354 6316/1408/1356 6317/1425/1505 6318/1425/1504
f  6319/1408/1356 6320/1404/1313 6321/1404/1487 6322/1425/1505
f  6323/901/913 6324/1042/1012 6325/1426/1506 6326/1427/1507
f  6327/1409/1357 6328/1409/1315 6329/1409/1111 6330/1414/1358
f  6331/1326/1307 6332/1409/1357 6333/1414/1358 6334/1414/843
f  6335/1414/1308 6336/1414/843 6337/1414/1359 6338/1428/1508
f  6339/1414/843 6340/1414/1358 6341/1391/1509 6342/1414/1359
f  6343/1414/1358 6344/1409/1111 6345/1391/1362 6346/1391/1509
f  6347/1409/1111 6348/1417/1488 6349/1391/1510 6350/1391/1362
f  6351/1417/1488 6352/1417/1319 6353/1417/1364 6354/1391/1510
f  6355/1417/1319 6356/1418/866 6357/1418/1365 6358/1417/1364
f  6359/1418/866 6360/1418/1322 6361/1418/1366 6362/1418/1365
f  6363/1418/1322 6364/1419/1324 6365/1418/1367 6366/1418/1366
f  6367/1419/1324 6368/1419/872 6369/1429/1368 6370/1418/1367
f  6371/1419/872 6372/1419/874 6373/1429/1511 6374/1429/1368
f  6375/1419/874 6376/1420/1329 6377/1429/1370 6378/1429/1511
f  6379/1420/1329 6380/1420/878 6381/1429/1371 6382/1429/1370
f  6383/1420/878 6384/1420/1495 6385/1392/1372 6386/1429/1371
f  6387/1420/1495 6388/1421/1496 6389/1421/1373 6390/1392/1372
f  6391/1421/1496 6392/1421/884 6393/1421/1374 6394/1421/1373
f  6395/1421/884 6396/1422/1336 6397/1394/1375 6398/1421/1374
f  6399/1422/1336 6400/1422/888 6401/1394/1376 6402/1394/1375
f  6403/1422/888 6404/1412/1339 6405/1394/1377 6406/1394/1376
f  6407/1412/1339 6408/1423/1498 6409/1394/1378 6410/1394/1377
f  6411/1423/1498 6412/1423/894 6413/1423/1512 6414/1394/1378
f  6415/1423/894 6416/1423/1501 6417/1430/1513 6418/1423/1512
f  6419/1423/1501 6420/1397/898 6421/1430/1381 6422/1430/1513
f  6423/1397/898 6424/1397/1346 6425/1430/1382 6426/1430/1381
f  6427/1397/1346 6428/1424/1348 6429/1424/1383 6430/1430/1382
f  6431/1424/1348 6432/1424/1350 6433/1424/1384 6434/1424/1383
f  6435/1424/1350 6436/1401/1352 6437/1395/1385 6438/1424/1384
f  6439/1401/1352 6440/1401/908 6441/1395/1386 6442/1395/1385
f  6443/1401/908 6444/1425/1504 6445/1425/1387 6446/1395/1386
f  6447/1425/1504 6448/1425/1505 6449/1425/1514 6450/1425/1387
f  6451/1425/1505 6452/1404/1487 6453/1428/1515 6454/1425/1514
f  6455/1404/1487 6456/1404/1312 6457/1428/1390 6458/1428/1515
f  6459/1404/1312 6460/1414/1308 6461/1428/1508 6462/1428/1390
f  6463/1428/1508 6464/1414/1359 6465/1389/1251 6466/1389/1457
f  6467/1414/1359 6468/1391/1509 6469/1389/765 6470/1389/1251
f  6471/1391/1509 6472/1391/1362 6473/1391/1459 6474/1389/765
f  6475/1391/1362 6476/1391/1510 6477/1390/1257 6478/1391/1459
f  6479/1391/1510 6480/1417/1364 6481/1390/1258 6482/1390/1257
f  6483/1417/1364 6484/1418/1365 6485/1390/1259 6486/1390/1258
f  6487/1418/1365 6488/1418/1366 6489/1390/1054 6490/1390/1259
f  6491/1418/1366 6492/1418/1367 6493/1390/1462 6494/1390/1054
f  6495/1418/1367 6496/1429/1368 6497/1390/1263 6498/1390/1462
f  6499/1429/1368 6500/1429/1511 6501/1390/774 6502/1390/1263
f  6503/1429/1511 6504/1429/1370 6505/1392/1264 6506/1390/774
f  6507/1429/1370 6508/1429/1371 6509/1392/1460 6510/1392/1264
f  6511/1429/1371 6512/1392/1372 6513/1392/1463 6514/1392/1460
f  6515/1392/1372 6516/1421/1373 6517/1392/1464 6518/1392/1463
f  6519/1421/1373 6520/1421/1374 6521/1392/1268 6522/1392/1464
f  6523/1421/1374 6524/1394/1375 6525/1392/780 6526/1392/1268
f  6527/1394/1375 6528/1394/1376 6529/1392/1270 6530/1392/780
f  6531/1394/1376 6532/1394/1377 6533/1394/784 6534/1392/1270
f  6535/1394/1377 6536/1394/1378 6537/1393/1271 6538/1394/784
f  6539/1394/1378 6540/1423/1512 6541/1393/1465 6542/1393/1271
f  6543/1423/1512 6544/1430/1513 6545/1393/1466 6546/1393/1465
f  6547/1430/1513 6548/1430/1381 6549/1393/1467 6550/1393/1466
f  6551/1430/1381 6552/1430/1382 6553/1393/1275 6554/1393/1467
f  6555/1430/1382 6556/1424/1383 6557/1393/1276 6558/1393/1275
f  6559/1424/1383 6560/1424/1384 6561/1393/1461 6562/1393/1276
f  6563/1424/1384 6564/1395/1385 6565/1395/1468 6566/1393/1461
f  6567/1395/1385 6568/1395/1386 6569/1395/1469 6570/1395/1468
f  6571/1395/1386 6572/1425/1387 6573/1389/1470 6574/1395/1469
f  6575/1425/1387 6576/1425/1514 6577/1389/1458 6578/1389/1470
f  6579/1425/1514 6580/1428/1515 6581/1389/1471 6582/1389/1458
f  6583/1428/1515 6584/1428/1390 6585/1389/1050 6586/1389/1471
f  6587/1428/1390 6588/1428/1508 6589/1389/1457 6590/1389/1050
f  6591/1431/1516 6592/1427/1517 6593/1039/1010 6594/1038/1009
f  6595/1427/1517 6596/1432/1518 6597/1123/1089 6598/1039/1010
f  6599/1433/1519 6600/1431/1516 6601/1038/1009 6602/1117/1083
f  6603/1037/1008 6604/942/950 6605/1434/1520 6606/1435/1521
f  6607/1435/1522 6608/1433/1519 6609/1117/1083 6610/1129/1095
f  6611/1076/1048 6612/1037/1008 6613/1435/1521 6614/1436/1523
f  6615/1436/1524 6616/1435/1522 6617/1129/1095 6618/1124/1090
f  6619/1074/1047 6620/1076/1048 6621/1436/1523 6622/1437/1525
f  6623/1437/1526 6624/1436/1524 6625/1124/1090 6626/1120/1087
f  6627/1073/1045 6628/1074/1047 6629/1437/1525 6630/1438/1527
f  6631/1438/1528 6632/1437/1526 6633/1120/1087 6634/1118/1084
f  6635/1072/1044 6636/1073/1045 6637/1438/1527 6638/1439/1529
f  6639/1439/1530 6640/1438/1528 6641/1118/1084 6642/1115/1079
f  6643/1070/1043 6644/1072/1044 6645/1439/1529 6646/1440/1531
f  6647/1440/1532 6648/1439/1530 6649/1115/1079 6650/1112/1076
f  6651/1069/1042 6652/1070/1043 6653/1440/1531 6654/1441/1533
f  6655/1441/1534 6656/1440/1532 6657/1112/1076 6658/1110/1073
f  6659/1068/1041 6660/1069/1042 6661/1441/1533 6662/1442/1535
f  6663/1442/1536 6664/1441/1534 6665/1110/1073 6666/1108/1070
f  6667/1066/1040 6668/1068/1041 6669/1442/1535 6670/1066/1537
f  6671/1443/1538 6672/1442/1536 6673/1108/1070 6674/1106/1068
f  6675/1065/1038 6676/1066/1040 6677/1066/1537 6678/1065/1539
f  6679/1444/1540 6680/1443/1538 6681/1106/1068 6682/1105/1067
f  6683/1064/1037 6684/1065/1038 6685/1065/1539 6686/1064/1541
f  6687/1445/1542 6688/1444/1540 6689/1105/1067 6690/1139/1106
f  6691/1063/1036 6692/1064/1037 6693/1064/1541 6694/1063/1543
f  6695/1446/1544 6696/1445/1542 6697/1139/1106 6698/1136/1102
f  6699/1061/1035 6700/1063/1036 6701/1063/1543 6702/1061/1545
f  6703/1447/1546 6704/1446/1544 6705/1136/1102 6706/1132/1099
f  6707/1060/1034 6708/1061/1035 6709/1061/1545 6710/1448/1547
f  6711/1448/1548 6712/1447/1546 6713/1132/1099 6714/1130/1096
f  6715/1059/1033 6716/1060/1034 6717/1448/1547 6718/1449/1549
f  6719/1449/1550 6720/1448/1548 6721/1130/1096 6722/1126/1092
f  6723/1058/1032 6724/1059/1033 6725/1449/1549 6726/1450/1551
f  6727/1451/1552 6728/1449/1550 6729/1126/1092 6730/1121/1088
f  6731/1056/1030 6732/1058/1032 6733/1450/1551 6734/1452/1553
f  6735/1453/1554 6736/1451/1552 6737/1121/1088 6738/1119/1085
f  6739/1055/1028 6740/1056/1030 6741/1452/1553 6742/1454/1555
f  6743/1455/1556 6744/1453/1554 6745/1119/1085 6746/1116/1081
f  6747/1054/1027 6748/1055/1028 6749/1454/1555 6750/1456/1557
f  6751/1457/1558 6752/1455/1556 6753/1116/1081 6754/1114/1077
f  6755/1053/1026 6756/1054/1027 6757/1456/1557 6758/1458/1559
f  6759/1459/1560 6760/1457/1558 6761/1114/1077 6762/1111/1074
f  6763/1051/1024 6764/1053/1026 6765/1458/1559 6766/1460/1561
f  6767/1461/1562 6768/1459/1560 6769/1111/1074 6770/1109/1072
f  6771/1050/1022 6772/1051/1024 6773/1460/1561 6774/1462/1563
f  6775/1462/1564 6776/1461/1562 6777/1109/1072 6778/1107/1069
f  6779/1048/1020 6780/1050/1022 6781/1462/1563 6782/1463/1565
f  6783/1463/1566 6784/1462/1564 6785/1107/1069 6786/951/955
f  6787/1047/1018 6788/1048/1020 6789/1463/1565 6790/1464/1567
f  6791/1464/1568 6792/1463/1566 6793/951/955 6794/950/954
f  6795/1046/1017 6796/1047/1018 6797/1464/1567 6798/1465/1569
f  6799/1465/1570 6800/1464/1568 6801/950/954 6802/1138/1104
f  6803/1045/1015 6804/1046/1017 6805/1465/1569 6806/1466/1571
f  6807/1466/1572 6808/1465/1570 6809/1138/1104 6810/1134/1100
f  6811/1043/1013 6812/1045/1015 6813/1466/1571 6814/1467/1573
f  6815/1467/1574 6816/1466/1572 6817/1134/1100 6818/1131/1097
f  6819/1041/1011 6820/1043/1013 6821/1467/1573 6822/1468/1575
f  6823/1468/1576 6824/1467/1574 6825/1131/1097 6826/1128/1093
f  6827/1042/1012 6828/1041/1011 6829/1468/1575 6830/1426/1506
f  6831/1432/1518 6832/1468/1576 6833/1128/1093 6834/1123/1089
f  6835/902/914 6836/901/913 6837/1427/1507 6838/1469/1577
f  6839/942/950 6840/902/914 6841/1469/1577 6842/1434/1520
f  6843/986/599 6844/1040/600 6845/967/601 6846/966/602
f  6847/750/700 6848/770/699 6849/693/619 6850/750/677
f  6851/793/761 6852/750/700 6853/750/677 6854/701/628
f  6855/791/759 6856/793/761 6857/701/628 6858/700/627
f  6859/790/757 6860/791/759 6861/700/627 6862/708/635
f  6863/788/755 6864/790/757 6865/708/635 6866/712/639
f  6867/787/753 6868/788/755 6869/712/639 6870/748/675
f  6871/754/751 6872/787/753 6873/748/675 6874/754/681
f  6875/758/749 6876/754/751 6877/754/681 6878/758/685
f  6879/528/747 6880/758/749 6881/758/685 6882/528/689
f  6883/765/745 6884/528/747 6885/528/689 6886/765/693
f  6887/768/743 6888/765/745 6889/765/693 6890/768/697
f  6891/682/741 6892/768/743 6893/768/697 6894/682/608
f  6895/681/739 6896/682/741 6897/682/608 6898/681/607
f  6899/687/737 6900/681/739 6901/681/607 6902/687/613
f  6903/785/735 6904/687/737 6905/687/613 6906/691/617
f  6907/698/733 6908/785/735 6909/691/617 6910/698/625
f  6911/706/731 6912/698/733 6913/698/625 6914/706/633
f  6915/710/729 6916/706/731 6917/706/633 6918/710/637
f  6919/746/727 6920/710/729 6921/710/637 6922/746/673
f  6923/752/725 6924/746/727 6925/746/673 6926/752/679
f  6927/756/723 6928/752/725 6929/752/679 6930/756/683
f  6931/760/721 6932/756/723 6933/756/683 6934/760/687
f  6935/763/719 6936/760/721 6937/760/687 6938/763/691
f  6939/767/717 6940/763/719 6941/763/691 6942/767/695
f  6943/678/715 6944/767/717 6945/767/695 6946/678/604
f  6947/677/713 6948/678/715 6949/678/604 6950/677/603
f  6951/685/711 6952/677/713 6953/677/603 6954/685/611
f  6955/689/709 6956/685/711 6957/685/611 6958/689/615
f  6959/696/707 6960/689/709 6961/689/615 6962/696/623
f  6963/704/705 6964/696/707 6965/696/623 6966/704/631
f  6967/694/703 6968/704/705 6969/704/631 6970/694/620
f  6971/770/699 6972/694/703 6973/694/620 6974/693/619
f  6975/714/641 6976/716/643 6977/716/702 6978/771/701
f  6979/717/644 6980/714/641 6981/771/701 6982/717/762
f  6983/718/645 6984/717/644 6985/717/762 6986/792/760
f  6987/720/647 6988/718/645 6989/792/760 6990/720/758
f  6991/721/648 6992/720/647 6993/720/758 6994/789/756
f  6995/722/649 6996/721/648 6997/789/756 6998/722/754
f  6999/725/652 7000/722/649 7001/722/754 7002/725/752
f  7003/723/650 7004/725/652 7005/725/752 7006/723/750
f  7007/726/653 7008/723/650 7009/723/750 7010/726/748
f  7011/728/655 7012/726/653 7013/726/748 7014/728/746
f  7015/730/657 7016/728/655 7017/728/746 7018/730/744
f  7019/729/656 7020/730/657 7021/730/744 7022/729/742
f  7023/731/658 7024/729/656 7025/729/742 7026/786/740
f  7027/732/659 7028/731/658 7029/786/740 7030/732/738
f  7031/727/654 7032/732/659 7033/732/738 7034/727/736
f  7035/733/660 7036/727/654 7037/727/736 7038/784/734
f  7039/724/651 7040/733/660 7041/784/734 7042/724/732
f  7043/734/661 7044/724/651 7045/724/732 7046/783/730
f  7047/735/662 7048/734/661 7049/783/730 7050/782/728
f  7051/736/663 7052/735/662 7053/782/728 7054/781/726
f  7055/739/666 7056/736/663 7057/781/726 7058/739/724
f  7059/737/664 7060/739/666 7061/739/724 7062/780/722
f  7063/740/667 7064/737/664 7065/780/722 7066/779/720
f  7067/742/669 7068/740/667 7069/779/720 7070/742/718
f  7071/741/668 7072/742/669 7073/742/718 7074/778/716
f  7075/738/665 7076/741/668 7077/778/716 7078/777/714
f  7079/743/670 7080/738/665 7081/777/714 7082/776/712
f  7083/719/646 7084/743/670 7085/776/712 7086/775/710
f  7087/744/671 7088/719/646 7089/775/710 7090/774/708
f  7091/745/672 7092/744/671 7093/774/708 7094/773/706
f  7095/715/642 7096/745/672 7097/773/706 7098/772/704
f  7099/716/643 7100/715/642 7101/772/704 7102/716/702
f  7103/751/678 7104/674/622 7105/674/600 7106/673/599
f  7107/702/629 7108/751/678 7109/673/599 7110/840/817
f  7111/674/622 7112/695/621 7113/844/823 7114/674/600
f  7115/695/621 7116/705/632 7117/848/829 7118/844/823
f  7119/705/632 7120/697/624 7121/697/835 7122/848/829
f  7123/697/624 7124/690/616 7125/855/839 7126/697/835
f  7127/690/616 7128/686/612 7129/686/847 7130/855/839
f  7131/686/612 7132/680/606 7133/862/851 7134/686/847
f  7135/680/606 7136/679/605 7137/669/595 7138/862/851
f  7139/679/605 7140/670/696 7141/670/596 7142/669/595
f  7143/670/696 7144/764/692 7145/825/799 7146/670/596
f  7147/764/692 7148/761/688 7149/829/803 7150/825/799
f  7151/761/688 7152/757/684 7153/757/807 7154/829/803
f  7155/757/684 7156/753/680 7157/835/811 7158/757/807
f  7159/753/680 7160/747/674 7161/747/815 7162/835/811
f  7163/747/674 7164/711/638 7165/711/821 7166/747/815
f  7167/711/638 7168/707/634 7169/707/827 7170/711/821
f  7171/707/634 7172/699/626 7173/699/833 7174/707/827
f  7175/699/626 7176/692/618 7177/853/837 7178/699/833
f  7179/692/618 7180/688/614 7181/688/845 7182/853/837
f  7183/688/614 7184/684/610 7185/684/849 7186/688/845
f  7187/684/610 7188/683/609 7189/864/853 7190/684/849
f  7191/683/609 7192/769/698 7193/769/795 7194/864/853
f  7195/769/698 7196/766/694 7197/822/796 7198/769/795
f  7199/766/694 7200/762/690 7201/827/801 7202/822/796
f  7203/762/690 7204/759/686 7205/759/805 7206/827/801
f  7207/759/686 7208/755/682 7209/833/809 7210/759/805
f  7211/755/682 7212/749/676 7213/837/813 7214/833/809
f  7215/749/676 7216/713/640 7217/713/819 7218/837/813
f  7219/713/640 7220/709/636 7221/709/825 7222/713/819
f  7223/709/636 7224/703/630 7225/703/831 7226/709/825
f  7227/703/630 7228/702/629 7229/840/817 7230/703/831
f  7231/676/602 7232/675/601 7233/675/842 7234/676/841
f  7235/841/818 7236/676/602 7237/676/841 7238/841/855
f  7239/675/601 7240/845/824 7241/845/915 7242/675/842
f  7243/845/824 7244/849/830 7245/849/859 7246/845/915
f  7247/849/830 7248/852/836 7249/852/860 7250/849/859
f  7251/852/836 7252/856/840 7253/856/863 7254/852/860
f  7255/856/840 7256/860/848 7257/860/865 7258/856/863
f  7259/860/848 7260/863/852 7261/872/867 7262/860/865
f  7263/863/852 7264/672/598 7265/874/869 7266/872/867
f  7267/672/598 7268/671/597 7269/671/871 7270/874/869
f  7271/671/597 7272/826/800 7273/877/873 7274/671/871
f  7275/826/800 7276/830/804 7277/879/875 7278/877/873
f  7279/830/804 7280/832/808 7281/832/877 7282/879/875
f  7283/832/808 7284/836/812 7285/836/879 7286/832/877
f  7287/836/812 7288/839/816 7289/839/881 7290/836/879
f  7291/839/816 7292/843/822 7293/843/883 7294/839/881
f  7295/843/822 7296/847/828 7297/885/885 7298/843/883
f  7299/847/828 7300/851/834 7301/851/887 7302/885/885
f  7303/851/834 7304/854/838 7305/888/889 7306/851/887
f  7307/854/838 7308/859/846 7309/859/891 7310/888/889
f  7311/859/846 7312/861/850 7313/861/893 7314/859/891
f  7315/861/850 7316/865/854 7317/865/895 7318/861/893
f  7319/865/854 7320/824/798 7321/824/897 7322/865/895
f  7323/824/798 7324/823/797 7325/823/899 7326/824/897
f  7327/823/797 7328/828/802 7329/828/901 7330/823/899
f  7331/828/802 7332/831/806 7333/831/903 7334/828/901
f  7335/831/806 7336/834/810 7337/834/905 7338/831/903
f  7339/834/810 7340/838/814 7341/838/907 7342/834/905
f  7343/838/814 7344/842/820 7345/842/909 7346/838/907
f  7347/842/820 7348/846/826 7349/846/911 7350/842/909
f  7351/846/826 7352/850/832 7353/850/857 7354/846/911
f  7355/850/832 7356/841/818 7357/841/855 7358/850/857
f  7359/1007/985 7360/904/643 7361/904/702 7362/903/701
f  7363/943/644 7364/1007/985 7365/903/701 7366/943/762
f  7367/1009/987 7368/943/644 7369/943/762 7370/1009/760
f  7371/1013/647 7372/1009/987 7373/1009/760 7374/1013/758
f  7375/1014/648 7376/1013/647 7377/1013/758 7378/1075/756
f  7379/1015/991 7380/1014/648 7381/1075/756 7382/1015/1046
f  7383/1016/992 7384/1015/991 7385/1015/1046 7386/1016/752
f  7387/1011/989 7388/1016/992 7389/1016/752 7390/1071/750
f  7391/1017/993 7392/1011/989 7393/1071/750 7394/1017/748
f  7395/1018/994 7396/1017/993 7397/1017/748 7398/1018/746
f  7399/1019/995 7400/1018/994 7401/1018/746 7402/1067/744
f  7403/1023/998 7404/1019/995 7405/1067/744 7406/1023/1039
f  7407/1020/996 7408/1023/998 7409/1023/1039 7410/1020/740
f  7411/1024/659 7412/1020/996 7413/1020/740 7414/1024/738
f  7415/1021/654 7416/1024/659 7417/1024/738 7418/1062/736
f  7419/1025/660 7420/1021/654 7421/1062/736 7422/1025/734
f  7423/1022/997 7424/1025/660 7425/1025/734 7426/1022/732
f  7427/1027/1000 7428/1022/997 7429/1022/732 7430/1027/730
f  7431/1028/1001 7432/1027/1000 7433/1027/730 7434/1057/1031
f  7435/1026/999 7436/1028/1001 7437/1057/1031 7438/1026/1029
f  7439/1030/666 7440/1026/999 7441/1026/1029 7442/1030/724
f  7443/1031/1003 7444/1030/666 7445/1030/724 7446/1031/722
f  7447/1032/1004 7448/1031/1003 7449/1031/722 7450/1052/1025
f  7451/1033/1005 7452/1032/1004 7453/1052/1025 7454/1033/1023
f  7455/1034/1006 7456/1033/1005 7457/1033/1023 7458/1049/1021
f  7459/1029/1002 7460/1034/1006 7461/1049/1021 7462/1029/1019
f  7463/1035/1007 7464/1029/1002 7465/1029/1019 7466/1035/712
f  7467/1010/988 7468/1035/1007 7469/1035/712 7470/1010/1016
f  7471/1012/990 7472/1010/988 7473/1010/1016 7474/1044/1014
f  7475/1036/672 7476/1012/990 7477/1044/1014 7478/1036/706
f  7479/1008/986 7480/1036/672 7481/1036/706 7482/1008/704
f  7483/904/643 7484/1008/986 7485/1008/704 7486/904/702
f  7487/986/678 7488/1040/622 7489/1040/600 7490/986/599
f  7491/975/629 7492/986/678 7493/986/599 7494/975/817
f  7495/1040/622 7496/958/621 7497/958/823 7498/1040/600
f  7499/958/621 7500/959/1094 7501/959/961 7502/958/823
f  7503/959/1094 7504/970/1098 7505/970/966 7506/959/961
f  7507/970/1098 7508/1135/1101 7509/962/964 7510/970/966
f  7511/1135/1101 7512/954/1105 7513/954/958 7514/962/964
f  7515/954/1105 7516/944/606 7517/944/851 7518/954/958
f  7519/944/606 7520/938/605 7521/938/595 7522/944/851
f  7523/938/605 7524/939/696 7525/939/596 7526/938/595
f  7527/939/696 7528/1003/692 7529/1003/799 7530/939/596
f  7531/1003/692 7532/999/1075 7533/999/981 7534/1003/799
f  7535/999/1075 7536/995/1078 7537/995/977 7538/999/981
f  7539/995/1078 7540/991/1082 7541/991/974 7542/995/977
f  7543/991/1082 7544/987/1086 7545/987/815 7546/991/974
f  7547/987/1086 7548/1122/638 7549/982/821 7550/987/815
f  7551/1122/638 7552/1127/634 7553/978/827 7554/982/821
f  7555/1127/634 7556/972/626 7557/972/833 7558/978/827
f  7559/972/626 7560/1133/618 7561/964/837 7562/972/833
f  7563/1133/618 7564/1137/1103 7565/956/845 7566/964/837
f  7567/1137/1103 7568/952/1107 7569/952/956 7570/956/845
f  7571/952/1107 7572/946/609 7573/946/951 7574/952/956
f  7575/946/609 7576/947/698 7577/947/952 7578/946/951
f  7579/947/698 7580/1005/1071 7581/1005/983 7582/947/952
f  7583/1005/1071 7584/1001/690 7585/1001/801 7586/1005/983
f  7587/1001/690 7588/1113/686 7589/997/979 7590/1001/801
f  7591/1113/686 7592/993/1080 7593/993/976 7594/997/979
f  7595/993/1080 7596/989/676 7597/989/813 7598/993/976
f  7599/989/676 7600/984/640 7601/984/819 7602/989/813
f  7603/984/640 7604/1125/1091 7605/980/969 7606/984/819
f  7607/1125/1091 7608/974/630 7609/974/968 7610/980/969
f  7611/974/630 7612/975/629 7613/975/817 7614/974/968
f  7615/966/602 7616/967/601 7617/967/842 7618/966/841
f  7619/976/818 7620/966/602 7621/966/841 7622/976/855
f  7623/967/601 7624/961/963 7625/961/1134 7626/967/842
f  7627/961/963 7628/960/962 7629/960/1109 7630/961/1134
f  7631/960/962 7632/971/967 7633/971/1110 7634/960/1109
f  7635/971/967 7636/963/965 7637/963/1112 7638/971/1110
f  7639/963/965 7640/955/959 7641/955/865 7642/963/1112
f  7643/955/959 7644/945/852 7645/945/867 7646/955/865
f  7647/945/852 7648/941/949 7649/941/1113 7650/945/867
f  7651/941/949 7652/940/597 7653/940/1114 7654/941/1113
f  7655/940/597 7656/1004/800 7657/1004/1115 7658/940/1114
f  7659/1004/800 7660/1000/804 7661/1000/1116 7662/1004/1115
f  7663/1000/804 7664/996/978 7665/996/1117 7666/1000/1116
f  7667/996/978 7668/992/975 7669/992/1118 7670/996/1117
f  7671/992/975 7672/988/973 7673/988/1119 7674/992/1118
f  7675/988/973 7676/983/971 7677/1154/1120 7678/988/1119
f  7679/983/971 7680/979/828 7681/1156/885 7682/1154/1120
f  7683/979/828 7684/973/834 7685/973/887 7686/1156/885
f  7687/973/834 7688/965/838 7689/1159/889 7690/973/887
f  7691/965/838 7692/957/960 7693/1161/891 7694/1159/889
f  7695/957/960 7696/953/957 7697/953/1122 7698/1161/891
f  7699/953/957 7700/949/854 7701/949/895 7702/953/1122
f  7703/949/854 7704/948/953 7705/948/1123 7706/949/895
f  7707/948/953 7708/1006/984 7709/1006/1124 7710/948/1123
f  7711/1006/984 7712/1002/982 7713/1002/1125 7714/1006/1124
f  7715/1002/982 7716/998/980 7717/998/1126 7718/1002/1125
f  7719/998/980 7720/994/810 7721/994/1127 7722/998/1126
f  7723/994/810 7724/990/814 7725/990/907 7726/994/1127
f  7727/990/814 7728/985/972 7729/985/909 7730/990/907
f  7731/985/972 7732/981/970 7733/981/911 7734/985/909
f  7735/981/970 7736/977/832 7737/977/1108 7738/981/911
f  7739/977/832 7740/976/818 7741/976/855 7742/977/1108
f  7743/1173/1213 7744/1223/1212 7745/1174/1131 7746/1173/1130
f  7747/1227/1249 7748/1173/1213 7749/1173/1130 7750/1227/1158
f  7751/1226/759 7752/1227/1249 7753/1227/1158 7754/1226/1157
f  7755/1226/757 7756/1226/759 7757/1226/1157 7758/1226/1165
f  7759/1232/755 7760/1226/757 7761/1226/1165 7762/1232/1168
f  7763/1255/753 7764/1232/755 7765/1232/1168 7766/1255/1192
f  7767/1275/1244 7768/1255/753 7769/1255/1192 7770/1257/1196
f  7771/1257/1242 7772/1275/1244 7773/1257/1196 7774/1257/1200
f  7775/1262/1240 7776/1257/1242 7777/1257/1200 7778/1262/1204
f  7779/1263/745 7780/1262/1240 7781/1262/1204 7782/1263/1207
f  7783/1264/1237 7784/1263/745 7785/1263/1207 7786/1264/1211
f  7787/1215/741 7788/1264/1237 7789/1264/1211 7790/1215/1144
f  7791/1215/739 7792/1215/741 7793/1215/1144 7794/1215/1143
f  7795/1218/737 7796/1215/739 7797/1215/1143 7798/1218/1148
f  7799/1221/735 7800/1218/737 7801/1218/1148 7802/1221/617
f  7803/1225/1234 7804/1221/735 7805/1221/617 7806/1225/1155
f  7807/1225/1233 7808/1225/1234 7809/1225/1155 7810/1225/1163
f  7811/1231/729 7812/1225/1233 7813/1225/1163 7814/1231/1167
f  7815/1253/1232 7816/1231/729 7817/1231/1167 7818/1253/1191
f  7819/1253/1230 7820/1253/1232 7821/1253/1191 7822/1253/1194
f  7823/1258/1228 7824/1253/1230 7825/1253/1194 7826/1258/1198
f  7827/1260/1227 7828/1258/1228 7829/1258/1198 7830/1260/1202
f  7831/1260/1225 7832/1260/1227 7833/1260/1202 7834/1260/691
f  7835/1269/1223 7836/1260/1225 7837/1260/691 7838/1208/1209
f  7839/1208/1221 7840/1269/1223 7841/1208/1209 7842/1208/1140
f  7843/1213/1220 7844/1208/1221 7845/1208/1140 7846/1213/1139
f  7847/1213/1218 7848/1213/1220 7849/1213/1139 7850/1213/1147
f  7851/1219/709 7852/1213/1218 7853/1213/1147 7854/1219/1149
f  7855/1224/1217 7856/1219/709 7857/1219/1149 7858/1224/1153
f  7859/1224/705 7860/1224/1217 7861/1224/1153 7862/1224/1161
f  7863/1223/703 7864/1224/705 7865/1224/1161 7866/1223/1151
f  7867/1223/1212 7868/1223/703 7869/1223/1151 7870/1174/1131
f  7871/1234/1172 7872/1233/1171 7873/1266/1215 7874/1265/1214
f  7875/1234/644 7876/1234/1172 7877/1265/1214 7878/1265/762
f  7879/1236/1174 7880/1234/644 7881/1265/762 7882/1236/1248
f  7883/1236/647 7884/1236/1174 7885/1236/1248 7886/1276/1247
f  7887/1237/1175 7888/1236/647 7889/1276/1247 7890/1237/1246
f  7891/1237/649 7892/1237/1175 7893/1237/1246 7894/1237/754
f  7895/1238/652 7896/1237/649 7897/1237/754 7898/1274/1245
f  7899/1238/1176 7900/1238/652 7901/1274/1245 7902/1274/1243
f  7903/1242/1179 7904/1238/1176 7905/1274/1243 7906/1273/1241
f  7907/1239/1177 7908/1242/1179 7909/1273/1241 7910/1272/1239
f  7911/1239/995 7912/1239/1177 7913/1272/1239 7914/1239/1238
f  7915/1243/1180 7916/1239/995 7917/1239/1238 7918/1243/1236
f  7919/1244/1181 7920/1243/1180 7921/1243/1236 7922/1243/1235
f  7923/1244/659 7924/1244/1181 7925/1243/1235 7926/1271/738
f  7927/1240/654 7928/1244/659 7929/1271/738 7930/1240/736
f  7931/1240/660 7932/1240/654 7933/1240/736 7934/1240/734
f  7935/1241/1178 7936/1240/660 7937/1240/734 7938/1241/732
f  7939/1241/661 7940/1241/1178 7941/1241/732 7942/1270/730
f  7943/1245/1182 7944/1241/661 7945/1270/730 7946/1270/728
f  7947/1246/663 7948/1245/1182 7949/1270/728 7950/1246/1231
f  7951/1246/1185 7952/1246/663 7953/1246/1231 7954/1246/1229
f  7955/1247/1183 7956/1246/1185 7957/1246/1229 7958/1249/722
f  7959/1249/1186 7960/1247/1183 7961/1249/722 7962/1249/1226
f  7963/1250/1187 7964/1249/1186 7965/1249/1226 7966/1250/1224
f  7967/1251/1188 7968/1250/1187 7969/1250/1224 7970/1251/1222
f  7971/1251/1189 7972/1251/1188 7973/1251/1222 7974/1251/714
f  7975/1248/1184 7976/1251/1189 7977/1251/714 7978/1268/1219
f  7979/1248/1190 7980/1248/1184 7981/1268/1219 7982/1248/1016
f  7983/1235/1173 7984/1248/1190 7985/1248/1016 7986/1235/1014
f  7987/1252/672 7988/1235/1173 7989/1235/1014 7990/1252/706
f  7991/1233/1170 7992/1252/672 7993/1252/706 7994/1267/1216
f  7995/1233/1171 7996/1233/1170 7997/1267/1216 7998/1266/1215
f  7999/1173/1133 8000/1174/1132 8001/1174/600 8002/1173/1137
f  8003/1173/1159 8004/1173/1133 8005/1173/1137 8006/1228/1290
f  8007/1174/1132 8008/1223/1152 8009/1223/1296 8010/1174/600
f  8011/1223/1152 8012/1229/1162 8013/1229/1301 8014/1223/1296
f  8015/1229/1162 8016/1220/1154 8017/1220/966 8018/1229/1301
f  8019/1220/1154 8020/1220/1150 8021/1220/964 8022/1220/966
f  8023/1220/1150 8024/1214/612 8025/1214/1309 8026/1220/964
f  8027/1214/612 8028/1214/1142 8029/1307/1310 8030/1214/1309
f  8031/1214/1142 8032/1208/1141 8033/1208/595 8034/1307/1310
f  8035/1208/1141 8036/1208/1210 8037/1208/596 8038/1208/595
f  8039/1208/1210 8040/1261/1206 8041/1261/1283 8042/1208/596
f  8043/1261/1206 8044/1261/1203 8045/1259/803 8046/1261/1283
f  8047/1261/1203 8048/1259/1199 8049/1259/1284 8050/1259/803
f  8051/1259/1199 8052/1254/1195 8053/1254/1285 8054/1259/1284
f  8055/1254/1195 8056/1254/1086 8057/1254/1288 8058/1254/1285
f  8059/1254/1086 8060/1231/638 8061/1295/1294 8062/1254/1288
f  8063/1231/638 8064/1225/1164 8065/1295/1299 8066/1295/1294
f  8067/1225/1164 8068/1225/1156 8069/1225/1303 8070/1295/1299
f  8071/1225/1156 8072/1222/618 8073/1222/1305 8074/1225/1303
f  8075/1222/618 8076/1217/1103 8077/1304/845 8078/1222/1305
f  8079/1217/1103 8080/1217/1146 8081/1304/849 8082/1304/845
f  8083/1217/1146 8084/1216/1145 8085/1284/853 8086/1304/849
f  8087/1216/1145 8088/1263/698 8089/1284/952 8090/1284/853
f  8091/1263/698 8092/1263/1208 8093/1263/1280 8094/1284/952
f  8095/1263/1208 8096/1262/1205 8097/1263/801 8098/1263/1280
f  8099/1262/1205 8100/1257/1201 8101/1257/979 8102/1263/801
f  8103/1257/1201 8104/1257/1197 8105/1257/976 8106/1257/979
f  8107/1257/1197 8108/1256/1193 8109/1291/1286 8110/1257/976
f  8111/1256/1193 8112/1230/1169 8113/1294/1292 8114/1291/1286
f  8115/1230/1169 8116/1230/1166 8117/1294/1297 8118/1294/1292
f  8119/1230/1166 8120/1228/1160 8121/1228/968 8122/1294/1297
f  8123/1228/1160 8124/1173/1159 8125/1228/1290 8126/1228/968
f  8127/1212/602 8128/1211/1138 8129/1211/1307 8130/1293/1306
f  8131/1293/1291 8132/1212/602 8133/1293/1306 8134/1293/1311
f  8135/1211/1138 8136/1211/963 8137/1211/1357 8138/1211/1307
f  8139/1211/963 8140/1298/962 8141/1298/1315 8142/1211/1357
f  8143/1298/962 8144/1298/1304 8145/1298/1316 8146/1298/1315
f  8147/1298/1304 8148/1302/840 8149/1302/1318 8150/1298/1316
f  8151/1302/840 8152/1306/848 8153/1302/1320 8154/1302/1318
f  8155/1306/848 8156/1306/852 8157/1210/1321 8158/1302/1320
f  8159/1306/852 8160/1210/949 8161/1210/1323 8162/1210/1321
f  8163/1210/949 8164/1209/597 8165/1209/1325 8166/1210/1323
f  8167/1209/597 8168/1287/800 8169/1287/1326 8170/1209/1325
f  8171/1287/800 8172/1288/804 8173/1288/1328 8174/1287/1326
f  8175/1288/804 8176/1288/808 8177/1288/1117 8178/1288/1328
f  8179/1288/808 8180/1290/812 8181/1290/1330 8182/1288/1117
f  8183/1290/812 8184/1290/1289 8185/1290/1332 8186/1290/1330
f  8187/1290/1289 8188/1296/1295 8189/1296/1333 8190/1290/1332
f  8191/1296/1295 8192/1296/1300 8193/1296/1335 8194/1296/1333
f  8195/1296/1300 8196/1300/834 8197/1312/1337 8198/1296/1335
f  8199/1300/834 8200/1301/838 8201/1301/1338 8202/1312/1337
f  8203/1301/838 8204/1305/960 8205/1305/1340 8206/1301/1338
f  8207/1305/960 8208/1305/957 8209/1305/893 8210/1305/1340
f  8211/1305/957 8212/1286/854 8213/1286/1342 8214/1305/893
f  8215/1286/854 8216/1286/1282 8217/1314/1343 8218/1286/1342
f  8219/1286/1282 8220/1285/1281 8221/1285/1345 8222/1314/1343
f  8223/1285/1281 8224/1285/802 8225/1285/1347 8226/1285/1345
f  8227/1285/802 8228/1289/806 8229/1289/1349 8230/1285/1347
f  8231/1289/806 8232/1289/810 8233/1289/1351 8234/1289/1349
f  8235/1289/810 8236/1292/1287 8237/1292/1353 8238/1289/1351
f  8239/1292/1287 8240/1292/1293 8241/1292/1354 8242/1292/1353
f  8243/1292/1293 8244/1297/1298 8245/1297/1356 8246/1292/1354
f  8247/1297/1298 8248/1299/1302 8249/1299/1313 8250/1297/1356
f  8251/1299/1302 8252/1293/1291 8253/1293/1311 8254/1299/1313
f  8255/1317/1213 8256/1318/1212 8257/1318/1131 8258/1317/1130
f  8259/1387/1249 8260/1317/1213 8261/1317/1130 8262/1336/1158
f  8263/1386/759 8264/1387/1249 8265/1336/1158 8266/1335/1157
f  8267/1386/757 8268/1386/759 8269/1335/1157 8270/1335/1404
f  8271/1385/1455 8272/1386/757 8273/1335/1404 8274/1341/1168
f  8275/1384/753 8276/1385/1455 8277/1341/1168 8278/1363/1192
f  8279/1383/751 8280/1384/753 8281/1363/1192 8282/1366/1430
f  8283/1369/749 8284/1383/751 8285/1366/1430 8286/1366/1433
f  8287/1369/1454 8288/1369/749 8289/1366/1433 8290/1369/1435
f  8291/1223/745 8292/1369/1454 8293/1369/1435 8294/1372/1439
f  8295/1381/1237 8296/1223/745 8297/1372/1439 8298/1329/697
f  8299/1329/741 8300/1381/1237 8301/1329/697 8302/1329/1397
f  8303/1328/739 8304/1329/741 8305/1329/1397 8306/1328/1143
f  8307/1331/737 8308/1328/739 8309/1328/1143 8310/1331/1148
f  8311/1331/735 8312/1331/737 8313/1331/1148 8314/1331/617
f  8315/1334/1234 8316/1331/735 8317/1331/617 8318/1334/1401
f  8319/1334/731 8320/1334/1234 8321/1334/1401 8322/1334/1403
f  8323/1340/729 8324/1334/731 8325/1334/1403 8326/1340/1167
f  8327/1362/727 8328/1340/729 8329/1340/1167 8330/1362/1428
f  8331/1364/1230 8332/1362/727 8333/1362/1428 8334/1364/1194
f  8335/1364/723 8336/1364/1230 8337/1364/1194 8338/1364/1432
f  8339/1368/721 8340/1364/723 8341/1364/1432 8342/1368/687
f  8343/1370/719 8344/1368/721 8345/1368/687 8346/1370/1437
f  8347/1376/1223 8348/1370/719 8349/1370/1437 8350/1324/1441
f  8351/1323/1448 8352/1376/1223 8353/1324/1441 8354/1323/1394
f  8355/1302/713 8356/1323/1448 8357/1323/1394 8358/1302/1393
f  8359/1302/1445 8360/1302/713 8361/1302/1393 8362/1302/1147
f  8363/1298/709 8364/1302/1445 8365/1302/1147 8366/1298/1400
f  8367/1211/1444 8368/1298/709 8369/1298/1400 8370/1211/1153
f  8371/1211/705 8372/1211/1444 8373/1211/1153 8374/1211/1161
f  8375/1333/703 8376/1211/705 8377/1211/1161 8378/1333/1151
f  8379/1318/1212 8380/1333/703 8381/1333/1151 8382/1318/1131
f  8383/1343/1407 8384/1345/1171 8385/1373/1215 8386/1343/1214
f  8387/1343/644 8388/1343/1407 8389/1343/1214 8390/1388/762
f  8391/1346/987 8392/1343/644 8393/1388/762 8394/1346/1248
f  8395/1350/647 8396/1346/987 8397/1346/1248 8398/1346/1456
f  8399/1350/648 8400/1350/647 8401/1346/1456 8402/1350/756
f  8403/1347/1411 8404/1350/648 8405/1350/756 8406/1347/754
f  8407/1347/1409 8408/1347/1411 8409/1347/754 8410/1347/1245
f  8411/1351/1412 8412/1347/1409 8413/1347/1245 8414/1351/1243
f  8415/1348/1410 8416/1351/1412 8417/1351/1243 8418/1382/1241
f  8419/1352/1413 8420/1348/1410 8421/1382/1241 8422/1352/1239
f  8423/1353/1414 8424/1352/1413 8425/1352/1239 8426/1352/1453
f  8427/1353/998 8428/1353/1414 8429/1352/1453 8430/1380/1452
f  8431/1354/1415 8432/1353/998 8433/1380/1452 8434/1379/1235
f  8435/1354/659 8436/1354/1415 8437/1379/1235 8438/1379/738
f  8439/1355/1416 8440/1354/659 8441/1379/738 8442/1378/736
f  8443/1355/660 8444/1355/1416 8445/1378/736 8446/1349/734
f  8447/1349/1178 8448/1355/660 8449/1349/734 8450/1349/732
f  8451/1356/661 8452/1349/1178 8453/1349/732 8454/1377/730
f  8455/1357/1417 8456/1356/661 8457/1377/730 8458/1357/728
f  8459/1265/1419 8460/1357/1417 8461/1357/728 8462/1265/1231
f  8463/1265/1420 8464/1265/1419 8465/1265/1231 8466/1265/1451
f  8467/1266/1421 8468/1265/1420 8469/1265/1451 8470/1266/1450
f  8471/1266/1423 8472/1266/1421 8473/1266/1450 8474/1267/1025
f  8475/1267/1422 8476/1266/1423 8477/1267/1025 8478/1267/1224
f  8479/1359/1424 8480/1267/1422 8481/1267/1224 8482/1375/1449
f  8483/1359/1425 8484/1359/1424 8485/1375/1449 8486/1359/1447
f  8487/1358/1418 8488/1359/1425 8489/1359/1447 8490/1374/1446
f  8491/1360/1426 8492/1358/1418 8493/1374/1446 8494/1360/1016
f  8495/1361/1427 8496/1360/1426 8497/1360/1016 8498/1361/708
f  8499/1361/672 8500/1361/1427 8501/1361/708 8502/1361/1443
f  8503/1344/1408 8504/1361/672 8505/1361/1443 8506/1344/1216
f  8507/1345/1171 8508/1344/1408 8509/1344/1216 8510/1373/1215
f  8511/1317/1133 8512/1318/1132 8513/1318/600 8514/1317/1137
f  8515/1337/1159 8516/1317/1133 8517/1317/1137 8518/1337/1290
f  8519/1318/1132 8520/1333/1152 8521/1318/1296 8522/1318/600
f  8523/1333/1152 8524/1338/1162 8525/1338/1481 8526/1318/1296
f  8527/1338/1162 8528/1332/1154 8529/1332/966 8530/1338/1481
f  8531/1332/1154 8532/1332/1150 8533/1332/964 8534/1332/966
f  8535/1332/1150 8536/1330/612 8537/1327/1309 8538/1332/964
f  8539/1330/612 8540/1327/1396 8541/1327/851 8542/1327/1309
f  8543/1327/1396 8544/1323/1395 8545/1323/1391 8546/1327/851
f  8547/1323/1395 8548/1324/1442 8549/1324/596 8550/1323/1391
f  8551/1324/1442 8552/1371/1438 8553/1371/1474 8554/1324/596
f  8555/1371/1438 8556/1367/688 8557/1367/803 8558/1371/1474
f  8559/1367/688 8560/1367/1199 8561/1367/1284 8562/1367/803
f  8563/1367/1199 8564/1365/1195 8565/1365/1476 8566/1367/1284
f  8567/1365/1195 8568/1340/1086 8569/1340/1478 8570/1365/1476
f  8571/1340/1086 8572/1340/638 8573/1405/1294 8574/1340/1478
f  8575/1340/638 8576/1334/634 8577/1334/1480 8578/1405/1294
f  8579/1334/634 8580/1334/626 8581/1334/833 8582/1334/1480
f  8583/1334/626 8584/1214/618 8585/1411/1305 8586/1334/833
f  8587/1214/618 8588/1220/1103 8589/1220/845 8590/1411/1305
f  8591/1220/1103 8592/1220/1399 8593/1220/1486 8594/1220/845
f  8595/1220/1399 8596/1229/1398 8597/1229/853 8598/1220/1486
f  8599/1229/1398 8600/1223/698 8601/1396/952 8602/1229/853
f  8603/1223/698 8604/1372/1440 8605/1372/1472 8606/1396/952
f  8607/1372/1440 8608/1369/1436 8609/1372/801 8610/1372/1472
f  8611/1369/1436 8612/1366/1434 8613/1366/805 8614/1372/801
f  8615/1366/1434 8616/1366/1431 8617/1366/809 8618/1366/805
f  8619/1366/1431 8620/1342/1429 8621/1402/813 8622/1366/809
f  8623/1342/1429 8624/1342/1406 8625/1402/1292 8626/1402/813
f  8627/1342/1406 8628/1339/1405 8629/1407/969 8630/1402/1292
f  8631/1339/1405 8632/1337/1402 8633/1337/1482 8634/1407/969
f  8635/1337/1402 8636/1337/1159 8637/1337/1290 8638/1337/1482
f  8639/1326/1392 8640/1326/1138 8641/1326/1307 8642/1326/1485
f  8643/1404/1291 8644/1326/1392 8645/1326/1485 8646/1404/1311
f  8647/1326/1138 8648/1406/963 8649/1409/1357 8650/1326/1307
f  8651/1406/963 8652/1409/830 8653/1409/1315 8654/1409/1357
f  8655/1409/830 8656/1410/967 8657/1413/1316 8658/1409/1315
f  8659/1410/967 8660/1413/1484 8661/1413/1318 8662/1413/1316
f  8663/1413/1484 8664/1415/959 8665/1415/1320 8666/1413/1318
f  8667/1415/959 8668/1415/852 8669/1415/1489 8670/1415/1320
f  8671/1415/852 8672/1325/598 8673/1325/1490 8674/1415/1489
f  8675/1325/598 8676/1325/597 8677/1325/1491 8678/1325/1490
f  8679/1325/597 8680/1398/1475 8681/1398/1492 8682/1325/1491
f  8683/1398/1475 8684/1398/804 8685/1398/1493 8686/1398/1492
f  8687/1398/804 8688/1286/808 8689/1420/1117 8690/1398/1493
f  8691/1286/808 8692/1286/1477 8693/1286/1494 8694/1420/1117
f  8695/1286/1477 8696/1305/816 8697/1305/1332 8698/1286/1494
f  8699/1305/816 8700/1305/1479 8701/1305/1120 8702/1305/1332
f  8703/1305/1479 8704/1301/1300 8705/1301/1335 8706/1305/1120
f  8707/1301/1300 8708/1300/834 8709/1422/1337 8710/1301/1335
f  8711/1300/834 8712/1412/1483 8713/1412/1338 8714/1422/1337
f  8715/1412/1483 8716/1412/960 8717/1412/1497 8718/1412/1338
f  8719/1412/960 8720/1416/957 8721/1416/1499 8722/1412/1497
f  8723/1416/957 8724/1416/854 8725/1416/1500 8726/1416/1499
f  8727/1416/854 8728/1397/798 8729/1397/1502 8730/1416/1500
f  8731/1397/798 8732/1397/1473 8733/1397/1345 8734/1397/1502
f  8735/1397/1473 8736/1399/802 8737/1399/1347 8738/1397/1345
f  8739/1399/802 8740/1400/806 8741/1399/1349 8742/1399/1347
f  8743/1400/806 8744/1401/810 8745/1401/1503 8746/1399/1349
f  8747/1401/810 8748/1403/814 8749/1401/1353 8750/1401/1503
f  8751/1403/814 8752/1403/1293 8753/1408/1354 8754/1401/1353
f  8755/1403/1293 8756/1408/1298 8757/1408/1356 8758/1408/1354
f  8759/1408/1298 8760/1404/832 8761/1404/1313 8762/1408/1356
f  8763/1404/832 8764/1404/1291 8765/1404/1311 8766/1404/1313
f  8767/1427/1517 8768/1431/1516 8769/1469/1577 8770/1427/1507
f  8771/1431/1516 8772/1433/1519 8773/1434/1520 8774/1469/1577
f  8775/1433/1519 8776/1435/1522 8777/1435/1521 8778/1434/1520
f  8779/1435/1522 8780/1436/1524 8781/1436/1523 8782/1435/1521
f  8783/1436/1524 8784/1437/1526 8785/1437/1525 8786/1436/1523
f  8787/1437/1526 8788/1438/1528 8789/1438/1527 8790/1437/1525
f  8791/1438/1528 8792/1439/1530 8793/1439/1529 8794/1438/1527
f  8795/1439/1530 8796/1440/1532 8797/1440/1531 8798/1439/1529
f  8799/1440/1532 8800/1441/1534 8801/1441/1533 8802/1440/1531
f  8803/1441/1534 8804/1442/1536 8805/1442/1535 8806/1441/1533
f  8807/1442/1536 8808/1443/1538 8809/1066/1537 8810/1442/1535
f  8811/1443/1538 8812/1444/1540 8813/1065/1539 8814/1066/1537
f  8815/1444/1540 8816/1445/1542 8817/1064/1541 8818/1065/1539
f  8819/1445/1542 8820/1446/1544 8821/1063/1543 8822/1064/1541
f  8823/1446/1544 8824/1447/1546 8825/1061/1545 8826/1063/1543
f  8827/1447/1546 8828/1448/1548 8829/1448/1547 8830/1061/1545
f  8831/1448/1548 8832/1449/1550 8833/1449/1549 8834/1448/1547
f  8835/1449/1550 8836/1451/1552 8837/1450/1551 8838/1449/1549
f  8839/1451/1552 8840/1453/1554 8841/1452/1553 8842/1450/1551
f  8843/1453/1554 8844/1455/1556 8845/1454/1555 8846/1452/1553
f  8847/1455/1556 8848/1457/1558 8849/1456/1557 8850/1454/1555
f  8851/1457/1558 8852/1459/1560 8853/1458/1559 8854/1456/1557
f  8855/1459/1560 8856/1461/1562 8857/1460/1561 8858/1458/1559
f  8859/1461/1562 8860/1462/1564 8861/1462/1563 8862/1460/1561
f  8863/1462/1564 8864/1463/1566 8865/1463/1565 8866/1462/1563
f  8867/1463/1566 8868/1464/1568 8869/1464/1567 8870/1463/1565
f  8871/1464/1568 8872/1465/1570 8873/1465/1569 8874/1464/1567
f  8875/1465/1570 8876/1466/1572 8877/1466/1571 8878/1465/1569
f  8879/1466/1572 8880/1467/1574 8881/1467/1573 8882/1466/1571
f  8883/1467/1574 8884/1468/1576 8885/1468/1575 8886/1467/1573
f  8887/1468/1576 8888/1432/1518 8889/1426/1506 8890/1468/1575
f  8891/1432/1518 8892/1427/1517 8893/1427/1507 8894/1426/1506
f  8895/750/677 8896/693/619 8897/674/622 8898/751/678
f  8899/1470/1578 8900/1471/1579 8901/1472/1580 8902/1473/1581
f  8903/1474/1582 8904/1475/1583 8905/1476/1584 8906/1477/1585
f  8907/1478/1586 8908/1479/1587 8909/1480/1588 8910/1481/1589
f  8911/1482/1590 8912/1483/1591 8913/1484/1592 8914/1485/1593
f  8915/1486/1594 8916/1487/1595 8917/1488/1596 8918/1489/1597
f  8919/1490/1598 8920/1491/1599 8921/1492/1600 8922/1493/1601
f  8923/53/1602 8924/1494/1603 8925/1495/1604 8926/1496/1605
f  8927/1497/1606 8928/1498/1607 8929/1499/1608 8930/1500/1609
f  8931/1501/1610 8932/1502/1611 8933/224/1612 8934/1503/1613
f  8935/1504/1614 8936/1489/1597 8937/1473/1581
f  8938/1505/1615 8939/1482/1590 8940/1486/1594
f  8941/1506/1616 8942/1472/1580 8943/1479/1587
f  8944/1507/1617 8945/1478/1586 8946/1483/1591
f  8947/1474/1582 8948/1491/1599 8949/1502/1611
f  8950/1475/1583 8951/1501/1610 8952/1497/1606
f  8953/1477/1585 8954/1496/1605 8955/1492/1600
f  8956/1476/1584 8957/1500/1609 8958/53/1602
f  8959/1505/1615 8960/1486/1594 8961/1489/1597 8962/1504/1614
f  8963/1485/1593 8964/1487/1595 8965/1486/1594 8966/1482/1590
f  8967/1473/1581 8968/1489/1597 8969/1488/1596 8970/1470/1578
f  8971/1478/1586 8972/1507/1617 8973/1506/1616 8974/1479/1587
f  8975/1481/1589 8976/1484/1592 8977/1483/1591 8978/1478/1586
f  8979/1479/1587 8980/1472/1580 8981/1471/1579 8982/1480/1588
f  8983/1507/1617 8984/1483/1591 8985/1482/1590 8986/1505/1615
f  8987/1504/1614 8988/1473/1581 8989/1472/1580 8990/1506/1616
f  8991/1501/1610 8992/1475/1583 8993/1474/1582 8994/1502/1611
f  8995/1503/1613 8996/1498/1607 8997/1497/1606 8998/1501/1610
f  8999/1502/1611 9000/1491/1599 9001/1490/1598 9002/224/1612
f  9003/1476/1584 9004/53/1602 9005/1496/1605 9006/1477/1585
f  9007/1499/1608 9008/1494/1603 9009/53/1602 9010/1500/1609
f  9011/1492/1600 9012/1496/1605 9013/1495/1604 9014/1493/1601
f  9015/1500/1609 9016/1476/1584 9017/1475/1583 9018/1497/1606
f  9019/1491/1599 9020/1474/1582 9021/1477/1585 9022/1492/1600
f  9023/1504/1614 9024/1506/1616 9025/1507/1617 9026/1505/1615
f  9027/1508/1 9028/1509/2 9029/1510/3 9030/1511/4
f  9031/1512/5 9032/1512/6 9033/1513/7 9034/1514/8
f  9035/1515/9 9036/1515/10 9037/1512/6 9038/1512/5
f  9039/1516/11 9040/1517/12 9041/1518/13 9042/1519/14
f  9043/1520/15 9044/1521/16 9045/1522/17 9046/1523/18
f  9047/1388/19 9048/1479/20 9049/20/21 9050/1524/22
f  9051/1525/23 9052/1526/24 9053/1527/25 9054/1528/26
f  9055/1514/8 9056/1513/7 9057/1529/27 9058/1529/28
f  9059/1530/29 9060/1531/30 9061/1532/31 9062/1533/32
f  9063/1529/28 9064/1529/27 9065/1515/10 9066/1515/9
f  9067/1534/33 9068/1535/34 9069/1536/35 9070/1537/1618
f  9071/1533/1619 9072/1532/38 9073/28/39 9074/29/40
f  9075/1538/41 9076/1539/42 9077/1535/43 9078/1534/44
f  9079/1540/45 9080/1508/1 9081/1388/19
f  9082/1511/4 9083/1516/11 9084/1479/20
f  9085/1541/46 9086/1524/22 9087/1523/18
f  9088/1519/14 9089/1520/15 9090/20/21
f  9091/1515/9 9092/1542/47 9093/1522/17
f  9094/1543/48 9095/1512/5 9096/1509/2
f  9097/1510/3 9098/1514/8 9099/1517/12
f  9100/1518/13 9101/1529/28 9102/1521/16
f  9103/1530/29 9104/1515/10 9105/1537/1618
f  9106/1533/32 9107/1533/1619 9108/1512/6
f  9109/29/40 9110/1538/41 9111/1513/7
f  9112/1534/44 9113/1534/33 9114/1529/27
f  9115/1531/30 9116/1536/35 9117/1526/24
f  9118/1532/31 9119/1525/23 9120/1532/38
f  9121/28/39 9122/1528/26 9123/1539/42
f  9124/1535/43 9125/1527/25 9126/1535/34
f  9127/1524/22 9128/1541/46 9129/1540/45 9130/1388/19
f  9131/1388/19 9132/1508/1 9133/1511/4 9134/1479/20
f  9135/1479/20 9136/1516/11 9137/1519/14 9138/20/21
f  9139/20/21 9140/1520/15 9141/1523/18 9142/1524/22
f  9143/1542/47 9144/1515/9 9145/1512/5 9146/1543/48
f  9147/1509/2 9148/1512/5 9149/1514/8 9150/1510/3
f  9151/1517/12 9152/1514/8 9153/1529/28 9154/1518/13
f  9155/1521/16 9156/1529/28 9157/1515/9 9158/1522/17
f  9159/1541/46 9160/1523/18 9161/1522/17 9162/1542/47
f  9163/1518/13 9164/1521/16 9165/1520/15 9166/1519/14
f  9167/1516/11 9168/1511/4 9169/1510/3 9170/1517/12
f  9171/1543/48 9172/1509/2 9173/1508/1 9174/1540/45
f  9175/1515/10 9176/1530/29 9177/1533/32 9178/1512/6
f  9179/1512/6 9180/1533/1619 9181/29/40 9182/1513/7
f  9183/1513/7 9184/1538/41 9185/1534/44 9186/1529/27
f  9187/1529/27 9188/1534/33 9189/1537/1618 9190/1515/10
f  9191/1531/30 9192/1526/24 9193/1525/23 9194/1532/31
f  9195/1532/38 9196/1525/23 9197/1528/26 9198/28/39
f  9199/1539/42 9200/1528/26 9201/1527/25 9202/1535/43
f  9203/1535/34 9204/1527/25 9205/1526/24 9206/1536/35
f  9207/1534/33 9208/1534/44 9209/1535/43 9210/1535/34
f  9211/28/39 9212/1539/42 9213/1538/41 9214/29/40
f  9215/1533/1619 9216/1533/32 9217/1532/31 9218/1532/38
f  9219/1536/35 9220/1531/30 9221/1530/29 9222/1537/1618
f  9223/1541/46 9224/1542/47 9225/1543/48 9226/1540/45
f  9227/1544/1620 9228/1545/1621 9229/1546/1622 9230/1547/1623
f  9231/1548/1624 9232/1549/1625 9233/1550/1626 9234/1551/1627
f  9235/1551/1627 9236/1550/1626 9237/1552/1628 9238/1553/1629
f  9239/1553/1629 9240/1552/1628 9241/1554/1630 9242/1555/1631
f  9243/1555/1631 9244/1554/1630 9245/1556/1632 9246/1557/1633
f  9247/1557/1633 9248/1556/1632 9249/1558/1634 9250/1559/1635
f  9251/1559/1635 9252/1558/1634 9253/1560/1636 9254/1561/1637
f  9255/1561/1637 9256/1560/1636 9257/1562/1638 9258/1563/1639
f  9259/1563/1639 9260/1562/1638 9261/1564/1640 9262/1565/1641
f  9263/1565/1641 9264/1564/1640 9265/1566/1642 9266/1567/1643
f  9267/1567/1643 9268/1566/1642 9269/1568/1644 9270/1569/1645
f  9271/1569/1645 9272/1568/1644 9273/1570/1646 9274/1571/1647
f  9275/1571/1647 9276/1570/1646 9277/1572/1648 9278/1573/1649
f  9279/1573/1649 9280/1572/1648 9281/1545/1621 9282/1544/1620
f  9283/1574/1650 9284/1575/1651 9285/1576/1651 9286/1577/1650
f  9287/1578/1652 9288/1579/1652 9289/1580/1653 9290/1581/1654
f  9291/1582/1655 9292/1583/1656 9293/1549/1625 9294/1548/1624
f  9295/1547/1623 9296/1546/1622 9297/1583/1656 9298/1582/1655
f  9299/1579/1652 9300/1584/1652 9301/1585/1657 9302/1580/1653
f  9303/1586/1652 9304/1578/1652 9305/1581/1654 9306/1587/1658
f  9307/1588/1652 9308/1589/1652 9309/1590/1659 9310/1591/1660
f  9311/1589/1652 9312/1592/1652 9313/1593/1661 9314/1590/1659
f  9315/1592/1652 9316/1594/1652 9317/1595/1662 9318/1593/1661
f  9319/1594/1652 9320/1596/1652 9321/1597/1663 9322/1595/1662
f  9323/1596/1652 9324/1598/1652 9325/1599/1664 9326/1597/1663
f  9327/1598/1652 9328/1600/1652 9329/1601/1665 9330/1599/1664
f  9331/1600/1652 9332/1602/1652 9333/1603/1666 9334/1601/1665
f  9335/1602/1652 9336/1604/1652 9337/1605/1667 9338/1603/1666
f  9339/1604/1652 9340/1606/1652 9341/1607/1668 9342/1605/1667
f  9343/1606/1652 9344/1608/1652 9345/1609/1669 9346/1607/1668
f  9347/1608/1652 9348/1610/1652 9349/1611/1670 9350/1609/1669
f  9351/1610/1652 9352/1586/1652 9353/1587/1658 9354/1611/1670
f  9355/1584/1652 9356/1588/1652 9357/1591/1660 9358/1585/1657
f  9359/1612/1671 9360/1613/1672 9361/1579/1652 9362/1578/1652
f  9363/1613/1672 9364/1614/1673 9365/1584/1652 9366/1579/1652
f  9367/1614/1673 9368/1615/1674 9369/1588/1652 9370/1584/1652
f  9371/1615/1674 9372/1616/1675 9373/1589/1652 9374/1588/1652
f  9375/1616/1675 9376/1617/1676 9377/1592/1652 9378/1589/1652
f  9379/1617/1676 9380/1618/1677 9381/1594/1652 9382/1592/1652
f  9383/1618/1677 9384/1619/1678 9385/1596/1652 9386/1594/1652
f  9387/1619/1678 9388/1620/1679 9389/1598/1652 9390/1596/1652
f  9391/1620/1679 9392/1621/1680 9393/1600/1652 9394/1598/1652
f  9395/1621/1680 9396/1622/1681 9397/1602/1652 9398/1600/1652
f  9399/1622/1681 9400/1623/1682 9401/1604/1652 9402/1602/1652
f  9403/1623/1682 9404/1624/1683 9405/1606/1652 9406/1604/1652
f  9407/1624/1683 9408/1625/1684 9409/1608/1652 9410/1606/1652
f  9411/1625/1684 9412/1575/1651 9413/1610/1652 9414/1608/1652
f  9415/1575/1651 9416/1574/1650 9417/1586/1652 9418/1610/1652
f  9419/1574/1650 9420/1612/1671 9421/1578/1652 9422/1586/1652
f  9423/1626/1685 9424/1627/1686 9425/1628/1686 9426/1629/1685
f  9427/1630/1687 9428/1631/1688 9429/1632/1689 9430/1633/1690
f  9431/1613/1672 9432/1612/1671 9433/1634/1671 9434/1635/1672
f  9435/1636/1691 9436/1637/1692 9437/1638/1693 9438/1639/1694
f  9439/1621/1680 9440/1620/1679 9441/1640/1679 9442/1641/1680
f  9443/1642/1695 9444/1643/1696 9445/1644/1697 9446/1645/1698
f  9447/1646/1699 9448/1647/1700 9449/1648/1701 9450/1649/1702
f  9451/1615/1674 9452/1614/1673 9453/1650/1703 9454/1651/1674
f  9455/1623/1682 9456/1622/1681 9457/1652/1681 9458/1653/1682
f  9459/1654/1704 9460/1646/1699 9461/1649/1702 9462/1655/1705
f  9463/1656/1706 9464/1657/1707 9465/1658/1708 9466/1659/1709
f  9467/1617/1676 9468/1616/1675 9469/1660/1675 9470/1661/1676
f  9471/1625/1684 9472/1624/1683 9473/1662/1683 9474/1663/1684
f  9475/1664/1710 9476/1665/1711 9477/1666/1712 9478/1667/1713
f  9479/1668/1714 9480/1669/1715 9481/1670/1716 9482/1671/1717
f  9483/1619/1678 9484/1618/1677 9485/1672/1718 9486/1673/1678
f  9487/1674/1719 9488/1675/1720 9489/1635/1672 9490/1634/1671
f  9491/1675/1720 9492/1676/1721 9493/1650/1703 9494/1635/1672
f  9495/1676/1721 9496/1677/1722 9497/1651/1674 9498/1650/1703
f  9499/1677/1722 9500/1678/1723 9501/1660/1675 9502/1651/1674
f  9503/1678/1723 9504/1679/1724 9505/1661/1676 9506/1660/1675
f  9507/1679/1724 9508/1680/1725 9509/1672/1718 9510/1661/1676
f  9511/1680/1725 9512/1681/1726 9513/1673/1678 9514/1672/1718
f  9515/1681/1726 9516/1682/1727 9517/1640/1679 9518/1673/1678
f  9519/1682/1727 9520/1627/1686 9521/1641/1680 9522/1640/1679
f  9523/1627/1686 9524/1626/1685 9525/1652/1681 9526/1641/1680
f  9527/1626/1685 9528/1683/1728 9529/1653/1682 9530/1652/1681
f  9531/1683/1728 9532/1684/1729 9533/1662/1683 9534/1653/1682
f  9535/1684/1729 9536/1685/1730 9537/1663/1684 9538/1662/1683
f  9539/1685/1730 9540/1686/1731 9541/1576/1651 9542/1663/1684
f  9543/1686/1731 9544/1687/1732 9545/1577/1650 9546/1576/1651
f  9547/1687/1732 9548/1674/1719 9549/1634/1671 9550/1577/1650
f  9551/1688/1733 9552/1689/1734 9553/1690/1735 9554/1691/1736
f  9555/1677/1722 9556/1676/1721 9557/1692/1721 9558/1693/1722
f  9559/1683/1728 9560/1626/1685 9561/1629/1685 9562/1694/1728
f  9563/1678/1723 9564/1677/1722 9565/1693/1722 9566/1695/1723
f  9567/1684/1729 9568/1683/1728 9569/1694/1728 9570/1696/1729
f  9571/1679/1724 9572/1678/1723 9573/1695/1723 9574/1697/1724
f  9575/1685/1730 9576/1684/1729 9577/1696/1729 9578/1698/1730
f  9579/1680/1725 9580/1679/1724 9581/1697/1724 9582/1699/1725
f  9583/1686/1731 9584/1685/1730 9585/1698/1730 9586/1700/1731
f  9587/1681/1726 9588/1680/1725 9589/1699/1725 9590/1701/1726
f  9591/1687/1732 9592/1686/1731 9593/1700/1731 9594/1702/1732
f  9595/1682/1727 9596/1681/1726 9597/1701/1726 9598/1703/1727
f  9599/1675/1720 9600/1674/1719 9601/1704/1719 9602/1705/1720
f  9603/1674/1719 9604/1687/1732 9605/1702/1732 9606/1704/1719
f  9607/1627/1686 9608/1682/1727 9609/1703/1727 9610/1628/1686
f  9611/1676/1721 9612/1675/1720 9613/1705/1720 9614/1692/1721
f  9615/1547/1623 9616/1582/1655 9617/1706/1737 9618/1707/1738
f  9619/1707/1738 9620/1706/1737 9621/1708/1739 9622/1709/1740
f  9623/1583/1656 9624/1546/1622 9625/1710/1733 9626/1711/1741
f  9627/1711/1741 9628/1710/1733 9629/1581/1654 9630/1580/1653
f  9631/1582/1655 9632/1548/1624 9633/1712/1742 9634/1706/1737
f  9635/1706/1737 9636/1712/1742 9637/1713/1743 9638/1708/1739
f  9639/1549/1625 9640/1583/1656 9641/1711/1741 9642/1714/1744
f  9643/1714/1744 9644/1711/1741 9645/1580/1653 9646/1585/1657
f  9647/1548/1624 9648/1551/1627 9649/1715/1745 9650/1712/1742
f  9651/1712/1742 9652/1715/1745 9653/1716/1746 9654/1713/1743
f  9655/1550/1626 9656/1549/1625 9657/1714/1744 9658/1717/1747
f  9659/1717/1747 9660/1714/1744 9661/1585/1657 9662/1591/1660
f  9663/1551/1627 9664/1553/1629 9665/1718/1748 9666/1715/1745
f  9667/1715/1745 9668/1718/1748 9669/1719/1749 9670/1716/1746
f  9671/1552/1628 9672/1550/1626 9673/1717/1747 9674/1720/1750
f  9675/1720/1750 9676/1717/1747 9677/1591/1660 9678/1590/1659
f  9679/1553/1629 9680/1555/1631 9681/1721/1751 9682/1718/1748
f  9683/1718/1748 9684/1721/1751 9685/1722/1752 9686/1719/1749
f  9687/1554/1630 9688/1552/1628 9689/1720/1750 9690/1723/1753
f  9691/1723/1753 9692/1720/1750 9693/1590/1659 9694/1593/1661
f  9695/1555/1631 9696/1557/1633 9697/1724/1754 9698/1721/1751
f  9699/1721/1751 9700/1724/1754 9701/1725/1755 9702/1722/1752
f  9703/1556/1632 9704/1554/1630 9705/1723/1753 9706/1726/1756
f  9707/1726/1756 9708/1723/1753 9709/1593/1661 9710/1595/1662
f  9711/1557/1633 9712/1559/1635 9713/1727/1757 9714/1724/1754
f  9715/1724/1754 9716/1727/1757 9717/1728/1758 9718/1725/1755
f  9719/1558/1634 9720/1556/1632 9721/1726/1756 9722/1729/1759
f  9723/1729/1759 9724/1726/1756 9725/1595/1662 9726/1597/1663
f  9727/1559/1635 9728/1561/1637 9729/1730/1760 9730/1727/1757
f  9731/1727/1757 9732/1730/1760 9733/1731/1761 9734/1728/1758
f  9735/1560/1636 9736/1558/1634 9737/1729/1759 9738/1732/1762
f  9739/1732/1762 9740/1729/1759 9741/1597/1663 9742/1599/1664
f  9743/1561/1637 9744/1563/1639 9745/1733/1763 9746/1730/1760
f  9747/1730/1760 9748/1733/1763 9749/1734/1764 9750/1731/1761
f  9751/1562/1638 9752/1560/1636 9753/1732/1762 9754/1735/1765
f  9755/1735/1765 9756/1732/1762 9757/1599/1664 9758/1601/1665
f  9759/1563/1639 9760/1565/1641 9761/1736/1766 9762/1733/1763
f  9763/1733/1763 9764/1736/1766 9765/1737/1767 9766/1734/1764
f  9767/1564/1640 9768/1562/1638 9769/1735/1765 9770/1738/1768
f  9771/1738/1768 9772/1735/1765 9773/1601/1665 9774/1603/1666
f  9775/1565/1641 9776/1567/1643 9777/1739/1769 9778/1736/1766
f  9779/1736/1766 9780/1739/1769 9781/1740/1770 9782/1737/1767
f  9783/1566/1642 9784/1564/1640 9785/1738/1768 9786/1741/1771
f  9787/1741/1771 9788/1738/1768 9789/1603/1666 9790/1605/1667
f  9791/1567/1643 9792/1569/1645 9793/1742/1772 9794/1739/1769
f  9795/1739/1769 9796/1742/1772 9797/1743/1773 9798/1740/1770
f  9799/1568/1644 9800/1566/1642 9801/1741/1771 9802/1744/1774
f  9803/1744/1774 9804/1741/1771 9805/1605/1667 9806/1607/1668
f  9807/1569/1645 9808/1571/1647 9809/1745/1775 9810/1742/1772
f  9811/1742/1772 9812/1745/1775 9813/1746/1776 9814/1743/1773
f  9815/1570/1646 9816/1568/1644 9817/1744/1774 9818/1747/1777
f  9819/1747/1777 9820/1744/1774 9821/1607/1668 9822/1609/1669
f  9823/1571/1647 9824/1573/1649 9825/1748/1778 9826/1745/1775
f  9827/1745/1775 9828/1748/1778 9829/1749/1779 9830/1746/1776
f  9831/1572/1648 9832/1570/1646 9833/1747/1777 9834/1750/1780
f  9835/1750/1780 9836/1747/1777 9837/1609/1669 9838/1611/1670
f  9839/1573/1649 9840/1544/1620 9841/1751/1781 9842/1748/1778
f  9843/1748/1778 9844/1751/1781 9845/1752/1782 9846/1749/1779
f  9847/1545/1621 9848/1572/1648 9849/1750/1780 9850/1753/1734
f  9851/1753/1734 9852/1750/1780 9853/1611/1670 9854/1587/1658
f  9855/1544/1620 9856/1547/1623 9857/1707/1738 9858/1751/1781
f  9859/1751/1781 9860/1707/1738 9861/1709/1740 9862/1752/1782
f  9863/1546/1622 9864/1545/1621 9865/1753/1734 9866/1710/1733
f  9867/1710/1733 9868/1753/1734 9869/1587/1658 9870/1581/1654
f  9871/1709/1740 9872/1708/1739 9873/1713/1743
f  9874/1709/1740 9875/1713/1743 9876/1716/1746 9877/1749/1779
f  9878/1709/1740 9879/1749/1779 9880/1752/1782
f  9881/1716/1746 9882/1719/1749 9883/1722/1752
f  9884/1716/1746 9885/1722/1752 9886/1734/1764 9887/1749/1779
f  9888/1722/1752 9889/1725/1755 9890/1728/1758 9891/1734/1764
f  9892/1728/1758 9893/1731/1761 9894/1734/1764
f  9895/1749/1779 9896/1734/1764 9897/1737/1767 9898/1743/1773
f  9899/1737/1767 9900/1740/1770 9901/1743/1773
f  9902/1743/1773 9903/1746/1776 9904/1749/1779
f  9905/1754/1783 9906/1755/1784 9907/1614/1673 9908/1613/1672
f  9909/1669/1715 9910/1668/1714 9911/1616/1675 9912/1615/1674
f  9913/1646/1699 9914/1654/1704 9915/1618/1677 9916/1617/1676
f  9917/1637/1692 9918/1636/1691 9919/1620/1679 9920/1619/1678
f  9921/1756/1785 9922/1757/1786 9923/1622/1681 9924/1621/1680
f  9925/1758/1787 9926/1665/1711 9927/1624/1683 9928/1623/1682
f  9929/1630/1687 9930/1643/1696 9931/1575/1651 9932/1625/1684
f  9933/1759/1788 9934/1760/1789 9935/1612/1671 9936/1574/1650
f  9937/1761/1790 9938/1762/1791 9939/1635/1672 9940/1650/1703
f  9941/1763/1792 9942/1764/1793 9943/1651/1674 9944/1660/1675
f  9945/1765/1794 9946/1647/1700 9947/1661/1676 9948/1672/1718
f  9949/1766/1795 9950/1767/1796 9951/1673/1678 9952/1640/1679
f  9953/1768/1797 9954/1769/1798 9955/1641/1680 9956/1652/1681
f  9957/1664/1710 9958/1770/1799 9959/1653/1682 9960/1662/1683
f  9961/1642/1695 9962/1631/1688 9963/1663/1684 9964/1576/1651
f  9965/1657/1707 9966/1656/1706 9967/1577/1650 9968/1634/1671
f  9969/1643/1696 9970/1642/1695 9971/1576/1651 9972/1575/1651
f  9973/1656/1706 9974/1759/1788 9975/1574/1650 9976/1577/1650
f  9977/1767/1796 9978/1637/1692 9979/1619/1678 9980/1673/1678
f  9981/1636/1691 9982/1766/1795 9983/1640/1679 9984/1620/1679
f  9985/1760/1789 9986/1657/1707 9987/1634/1671 9988/1612/1671
f  9989/1762/1791 9990/1754/1783 9991/1613/1672 9992/1635/1672
f  9993/1769/1798 9994/1756/1785 9995/1621/1680 9996/1641/1680
f  9997/1755/1784 9998/1761/1790 9999/1650/1703 10000/1614/1673
f  10001/1757/1786 10002/1768/1797 10003/1652/1681 10004/1622/1681
f  10005/1764/1793 10006/1669/1715 10007/1615/1674 10008/1651/1674
f  10009/1770/1799 10010/1758/1787 10011/1623/1682 10012/1653/1682
f  10013/1668/1714 10014/1763/1792 10015/1660/1675 10016/1616/1675
f  10017/1665/1711 10018/1664/1710 10019/1662/1683 10020/1624/1683
f  10021/1647/1700 10022/1646/1699 10023/1617/1676 10024/1661/1676
f  10025/1631/1688 10026/1630/1687 10027/1625/1684 10028/1663/1684
f  10029/1654/1704 10030/1765/1794 10031/1672/1718 10032/1618/1677
f  10033/1639/1694 10034/1638/1693 10035/1771/1800 10036/1772/1801
f  10037/1773/1802 10038/1774/1803 10039/1659/1709 10040/1658/1708
f  10041/1775/1804 10042/1776/1805 10043/1777/1806 10044/1778/1807
f  10045/1779/1808 10046/1780/1809 10047/1781/1810 10048/1782/1811
f  10049/1671/1717 10050/1670/1716 10051/1783/1812 10052/1784/1813
f  10053/1666/1712 10054/1785/1814 10055/1786/1815 10056/1667/1713
f  10057/1655/1705 10058/1649/1702 10059/1648/1701 10060/1787/1816
f  10061/1644/1697 10062/1633/1690 10063/1632/1689 10064/1645/1698
f  10065/1759/1788 10066/1656/1706 10067/1659/1709 10068/1774/1803
f  10069/1757/1786 10070/1756/1785 10071/1780/1809 10072/1779/1808
f  10073/1765/1794 10074/1654/1704 10075/1655/1705 10076/1787/1816
f  10077/1637/1692 10078/1767/1796 10079/1771/1800 10080/1638/1693
f  10081/1665/1711 10082/1758/1787 10083/1785/1814 10084/1666/1712
f  10085/1766/1795 10086/1636/1691 10087/1639/1694 10088/1772/1801
f  10089/1643/1696 10090/1630/1687 10091/1633/1690 10092/1644/1697
f  10093/1657/1707 10094/1760/1789 10095/1773/1802 10096/1658/1708
f  10097/1760/1789 10098/1759/1788 10099/1774/1803 10100/1773/1802
f  10101/1754/1783 10102/1762/1791 10103/1777/1806 10104/1776/1805
f  10105/1762/1791 10106/1761/1790 10107/1778/1807 10108/1777/1806
f  10109/1756/1785 10110/1769/1798 10111/1781/1810 10112/1780/1809
f  10113/1764/1793 10114/1763/1792 10115/1784/1813 10116/1783/1812
f  10117/1761/1790 10118/1755/1784 10119/1775/1804 10120/1778/1807
f  10121/1647/1700 10122/1765/1794 10123/1787/1816 10124/1648/1701
f  10125/1768/1797 10126/1757/1786 10127/1779/1808 10128/1782/1811
f  10129/1767/1796 10130/1766/1795 10131/1772/1801 10132/1771/1800
f  10133/1669/1715 10134/1764/1793 10135/1783/1812 10136/1670/1716
f  10137/1769/1798 10138/1768/1797 10139/1782/1811 10140/1781/1810
f  10141/1758/1787 10142/1770/1799 10143/1786/1815 10144/1785/1814
f  10145/1770/1799 10146/1664/1710 10147/1667/1713 10148/1786/1815
f  10149/1755/1784 10150/1754/1783 10151/1776/1805 10152/1775/1804
f  10153/1763/1792 10154/1668/1714 10155/1671/1717 10156/1784/1813
f  10157/1631/1688 10158/1642/1695 10159/1645/1698 10160/1632/1689
f  10161/1788/1762 10162/1789/1765 10163/1705/1720 10164/1704/1719
f  10165/1789/1765 10166/1790/1768 10167/1692/1721 10168/1705/1720
f  10169/1790/1768 10170/1791/1771 10171/1693/1722 10172/1692/1721
f  10173/1791/1771 10174/1792/1774 10175/1695/1723 10176/1693/1722
f  10177/1792/1774 10178/1793/1777 10179/1697/1724 10180/1695/1723
f  10181/1793/1777 10182/1794/1780 10183/1699/1725 10184/1697/1724
f  10185/1794/1780 10186/1689/1734 10187/1701/1726 10188/1699/1725
f  10189/1689/1734 10190/1688/1733 10191/1703/1727 10192/1701/1726
f  10193/1688/1733 10194/1795/1741 10195/1628/1686 10196/1703/1727
f  10197/1795/1741 10198/1796/1744 10199/1629/1685 10200/1628/1686
f  10201/1796/1744 10202/1797/1747 10203/1694/1728 10204/1629/1685
f  10205/1797/1747 10206/563/1750 10207/1696/1729 10208/1694/1728
f  10209/563/1750 10210/1798/1753 10211/1698/1730 10212/1696/1729
f  10213/1798/1753 10214/1799/1756 10215/1700/1731 10216/1698/1730
f  10217/1799/1756 10218/1800/1759 10219/1702/1732 10220/1700/1731
f  10221/1800/1759 10222/1788/1762 10223/1704/1719 10224/1702/1732
f  10225/1801/1817 10226/1802/1818 10227/1803/1819 10228/1804/1820
f  10229/1805/1821 10230/1801/1817 10231/1804/1820 10232/1806/1822
f  10233/1801/1817 10234/1805/1821 10235/1807/1823 10236/1808/1824
f  10237/1803/1819 10238/1809/1825 10239/1804/1820
f  10240/1804/1820 10241/1810/1826 10242/1811/1827 10243/1806/1822
f  10244/1811/1827 10245/1812/1828 10246/1806/1822
f  10247/1805/1821 10248/1806/1822 10249/1813/1829 10250/1814/1830
f  10251/1814/1830 10252/1815/1831 10253/1816/1832 10254/1805/1821
f  10255/1789/1765 10256/1788/1762 10257/1817/1833 10258/1818/1834
f  10259/1788/1762 10260/1800/1759 10261/1819/1835 10262/1817/1833
f  10263/1795/1741 10264/1688/1733 10265/1691/1736 10266/1820/1836
f  10267/1790/1768 10268/1789/1765 10269/1818/1834 10270/1821/1837
f  10271/1796/1744 10272/1795/1741 10273/1820/1836 10274/1822/1838
f  10275/1791/1771 10276/1790/1768 10277/1821/1837 10278/1823/1839
f  10279/1797/1747 10280/1796/1744 10281/1822/1838 10282/338/1840
f  10283/1792/1774 10284/1791/1771 10285/1823/1839 10286/1824/1841
f  10287/563/1750 10288/1797/1747 10289/338/1840 10290/1825/1842
f  10291/1793/1777 10292/1792/1774 10293/1824/1841 10294/1826/1843
f  10295/1798/1753 10296/563/1750 10297/1825/1842 10298/1827/1844
f  10299/1794/1780 10300/1793/1777 10301/1826/1843 10302/1828/1845
f  10303/1799/1756 10304/1798/1753 10305/1827/1844 10306/1829/1846
f  10307/1689/1734 10308/1794/1780 10309/1828/1845 10310/1690/1735
f  10311/1800/1759 10312/1799/1756 10313/1829/1846 10314/1819/1835
f  10315/1802/1818 10316/1801/1817 10317/1818/1834 10318/1817/1833
f  10319/1801/1817 10320/1808/1824 10321/1821/1837 10322/1818/1834
f  10323/1808/1824 10324/1807/1823 10325/1823/1839 10326/1821/1837
f  10327/1807/1823 10328/1805/1821 10329/1824/1841 10330/1823/1839
f  10331/1805/1821 10332/1816/1832 10333/1826/1843 10334/1824/1841
f  10335/1816/1832 10336/1815/1831 10337/1828/1845 10338/1826/1843
f  10339/1815/1831 10340/1814/1830 10341/1690/1735 10342/1828/1845
f  10343/1814/1830 10344/1813/1829 10345/1691/1736 10346/1690/1735
f  10347/1813/1829 10348/1806/1822 10349/1820/1836 10350/1691/1736
f  10351/1806/1822 10352/1812/1828 10353/1822/1838 10354/1820/1836
f  10355/1812/1828 10356/1811/1827 10357/338/1840 10358/1822/1838
f  10359/1811/1827 10360/1810/1826 10361/1825/1842 10362/338/1840
f  10363/1810/1826 10364/1804/1820 10365/1827/1844 10366/1825/1842
f  10367/1804/1820 10368/1809/1825 10369/1829/1846 10370/1827/1844
f  10371/1809/1825 10372/1803/1819 10373/1819/1835 10374/1829/1846
f  10375/1803/1819 10376/1802/1818 10377/1817/1833 10378/1819/1835
f  10379/1830/1847 10380/1831/1848 10381/1832/1849 10382/1833/1850
f  10383/1834/1851 10384/1835/1852 10385/1836/1853 10386/1837/1854
f  10387/1837/1854 10388/1836/1853 10389/1838/1855 10390/1839/1856
f  10391/1839/1856 10392/1838/1855 10393/1840/1857 10394/1841/1858
f  10395/1841/1858 10396/1840/1857 10397/1842/1859 10398/1843/1860
f  10399/1843/1860 10400/1842/1859 10401/1844/1861 10402/1845/1862
f  10403/1845/1862 10404/1844/1861 10405/1846/1863 10406/1847/1864
f  10407/1847/1864 10408/1846/1863 10409/1848/1865 10410/1849/1866
f  10411/1849/1866 10412/1848/1865 10413/1850/1867 10414/1851/1868
f  10415/1851/1868 10416/1850/1867 10417/1852/1869 10418/1853/1870
f  10419/1853/1870 10420/1852/1869 10421/1854/1871 10422/1855/1872
f  10423/1855/1872 10424/1854/1871 10425/1856/1873 10426/1857/1874
f  10427/1857/1874 10428/1856/1873 10429/1858/1875 10430/1859/1876
f  10431/1859/1876 10432/1858/1875 10433/1831/1848 10434/1830/1847
f  10435/1860/1877 10436/1861/1878 10437/1862/1878 10438/1640/1877
f  10439/1863/1879 10440/1864/1880 10441/1865/1880 10442/1866/1879
f  10443/1867/1881 10444/1868/1882 10445/1835/1852 10446/1834/1851
f  10447/1833/1850 10448/1832/1849 10449/1868/1882 10450/1867/1881
f  10451/1869/1883 10452/1870/1884 10453/188/1884 10454/1871/1883
f  10455/1872/1885 10456/1863/1879 10457/1866/1879 10458/1873/1885
f  10459/1874/1886 10460/1875/1887 10461/1876/1888 10462/1877/1889
f  10463/1878/1890 10464/1879/1891 10465/1880/1892 10466/1881/1883
f  10467/1882/1893 10468/1883/1894 10469/1884/1895 10470/1885/1896
f  10471/1886/1897 10472/1872/1885 10473/1873/1885 10474/1887/1897
f  10475/1888/1888 10476/1886/1897 10477/1887/1897 10478/1889/1888
f  10479/1890/1898 10480/1888/1888 10481/1889/1888 10482/1891/1898
f  10483/1892/1899 10484/1893/1900 10485/1894/1901 10486/1895/1902
f  10487/1896/1903 10488/1874/1886 10489/1877/1889 10490/1897/1885
f  10491/1898/1904 10492/1878/1890 10493/1881/1883 10494/1899/1905
f  10495/1900/1902 10496/1890/1898 10497/1891/1898 10498/1901/1902
f  10499/1902/1906 10500/1882/1893 10501/1885/1896 10502/1903/1907
f  10503/1893/1900 10504/1904/1908 10505/1905/1909 10506/1894/1901
f  10507/1906/1901 10508/1900/1902 10509/1901/1902 10510/1907/1901
f  10511/1908/1910 10512/1861/1878 10513/1870/1884 10514/1869/1883
f  10515/1861/1878 10516/1860/1877 10517/1909/1911 10518/1870/1884
f  10519/1860/1877 10520/1910/1912 10521/1911/1895 10522/1909/1911
f  10523/1910/1912 10524/1912/1913 10525/1913/1914 10526/1911/1895
f  10527/1912/1913 10528/1914/1915 10529/1915/1907 10530/1913/1914
f  10531/1914/1915 10532/1916/1916 10533/1917/1917 10534/1915/1907
f  10535/1916/1916 10536/1918/1918 10537/1919/1909 10538/1917/1917
f  10539/1918/1918 10540/1920/1919 10541/1906/1901 10542/1919/1909
f  10543/1920/1919 10544/1921/1920 10545/1900/1902 10546/1906/1901
f  10547/1921/1920 10548/1922/1921 10549/1890/1898 10550/1900/1902
f  10551/1922/1921 10552/1923/1922 10553/1888/1888 10554/1890/1898
f  10555/1923/1922 10556/1924/1923 10557/1886/1897 10558/1888/1888
f  10559/1924/1923 10560/1925/1924 10561/1872/1885 10562/1886/1897
f  10563/1925/1924 10564/1926/1925 10565/1863/1879 10566/1872/1885
f  10567/1926/1925 10568/1927/1926 10569/1864/1880 10570/1863/1879
f  10571/1927/1926 10572/1908/1910 10573/1869/1883 10574/1864/1880
f  10575/1928/1927 10576/1929/1928 10577/1930/1928 10578/1931/1927
f  10579/1922/1921 10580/1921/1920 10581/1932/1920 10582/1933/1921
f  10583/1934/1929 10584/1935/1930 10585/1936/1931 10586/1937/1932
f  10587/1938/1933 10588/1939/1934 10589/1940/1935 10590/1941/1936
f  10591/1912/1913 10592/1910/1912 10593/1673/1912 10594/1942/1913
f  10595/1924/1923 10596/1923/1922 10597/1943/1922 10598/1944/1923
f  10599/1945/1937 10600/1946/1938 10601/1947/1939 10602/650/1940
f  10603/1948/1941 10604/1949/1942 10605/1950/1943 10606/1951/1944
f  10607/1916/1916 10608/1914/1915 10609/1952/1915 10610/1953/1916
f  10611/1926/1925 10612/1925/1924 10613/1954/1924 10614/1955/1925
f  10615/1956/1945 10616/1957/1946 10617/1958/1947 10618/1959/1948
f  10619/1960/1949 10620/138/1950 10621/297/1951 10622/1961/1952
f  10623/1920/1919 10624/1918/1918 10625/1962/1918 10626/1963/1919
f  10627/1964/1953 10628/1965/1954 10629/1966/1955 10630/1967/1956
f  10631/1908/1910 10632/1927/1926 10633/1968/1926 10634/1969/1910
f  10635/1939/1934 10636/1970/1957 10637/1971/1958 10638/1940/1935
f  10639/1972/1959 10640/1973/1960 10641/1862/1878 10642/1969/1910
f  10643/1973/1960 10644/1684/1961 10645/1640/1877 10646/1862/1878
f  10647/1684/1961 10648/1683/1962 10649/1673/1912 10650/1640/1877
f  10651/1683/1962 10652/1974/1963 10653/1942/1913 10654/1673/1912
f  10655/1974/1963 10656/1975/1964 10657/1952/1915 10658/1942/1913
f  10659/1975/1964 10660/1976/1965 10661/1953/1916 10662/1952/1915
f  10663/1976/1965 10664/1977/1966 10665/1962/1918 10666/1953/1916
f  10667/1977/1966 10668/1978/1967 10669/1963/1919 10670/1962/1918
f  10671/1978/1967 10672/1979/1968 10673/1932/1920 10674/1963/1919
f  10675/1979/1968 10676/1980/1969 10677/1933/1921 10678/1932/1920
f  10679/1980/1969 10680/1929/1928 10681/1943/1922 10682/1933/1921
f  10683/1929/1928 10684/1928/1927 10685/1944/1923 10686/1943/1922
f  10687/1928/1927 10688/1981/1970 10689/1954/1924 10690/1944/1923
f  10691/1981/1970 10692/1982/1971 10693/1955/1925 10694/1954/1924
f  10695/1982/1971 10696/1983/1972 10697/1968/1926 10698/1955/1925
f  10699/1983/1972 10700/1972/1959 10701/1969/1910 10702/1968/1926
f  10703/1984/1734 10704/1985/1780 10705/1986/1845 10706/1987/1735
f  10707/1975/1964 10708/1974/1963 10709/1988/1963 10710/1989/1964
f  10711/1981/1970 10712/1928/1927 10713/1931/1927 10714/1990/1970
f  10715/1976/1965 10716/1975/1964 10717/1989/1964 10718/1991/1965
f  10719/1982/1971 10720/1981/1970 10721/1990/1970 10722/1992/1971
f  10723/1977/1966 10724/1976/1965 10725/1991/1965 10726/1993/1966
f  10727/1983/1972 10728/1982/1971 10729/1992/1971 10730/1994/1972
f  10731/1978/1967 10732/1977/1966 10733/1993/1966 10734/1995/1967
f  10735/1973/1960 10736/1972/1959 10737/1996/1959 10738/1997/1960
f  10739/1972/1959 10740/1983/1972 10741/1994/1972 10742/1996/1959
f  10743/1979/1968 10744/1978/1967 10745/1995/1967 10746/1998/1968
f  10747/1684/1961 10748/1973/1960 10749/1997/1960 10750/1999/1961
f  10751/1980/1969 10752/1979/1968 10753/1998/1968 10754/2000/1969
f  10755/1683/1962 10756/1684/1961 10757/1999/1961 10758/2001/1962
f  10759/1929/1928 10760/1980/1969 10761/2000/1969 10762/1930/1928
f  10763/1974/1963 10764/1683/1962 10765/2001/1962 10766/1988/1963
f  10767/1833/1850 10768/1867/1881 10769/2002/1973 10770/2003/1974
f  10771/2003/1974 10772/2002/1973 10773/2004/1975 10774/2005/1976
f  10775/1868/1882 10776/1832/1849 10777/2006/1977 10778/2007/1978
f  10779/2007/1978 10780/2006/1977 10781/1893/1900 10782/1892/1899
f  10783/1867/1881 10784/1834/1851 10785/2008/1979 10786/2002/1973
f  10787/2002/1973 10788/2008/1979 10789/2009/1980 10790/2004/1975
f  10791/1835/1852 10792/1868/1882 10793/2007/1978 10794/2010/1981
f  10795/2010/1981 10796/2007/1978 10797/1892/1899 10798/2011/1982
f  10799/1834/1851 10800/1837/1854 10801/2012/1983 10802/2008/1979
f  10803/2008/1979 10804/2012/1983 10805/2013/1984 10806/2009/1980
f  10807/1836/1853 10808/1835/1852 10809/2010/1981 10810/2014/1985
f  10811/2014/1985 10812/2010/1981 10813/2011/1982 10814/1875/1887
f  10815/1837/1854 10816/1839/1856 10817/2015/1986 10818/2012/1983
f  10819/2012/1983 10820/2015/1986 10821/2016/1749 10822/2013/1984
f  10823/1838/1855 10824/1836/1853 10825/2014/1985 10826/2017/1987
f  10827/2017/1987 10828/2014/1985 10829/1875/1887 10830/1874/1886
f  10831/1839/1856 10832/1841/1858 10833/2018/1988 10834/2015/1986
f  10835/2015/1986 10836/2018/1988 10837/2019/1989 10838/2016/1749
f  10839/1840/1857 10840/1838/1855 10841/2017/1987 10842/2020/1990
f  10843/2020/1990 10844/2017/1987 10845/1874/1886 10846/1896/1903
f  10847/1841/1858 10848/1843/1860 10849/2021/1991 10850/2018/1988
f  10851/2018/1988 10852/2021/1991 10853/2022/1992 10854/2019/1989
f  10855/1842/1859 10856/1840/1857 10857/2020/1990 10858/2023/1993
f  10859/2023/1993 10860/2020/1990 10861/1896/1903 10862/2024/1994
f  10863/1843/1860 10864/1845/1862 10865/2025/1995 10866/2021/1991
f  10867/2021/1991 10868/2025/1995 10869/2026/1996 10870/2022/1992
f  10871/1844/1861 10872/1842/1859 10873/2023/1993 10874/2027/1997
f  10875/2027/1997 10876/2023/1993 10877/2024/1994 10878/1879/1891
f  10879/1845/1862 10880/1847/1864 10881/2028/1998 10882/2025/1995
f  10883/2025/1995 10884/2028/1998 10885/2029/1761 10886/2026/1996
f  10887/1846/1863 10888/1844/1861 10889/2027/1997 10890/2030/1999
f  10891/2030/1999 10892/2027/1997 10893/1879/1891 10894/1878/1890
f  10895/1847/1864 10896/1849/1866 10897/2031/2000 10898/2028/1998
f  10899/2028/1998 10900/2031/2000 10901/2032/2001 10902/2029/1761
f  10903/1848/1865 10904/1846/1863 10905/2030/1999 10906/2033/2002
f  10907/2033/2002 10908/2030/1999 10909/1878/1890 10910/1898/1904
f  10911/1849/1866 10912/1851/1868 10913/2034/2003 10914/2031/2000
f  10915/2031/2000 10916/2034/2003 10917/2035/1767 10918/2032/2001
f  10919/1850/1867 10920/1848/1865 10921/2033/2002 10922/2036/2004
f  10923/2036/2004 10924/2033/2002 10925/1898/1904 10926/2037/2005
f  10927/1851/1868 10928/1853/1870 10929/2038/2006 10930/2034/2003
f  10931/2034/2003 10932/2038/2006 10933/2039/1770 10934/2035/1767
f  10935/1852/1869 10936/1850/1867 10937/2036/2004 10938/2040/2007
f  10939/2040/2007 10940/2036/2004 10941/2037/2005 10942/1883/1894
f  10943/1853/1870 10944/1855/1872 10945/2041/2008 10946/2038/2006
f  10947/2038/2006 10948/2041/2008 10949/2042/2009 10950/2039/1770
f  10951/1854/1871 10952/1852/1869 10953/2040/2007 10954/2043/2010
f  10955/2043/2010 10956/2040/2007 10957/1883/1894 10958/1882/1893
f  10959/1855/1872 10960/1857/1874 10961/2044/2011 10962/2041/2008
f  10963/2041/2008 10964/2044/2011 10965/2045/2012 10966/2042/2009
f  10967/1856/1873 10968/1854/1871 10969/2043/2010 10970/2046/2013
f  10971/2046/2013 10972/2043/2010 10973/1882/1893 10974/1902/1906
f  10975/1857/1874 10976/1859/1876 10977/2047/2014 10978/2044/2011
f  10979/2044/2011 10980/2047/2014 10981/2048/2015 10982/2045/2012
f  10983/1858/1875 10984/1856/1873 10985/2046/2013 10986/2049/2016
f  10987/2049/2016 10988/2046/2013 10989/1902/1906 10990/2050/2017
f  10991/1859/1876 10992/1830/1847 10993/2051/2018 10994/2047/2014
f  10995/2047/2014 10996/2051/2018 10997/2052/2019 10998/2048/2015
f  10999/1831/1848 11000/1858/1875 11001/2049/2016 11002/2053/2020
f  11003/2053/2020 11004/2049/2016 11005/2050/2017 11006/1904/1908
f  11007/1830/1847 11008/1833/1850 11009/2003/1974 11010/2051/2018
f  11011/2051/2018 11012/2003/1974 11013/2005/1976 11014/2052/2019
f  11015/1832/1849 11016/1831/1848 11017/2053/2020 11018/2006/1977
f  11019/2006/1977 11020/2053/2020 11021/1904/1908 11022/1893/1900
f  11023/2005/1976 11024/2004/1975 11025/2052/2019
f  11026/2052/2019 11027/2004/1975 11028/2009/1980 11029/2045/2012
f  11030/2009/1980 11031/2013/1984 11032/2016/1749 11033/2019/1989
f  11034/2009/1980 11035/2019/1989 11036/2022/1992 11037/2032/2001
f  11038/2009/1980 11039/2032/2001 11040/2035/1767 11041/2045/2012
f  11042/2022/1992 11043/2026/1996 11044/2029/1761 11045/2032/2001
f  11046/2045/2012 11047/2035/1767 11048/2039/1770 11049/2042/2009
f  11050/2045/2012 11051/2048/2015 11052/2052/2019
f  11053/1949/1942 11054/1948/1941 11055/1861/1878 11056/1908/1910
f  11057/1935/1930 11058/1934/1929 11059/1910/1912 11060/1860/1877
f  11061/2054/2021 11062/2055/2022 11063/1914/1915 11064/1912/1913
f  11065/1960/1949 11066/2056/2023 11067/1918/1918 11068/1916/1916
f  11069/2057/2024 11070/2058/2025 11071/1921/1920 11072/1920/1919
f  11073/2059/2026 11074/2060/2027 11075/1923/1922 11076/1922/1921
f  11077/2061/2028 11078/1970/1957 11079/1925/1924 11080/1924/1923
f  11081/1945/1937 11082/2062/2029 11083/1927/1926 11084/1926/1925
f  11085/2063/2030 11086/2064/2031 11087/1969/1910 11088/1862/1878
f  11089/2065/2032 11090/2066/2033 11091/1640/1877 11092/1673/1912
f  11093/2067/2034 11094/2068/2035 11095/1942/1913 11096/1952/1915
f  11097/2069/2036 11098/138/1950 11099/1953/1916 11100/1962/1918
f  11101/1965/1954 11102/1964/1953 11103/1963/1919 11104/1932/1920
f  11105/1957/1946 11106/1956/1945 11107/1933/1921 11108/1943/1922
f  11109/1939/1934 11110/1938/1933 11111/1944/1923 11112/1954/1924
f  11113/2070/2037 11114/1946/1938 11115/1955/1925 11116/1968/1926
f  11117/1948/1941 11118/2063/2030 11119/1862/1878 11120/1861/1878
f  11121/2066/2033 11122/1935/1930 11123/1860/1877 11124/1640/1877
f  11125/2058/2025 11126/1965/1954 11127/1932/1920 11128/1921/1920
f  11129/1956/1945 11130/2059/2026 11131/1922/1921 11132/1933/1921
f  11133/1934/1929 11134/2065/2032 11135/1673/1912 11136/1910/1912
f  11137/2060/2027 11138/1957/1946 11139/1943/1922 11140/1923/1922
f  11141/2068/2035 11142/2054/2021 11143/1912/1913 11144/1942/1913
f  11145/1938/1933 11146/2061/2028 11147/1924/1923 11148/1944/1923
f  11149/2055/2022 11150/2067/2034 11151/1952/1915 11152/1914/1915
f  11153/1970/1957 11154/1939/1934 11155/1954/1924 11156/1925/1924
f  11157/138/1950 11158/1960/1949 11159/1916/1916 11160/1953/1916
f  11161/1946/1938 11162/1945/1937 11163/1926/1925 11164/1955/1925
f  11165/2056/2023 11166/2069/2036 11167/1962/1918 11168/1918/1918
f  11169/2062/2029 11170/2070/2037 11171/1968/1926 11172/1927/1926
f  11173/1964/1953 11174/2057/2024 11175/1920/1919 11176/1963/1919
f  11177/2064/2031 11178/1949/1942 11179/1908/1910 11180/1969/1910
f  11181/1937/1932 11182/1936/1931 11183/2071/2038 11184/2072/2039
f  11185/2073/2040 11186/2074/2041 11187/1959/1948 11188/1958/1947
f  11189/2075/2042 11190/2076/2043 11191/2077/2044 11192/2078/2045
f  11193/1971/1958 11194/2079/2046 11195/1941/1936 11196/1940/1935
f  11197/2080/2047 11198/1961/1952 11199/297/1951 11200/2081/2048
f  11201/2082/2049 11202/650/1940 11203/1947/1939 11204/2083/2050
f  11205/1951/1944 11206/1950/1943 11207/2084/2051 11208/2085/2052
f  11209/2086/2053 11210/2087/2054 11211/1967/1956 11212/1966/1955
f  11213/2069/2036 11214/2056/2023 11215/2080/2047 11216/2081/2048
f  11217/1946/1938 11218/2070/2037 11219/2083/2050 11220/1947/1939
f  11221/2055/2022 11222/2054/2021 11223/2076/2043 11224/2075/2042
f  11225/2070/2037 11226/2062/2029 11227/2082/2049 11228/2083/2050
f  11229/2063/2030 11230/1948/1941 11231/1951/1944 11232/2085/2052
f  11233/2056/2023 11234/1960/1949 11235/1961/1952 11236/2080/2047
f  11237/2057/2024 11238/1964/1953 11239/1967/1956 11240/2087/2054
f  11241/1935/1930 11242/2066/2033 11243/2071/2038 11244/1936/1931
f  11245/2058/2025 11246/2057/2024 11247/2087/2054 11248/2086/2053
f  11249/1949/1942 11250/2064/2031 11251/2084/2051 11252/1950/1943
f  11253/1965/1954 11254/2058/2025 11255/2086/2053 11256/1966/1955
f  11257/2060/2027 11258/2059/2026 11259/2074/2041 11260/2073/2040
f  11261/2059/2026 11262/1956/1945 11263/1959/1948 11264/2074/2041
f  11265/1970/1957 11266/2061/2028 11267/2079/2046 11268/1971/1958
f  11269/2065/2032 11270/1934/1929 11271/1937/1932 11272/2072/2039
f  11273/2062/2029 11274/1945/1937 11275/650/1940 11276/2082/2049
f  11277/1957/1946 11278/2060/2027 11279/2073/2040 11280/1958/1947
f  11281/2064/2031 11282/2063/2030 11283/2085/2052 11284/2084/2051
f  11285/2054/2021 11286/2068/2035 11287/2077/2044 11288/2076/2043
f  11289/2066/2033 11290/2065/2032 11291/2072/2039 11292/2071/2038
f  11293/2061/2028 11294/1938/1933 11295/1941/1936 11296/2079/2046
f  11297/2068/2035 11298/2067/2034 11299/2078/2045 11300/2077/2044
f  11301/2067/2034 11302/2055/2022 11303/2075/2042 11304/2078/2045
f  11305/138/1950 11306/2069/2036 11307/2081/2048 11308/297/1951
f  11309/2088/1762 11310/2089/1765 11311/1997/1960 11312/1996/1959
f  11313/2089/1765 11314/2090/1768 11315/1999/1961 11316/1997/1960
f  11317/2090/1768 11318/2091/1771 11319/2001/1962 11320/1999/1961
f  11321/2091/1771 11322/2092/1774 11323/1988/1963 11324/2001/1962
f  11325/2092/1774 11326/2093/1777 11327/1989/1964 11328/1988/1963
f  11329/2093/1777 11330/1985/1780 11331/1991/1965 11332/1989/1964
f  11333/1985/1780 11334/1984/1734 11335/1993/1966 11336/1991/1965
f  11337/1984/1734 11338/2094/1733 11339/1995/1967 11340/1993/1966
f  11341/2094/1733 11342/2095/1741 11343/1998/1968 11344/1995/1967
f  11345/2095/1741 11346/2096/1744 11347/2000/1969 11348/1998/1968
f  11349/2096/1744 11350/2097/1747 11351/1930/1928 11352/2000/1969
f  11353/2097/1747 11354/2098/1750 11355/1931/1927 11356/1930/1928
f  11357/2098/1750 11358/2099/1753 11359/1990/1970 11360/1931/1927
f  11361/2099/1753 11362/2100/1756 11363/1992/1971 11364/1990/1970
f  11365/2100/1756 11366/2101/1759 11367/1994/1972 11368/1992/1971
f  11369/2101/1759 11370/2088/1762 11371/1996/1959 11372/1994/1972
f  11373/2102/2055 11374/2103/2056 11375/2104/2057 11376/2105/2058
f  11377/2104/2057 11378/2106/2059 11379/2105/2058
f  11380/2105/2058 11381/2107/2060 11382/2108/2061
f  11383/2105/2058 11384/2108/2061 11385/2109/1827 11386/2110/2062
f  11387/2105/2058 11388/2110/2062 11389/2111/2063 11390/2102/2055
f  11391/2109/1827 11392/2112/1828 11393/2110/2062
f  11394/2102/2055 11395/2111/2063 11396/2113/1830 11397/2114/2064
f  11398/2113/1830 11399/2115/1831 11400/2114/2064
f  11401/2102/2055 11402/2114/2064 11403/2116/2065 11404/2117/1823
f  11405/2101/1759 11406/2100/1756 11407/2118/1846 11408/2119/1835
f  11409/2094/1733 11410/1984/1734 11411/1987/1735 11412/2120/1736
f  11413/2089/1765 11414/2088/1762 11415/2121/1833 11416/2122/2066
f  11417/2088/1762 11418/2101/1759 11419/2119/1835 11420/2121/1833
f  11421/2095/1741 11422/2094/1733 11423/2120/1736 11424/2123/1836
f  11425/2090/1768 11426/2089/1765 11427/2122/2066 11428/2124/1837
f  11429/2096/1744 11430/2095/1741 11431/2123/1836 11432/2125/1838
f  11433/2091/1771 11434/2090/1768 11435/2124/1837 11436/2126/1839
f  11437/2097/1747 11438/2096/1744 11439/2125/1838 11440/2127/1840
f  11441/2092/1774 11442/2091/1771 11443/2126/1839 11444/2128/1841
f  11445/2098/1750 11446/2097/1747 11447/2127/1840 11448/2129/1842
f  11449/2093/1777 11450/2092/1774 11451/2128/1841 11452/2130/1843
f  11453/2099/1753 11454/2098/1750 11455/2129/1842 11456/2131/1844
f  11457/1985/1780 11458/2093/1777 11459/2130/1843 11460/1986/1845
f  11461/2100/1756 11462/2099/1753 11463/2131/1844 11464/2118/1846
f  11465/2104/2057 11466/2103/2056 11467/2122/2066 11468/2121/1833
f  11469/2103/2056 11470/2102/2055 11471/2124/1837 11472/2122/2066
f  11473/2102/2055 11474/2117/1823 11475/2126/1839 11476/2124/1837
f  11477/2117/1823 11478/2116/2065 11479/2128/1841 11480/2126/1839
f  11481/2116/2065 11482/2114/2064 11483/2130/1843 11484/2128/1841
f  11485/2114/2064 11486/2115/1831 11487/1986/1845 11488/2130/1843
f  11489/2115/1831 11490/2113/1830 11491/1987/1735 11492/1986/1845
f  11493/2113/1830 11494/2111/2063 11495/2120/1736 11496/1987/1735
f  11497/2111/2063 11498/2110/2062 11499/2123/1836 11500/2120/1736
f  11501/2110/2062 11502/2112/1828 11503/2125/1838 11504/2123/1836
f  11505/2112/1828 11506/2109/1827 11507/2127/1840 11508/2125/1838
f  11509/2109/1827 11510/2108/2061 11511/2129/1842 11512/2127/1840
f  11513/2108/2061 11514/2107/2060 11515/2131/1844 11516/2129/1842
f  11517/2107/2060 11518/2105/2058 11519/2118/1846 11520/2131/1844
f  11521/2105/2058 11522/2106/2059 11523/2119/1835 11524/2118/1846
f  11525/2106/2059 11526/2104/2057 11527/2121/1833 11528/2119/1835
f  11529/1871/1883 11530/188/1884 11531/1895/1902 11532/1894/1901
f  11533/188/1884 11534/2132/1911 11535/2133/1898 11536/1895/1902
f  11537/1865/1880 11538/1871/1883 11539/1894/1901 11540/1905/1909
f  11541/2134/1895 11542/2078/1914 11543/1877/1889 11544/1876/1888
f  11545/2078/1914 11546/2135/1907 11547/1897/1885 11548/1877/1889
f  11549/2135/1907 11550/2136/1917 11551/2137/2067 11552/1897/1885
f  11553/2136/1917 11554/2138/1909 11555/1880/1892 11556/2137/2067
f  11557/2138/1909 11558/1907/1901 11559/1881/1883 11560/1880/1892
f  11561/1907/1901 11562/1901/1902 11563/1899/1905 11564/1881/1883
f  11565/1901/1902 11566/1891/1898 11567/2139/2068 11568/1899/1905
f  11569/1891/1898 11570/1889/1888 11571/1884/1895 11572/2139/2068
f  11573/1889/1888 11574/1887/1897 11575/1885/1896 11576/1884/1895
f  11577/1887/1897 11578/1873/1885 11579/1903/1907 11580/1885/1896
f  11581/1873/1885 11582/1866/1879 11583/2140/1917 11584/1903/1907
f  11585/1866/1879 11586/1865/1880 11587/1905/1909 11588/2140/1917
f  11589/2132/1911 11590/2134/1895 11591/1876/1888 11592/2133/1898
f  11593/1870/1884 11594/1909/1911 11595/2132/1911 11596/188/1884
f  11597/1864/1880 11598/1869/1883 11599/1871/1883 11600/1865/1880
f  11601/1909/1911 11602/1911/1895 11603/2134/1895 11604/2132/1911
f  11605/1904/1908 11606/2050/2017 11607/2140/1917 11608/1905/1909
f  11609/1883/1894 11610/2037/2005 11611/2139/2068 11612/1884/1895
f  11613/1879/1891 11614/2024/1994 11615/2137/2067 11616/1880/1892
f  11617/1875/1887 11618/2011/1982 11619/2133/1898 11620/1876/1888
f  11621/1911/1895 11622/1913/1914 11623/2078/1914 11624/2134/1895
f  11625/1913/1914 11626/1915/1907 11627/2135/1907 11628/2078/1914
f  11629/1915/1907 11630/1917/1917 11631/2136/1917 11632/2135/1907
f  11633/2050/2017 11634/1902/1906 11635/1903/1907 11636/2140/1917
f  11637/2037/2005 11638/1898/1904 11639/1899/1905 11640/2139/2068
f  11641/2024/1994 11642/1896/1903 11643/1897/1885 11644/2137/2067
f  11645/1917/1917 11646/1919/1909 11647/2138/1909 11648/2136/1917
f  11649/2011/1982 11650/1892/1899 11651/1895/1902 11652/2133/1898
f  11653/1919/1909 11654/1906/1901 11655/1907/1901 11656/2138/1909
f  11657/2141/1621 11658/2142/1622 11659/2143/1623 11660/2144/1620
f  11661/2145/1625 11662/2146/1626 11663/2147/1627 11664/2148/1624
f  11665/2146/1626 11666/2149/1628 11667/2150/1629 11668/2147/1627
f  11669/2149/1628 11670/2151/1630 11671/2152/1631 11672/2150/1629
f  11673/2151/1630 11674/2153/1632 11675/2154/1633 11676/2152/1631
f  11677/2153/1632 11678/2155/1634 11679/2156/1635 11680/2154/1633
f  11681/2155/1634 11682/2157/1636 11683/2158/1637 11684/2156/1635
f  11685/2157/1636 11686/2159/1638 11687/2160/1639 11688/2158/1637
f  11689/2159/1638 11690/2161/1640 11691/2162/1641 11692/2160/1639
f  11693/2161/1640 11694/2163/1642 11695/2164/1643 11696/2162/1641
f  11697/2163/1642 11698/2165/1644 11699/2166/1645 11700/2164/1643
f  11701/2165/1644 11702/2167/1646 11703/2168/1647 11704/2166/1645
f  11705/2167/1646 11706/2169/1648 11707/2170/1649 11708/2168/1647
f  11709/2169/1648 11710/2141/1621 11711/2144/1620 11712/2170/1649
f  11713/2171/2069 11714/2172/2069 11715/2173/2070 11716/2174/2070
f  11717/2175/2071 11718/2176/2072 11719/2177/1975 11720/2178/2071
f  11721/2179/1656 11722/2145/1625 11723/2148/1624 11724/2180/1655
f  11725/2142/1622 11726/2179/1656 11727/2180/1655 11728/2143/1623
f  11729/2178/2071 11730/2177/1975 11731/2181/1743 11732/2182/2071
f  11733/2183/2071 11734/2184/2073 11735/2176/2072 11736/2175/2071
f  11737/2185/2071 11738/2186/2074 11739/2187/2075 11740/2188/2071
f  11741/2188/2071 11742/2187/2075 11743/2189/1989 11744/2190/2071
f  11745/2190/2071 11746/2189/1989 11747/2191/1992 11748/2192/2071
f  11749/2192/2071 11750/2191/1992 11751/2193/1758 11752/2194/2071
f  11753/2194/2071 11754/2193/1758 11755/2195/2076 11756/2196/2071
f  11757/2196/2071 11758/2195/2076 11759/2197/2077 11760/2198/2071
f  11761/2198/2071 11762/2197/2077 11763/2199/1767 11764/2200/2071
f  11765/2200/2071 11766/2199/1767 11767/2201/2078 11768/2202/2071
f  11769/2202/2071 11770/2201/2078 11771/2203/2079 11772/2204/2071
f  11773/2204/2071 11774/2203/2079 11775/2205/2080 11776/2206/2071
f  11777/2206/2071 11778/2205/2080 11779/2207/2081 11780/2208/2071
f  11781/2208/2071 11782/2207/2081 11783/2184/2073 11784/2183/2071
f  11785/2182/2071 11786/2181/1743 11787/2186/2074 11788/2185/2071
f  11789/2209/2082 11790/2175/2071 11791/2178/2071 11792/2210/2083
f  11793/2210/2083 11794/2178/2071 11795/2182/2071 11796/2211/2084
f  11797/2211/2084 11798/2182/2071 11799/2185/2071 11800/2212/2085
f  11801/2212/2085 11802/2185/2071 11803/2188/2071 11804/2213/2086
f  11805/2213/2086 11806/2188/2071 11807/2190/2071 11808/2214/2087
f  11809/2214/2087 11810/2190/2071 11811/2192/2071 11812/2215/2088
f  11813/2215/2088 11814/2192/2071 11815/2194/2071 11816/1619/2089
f  11817/1619/2089 11818/2194/2071 11819/2196/2071 11820/1620/2090
f  11821/1620/2090 11822/2196/2071 11823/2198/2071 11824/2216/2091
f  11825/2216/2091 11826/2198/2071 11827/2200/2071 11828/2217/2092
f  11829/2217/2092 11830/2200/2071 11831/2202/2071 11832/2218/2093
f  11833/2218/2093 11834/2202/2071 11835/2204/2071 11836/2219/2094
f  11837/2219/2094 11838/2204/2071 11839/2206/2071 11840/2220/2095
f  11841/2220/2095 11842/2206/2071 11843/2208/2071 11844/2174/2070
f  11845/2174/2070 11846/2208/2071 11847/2183/2071 11848/2171/2069
f  11849/2171/2069 11850/2183/2071 11851/2175/2071 11852/2209/2082
f  11853/2221/2096 11854/2222/2096 11855/2223/2097 11856/2224/2097
f  11857/1630/2098 11858/1633/2099 11859/2065/2100 11860/2072/2101
f  11861/2210/2083 11862/2225/2083 11863/2226/2082 11864/2209/2082
f  11865/2227/2102 11866/2228/2103 11867/1638/2104 11868/2229/2105
f  11869/2216/2091 11870/2230/2091 11871/2231/2090 11872/1620/2090
f  11873/1642/2106 11874/1645/2107 11875/1766/2108 11876/1772/2109
f  11877/2232/2110 11878/2233/2111 11879/2234/2112 11880/2235/2113
f  11881/2212/2085 11882/2236/2085 11883/2237/2114 11884/2211/2084
f  11885/2218/2093 11886/2238/2093 11887/2239/2092 11888/2217/2092
f  11889/2240/2115 11890/2241/2116 11891/2233/2111 11892/2232/2110
f  11893/1656/2117 11894/2242/2118 11895/2243/2119 11896/2244/2120
f  11897/2214/2087 11898/2245/2087 11899/2246/2086 11900/2213/2086
f  11901/2220/2095 11902/369/2095 11903/2247/2094 11904/2219/2094
f  11905/2248/2121 11906/2249/2122 11907/2250/2123 11908/2251/2124
f  11909/1668/2125 11910/2252/2126 11911/2253/2127 11912/2254/2128
f  11913/1619/2089 11914/2255/2089 11915/2256/2129 11916/2215/2088
f  11917/2257/2130 11918/2226/2082 11919/2225/2083 11920/2258/2131
f  11921/2258/2131 11922/2225/2083 11923/2237/2114 11924/2259/2132
f  11925/2259/2132 11926/2237/2114 11927/2236/2085 11928/2260/2133
f  11929/2260/2133 11930/2236/2085 11931/2246/2086 11932/2261/2134
f  11933/2261/2134 11934/2246/2086 11935/2245/2087 11936/2262/2135
f  11937/2262/2135 11938/2245/2087 11939/2256/2129 11940/1680/2136
f  11941/1680/2136 11942/2256/2129 11943/2255/2089 11944/1681/2137
f  11945/1681/2137 11946/2255/2089 11947/2231/2090 11948/2263/2138
f  11949/2263/2138 11950/2231/2090 11951/2230/2091 11952/2224/2097
f  11953/2224/2097 11954/2230/2091 11955/2239/2092 11956/2221/2096
f  11957/2221/2096 11958/2239/2092 11959/2238/2093 11960/2264/2139
f  11961/2264/2139 11962/2238/2093 11963/2247/2094 11964/2265/2140
f  11965/2265/2140 11966/2247/2094 11967/369/2095 11968/2266/2141
f  11969/2266/2141 11970/369/2095 11971/2173/2070 11972/1686/2142
f  11973/1686/2142 11974/2173/2070 11975/2172/2069 11976/2267/2143
f  11977/2267/2143 11978/2172/2069 11979/2226/2082 11980/2257/2130
f  11981/2268/1738 11982/2269/2144 11983/2270/2145 11984/2271/1781
f  11985/2260/2133 11986/2272/2133 11987/2273/2132 11988/2259/2132
f  11989/2264/2139 11990/2274/2139 11991/2222/2096 11992/2221/2096
f  11993/2261/2134 11994/2275/2134 11995/2272/2133 11996/2260/2133
f  11997/2265/2140 11998/2276/2140 11999/2274/2139 12000/2264/2139
f  12001/2262/2135 12002/2277/2135 12003/2275/2134 12004/2261/2134
f  12005/2266/2141 12006/2278/2141 12007/2276/2140 12008/2265/2140
f  12009/1680/2136 12010/2279/2136 12011/2277/2135 12012/2262/2135
f  12013/1686/2142 12014/2280/2142 12015/2278/2141 12016/2266/2141
f  12017/1681/2137 12018/2281/2137 12019/2279/2136 12020/1680/2136
f  12021/2267/2143 12022/2282/2143 12023/2280/2142 12024/1686/2142
f  12025/2263/2138 12026/2283/2138 12027/2281/2137 12028/1681/2137
f  12029/2258/2131 12030/2284/2131 12031/2285/2130 12032/2257/2130
f  12033/2257/2130 12034/2285/2130 12035/2282/2143 12036/2267/2143
f  12037/2224/2097 12038/2223/2097 12039/2283/2138 12040/2263/2138
f  12041/2259/2132 12042/2273/2132 12043/2284/2131 12044/2258/2131
f  12045/2142/1622 12046/2286/1733 12047/2287/1741 12048/2179/1656
f  12049/2286/1733 12050/2288/2146 12051/2289/2147 12052/2287/1741
f  12053/2180/1655 12054/2290/1737 12055/2291/1738 12056/2143/1623
f  12057/2290/1737 12058/2177/1975 12059/2176/2072 12060/2291/1738
f  12061/2179/1656 12062/2287/1741 12063/2292/1744 12064/2145/1625
f  12065/2287/1741 12066/2289/2147 12067/2293/1657 12068/2292/1744
f  12069/2148/1624 12070/2294/1742 12071/2290/1737 12072/2180/1655
f  12073/2294/1742 12074/2181/1743 12075/2177/1975 12076/2290/1737
f  12077/2145/1625 12078/2292/1744 12079/2295/1747 12080/2146/1626
f  12081/2292/1744 12082/2293/1657 12083/2296/2148 12084/2295/1747
f  12085/2147/1627 12086/2297/1745 12087/2294/1742 12088/2148/1624
f  12089/2297/1745 12090/2186/2074 12091/2181/1743 12092/2294/1742
f  12093/2146/1626 12094/2295/1747 12095/2298/1750 12096/2149/1628
f  12097/2295/1747 12098/2296/2148 12099/2299/2149 12100/2298/1750
f  12101/2150/1629 12102/2300/1748 12103/2297/1745 12104/2147/1627
f  12105/2300/1748 12106/2187/2075 12107/2186/2074 12108/2297/1745
f  12109/2149/1628 12110/2298/1750 12111/2301/1753 12112/2151/1630
f  12113/2298/1750 12114/2299/2149 12115/2302/2150 12116/2301/1753
f  12117/2152/1631 12118/2303/1751 12119/2300/1748 12120/2150/1629
f  12121/2303/1751 12122/2189/1989 12123/2187/2075 12124/2300/1748
f  12125/2151/1630 12126/2301/1753 12127/2304/1756 12128/2153/1632
f  12129/2301/1753 12130/2302/2150 12131/2305/2151 12132/2304/1756
f  12133/2154/1633 12134/2306/1754 12135/2303/1751 12136/2152/1631
f  12137/2306/1754 12138/2191/1992 12139/2189/1989 12140/2303/1751
f  12141/2153/1632 12142/2304/1756 12143/2307/1759 12144/2155/1634
f  12145/2304/1756 12146/2305/2151 12147/2308/1663 12148/2307/1759
f  12149/2156/1635 12150/2309/1757 12151/2306/1754 12152/2154/1633
f  12153/2309/1757 12154/2193/1758 12155/2191/1992 12156/2306/1754
f  12157/2155/1634 12158/2307/1759 12159/2310/1762 12160/2157/1636
f  12161/2307/1759 12162/2308/1663 12163/2311/2152 12164/2310/1762
f  12165/2158/1637 12166/2312/1760 12167/2309/1757 12168/2156/1635
f  12169/2312/1760 12170/2195/2076 12171/2193/1758 12172/2309/1757
f  12173/2157/1636 12174/2310/1762 12175/2313/1765 12176/2159/1638
f  12177/2310/1762 12178/2311/2152 12179/2314/2153 12180/2313/1765
f  12181/2160/1639 12182/2315/1763 12183/2312/1760 12184/2158/1637
f  12185/2315/1763 12186/2197/2077 12187/2195/2076 12188/2312/1760
f  12189/2159/1638 12190/2313/1765 12191/2316/1768 12192/2161/1640
f  12193/2313/1765 12194/2314/2153 12195/2317/1666 12196/2316/1768
f  12197/2162/1641 12198/2318/1766 12199/2315/1763 12200/2160/1639
f  12201/2318/1766 12202/2199/1767 12203/2197/2077 12204/2315/1763
f  12205/2161/1640 12206/2316/1768 12207/2319/1771 12208/2163/1642
f  12209/2316/1768 12210/2317/1666 12211/2320/2154 12212/2319/1771
f  12213/2164/1643 12214/2321/1769 12215/2318/1766 12216/2162/1641
f  12217/2321/1769 12218/2201/2078 12219/2199/1767 12220/2318/1766
f  12221/2163/1642 12222/2319/1771 12223/2322/1774 12224/2165/1644
f  12225/2319/1771 12226/2320/2154 12227/2323/2155 12228/2322/1774
f  12229/2166/1645 12230/2324/1772 12231/2321/1769 12232/2164/1643
f  12233/2324/1772 12234/2203/2079 12235/2201/2078 12236/2321/1769
f  12237/2165/1644 12238/2322/1774 12239/2325/1777 12240/2167/1646
f  12241/2322/1774 12242/2323/2155 12243/2326/2156 12244/2325/1777
f  12245/2168/1647 12246/2327/1775 12247/2324/1772 12248/2166/1645
f  12249/2327/1775 12250/2205/2080 12251/2203/2079 12252/2324/1772
f  12253/2167/1646 12254/2325/1777 12255/2328/1780 12256/2169/1648
f  12257/2325/1777 12258/2326/2156 12259/2329/2157 12260/2328/1780
f  12261/2170/1649 12262/2330/1778 12263/2327/1775 12264/2168/1647
f  12265/2330/1778 12266/2207/2081 12267/2205/2080 12268/2327/1775
f  12269/2169/1648 12270/2328/1780 12271/2331/1734 12272/2141/1621
f  12273/2328/1780 12274/2329/2157 12275/2332/2158 12276/2331/1734
f  12277/2144/1620 12278/2333/1781 12279/2330/1778 12280/2170/1649
f  12281/2333/1781 12282/2184/2073 12283/2207/2081 12284/2330/1778
f  12285/2141/1621 12286/2331/1734 12287/2286/1733 12288/2142/1622
f  12289/2331/1734 12290/2332/2158 12291/2288/2146 12292/2286/1733
f  12293/2143/1623 12294/2291/1738 12295/2333/1781 12296/2144/1620
f  12297/2291/1738 12298/2176/2072 12299/2184/2073 12300/2333/1781
f  12301/2288/2146 12302/2332/2158 12303/2329/2157
f  12304/2288/2146 12305/2329/2157 12306/2296/2148 12307/2293/1657
f  12308/2288/2146 12309/2293/1657 12310/2289/2147
f  12311/2329/2157 12312/2326/2156 12313/2323/2155
f  12314/2329/2157 12315/2323/2155 12316/2317/1666 12317/2314/2153
f  12318/2296/2148 12319/2329/2157 12320/2314/2153 12321/2302/2150
f  12322/2323/2155 12323/2320/2154 12324/2317/1666
f  12325/2302/2150 12326/2314/2153 12327/2308/1663 12328/2305/2151
f  12329/2314/2153 12330/2311/2152 12331/2308/1663
f  12332/2302/2150 12333/2299/2149 12334/2296/2148
f  12335/1773/2159 12336/2210/2083 12337/2211/2084 12338/2334/2160
f  12339/2254/2128 12340/2212/2085 12341/2213/2086 12342/1668/2125
f  12343/2232/2110 12344/2214/2087 12345/2215/2088 12346/2240/2115
f  12347/2229/2105 12348/1619/2089 12349/1620/2090 12350/2227/2102
f  12351/269/2161 12352/2216/2091 12353/2217/2092 12354/1757/2162
f  12355/1758/2163 12356/2218/2093 12357/2219/2094 12358/2251/2124
f  12359/1630/2098 12360/2220/2095 12361/2174/2070 12362/1772/2109
f  12363/1759/2164 12364/2171/2069 12365/2209/2082 12366/2335/2165
f  12367/1761/2166 12368/2237/2114 12369/2225/2083 12370/2336/2167
f  12371/1763/2168 12372/2246/2086 12373/2236/2085 12374/2337/2169
f  12375/2338/2170 12376/2256/2129 12377/2245/2087 12378/2235/2113
f  12379/2339/2171 12380/2231/2090 12381/2255/2089 12382/2340/2172
f  12383/1775/2173 12384/2239/2092 12385/2230/2091 12386/2341/2174
f  12387/2248/2121 12388/2247/2094 12389/2238/2093 12390/1631/2175
f  12391/1642/2106 12392/2173/2070 12393/369/2095 12394/2072/2101
f  12395/2244/2120 12396/2226/2082 12397/2172/2069 12398/1656/2117
f  12399/1772/2109 12400/2174/2070 12401/2173/2070 12402/1642/2106
f  12403/1656/2117 12404/2172/2069 12405/2171/2069 12406/1759/2164
f  12407/2340/2172 12408/2255/2089 12409/1619/2089 12410/2229/2105
f  12411/2227/2102 12412/1620/2090 12413/2231/2090 12414/2339/2171
f  12415/2335/2165 12416/2209/2082 12417/2226/2082 12418/2244/2120
f  12419/2336/2167 12420/2225/2083 12421/2210/2083 12422/1773/2159
f  12423/2341/2174 12424/2230/2091 12425/2216/2091 12426/269/2161
f  12427/2334/2160 12428/2211/2084 12429/2237/2114 12430/1761/2166
f  12431/1757/2162 12432/2217/2092 12433/2239/2092 12434/1775/2173
f  12435/2337/2169 12436/2236/2085 12437/2212/2085 12438/2254/2128
f  12439/1631/2175 12440/2238/2093 12441/2218/2093 12442/1758/2163
f  12443/1668/2125 12444/2213/2086 12445/2246/2086 12446/1763/2168
f  12447/2251/2124 12448/2219/2094 12449/2247/2094 12450/2248/2121
f  12451/2235/2113 12452/2245/2087 12453/2214/2087 12454/2232/2110
f  12455/2072/2101 12456/369/2095 12457/2220/2095 12458/1630/2098
f  12459/2240/2115 12460/2215/2088 12461/2256/2129 12462/2338/2170
f  12463/2228/2103 12464/583/2176 12465/2342/2177 12466/1638/2104
f  12467/2343/2178 12468/2243/2119 12469/2242/2118 12470/1774/2179
f  12471/2344/2180 12472/1784/2181 12473/2345/2182 12474/1760/2183
f  12475/2346/2184 12476/1755/2185 12477/2347/2186 12478/2348/2187
f  12479/2252/2126 12480/2349/2188 12481/2350/2189 12482/2253/2127
f  12483/2250/2123 12484/2249/2122 12485/1632/2190 12486/2351/2191
f  12487/2241/2116 12488/2352/2192 12489/2234/2112 12490/2233/2111
f  12491/1766/2108 12492/1645/2107 12493/2065/2100 12494/1633/2099
f  12495/1759/2164 12496/1774/2179 12497/2242/2118 12498/1656/2117
f  12499/1757/2162 12500/2346/2184 12501/2348/2187 12502/269/2161
f  12503/2338/2170 12504/2352/2192 12505/2241/2116 12506/2240/2115
f  12507/2229/2105 12508/1638/2104 12509/2342/2177 12510/2340/2172
f  12511/2251/2124 12512/2250/2123 12513/2351/2191 12514/1758/2163
f  12515/2339/2171 12516/583/2176 12517/2228/2103 12518/2227/2102
f  12519/1772/2109 12520/1766/2108 12521/1633/2099 12522/1630/2098
f  12523/2244/2120 12524/2243/2119 12525/2343/2178 12526/2335/2165
f  12527/2335/2165 12528/2343/2178 12529/1774/2179 12530/1759/2164
f  12531/1773/2159 12532/1760/2183 12533/2345/2182 12534/2336/2167
f  12535/2336/2167 12536/2345/2182 12537/1784/2181 12538/1761/2166
f  12539/269/2161 12540/2348/2187 12541/2347/2186 12542/2341/2174
f  12543/2337/2169 12544/2350/2189 12545/2349/2188 12546/1763/2168
f  12547/1761/2166 12548/1784/2181 12549/2344/2180 12550/2334/2160
f  12551/2235/2113 12552/2234/2112 12553/2352/2192 12554/2338/2170
f  12555/1775/2173 12556/1755/2185 12557/2346/2184 12558/1757/2162
f  12559/2340/2172 12560/2342/2177 12561/583/2176 12562/2339/2171
f  12563/2254/2128 12564/2253/2127 12565/2350/2189 12566/2337/2169
f  12567/2341/2174 12568/2347/2186 12569/1755/2185 12570/1775/2173
f  12571/1758/2163 12572/2351/2191 12573/1632/2190 12574/1631/2175
f  12575/1631/2175 12576/1632/2190 12577/2249/2122 12578/2248/2121
f  12579/2334/2160 12580/2344/2180 12581/1760/2183 12582/1773/2159
f  12583/1763/2168 12584/2349/2188 12585/2252/2126 12586/1668/2125
f  12587/2072/2101 12588/2065/2100 12589/1645/2107 12590/1642/2106
f  12591/2353/1760 12592/2285/2130 12593/2284/2131 12594/2083/1763
f  12595/2083/1763 12596/2284/2131 12597/2273/2132 12598/2354/1766
f  12599/2354/1766 12600/2273/2132 12601/2272/2133 12602/2355/1769
f  12603/2355/1769 12604/2272/2133 12605/2275/2134 12606/2356/1772
f  12607/2356/1772 12608/2275/2134 12609/2277/2135 12610/2357/1775
f  12611/2357/1775 12612/2277/2135 12613/2279/2136 12614/2358/1778
f  12615/2358/1778 12616/2279/2136 12617/2281/2137 12618/2271/1781
f  12619/2271/1781 12620/2281/2137 12621/2283/2138 12622/2268/1738
f  12623/2268/1738 12624/2283/2138 12625/2223/2097 12626/2359/1737
f  12627/2359/1737 12628/2223/2097 12629/2222/2096 12630/2360/1742
f  12631/2360/1742 12632/2222/2096 12633/2274/2139 12634/2361/1745
f  12635/2361/1745 12636/2274/2139 12637/2276/2140 12638/2362/1748
f  12639/2362/1748 12640/2276/2140 12641/2278/2141 12642/2363/1751
f  12643/2363/1751 12644/2278/2141 12645/2280/2142 12646/2364/1754
f  12647/2364/1754 12648/2280/2142 12649/2282/2143 12650/2365/1757
f  12651/2365/1757 12652/2282/2143 12653/2285/2130 12654/2353/1760
f  12655/2366/2193 12656/2367/2194 12657/2368/2195 12658/2369/2196
f  12659/2368/2195 12660/2370/2197 12661/2371/2198 12662/2372/2199
f  12663/2369/2196 12664/2368/2195 12665/2372/2199 12666/2373/2200
f  12667/2374/2201 12668/2372/2199 12669/2375/2202 12670/2376/2203
f  12671/2372/2199 12672/2374/2201 12673/2377/2204 12674/2373/2200
f  12675/2373/2200 12676/2378/2205 12677/2379/2206
f  12678/2369/2196 12679/2373/2200 12680/2379/2206 12681/2380/2207
f  12682/2369/2196 12683/2381/2208 12684/2366/2193
f  12685/2083/1763 12686/2382/2209 12687/2383/2210 12688/2353/1760
f  12689/2353/1760 12690/2383/2210 12691/2384/2211 12692/2365/1757
f  12693/2359/1737 12694/363/2212 12695/2269/2144 12696/2268/1738
f  12697/2354/1766 12698/1799/2213 12699/2382/2209 12700/2083/1763
f  12701/2360/1742 12702/2385/2214 12703/363/2212 12704/2359/1737
f  12705/2355/1769 12706/1800/2215 12707/1799/2213 12708/2354/1766
f  12709/2361/1745 12710/2386/2216 12711/2385/2214 12712/2360/1742
f  12713/2356/1772 12714/1788/2217 12715/1800/2215 12716/2355/1769
f  12717/2362/1748 12718/2387/2218 12719/2386/2216 12720/2361/1745
f  12721/2357/1775 12722/2388/2219 12723/1788/2217 12724/2356/1772
f  12725/2363/1751 12726/2389/2220 12727/2387/2218 12728/2362/1748
f  12729/2358/1778 12730/2390/2221 12731/2388/2219 12732/2357/1775
f  12733/2364/1754 12734/2391/2222 12735/2389/2220 12736/2363/1751
f  12737/2271/1781 12738/2270/2145 12739/2390/2221 12740/2358/1778
f  12741/2365/1757 12742/2384/2211 12743/2391/2222 12744/2364/1754
f  12745/2367/2194 12746/2383/2210 12747/2382/2209 12748/2368/2195
f  12749/2368/2195 12750/2382/2209 12751/1799/2213 12752/2370/2197
f  12753/2370/2197 12754/1799/2213 12755/1800/2215 12756/2371/2198
f  12757/2371/2198 12758/1800/2215 12759/1788/2217 12760/2372/2199
f  12761/2372/2199 12762/1788/2217 12763/2388/2219 12764/2375/2202
f  12765/2375/2202 12766/2388/2219 12767/2390/2221 12768/2376/2203
f  12769/2376/2203 12770/2390/2221 12771/2270/2145 12772/2374/2201
f  12773/2374/2201 12774/2270/2145 12775/2269/2144 12776/2377/2204
f  12777/2377/2204 12778/2269/2144 12779/363/2212 12780/2373/2200
f  12781/2373/2200 12782/363/2212 12783/2385/2214 12784/2378/2205
f  12785/2378/2205 12786/2385/2214 12787/2386/2216 12788/2379/2206
f  12789/2379/2206 12790/2386/2216 12791/2387/2218 12792/2380/2207
f  12793/2380/2207 12794/2387/2218 12795/2389/2220 12796/2369/2196
f  12797/2369/2196 12798/2389/2220 12799/2391/2222 12800/2381/2208
f  12801/2381/2208 12802/2391/2222 12803/2384/2211 12804/2366/2193
f  12805/2366/2193 12806/2384/2211 12807/2383/2210 12808/2367/2194
f  12809/2392/2223 12810/2393/1849 12811/2394/1850 12812/2395/2224
f  12813/2396/1852 12814/2397/1853 12815/2398/1854 12816/2399/1851
f  12817/2397/1853 12818/2400/2225 12819/2401/1856 12820/2398/1854
f  12821/2400/2225 12822/2402/1857 12823/2403/1858 12824/2401/1856
f  12825/2402/1857 12826/2404/2226 12827/2405/2227 12828/2403/1858
f  12829/2404/2226 12830/2406/1861 12831/2407/1862 12832/2405/2227
f  12833/2406/1861 12834/2408/1863 12835/2409/1864 12836/2407/1862
f  12837/2408/1863 12838/2410/1865 12839/2411/1866 12840/2409/1864
f  12841/2410/1865 12842/2412/1867 12843/2413/1868 12844/2411/1866
f  12845/2412/1867 12846/2414/2228 12847/2415/1870 12848/2413/1868
f  12849/2414/2228 12850/2416/2229 12851/2417/1872 12852/2415/1870
f  12853/2416/2229 12854/2418/2230 12855/2419/2231 12856/2417/1872
f  12857/2418/2230 12858/2420/2232 12859/2421/2233 12860/2419/2231
f  12861/2420/2232 12862/2392/2223 12863/2395/2224 12864/2421/2233
f  12865/1860/2234 12866/2422/2234 12867/2423/2235 12868/2424/2235
f  12869/2425/2236 12870/2426/2236 12871/2427/2237 12872/2428/2237
f  12873/2429/1882 12874/2396/1852 12875/2399/1851 12876/2430/1881
f  12877/2393/1849 12878/2429/1882 12879/2430/1881 12880/2394/1850
f  12881/2431/2238 12882/2432/2238 12883/2433/2239 12884/2434/2239
f  12885/2435/2240 12886/2436/2240 12887/2426/2236 12888/2425/2236
f  12889/2437/2241 12890/2438/2242 12891/1883/2243 12892/2439/2244
f  12893/2440/2245 12894/2441/2238 12895/2442/2246 12896/2443/2247
f  12897/2444/2248 12898/2445/2249 12899/2446/2250 12900/2447/2251
f  12901/2448/2252 12902/2449/2252 12903/2436/2240 12904/2435/2240
f  12905/2450/2243 12906/2451/2243 12907/2449/2252 12908/2448/2252
f  12909/2452/2253 12910/2453/2253 12911/2451/2243 12912/2450/2243
f  12913/2454/2254 12914/2455/2255 12915/2456/2256 12916/2457/2257
f  12917/2458/2258 12918/2459/2240 12919/2438/2242 12920/2437/2241
f  12921/2433/2259 12922/2460/2260 12923/2441/2238 12924/2440/2245
f  12925/2461/2255 12926/2462/2255 12927/2453/2253 12928/2452/2253
f  12929/2463/2261 12930/2464/2262 12931/2445/2249 12932/2444/2248
f  12933/2457/2257 12934/2456/2256 12935/2465/2263 12936/2466/2264
f  12937/2467/2256 12938/2468/2256 12939/2462/2255 12940/2461/2255
f  12941/2469/2265 12942/2431/2238 12943/2434/2239 12944/2424/2235
f  12945/2424/2235 12946/2434/2239 12947/2470/2266 12948/1860/2234
f  12949/1860/2234 12950/2470/2266 12951/2471/2250 12952/1910/2267
f  12953/1910/2267 12954/2471/2250 12955/2472/2268 12956/2473/2269
f  12957/2473/2269 12958/2472/2268 12959/2474/2262 12960/2475/2270
f  12961/2475/2270 12962/2474/2262 12963/2476/2271 12964/1916/2272
f  12965/1916/2272 12966/2476/2271 12967/2477/2263 12968/2478/2273
f  12969/2478/2273 12970/2477/2263 12971/2467/2256 12972/2479/2274
f  12973/2479/2274 12974/2467/2256 12975/2461/2255 12976/2480/2275
f  12977/2480/2275 12978/2461/2255 12979/2452/2253 12980/2481/2276
f  12981/2481/2276 12982/2452/2253 12983/2450/2243 12984/2482/2277
f  12985/2482/2277 12986/2450/2243 12987/2448/2252 12988/2483/2278
f  12989/2483/2278 12990/2448/2252 12991/2435/2240 12992/2484/2279
f  12993/2484/2279 12994/2435/2240 12995/2425/2236 12996/2485/2280
f  12997/2485/2280 12998/2425/2236 12999/2428/2237 13000/2486/2281
f  13001/2486/2281 13002/2428/2237 13003/2431/2238 13004/2469/2265
f  13005/2487/2282 13006/2488/2282 13007/2489/2283 13008/2490/2283
f  13009/2481/2276 13010/2491/2276 13011/2492/2275 13012/2480/2275
f  13013/1934/2284 13014/2493/2285 13015/1936/2286 13016/2494/2287
f  13017/2495/2288 13018/2496/2289 13019/2497/2290 13020/2498/2291
f  13021/2473/2269 13022/2499/2269 13023/2500/2267 13024/1910/2267
f  13025/2483/2278 13026/2501/2278 13027/2502/2277 13028/2482/2277
f  13029/2503/2292 13030/2504/2293 13031/2505/2294 13032/2506/2295
f  13033/2507/2296 13034/2508/2297 13035/2509/2298 13036/2510/2299
f  13037/1916/2272 13038/2511/2272 13039/2512/2270 13040/2475/2270
f  13041/2485/2280 13042/2513/2280 13043/1954/2279 13044/2484/2279
f  13045/1956/2300 13046/2514/2301 13047/2515/2302 13048/2516/2303
f  13049/2517/2304 13050/2518/2305 13051/2519/2306 13052/2520/2307
f  13053/2479/2274 13054/1963/2274 13055/2521/2273 13056/2478/2273
f  13057/1964/2308 13058/2522/2309 13059/2523/2310 13060/2524/2311
f  13061/2469/2265 13062/2525/2265 13063/2526/2281 13064/2486/2281
f  13065/2498/2291 13066/2497/2290 13067/2527/2312 13068/2528/2313
f  13069/2529/2314 13070/2525/2265 13071/2423/2235 13072/2530/2315
f  13073/2530/2315 13074/2423/2235 13075/2422/2234 13076/2531/2316
f  13077/2531/2316 13078/2422/2234 13079/2500/2267 13080/2532/2317
f  13081/2532/2317 13082/2500/2267 13083/2499/2269 13084/2533/2318
f  13085/2533/2318 13086/2499/2269 13087/2512/2270 13088/2534/2319
f  13089/2534/2319 13090/2512/2270 13091/2511/2272 13092/2535/2320
f  13093/2535/2320 13094/2511/2272 13095/2521/2273 13096/1977/2321
f  13097/1977/2321 13098/2521/2273 13099/1963/2274 13100/2536/2322
f  13101/2536/2322 13102/1963/2274 13103/2492/2275 13104/1979/2323
f  13105/1979/2323 13106/2492/2275 13107/2491/2276 13108/2537/2324
f  13109/2537/2324 13110/2491/2276 13111/2502/2277 13112/2490/2283
f  13113/2490/2283 13114/2502/2277 13115/2501/2278 13116/2487/2282
f  13117/2487/2282 13118/2501/2278 13119/1954/2279 13120/2538/2325
f  13121/2538/2325 13122/1954/2279 13123/2513/2280 13124/2539/2326
f  13125/2539/2326 13126/2513/2280 13127/2526/2281 13128/2540/2327
f  13129/2540/2327 13130/2526/2281 13131/2525/2265 13132/2529/2314
f  13133/2541/1781 13134/2542/2145 13135/2543/2221 13136/2544/1778
f  13137/2534/2319 13138/2545/2319 13139/2546/2318 13140/2533/2318
f  13141/2538/2325 13142/2547/2325 13143/2488/2282 13144/2487/2282
f  13145/2535/2320 13146/2548/2320 13147/2545/2319 13148/2534/2319
f  13149/2539/2326 13150/2549/2326 13151/2547/2325 13152/2538/2325
f  13153/1977/2321 13154/2550/2321 13155/2548/2320 13156/2535/2320
f  13157/2540/2327 13158/2551/2327 13159/2549/2326 13160/2539/2326
f  13161/2536/2322 13162/2552/2322 13163/2550/2321 13164/1977/2321
f  13165/2530/2315 13166/2553/2315 13167/2554/2314 13168/2529/2314
f  13169/2529/2314 13170/2554/2314 13171/2551/2327 13172/2540/2327
f  13173/1979/2323 13174/2555/2323 13175/2552/2322 13176/2536/2322
f  13177/2531/2316 13178/2556/2316 13179/2553/2315 13180/2530/2315
f  13181/2537/2324 13182/2557/2324 13183/2555/2323 13184/1979/2323
f  13185/2532/2317 13186/2558/2317 13187/2556/2316 13188/2531/2316
f  13189/2490/2283 13190/2489/2283 13191/2557/2324 13192/2537/2324
f  13193/2533/2318 13194/2546/2318 13195/2558/2317 13196/2532/2317
f  13197/2393/1849 13198/2559/1977 13199/2560/2328 13200/2429/1882
f  13201/2559/1977 13202/2561/2329 13203/2562/2147 13204/2560/2328
f  13205/2430/1881 13206/2563/1973 13207/2564/1974 13208/2394/1850
f  13209/2563/1973 13210/2454/2254 13211/2457/2257 13212/2564/1974
f  13213/2429/1882 13214/2560/2328 13215/2565/2330 13216/2396/1852
f  13217/2560/2328 13218/2562/2147 13219/2566/2331 13220/2565/2330
f  13221/2399/1851 13222/2567/2332 13223/2563/1973 13224/2430/1881
f  13225/2567/2332 13226/2568/2333 13227/2454/2254 13228/2563/1973
f  13229/2396/1852 13230/2565/2330 13231/2569/1985 13232/2397/1853
f  13233/2565/2330 13234/2566/2331 13235/2570/2334 13236/2569/1985
f  13237/2398/1854 13238/2571/1983 13239/2567/2332 13240/2399/1851
f  13241/2571/1983 13242/2439/2244 13243/2568/2333 13244/2567/2332
f  13245/2397/1853 13246/2569/1985 13247/2572/1987 13248/2400/2225
f  13249/2569/1985 13250/2570/2334 13251/2573/2149 13252/2572/1987
f  13253/2401/1856 13254/2574/1986 13255/2571/1983 13256/2398/1854
f  13257/2574/1986 13258/2437/2241 13259/2439/2244 13260/2571/1983
f  13261/2400/2225 13262/2572/1987 13263/2575/2335 13264/2402/1857
f  13265/2572/1987 13266/2573/2149 13267/2576/1661 13268/2575/2335
f  13269/2403/1858 13270/2577/1988 13271/2574/1986 13272/2401/1856
f  13273/2577/1988 13274/2458/2258 13275/2437/2241 13276/2574/1986
f  13277/2402/1857 13278/2575/2335 13279/2578/1993 13280/2404/2226
f  13281/2575/2335 13282/2576/1661 13283/2579/1662 13284/2578/1993
f  13285/2405/2227 13286/2580/1991 13287/2577/1988 13288/2403/1858
f  13289/2580/1991 13290/2581/2336 13291/2458/2258 13292/2577/1988
f  13293/2404/2226 13294/2578/1993 13295/2582/1997 13296/2406/1861
f  13297/2578/1993 13298/2579/1662 13299/2583/2337 13300/2582/1997
f  13301/2407/1862 13302/2584/2338 13303/2580/1991 13304/2405/2227
f  13305/2584/2338 13306/2443/2247 13307/2581/2336 13308/2580/1991
f  13309/2406/1861 13310/2582/1997 13311/2585/1999 13312/2408/1863
f  13313/2582/1997 13314/2583/2337 13315/2586/2152 13316/2585/1999
f  13317/2409/1864 13318/2587/1998 13319/2584/2338 13320/2407/1862
f  13321/2587/1998 13322/2440/2245 13323/2443/2247 13324/2584/2338
f  13325/2408/1863 13326/2585/1999 13327/2588/2002 13328/2410/1865
f  13329/2585/1999 13330/2586/2152 13331/2589/2339 13332/2588/2002
f  13333/2411/1866 13334/2590/2000 13335/2587/1998 13336/2409/1864
f  13337/2590/2000 13338/2433/2259 13339/2440/2245 13340/2587/1998
f  13341/2410/1865 13342/2588/2002 13343/2591/2004 13344/2412/1867
f  13345/2588/2002 13346/2589/2339 13347/2592/1666 13348/2591/2004
f  13349/2413/1868 13350/2593/2003 13351/2590/2000 13352/2411/1866
f  13353/2593/2003 13354/2594/2340 13355/2433/2259 13356/2590/2000
f  13357/2412/1867 13358/2591/2004 13359/2595/2007 13360/2414/2228
f  13361/2591/2004 13362/2592/1666 13363/2596/1667 13364/2595/2007
f  13365/2415/1870 13366/2597/2006 13367/2593/2003 13368/2413/1868
f  13369/2597/2006 13370/2447/2251 13371/2594/2340 13372/2593/2003
f  13373/2414/2228 13374/2595/2007 13375/2598/2010 13376/2416/2229
f  13377/2595/2007 13378/2596/1667 13379/2599/2341 13380/2598/2010
f  13381/2417/1872 13382/2600/2008 13383/2597/2006 13384/2415/1870
f  13385/2600/2008 13386/2444/2248 13387/2447/2251 13388/2597/2006
f  13389/2416/2229 13390/2598/2010 13391/2601/2342 13392/2418/2230
f  13393/2598/2010 13394/2599/2341 13395/2602/2343 13396/2601/2342
f  13397/2419/2231 13398/2603/2011 13399/2600/2008 13400/2417/1872
f  13401/2603/2011 13402/2463/2261 13403/2444/2248 13404/2600/2008
f  13405/2418/2230 13406/2601/2342 13407/2604/2344 13408/2420/2232
f  13409/2601/2342 13410/2602/2343 13411/2605/2345 13412/2604/2344
f  13413/2421/2233 13414/2606/2014 13415/2603/2011 13416/2419/2231
f  13417/2606/2014 13418/2607/2346 13419/2463/2261 13420/2603/2011
f  13421/2420/2232 13422/2604/2344 13423/2608/2020 13424/2392/2223
f  13425/2604/2344 13426/2605/2345 13427/2609/2347 13428/2608/2020
f  13429/2395/2224 13430/2610/2018 13431/2606/2014 13432/2421/2233
f  13433/2610/2018 13434/2466/2264 13435/2607/2346 13436/2606/2014
f  13437/2392/2223 13438/2608/2020 13439/2559/1977 13440/2393/1849
f  13441/2608/2020 13442/2609/2347 13443/2561/2329 13444/2559/1977
f  13445/2394/1850 13446/2564/1974 13447/2610/2018 13448/2395/2224
f  13449/2564/1974 13450/2457/2257 13451/2466/2264 13452/2610/2018
f  13453/2562/2147 13454/2561/2329 13455/2609/2347 13456/2566/2331
f  13457/2609/2347 13458/2605/2345 13459/2602/2343
f  13460/2592/1666 13461/2609/2347 13462/2602/2343 13463/2596/1667
f  13464/2566/2331 13465/2609/2347 13466/2592/1666 13467/2589/2339
f  13468/2602/2343 13469/2599/2341 13470/2596/1667
f  13471/2566/2331 13472/2589/2339 13473/2579/1662 13474/2576/1661
f  13475/2579/1662 13476/2589/2339 13477/2586/2152 13478/2583/2337
f  13479/2566/2331 13480/2576/1661 13481/2573/2149 13482/2570/2334
f  13483/2510/2299 13484/2469/2265 13485/2424/2235 13486/2507/2296
f  13487/2494/2287 13488/1860/2234 13489/1910/2267 13490/1934/2284
f  13491/1636/2348 13492/2473/2269 13493/2475/2270 13494/2611/2349
f  13495/2517/2304 13496/1916/2272 13497/2478/2273 13498/2612/2350
f  13499/2613/2351 13500/2479/2274 13501/2480/2275 13502/2614/2352
f  13503/2059/2353 13504/2481/2276 13505/2482/2277 13506/2615/2354
f  13507/2616/2355 13508/2483/2278 13509/2484/2279 13510/2528/2313
f  13511/2503/2292 13512/2485/2280 13513/2486/2281 13514/2342/2356
f  13515/1947/2357 13516/2423/2235 13517/2525/2265 13518/2064/2358
f  13519/2617/2359 13520/2500/2267 13521/2422/2234 13522/2618/2360
f  13523/2619/2361 13524/2512/2270 13525/2499/2269 13526/2345/2362
f  13527/2620/2363 13528/2521/2273 13529/2511/2272 13530/2520/2307
f  13531/2524/2311 13532/2492/2275 13533/1963/2274 13534/1964/2308
f  13535/2516/2303 13536/2502/2277 13537/2491/2276 13538/1956/2300
f  13539/2498/2291 13540/1954/2279 13541/2501/2278 13542/2495/2288
f  13543/2621/2364 13544/2526/2281 13545/2513/2280 13546/2506/2295
f  13547/2507/2296 13548/2424/2235 13549/2423/2235 13550/1947/2357
f  13551/2618/2360 13552/2422/2234 13553/1860/2234 13554/2494/2287
f  13555/2614/2352 13556/2480/2275 13557/2492/2275 13558/2524/2311
f  13559/1956/2300 13560/2491/2276 13561/2481/2276 13562/2059/2353
f  13563/1934/2284 13564/1910/2267 13565/2500/2267 13566/2617/2359
f  13567/2615/2354 13568/2482/2277 13569/2502/2277 13570/2516/2303
f  13571/2345/2362 13572/2499/2269 13573/2473/2269 13574/1636/2348
f  13575/2495/2288 13576/2501/2278 13577/2483/2278 13578/2616/2355
f  13579/2611/2349 13580/2475/2270 13581/2512/2270 13582/2619/2361
f  13583/2528/2313 13584/2484/2279 13585/1954/2279 13586/2498/2291
f  13587/2520/2307 13588/2511/2272 13589/1916/2272 13590/2517/2304
f  13591/2506/2295 13592/2513/2280 13593/2485/2280 13594/2503/2292
f  13595/2612/2350 13596/2478/2273 13597/2521/2273 13598/2620/2363
f  13599/2342/2356 13600/2486/2281 13601/2526/2281 13602/2621/2364
f  13603/1964/2308 13604/1963/2274 13605/2479/2274 13606/2613/2351
f  13607/2064/2358 13608/2525/2265 13609/2469/2265 13610/2510/2299
f  13611/2493/2285 13612/2622/2365 13613/2623/2366 13614/1936/2286
f  13615/2624/2367 13616/2515/2302 13617/2514/2301 13618/2625/2368
f  13619/2626/2369 13620/2627/2370 13621/2628/2371 13622/2629/2372
f  13623/2527/2312 13624/2497/2290 13625/2496/2289 13626/2630/2373
f  13627/2631/2374 13628/2632/2375 13629/2519/2306 13630/2518/2305
f  13631/2340/2376 13632/2633/2377 13633/2505/2294 13634/2504/2293
f  13635/2508/2297 13636/1946/2378 13637/2084/2379 13638/2509/2298
f  13639/2634/2380 13640/2523/2310 13641/2522/2309 13642/2635/2381
f  13643/2620/2363 13644/2632/2375 13645/2631/2374 13646/2612/2350
f  13647/2506/2295 13648/2505/2294 13649/2633/2377 13650/2621/2364
f  13651/2611/2349 13652/2626/2369 13653/2629/2372 13654/1636/2348
f  13655/2621/2364 13656/2633/2377 13657/2340/2376 13658/2342/2356
f  13659/1947/2357 13660/1946/2378 13661/2508/2297 13662/2507/2296
f  13663/2612/2350 13664/2631/2374 13665/2518/2305 13666/2517/2304
f  13667/2613/2351 13668/2635/2381 13669/2522/2309 13670/1964/2308
f  13671/2494/2287 13672/1936/2286 13673/2623/2366 13674/2618/2360
f  13675/2614/2352 13676/2634/2380 13677/2635/2381 13678/2613/2351
f  13679/2510/2299 13680/2509/2298 13681/2084/2379 13682/2064/2358
f  13683/2524/2311 13684/2523/2310 13685/2634/2380 13686/2614/2352
f  13687/2615/2354 13688/2624/2367 13689/2625/2368 13690/2059/2353
f  13691/2059/2353 13692/2625/2368 13693/2514/2301 13694/1956/2300
f  13695/2528/2313 13696/2527/2312 13697/2630/2373 13698/2616/2355
f  13699/2617/2359 13700/2622/2365 13701/2493/2285 13702/1934/2284
f  13703/2342/2356 13704/2340/2376 13705/2504/2293 13706/2503/2292
f  13707/2516/2303 13708/2515/2302 13709/2624/2367 13710/2615/2354
f  13711/2064/2358 13712/2084/2379 13713/1946/2378 13714/1947/2357
f  13715/1636/2348 13716/2629/2372 13717/2628/2371 13718/2345/2362
f  13719/2618/2360 13720/2623/2366 13721/2622/2365 13722/2617/2359
f  13723/2616/2355 13724/2630/2373 13725/2496/2289 13726/2495/2288
f  13727/2345/2362 13728/2628/2371 13729/2627/2370 13730/2619/2361
f  13731/2619/2361 13732/2627/2370 13733/2626/2369 13734/2611/2349
f  13735/2520/2307 13736/2519/2306 13737/2632/2375 13738/2620/2363
f  13739/2636/1760 13740/2554/2314 13741/2553/2315 13742/2637/1763
f  13743/2637/1763 13744/2553/2315 13745/2556/2316 13746/2638/1766
f  13747/2638/1766 13748/2556/2316 13749/2558/2317 13750/2639/1769
f  13751/2639/1769 13752/2558/2317 13753/2546/2318 13754/2640/1772
f  13755/2640/1772 13756/2546/2318 13757/2545/2319 13758/2641/1775
f  13759/2641/1775 13760/2545/2319 13761/2548/2320 13762/2544/1778
f  13763/2544/1778 13764/2548/2320 13765/2550/2321 13766/2541/1781
f  13767/2541/1781 13768/2550/2321 13769/2552/2322 13770/2642/1738
f  13771/2642/1738 13772/2552/2322 13773/2555/2323 13774/2643/1737
f  13775/2643/1737 13776/2555/2323 13777/2557/2324 13778/2644/1742
f  13779/2644/1742 13780/2557/2324 13781/2489/2283 13782/2645/1745
f  13783/2645/1745 13784/2489/2283 13785/2488/2282 13786/2646/1748
f  13787/2646/1748 13788/2488/2282 13789/2547/2325 13790/2647/1751
f  13791/2647/1751 13792/2547/2325 13793/2549/2326 13794/2648/1754
f  13795/2648/1754 13796/2549/2326 13797/2551/2327 13798/2649/1757
f  13799/2649/1757 13800/2551/2327 13801/2554/2314 13802/2636/1760
f  13803/2650/2382 13804/2651/2383 13805/2652/2384 13806/2653/2385
f  13807/2652/2384 13808/2654/2198 13809/2655/2386 13810/2656/2387
f  13811/2652/2384 13812/2656/2387 13813/2100/2201 13814/2657/2388
f  13815/2653/2385 13816/2652/2384 13817/2657/2388 13818/2110/2389
f  13819/2656/2387 13820/2658/2203 13821/2100/2201
f  13822/2110/2389 13823/2112/2205 13824/2109/2206
f  13825/2653/2385 13826/2110/2389 13827/2109/2206 13828/2659/2390
f  13829/2659/2390 13830/2660/2391 13831/2653/2385
f  13832/2653/2385 13833/2661/2392 13834/2650/2382
f  13835/2649/1757 13836/2662/2211 13837/2663/2222 13838/2648/1754
f  13839/2642/1738 13840/2664/2144 13841/2542/2145 13842/2541/1781
f  13843/2637/1763 13844/2665/2393 13845/2666/2210 13846/2636/1760
f  13847/2636/1760 13848/2666/2210 13849/2662/2211 13850/2649/1757
f  13851/2643/1737 13852/2667/2212 13853/2664/2144 13854/2642/1738
f  13855/2638/1766 13856/2668/2213 13857/2665/2393 13858/2637/1763
f  13859/2644/1742 13860/2383/2214 13861/2667/2212 13862/2643/1737
f  13863/2639/1769 13864/2669/2215 13865/2668/2213 13866/2638/1766
f  13867/2645/1745 13868/2384/2216 13869/2383/2214 13870/2644/1742
f  13871/2640/1772 13872/2670/2217 13873/2669/2215 13874/2639/1769
f  13875/2646/1748 13876/2671/2218 13877/2384/2216 13878/2645/1745
f  13879/2641/1775 13880/2672/2219 13881/2670/2217 13882/2640/1772
f  13883/2647/1751 13884/2673/2220 13885/2671/2218 13886/2646/1748
f  13887/2544/1778 13888/2543/2221 13889/2672/2219 13890/2641/1775
f  13891/2648/1754 13892/2663/2222 13893/2673/2220 13894/2647/1751
f  13895/2650/2382 13896/2666/2210 13897/2665/2393 13898/2651/2383
f  13899/2651/2383 13900/2665/2393 13901/2668/2213 13902/2652/2384
f  13903/2652/2384 13904/2668/2213 13905/2669/2215 13906/2654/2198
f  13907/2654/2198 13908/2669/2215 13909/2670/2217 13910/2655/2386
f  13911/2655/2386 13912/2670/2217 13913/2672/2219 13914/2656/2387
f  13915/2656/2387 13916/2672/2219 13917/2543/2221 13918/2658/2203
f  13919/2658/2203 13920/2543/2221 13921/2542/2145 13922/2100/2201
f  13923/2100/2201 13924/2542/2145 13925/2664/2144 13926/2657/2388
f  13927/2657/2388 13928/2664/2144 13929/2667/2212 13930/2110/2389
f  13931/2110/2389 13932/2667/2212 13933/2383/2214 13934/2112/2205
f  13935/2112/2205 13936/2383/2214 13937/2384/2216 13938/2109/2206
f  13939/2109/2206 13940/2384/2216 13941/2671/2218 13942/2659/2390
f  13943/2659/2390 13944/2671/2218 13945/2673/2220 13946/2660/2391
f  13947/2660/2391 13948/2673/2220 13949/2663/2222 13950/2653/2385
f  13951/2653/2385 13952/2663/2222 13953/2662/2211 13954/2661/2392
f  13955/2661/2392 13956/2662/2211 13957/2666/2210 13958/2650/2382
f  13959/2432/2238 13960/2456/2256 13961/2455/2255 13962/2433/2239
f  13963/2433/2239 13964/2455/2255 13965/2674/2253 13966/2675/2266
f  13967/2427/2237 13968/2465/2263 13969/2456/2256 13970/2432/2238
f  13971/2676/2250 13972/1883/2243 13973/2438/2242 13974/2078/2268
f  13975/2078/2268 13976/2438/2242 13977/2459/2240 13978/2677/2262
f  13979/2677/2262 13980/2459/2240 13981/2678/2394 13982/2679/2271
f  13983/2679/2271 13984/2678/2394 13985/2442/2246 13986/2680/2263
f  13987/2680/2263 13988/2442/2246 13989/2441/2238 13990/2468/2256
f  13991/2468/2256 13992/2441/2238 13993/2460/2260 13994/2462/2255
f  13995/2462/2255 13996/2460/2260 13997/2681/2395 13998/2453/2253
f  13999/2453/2253 14000/2681/2395 14001/2446/2250 14002/2451/2243
f  14003/2451/2243 14004/2446/2250 14005/2445/2249 14006/2449/2252
f  14007/2449/2252 14008/2445/2249 14009/2464/2262 14010/2436/2240
f  14011/2436/2240 14012/2464/2262 14013/2682/2271 14014/2426/2236
f  14015/2426/2236 14016/2682/2271 14017/2465/2263 14018/2427/2237
f  14019/2675/2266 14020/2674/2253 14021/1883/2243 14022/2676/2250
f  14023/2434/2239 14024/2433/2239 14025/2675/2266 14026/2470/2266
f  14027/2428/2237 14028/2427/2237 14029/2432/2238 14030/2431/2238
f  14031/2470/2266 14032/2675/2266 14033/2676/2250 14034/2471/2250
f  14035/2466/2264 14036/2465/2263 14037/2682/2271 14038/2607/2346
f  14039/2447/2251 14040/2446/2250 14041/2681/2395 14042/2594/2340
f  14043/2443/2247 14044/2442/2246 14045/2678/2394 14046/2581/2336
f  14047/2439/2244 14048/1883/2243 14049/2674/2253 14050/2568/2333
f  14051/2471/2250 14052/2676/2250 14053/2078/2268 14054/2472/2268
f  14055/2472/2268 14056/2078/2268 14057/2677/2262 14058/2474/2262
f  14059/2474/2262 14060/2677/2262 14061/2679/2271 14062/2476/2271
f  14063/2607/2346 14064/2682/2271 14065/2464/2262 14066/2463/2261
f  14067/2594/2340 14068/2681/2395 14069/2460/2260 14070/2433/2259
f  14071/2581/2336 14072/2678/2394 14073/2459/2240 14074/2458/2258
f  14075/2476/2271 14076/2679/2271 14077/2680/2263 14078/2477/2263
f  14079/2568/2333 14080/2674/2253 14081/2455/2255 14082/2454/2254
f  14083/2477/2263 14084/2680/2263 14085/2468/2256 14086/2467/2256

