# File produced by Open Asset Import Library (http://www.assimp.sf.net)
# (assimp v6.0.0)

mtllib model_boulder.mtl

# 11982 vertex positions
v -3928.5061 -65.197998 -1.58099997
v -3883.38989 -62.2270012 -7.99100018
v -3906.86108 -54.5089989 14.7250004
v -4005.07007 142.867996 71.2060013
v -4022.64893 151.119003 64.1070023
v -4023.7749 121.394997 61.4459991
v -3899.52002 176.675995 75.1330032
v -3885.2229 190.703003 53.2669983
v -3905.72998 208.761993 63.1780014
v -3933.48511 248.514999 -127.745003
v -3944.68799 239.070999 -143.153
v -3951.06592 248.026993 -141.856995
v -4032.16211 83.4649963 -140.289001
v -4048.73901 96.4660034 -118.258003
v -4029.55005 106.843002 -141.080994
v -3904.17603 -61.3320007 -105.848
v -3882.54712 -54.9389992 -112.570999
v -3908.68604 -85.0849991 -90.25
v -4006.91602 264.90799 -98.0049973
v -3991.04492 258.790009 -122.041
v -3997.57202 242.042007 -122.222
v -3943.96191 214.080994 83.0810013
v -3958.34302 213.656998 81.086998
v -3943.33911 207.953003 88.8669968
v -3837.0061 43.0929985 -169.556
v -3851.50098 60.7639999 -186.697998
v -3845.07007 61.2809982 -167.395996
v -3838.27295 -57.0369987 -14.0159998
v -3828.75098 -48.980999 -3.86899996
v -3871.18506 -50.0489998 10.2930002
v -4047.64893 325.632996 23.6679993
v -4070.48999 306.657013 5.58599997
v -4060.25488 309.967987 18.6930008
v -4058.26196 181.072998 48.0149994
v -4069.80688 170.399994 33.4869995
v -4056.98608 132.472 47.8330002
v -4051.95996 -37.2109985 -88.5530014
v -4026.17603 -50.6949997 -104.867996
v -4034.03711 -64.3679962 -85.5650024
v -3985.3269 -27.0620003 47.1930008
v -4028.11108 -23.3719997 44.3769989
v -3989.75293 -36.7750015 36.8349991
v -3828.67603 81.3990021 -133.794006
v -3811.28711 86.5810013 -126.721001
v -3809.77588 68.1139984 -123.623001
v -3819.82007 194.498993 -5.37900019
v -3814.6001 193.910995 -16.0709991
v -3820.26294 213.906998 -21.5370007
v -3931.52393 341.14801 -0.994000018
v -3943.3999 350.102997 1.98000002
v -3935.81104 328.940002 21.1079998
v -3996.14893 290.987 48.262001
v -3976.05103 323.484985 43.4049988
v -4021.03491 316.312988 40.9150009
v -4082.81494 32.2890015 33.223999
v -4096.59717 35.4539986 7.85099983
v -4091.97607 24.9169998 16.2129993
v -4033.38794 -53.9939995 3.20900011
v -4076.27588 -34.8670006 18.4500008
v -4070.03491 -47.368 1.08899999
v -3816.97803 -44.4539986 -46.2480011
v -3806.19897 -35.2330017 -29.257
v -3812.71411 -47.6290016 -23.4669991
v -3908.68604 -85.0849991 -90.25
v -3879.16504 -53.8639984 -112.641998
v -3879.99805 -76.8970032 -99.3180008
v -4016.39404 332.518005 -44.7319984
v -4002.96802 304.61499 -80.6399994
v -4022.99609 282.937012 -66.4700012
v -3947.47998 304.097992 -38.8180008
v -3955.64697 318.122986 -43.7540016
v -3954.71289 315.596008 -32.0330009
v -4012.21289 -13.9940004 55.0480003
v -4028.11108 -23.3719997 44.3769989
v -3985.3269 -27.0620003 47.1930008
v -3885.53711 150.386002 73.8069992
v -3912.2771 136.910004 107.190002
v -3899.51099 104.278 111.292999
v -3841.69702 216.169006 -70.8679962
v -3831.17407 220.968002 -57.6959991
v -3834.15894 209.378006 -57.6870003
v -3924.51294 318.908997 -20.7830009
v -3928.97095 305.583008 -29.5230007
v -3960.4729 331.44101 -20.4880009
v -3920.27905 -80.6240005 -51.0169983
v -3942.45288 -80.5800018 -44.5830002
v -3933.43896 -84.9919968 -68.6230011
v -4007.05688 -77.012001 -28.4610004
v -4021.60693 -79.7809982 -48.2280006
v -3993.29492 -84.9560013 -40.1040001
v -3885.02588 107.476997 -197.360992
v -3892.81201 94.1159973 -215.729996
v -3900.97095 113.891998 -206.746002
v -3901.32788 64.5449982 -213.436996
v -3881.00195 33.8370018 -189.772003
v -3899.78296 37.4280014 -200.513
v -3999.89697 85.5790024 -176.826996
v -3970.30811 55.0159988 -207.714996
v -4008.49512 38.9220009 -164.710999
v -3958.33398 58.0530014 -217.335999
v -3945.81909 74.7959976 -220.679001
v -3923.21094 72.5130005 -221.348007
v -4061.479 62.2050018 52.9700012
v -4087.71704 55.3190002 17.9869995
v -4082.81494 32.2890015 33.223999
v -4047.17407 64.6559982 57.5970001
v -4052.25488 41.0950012 61.0660019
v -4038.29492 27.8419991 65.3860016
v -3879.62598 179.113998 -135.091003
v -3875.20288 195.563004 -117.753998
v -3866.52002 178.813995 -130.283997
v -3896.71411 194.938004 -131.613998
v -3899.65088 186.686005 -140.729004
v -3911.64893 194.5 -143.475006
v -3825.98511 162.671005 -95.2040024
v -3826.77295 167.738998 -114.274002
v -3836.20898 175.582001 -90.9940033
v -3786.63208 64.9380035 -112.987999
v -3793.21899 101.578003 -100.655998
v -3789.84399 74.5059967 -90.7710037
v -4086.01099 -29.1280003 7.74399996
v -4099.90723 -17.5240002 -11.3149996
v -4094.06396 -30.2619991 -9.91800022
v -4057.16504 -68.4150009 -45.0359993
v -4062.35303 -58.8460007 -52.5810013
v -4052.96411 -64.987999 -60.4300003
v -3804.34204 32.1629982 52.9269981
v -3803.60596 48.8339996 42.2190018
v -3829.71191 54.4760017 62.1710014
v -3763.68408 65.9599991 -25.2749996
v -3764.24097 54.2709999 -38.1399994
v -3761.84912 64.8249969 -33.4980011
v -3992.33594 212.25 -144.220993
v -4034.24902 216.048996 -129.037994
v -4022.04395 222.248001 -122.445
v -4046.5791 278.468994 -44.1279984
v -4055.04199 299.432007 -21.5939999
v -4043.66992 300.588013 -31.0779991
v -3827.7439 161.535995 -67.4339981
v -3839.02197 177.830994 -78.5350037
v -3836.021 167.643005 -63.0229988
v -3776.28296 84.9059982 -16.2390003
v -3763.68408 65.9599991 -25.2749996
v -3767.46289 97.1719971 -32.4039993
v -4070.43506 183.863998 -103.509003
v -4053.48291 154.955994 -117.170998
v -4065.3811 149.546997 -98.5910034
v -4079.38794 228.794006 -62.9430008
v -4088.54492 219.865005 -66.9540024
v -4093.95093 211.841003 -51.605999
v -3787.70288 148.169006 -33.526001
v -3770.84399 109.641998 -46.5429993
v -3795.21606 128.772995 -56.8209991
v -3787.54712 87.3700027 -61.8779984
v -3770.30493 81.9199982 -45.7779999
v -3791.66089 70.2689972 -61.0880013
v -4087.28296 161.774994 -61.9199982
v -4095.03101 163.382996 -43.9720001
v -4092.90088 178.998001 -59.0509987
v -4075.50903 187.393005 24.2999992
v -4064.92505 186.811005 39.3619995
v -4072.93994 210.018005 27.6439991
v -3786.63208 64.9380035 -112.987999
v -3789.84399 74.5059967 -90.7710037
v -3797.69312 39.7169991 -91.413002
v -3838.42993 -61.2490005 -77.1380005
v -3825.21802 -52.9720001 -56.3310013
v -3833.44409 -68.2229996 -53.8549995
v -3900.35498 161.397003 83.3270035
v -3912.2771 136.910004 107.190002
v -3885.53711 150.386002 73.8069992
v -3989.57495 66.1399994 80.947998
v -3980.90601 55.7019997 89.2460022
v -3964.90894 77.7310028 93.4720001
v -3983.09106 186.923004 -176.970993
v -3993.7749 175.598999 -184.856003
v -4003.03809 192.050995 -166.962997
v -3917.26099 125.847 -211.451004
v -3932.91406 127.790001 -218.287994
v -3924.9231 149.466995 -195.966003
v -3943.55005 253.692001 66.6640015
v -3931.04297 270.806 61.4000015
v -3949.90796 283.209991 56.598999
v -3905.72998 208.761993 63.1780014
v -3885.2229 190.703003 53.2669983
v -3889.70801 204.899002 47.368
v -3795.93091 1.19499993 -117.998001
v -3801.11401 -8.8220005 -85.3799973
v -3810.8291 -18.4529991 -98.0210037
v -3879.77295 61.4029999 -201.764999
v -3861.81909 42.480999 -185.188004
v -3881.00195 33.8370018 -189.772003
v -4095.03101 163.382996 -43.9720001
v -4090.24609 151.703003 -51.5979996
v -4092.66211 150.302002 -42.394001
v -4098.44922 115.178001 -29.7040005
v -4099.13916 93.1050034 -37.9160004
v -4105.45996 81.5400009 -27.6369991
v -3895.44897 247.876007 -58.632
v -3881.46899 242.057007 -58.5419998
v -3885.32788 236.134003 -65.2770004
v -3894.52905 238.712006 -87.276001
v -3895.73389 241.873001 -102.531998
v -3907.50488 257.976013 -104.960999
v -4041.74512 117.739998 55.1930008
v -4023.7749 121.394997 61.4459991
v -4022.64893 151.119003 64.1070023
v -4058.40308 47.2080002 58.243
v -4047.17407 64.6559982 57.5970001
v -4056.47705 67.4449997 54.480999
v -3942.93091 254.427002 -130.320999
v -3951.06592 248.026993 -141.856995
v -3952.83691 260.105988 -129.623001
v -3914.2561 261.43399 -72.4729996
v -3919.9939 273.552002 -100.224998
v -3927.06689 280.096985 -88.0410004
v -3831.05908 -4.57800007 39.8209991
v -3815.20508 -3.35699987 23.5230007
v -3823.86694 13.4139996 55.2589989
v -3880.26196 29.9139996 101.611
v -3869.80396 5.56099987 91.6869965
v -3869.65088 29.6690006 99.7659988
v -3997.93896 36.75 -174.779999
v -3982.15405 42.3880005 -192.664993
v -3992.22095 22.3980007 -171.472
v -3892.33594 20.6119995 -178.705002
v -3920.91895 25.6949997 -187.154999
v -3904.78101 25.8479996 -195.520004
v -4070.29395 235.009995 -40.855999
v -4093.95093 211.841003 -51.605999
v -4079.98804 223.671997 -32.0769997
v -4095.979 182.158997 -29.4309998
v -4084.53809 183.492996 -16.7189999
v -4089.64502 199.238007 -20.8069992
v -3938.97412 79.2580032 115.447998
v -3949.70996 85.8759995 103.658997
v -3969.26196 52.5209999 98.9820023
v -3895.78101 62.8440018 116.017998
v -3900.70605 28.1919994 103.038002
v -3880.12012 2.55999994 91.3730011
v -3786.27905 45.8460007 -53.1949997
v -3770.30493 81.9199982 -45.7779999
v -3769.53101 40.0320015 -39.3139992
v -3790.43994 19.8449993 -95.3659973
v -3798.62598 30.3880005 -93.4029999
v -3793.53809 18.4330006 -80.086998
v -4057.37793 329.667999 3.15299988
v -4070.48999 306.657013 5.58599997
v -4048.74512 333.527008 14.3830004
v -3970.54907 364.877991 -6.76499987
v -3978.33301 360.763 -39.2050018
v -3979.82202 378.751007 -19.8549995
v -4073.98096 65.7959976 -80.1090012
v -4067.14111 43.855999 -91.6179962
v -4080.67896 54.0400009 -67.6149979
v -4085.97803 -17.4230003 15.3979998
v -4073.58691 -12.665 44.8409996
v -4088.69897 -0.43900001 17.0370007
v -3829.72192 54.0299988 -147.748001
v -3842.36792 68.8249969 -153.701004
v -3829.37402 61.0029984 -139.492004
v -3792.73804 2.65700006 -102.612
v -3801.11401 -8.8220005 -85.3799973
v -3795.93091 1.19499993 -117.998001
v -3962.95996 357.777008 22.3330002
v -3960.99097 348.328003 29.5440006
v -3954.46411 353.410004 13.4560003
v -3970.84009 372.126007 9.89799976
v -3972.2251 376.102997 1.13199997
v -3974.3811 371.242004 21.7880001
v -4036.94995 -5.88800001 -118.223
v -4016.08691 15.217 -146.261993
v -4020.69995 -21.3199997 -127.305
v -4084.82788 30.2380009 -62.3610001
v -4073.91406 42.5550003 -79.5510025
v -4074.59497 1.15999997 -79.5770035
v -3794.5979 9.75500011 -24.3770008
v -3789.5791 21.1870003 -18.5960007
v -3797.08105 16.1739998 -12.158
v -3815.20508 -3.35699987 23.5230007
v -3804.43896 27.6030006 50.3330002
v -3823.86694 13.4139996 55.2589989
v -4066.23511 228.322998 37.1730003
v -4058.09595 217.679001 48.6720009
v -4065.96802 234.796005 41.7890015
v -3975.89111 217.686005 71.5410004
v -3968.61597 223.266006 73.8099976
v -3991.04712 232.841995 69.6139984
v -4016.08691 15.217 -146.261993
v -4005.2959 4.2420001 -149.787994
v -4020.69995 -21.3199997 -127.305
v -3913.62988 -8.73400021 -141.684006
v -3945.39502 3.56900001 -156.779007
v -3905.08301 3.85100007 -155.847
v -3886.80493 -15.1090002 58.1220016
v -3878.10596 -10.8330002 49.1230011
v -3884.80396 -6.96000004 57.4300003
v -3930.28809 -34.5900002 52.1819992
v -3909.45703 -40.5099983 43.6790009
v -3917.66211 -16.4349995 68.8310013
v -3947.84912 153.143005 -199.007004
v -3989.51904 168.673996 -191.356995
v -3966.85107 172.841995 -189.108994
v -3961.51904 234.248993 -156.940002
v -3957.36011 212.570007 -168.087006
v -3967.41309 210.391006 -165.873001
v -3996.59106 386.229004 10.5150003
v -4011.57397 376.28299 19.1189995
v -3998.35205 382.962006 16.4720001
v -4016.90601 332.950989 37.3450012
v -3984.38794 344.167999 37.2989998
v -4027.13794 343.154999 33.1459999
v -3786.89795 28.9780006 -4.71500015
v -3782.10596 37.9150009 -8.55500031
v -3777.06909 39.6800003 6.04099989
v -3777.96997 52.0060005 5.12099981
v -3784.56494 63.2560005 8.60400009
v -3776.05493 45.2929993 9.30500031
v -3966.62988 89.0630035 -216.595001
v -3964.08496 65.6949997 -215.612
v -4001.32202 102.997002 -176.625
v -4010.90991 171.511002 -171.487
v -3994.58008 130.442993 -186.774002
v -4014.22803 154.100998 -166.723999
v -3951.01709 -64.5419998 8.83100033
v -3943.4939 -66.0400009 -0.986999989
v -3927.771 -53.2729988 24.5900002
v -3980.24194 -73.3030014 -3.17799997
v -4008.63403 -59.1660004 3.25099993
v -4010.65503 -68.2580032 -12.4540005
v -3817.2041 192.768997 -7.06599998
v -3813.46899 174.311996 -3.45900011
v -3814.6001 193.910995 -16.0709991
v -3769.09595 116.174004 -40.7869987
v -3787.70288 148.169006 -33.526001
v -3774.12109 126.375 -35.3409996
v -3939.46606 268.558014 -108.311996
v -3935.61694 263.074005 -124.155998
v -3953.2749 268.766998 -123.392998
v -3998.08789 331.5 -68.2320023
v -4002.91211 325.709991 -69.473999
v -4012.92603 347.589996 -44.0789986
v -3862.771 20.1270008 -176.345993
v -3849.13208 44.1769981 -179.856003
v -3841.42603 3.73199987 -158.544006
v -3878.44409 -4.87199974 -147.335007
v -3872.50903 -15.6630001 -139.085999
v -3907.39795 -14.9540005 -135.488007
v -3804.68994 151.934998 -42.9949989
v -3811.07788 148.279007 -50.1699982
v -3817.21094 154.048996 -44.5060005
v -3817.74512 176.365997 -37.3269997
v -3820.19995 192.25 -39.1150017
v -3811.70703 186.322998 -29.7019997
v -4081.36108 259.721985 6.65700006
v -4082.27002 235.460007 9.45100021
v -4071.0769 255.871002 29.052
v -4070.84399 261.032013 -17.9290009
v -4075.16699 240.470993 -14.2440004
v -4076.43408 254.371994 -8.39900017
v -3884.80396 -6.96000004 57.4300003
v -3874.21094 -10.9449997 51.2229996
v -3876.93408 -6.31099987 65.4680023
v -3893.43799 5.09700012 91.9779968
v -3937.73706 33.1949997 104.185997
v -3928.38696 20.625 91.3339996
v -3867.07202 280.102997 -9.29399967
v -3895.38501 303.713989 -7.80900002
v -3887.69897 285.51001 11.0220003
v -3885.27393 226.503998 31.9200001
v -3883.677 236.276993 34.2779999
v -3892.94897 227.136993 40.4350014
v -4065.44312 229.462997 -88.0579987
v -4071.11694 230.481003 -65.5309982
v -4060.20508 240.227997 -58.7519989
v -4064.53906 271.390991 -28.7590008
v -4059.04492 257.028992 -39.5180016
v -4066.57495 254.839005 -34.1889992
v -4069.02905 -9.63199997 49.8639984
v -4038.12207 -2.58299994 62.1459999
v -4067.41089 7.14400005 55.2960014
v -4077.47095 26.2530003 43.2929993
v -4091.97607 24.9169998 16.2129993
v -4076.35303 9.44499969 44.9090004
v -3804.36597 7.67500019 -21.7560005
v -3805.83398 -1.34500003 -31.9330006
v -3798.66089 2.375 -42.612999
v -3787.49194 15.677 -56.8429985
v -3792.5 23.9120007 -58.2319984
v -3776.7959 22.8810005 -44.4570007
v -3877.94092 217.389999 26.2040005
v -3855.30688 227.738007 23.9750004
v -3883.677 236.276993 34.2779999
v -3862.50195 196.395004 20.1749992
v -3851.17603 177.173004 20.5620003
v -3850.59497 188.147003 7.80599976
v -4073.52393 -39.0009995 -61.7919998
v -4052.96411 -64.987999 -60.4300003
v -4062.35303 -58.8460007 -52.5810013
v -4098.09814 5.3920002 -52.3139992
v -4082.70703 -0.254999995 -71.9560013
v -4102.40576 -14.1300001 -42.7669983
v -4024.36792 370.946991 -8.4119997
v -4032.20801 358.540985 17.7849998
v -4014.61304 377.63501 1.80900002
v -3978.85205 357.221985 -43.4949989
v -4007.06494 373.105988 -24.4309998
v -3981.83789 375.638 -24.8239994
v -3848.54395 191.231003 -117.755997
v -3864.073 205.996994 -111.008003
v -3855.38306 198.121002 -106.975998
v -3896.60889 237.173004 -78.3460007
v -3885.62695 227.203995 -90.0309982
v -3890.83911 235.520004 -102.102997
v -4106.88086 70.4960022 -22.6889992
v -4094.27295 102.292999 -5.36499977
v -4100.45117 108.969002 -19.7180004
v -4081.96802 183.873993 -8.10000038
v -4080.64697 168.304993 -8.11600018
v -4083.82007 173.412003 2.14599991
v -3905.18408 -80.6529999 -52.5680008
v -3913.66211 -85.6050034 -72.1589966
v -3882.07397 -82.3909988 -57.1790009
v -3844.00293 -75.0680008 -67.2399979
v -3849.60889 -63.2949982 -99.1009979
v -3833.44409 -68.2229996 -53.8549995
v -3867.66699 189.121994 34.118
v -3851.17603 177.173004 20.5620003
v -3862.50195 196.395004 20.1749992
v -3864.21997 156.231003 48.3909988
v -3859.79492 124.642998 56.3689995
v -3846.97998 137.764999 37.2480011
v -3937.94409 54.8880005 -217.503998
v -3916.99902 66.8550034 -219.962997
v -3927.52295 34.5460014 -206.421997
v -3938.84497 31.1450005 -197.447998
v -3959.5791 39.8520012 -201.531006
v -3929.98291 33.1020012 -205.108002
v -3946.38599 338.583008 -13.3479996
v -3960.4729 331.44101 -20.4880009
v -3957.18506 347.17099 -9.01000023
v -3978.33301 360.763 -39.2050018
v -3970.54907 364.877991 -6.76499987
v -3971.64795 348.290985 -28.1919994
v -3826.25903 -63.5250015 -30.8220005
v -3842.13599 -72.1100006 -40.5419998
v -3841.66895 -79.387001 -53.0169983
v -3864.61499 -64.689003 -19.5639992
v -3838.27295 -57.0369987 -14.0159998
v -3871.18506 -50.0489998 10.2930002
v -3854.49609 147.962006 -134.244995
v -3839.34204 138.479004 -126.757004
v -3844.96509 132.462997 -130.117996
v -3799.86499 118.086998 -102.091003
v -3810.14502 139.309998 -118.069
v -3811.9209 141.682999 -103.097
v -3994.58008 130.442993 -186.774002
v -3966.62988 89.0630035 -216.595001
v -4001.32202 102.997002 -176.625
v -3956.5979 144.035004 -208.737
v -3938.68896 145.858994 -205.042007
v -3957.29712 129.576996 -224.365997
v -3864.21997 156.231003 48.3909988
v -3846.97998 137.764999 37.2480011
v -3820.42212 134.880005 9.0710001
v -3776.28296 84.9059982 -16.2390003
v -3786.18506 77.0849991 0.75999999
v -3766.80908 66.802002 -21.7830009
v -4002.65698 174.516006 71.9789963
v -3979.39502 174.016006 81.5319977
v -3997.81299 198.791 71.0970001
v -4013.23193 226.438995 63.2229996
v -4023.90991 239.990997 63.5369987
v -4031.19604 228.412994 59.7400017
v -3862.49707 195.998993 -114.897003
v -3855.30908 178.119003 -129.356003
v -3866.52002 178.813995 -130.283997
v -3848.24292 151.220993 -130.968994
v -3835.67212 150.498993 -126.573997
v -3824.98096 141.348999 -121.932999
v -4043.87012 222.932999 -116.362
v -4063.60596 220.613007 -113.077003
v -4053.14111 229.054001 -102.908997
v -4054.16089 209.649002 -130.192001
v -4039.06006 174.270004 -141.371994
v -4062.979 190.783005 -115.878998
v -3947.47998 304.097992 -38.8180008
v -3952.77197 310.593994 -71.4459991
v -3955.64697 318.122986 -43.7540016
v -3969.72803 282.93399 -112.328003
v -3983.521 295.334015 -104.778999
v -3975.56592 299.321014 -91.8769989
v -4017.01489 -65.362999 -95.7310028
v -3987.09204 -67.7539978 -95.6689987
v -4012.5481 -79.1380005 -83.5970001
v -3974.19312 -83.1849976 -43.1720009
v -3980.85693 -86.3379974 -57.9659996
v -3957.36206 -85.4889984 -63.4490013
v -3813.46899 174.311996 -3.45900011
v -3817.2041 192.768997 -7.06599998
v -3823.92212 192.826004 3.41100001
v -3861.48804 254.046005 15.7930002
v -3875.36108 252.257996 33.0740013
v -3854.66089 244.552002 15.9060001
v -3964.90894 77.7310028 93.4720001
v -3980.90601 55.7019997 89.2460022
v -3969.26196 52.5209999 98.9820023
v -3981.62988 15.4820004 81.5670013
v -4002.61499 5.32000017 70.6409988
v -3970.84399 -3.68900013 69.0920029
v -3845.49707 90.8339996 -150.007996
v -3852.39893 100.240997 -155.401993
v -3858.88403 112.759003 -149.983994
v -3893.146 142.007004 -177.059006
v -3911.58911 158.139008 -180.945007
v -3908.15503 157.546997 -166.425003
v -4095.54297 167.091995 -30.2439995
v -4084.53589 170.763 -16.6800003
v -4095.87305 177.410004 -31.323
v -4088.77808 142.220993 -10.3979998
v -4084.58301 150.873001 -12.5509996
v -4094.86694 138.167007 -21.1650009
v -3975.13599 342.243988 -59.6040001
v -3989.07397 335.156006 -65.4049988
v -4001.521 350.181 -48.0629997
v -3980.23511 330.748993 -71.5770035
v -3972.07007 322.48999 -70.711998
v -3989.71094 328.994995 -70.9499969
v -3794.5979 9.75500011 -24.3770008
v -3777.93091 18.5349998 -34.0589981
v -3786.24097 24.8999996 -17.4939995
v -3794.5979 9.75500011 -24.3770008
v -3798.66089 2.375 -42.612999
v -3785.95801 10.0970001 -34.3199997
v -3877.68701 132.389999 -154.294006
v -3883.83691 138.675003 -169.313004
v -3883.20996 145.557999 -157.626007
v -3879.86597 142.169006 -153.453003
v -3875.40405 155.516998 -147.244995
v -3873.177 146.302994 -145.972
v -3987.09204 -67.7539978 -95.6689987
v -4015.271 -55.9339981 -103.861
v -3984.59302 -52.8800011 -106.954002
v -4004.21997 -9.65400028 -139.962006
v -3996.64307 0.34799999 -149.447998
v -3990.2771 -20.8110008 -129.470001
v -3912.33203 168.647995 92.8259964
v -3919.75708 209.522003 76.6760025
v -3929.78296 204.347 89.5059967
v -3968.03101 199.365005 82.4899979
v -3963.83691 169.121994 88.8909988
v -3949.53711 198.386993 90.3600006
v -3988.15991 381.25 -18.0039997
v -4007.06494 373.105988 -24.4309998
v -4009.67505 381.087006 1.972
v -3980.82593 384.420013 -8.33100033
v -3996.59106 386.229004 10.5150003
v -3984.12988 378.833008 13.7110004
v -3898.33203 206.044998 -128.557007
v -3911.64893 194.5 -143.475006
v -3915.42993 201.373001 -145.537994
v -3939.37012 200.227997 -174.449997
v -3952.87305 200.994995 -177.884995
v -3939.88989 211.451996 -168.654999
v -3836.99194 -15.7130003 19.7959995
v -3822.0249 -5.96000004 20.6919994
v -3847.7251 -14.1859999 37.8569984
v -3816.83398 -23.0189991 3.79999995
v -3827.34106 -40.1189995 6.66699982
v -3812.71411 -47.6290016 -23.4669991
v -3808.39795 132.429993 -120.472
v -3799.66406 110.566002 -116.693001
v -3811.47607 113.845001 -120.995003
v -3849.48389 127.811996 -136.518005
v -3840.9231 125.542 -130.074997
v -3838.86011 119.084 -136.410004
v -3925.32495 186.149002 -157.593002
v -3939.37012 200.227997 -174.449997
v -3930.84399 201.253998 -161.824005
v -3920.66797 168.505005 -179.973999
v -3925.927 177.917007 -167.998993
v -3920.43506 170.141006 -165.927002
v -4012.92603 347.589996 -44.0789986
v -4002.91211 325.709991 -69.473999
v -4016.39404 332.518005 -44.7319984
v -4022.25195 372.114014 -12.4860001
v -4024.36792 370.946991 -8.4119997
v -4009.67505 381.087006 1.972
v -3980.0979 29.3519993 -184.945007
v -3967.90698 27.4039993 -187.119995
v -3977.59204 19.4680004 -174.694
v -3977.5271 0.987999976 -150.487
v -3945.39502 3.56900001 -156.779007
v -3962.96997 -9.42500019 -141.649994
v -3931.44702 167.690994 105.18
v -3951.04907 166.673004 95.4639969
v -3929.23999 155.121002 108.848999
v -3986.05688 120.672997 75.848999
v -3970.84497 121.516998 85.9079971
v -3978.11108 133.906998 82.3219986
v -3859.10693 277.807007 -20.7689991
v -3880.91504 294.09201 -14.6370001
v -3867.07202 280.102997 -9.29399967
v -3909.59204 303.542999 -22.7080002
v -3896.61011 290.631012 -30.0499992
v -3918.86108 294.951996 -33.7509995
v -3842.15601 -35.9490013 15.6700001
v -3856.26294 -25.1100006 24.4349995
v -3864.41895 -34.7649994 24.0699997
v -3830.61401 -20.973999 13.559
v -3824.18311 -32.6640015 7.6869998
v -3816.83398 -23.0189991 3.79999995
v -3878.79102 96.3040009 -200.399994
v -3892.81201 94.1159973 -215.729996
v -3885.02588 107.476997 -197.360992
v -3901.32788 64.5449982 -213.436996
v -3879.77295 61.4029999 -201.764999
v -3881.00195 33.8370018 -189.772003
v -3920.82593 103.944 128.686005
v -3926.71094 120.482002 118.502998
v -3931.27588 95.4589996 118.346001
v -3970.84497 121.516998 85.9079971
v -3976.83594 98.1800003 82.5579987
v -3957.36792 97.8410034 94.1610031
v -3916.50098 328.18399 -9.91399956
v -3914.36694 310.338013 -19.2390003
v -3922.66211 316.868988 -19.6110001
v -3906.10303 316.152008 -5.94099998
v -3915.75 328.46701 -6.79899979
v -3911.23096 297.984985 26.2830009
v -4080.67896 54.0400009 -67.6149979
v -4073.91406 42.5550003 -79.5510025
v -4084.82788 30.2380009 -62.3610001
v -4097.04395 58.25 1.13100004
v -4110.68701 49.9589996 -23.3789997
v -4113.11377 28.7310009 -19.6359997
v -3819.71802 -23.9080009 -113.607002
v -3832.8811 -32.4189987 -127.869003
v -3820.87695 -21.2320004 -131.522003
v -3849.60889 -63.2949982 -99.1009979
v -3863.13501 -76.2770004 -101.142998
v -3845.17407 -48.0649986 -118.765999
v -3804.34204 32.1629982 52.9269981
v -3829.71191 54.4760017 62.1710014
v -3821.72705 30.243 69.5920029
v -3863.25391 52.0040016 100.542
v -3878.06299 74.1910019 105.804001
v -3876.36499 62.7729988 111.250999
v -3980.98096 236.589996 -142.848999
v -3997.57202 242.042007 -122.222
v -3991.04492 258.790009 -122.041
v -3969.02808 196.645004 -170.229004
v -3992.09595 191.378998 -169.936996
v -3982.75 205.822998 -154.994003
v -3779.53101 110.105003 -54.9290009
v -3792.35303 112.740997 -67.4240036
v -3795.21606 128.772995 -56.8209991
v -3794.59009 107.508003 -97.5930023
v -3803.48706 129 -80.1709976
v -3796.62598 110.321999 -75.1360016
v -3960.80908 324.226013 -70.112999
v -3972.19604 342.835999 -57.769001
v -3967.29199 338.29599 -52.8170013
v -3978.85205 357.221985 -43.4949989
v -3975.13599 342.243988 -59.6040001
v -4001.521 350.181 -48.0629997
v -3932.1001 176.309006 -181.453995
v -3930.30591 159.916 -191.048996
v -3944.80005 178.470993 -184.535995
v -3924.9231 149.466995 -195.966003
v -3911.43188 133.367004 -200.488998
v -3917.26099 125.847 -211.451004
v -3898.65308 -37.1380005 45.4440002
v -3883.99707 -30.0030003 42.8030014
v -3899.677 -22.5769997 59.4490013
v -3883.38989 -62.2270012 -7.99100018
v -3892.97803 -48.4790001 21.6499996
v -3906.86108 -54.5089989 14.7250004
v -3969.0061 303.613007 -82.3820038
v -3979.43311 314.385986 -79.4940033
v -3972.07007 322.48999 -70.711998
v -3927.44312 278.023987 -98.3089981
v -3924.97998 270.575989 -108.455002
v -3933.72095 273.404999 -101.172997
v -3871.10205 210.011993 22.2350006
v -3849.92798 215.570999 16.6270008
v -3855.30688 227.738007 23.9750004
v -3851.4939 229.326996 11.0830002
v -3855.30688 227.738007 23.9750004
v -3848.29102 217.223999 14.7989998
v -4062.3999 296.756989 26.7070007
v -4073.26099 302.326996 3.78299999
v -4067.18408 280.475006 27.4430008
v -4040.92603 261.799988 55.0730019
v -4013.03101 267.23999 53.112999
v -4040.54297 282.252014 47.4199982
v -3789.43408 50.9339981 -114.464996
v -3797.69312 39.7169991 -91.413002
v -3793.40405 38.0419998 -110.406998
v -3803.29004 60.4420013 -121.769997
v -3789.73804 76.8290024 -116.327003
v -3788.59106 64.401001 -116.039001
v -3887.99292 217.516998 -119.122002
v -3898.33203 206.044998 -128.557007
v -3912.22607 207.811996 -142.214005
v -3852.99194 188.617004 -120.311996
v -3855.30908 178.119003 -129.356003
v -3862.49707 195.998993 -114.897003
v -3890.42993 -87.1240005 -91.526001
v -3875.37402 -90.552002 -88.8889999
v -3891.37305 -88.8909988 -85.0329971
v -3849.60889 -63.2949982 -99.1009979
v -3844.00293 -75.0680008 -67.2399979
v -3854.83008 -83.0350037 -77.7779999
v -3937.73706 33.1949997 104.185997
v -3943.61597 28.2049999 97.064003
v -3928.38696 20.625 91.3339996
v -3930.09106 75.0550003 119.080002
v -3940.19312 51.2480011 109.067001
v -3927.01489 51.2739983 111.037003
v -3817.23291 163.701996 0.755999982
v -3813.3689 165.098007 -0.91900003
v -3826.14697 187.533005 6.03999996
v -3765.49805 111.797997 -38.8100014
v -3788.90503 122.063004 -13.3360004
v -3787.77393 111.199997 -10.4130001
v -4082.9231 237.087006 2.34700012
v -4081.677 221.871002 -3.22200012
v -4083.73608 227.626007 4.3210001
v -4085.96802 197.231995 1.07599998
v -4081.96802 183.873993 -8.10000038
v -4083.82007 173.412003 2.14599991
v -3790.41309 7.83400011 -103.755997
v -3795.93091 1.19499993 -117.998001
v -3796.75293 19.5790005 -117.653
v -3793.25098 26.2450008 -103.454002
v -3795.46509 28.0119991 -106.781998
v -3798.62598 30.3880005 -93.4029999
v -3916.48804 250.531998 -115.258003
v -3905.06909 240.007004 -110.583
v -3919.25293 238.253006 -122.577003
v -3913.646 225.106995 -126.488998
v -3887.99292 217.516998 -119.122002
v -3914.03906 211.360992 -141.503006
v -3994.53394 -87.5250015 -57.6199989
v -4019.73999 -83.5739975 -69.0670013
v -3981.05396 -87.487999 -72.4749985
v -4050.22412 -70.9339981 -39.3089981
v -4037.28394 -77.7659988 -54.7750015
v -4021.60693 -79.7809982 -48.2280006
v -4094.27295 102.292999 -5.36499977
v -4106.88086 70.4960022 -22.6889992
v -4094.17603 79.5059967 0.217999995
v -4059.75488 82.2419968 49.5740013
v -4079.76392 99.098999 19.7439995
v -4082.00903 81.3190002 20.257
v -3933.4519 213.929993 82.4869995
v -3929.78296 204.347 89.5059967
v -3919.75708 209.522003 76.6760025
v -3939.7771 251.285995 65.6740036
v -3932.35889 239.636993 64.810997
v -3927.38208 263.088013 63.8460007
v -3933.59912 -6.40899992 74.7320023
v -3967.74609 -22.3029995 55.0960007
v -3942.78296 -42.769001 43.9290009
v -3933.59912 -6.40899992 74.7320023
v -3959.47192 20.0429993 89.3290024
v -3970.84399 -3.68900013 69.0920029
v -3805.125 -6.39099979 -39.3089981
v -3801.448 -11.967 -52.4249992
v -3800.82202 -1.29400003 -52.0740013
v -3799.36792 -5.96299982 -79.598999
v -3790.58496 6.19299984 -98.7480011
v -3793.53809 18.4330006 -80.086998
v -3898.19702 233.059998 -112.249001
v -3913.646 225.106995 -126.488998
v -3905.06909 240.007004 -110.583
v -3870.51392 213.574005 -102.174004
v -3873.95703 215.776001 -111.925003
v -3890.83911 235.520004 -102.102997
v -4066.53198 217.123993 -113.552002
v -4054.16089 209.649002 -130.192001
v -4062.979 190.783005 -115.878998
v -4080.0791 220.335999 -90.6439972
v -4086.90991 220.367996 -76.2860031
v -4079.38794 228.794006 -62.9430008
v -3974.63599 -66.6689987 9.3920002
v -4008.63403 -59.1660004 3.25099993
v -3980.24194 -73.3030014 -3.17799997
v -3978.29492 -37.2919998 39.1640015
v -3955.15796 -54.3359985 30.7380009
v -3967.74609 -22.3029995 55.0960007
v -3938.052 228.248001 75.6060028
v -3933.16992 238.828003 69.0009995
v -3939.48389 248.544006 68.5270004
v -3947.38696 224.858994 76.5719986
v -3959.35205 242.173996 69.7770004
v -3970.35791 230.843002 72.9290009
v -3829.07007 -12.1859999 14.0819998
v -3822.95288 -8.375 6.5539999
v -3824.354 -8.89000034 14.9899998
v -3807.43506 -3.1329999 5.27299976
v -3802.25098 3.16700006 -1.02600002
v -3778.92212 36.8730011 10.4329996
v -3885.97607 22.9909992 -184.186996
v -3892.33594 20.6119995 -178.705002
v -3904.78101 25.8479996 -195.520004
v -3872.30298 12.5190001 -165.608994
v -3889.25098 14.3319998 -163.908997
v -3862.32202 16.2539997 -173.447998
v -3875.18994 218.089996 -93.9000015
v -3890.83911 235.520004 -102.102997
v -3885.62695 227.203995 -90.0309982
v -3856.75903 232.164001 -59.2169991
v -3851.69507 217.740997 -73.3889999
v -3855.42896 224.417999 -66.8119965
v -3983.521 295.334015 -104.778999
v -3973.38501 277.862 -123.889999
v -3984.68311 287.869995 -113.472
v -3979.98389 276.010986 -124.646004
v -3972.48706 257.971008 -140.522003
v -3980.29395 256.196991 -134.406998
v -4027.28198 -67.7369995 -20.2210007
v -4040.15308 -59.9339981 -10.0220003
v -4068.91699 -55.7540016 -13.7530003
v -4073.20996 -56.0379982 -28.1270008
v -4079.05103 -51.8359985 -19.0949993
v -4094.12695 -30.3260002 -36.4350014
v -4011.74707 195.498993 66.6809998
v -4003.65308 216.738007 67.4329987
v -4018.6731 221.535995 63.5079994
v -4056.98608 132.472 47.8330002
v -4050.65796 157.257004 53.1899986
v -4058.26196 181.072998 48.0149994
v -3844.51392 -17.2940006 26.1599998
v -3847.7251 -14.1859999 37.8569984
v -3860.90991 -17.7609997 32.25
v -3863.66089 -30.7150002 24.8369999
v -3856.26294 -25.1100006 24.4349995
v -3865.5791 -27.4750004 24.6429996
v -3886.38208 152.371994 -158.022995
v -3888.12988 140.878006 -172.376999
v -3896.3811 147.725998 -168.259003
v -3885.34912 172.524994 -143.738998
v -3871.0769 173.962006 -136.156006
v -3881.21997 158.444 -153.270996
v -3936.41211 312.595001 38.5279999
v -3950.0459 340.549011 24.6450005
v -3957.51904 333.04599 40.7369995
v -3872.40601 270.440002 10.7290001
v -3875.36108 252.257996 33.0740013
v -3861.48804 254.046005 15.7930002
v -3873.26904 127.698997 -150.733002
v -3865.46606 122.112 -147.113007
v -3873.46997 124.884003 -169.770996
v -3838.86011 119.084 -136.410004
v -3858.59204 114.317001 -144.669006
v -3853.46802 126.305 -139.203003
v -3762.76904 100.761002 -37.9090004
v -3782.0271 103.634003 -14.8719997
v -3767.46289 97.1719971 -32.4039993
v -3787.30908 104.106003 -62.9039993
v -3762.86108 101.043999 -41.1749992
v -3762.14893 87.177002 -39.9220009
v -3941.03101 217.895004 -153.104004
v -3939.88989 211.451996 -168.654999
v -3943.19995 215.882004 -162.436996
v -3948.34912 216.320007 -167.738007
v -3939.88989 211.451996 -168.654999
v -3952.87305 200.994995 -177.884995
v -3882.53491 -31.2660007 37.7190018
v -3880.52002 -38.6940002 28.7579994
v -3879.00098 -26.4780006 31.6830006
v -3898.65308 -37.1380005 45.4440002
v -3886.46997 -45.0550003 23.5809994
v -3883.99707 -30.0030003 42.8030014
v -3820.26709 37.3050003 -151.020996
v -3821.88794 52.1090012 -138.162994
v -3809.91211 36.5369987 -135.677994
v -3841.42603 3.73199987 -158.544006
v -3849.13208 44.1769981 -179.856003
v -3821.06396 17.2539997 -154.694
v -3881.83911 257.636993 35.1730003
v -3908.91992 288.708008 34.4799995
v -3896.84302 263.035004 49.1339989
v -3892.94897 227.136993 40.4350014
v -3883.677 236.276993 34.2779999
v -3906.41895 252.794006 56.6619987
v -3932.09009 271.492004 -103.075996
v -3924.97998 270.575989 -108.455002
v -3929.42407 264.753998 -120.32
v -3901.1521 244.466995 -107.153999
v -3916.48804 250.531998 -115.258003
v -3909.13403 256.846008 -108.327003
v -3816.54907 92.2979965 30.7999992
v -3806.38989 119.484001 2.08500004
v -3833.75391 113.411003 35.6549988
v -3824.83398 86.5680008 41.5139999
v -3842.14307 104.834 48.2369995
v -3840.78589 71.6340027 62.1920013
v -4090.40601 211.024002 -71.9189987
v -4087.573 193.824997 -76.7109985
v -4100.99609 196.160004 -43.6720009
v -4078.47705 217.503006 -95.3420029
v -4077.86011 197.841003 -95.5390015
v -4085.26807 216.382004 -82.7979965
v -3811.27002 170.932999 -33.7210007
v -3817.74512 176.365997 -37.3269997
v -3811.70703 186.322998 -29.7019997
v -3803.33105 163.220001 -24.2299995
v -3808.11011 171.968994 -16.5890007
v -3808.89893 165.459 -6.63899994
v -3936.34302 184.061996 -185.324997
v -3932.1001 176.309006 -181.453995
v -3944.80005 178.470993 -184.535995
v -3929.24805 182.595001 -177.574005
v -3939.73193 192.292007 -179.895004
v -3932.35791 185.820007 -170.335999
v -3960.99097 348.328003 29.5440006
v -3962.95996 357.777008 22.3330002
v -3966.65503 347.533997 35.7890015
v -4021.88892 356.032013 29.2119999
v -3984.38794 344.167999 37.2989998
v -3974.8269 365.140991 29.302
v -3809.31494 3.96399999 -143.322006
v -3811.84912 -10.3199997 -137.505997
v -3827.72412 -21.6919994 -139.373993
v -3804.54297 14.8809996 -142.296005
v -3796.75293 19.5790005 -117.653
v -3795.93091 1.19499993 -117.998001
v -3829.6311 233.654007 -51.2330017
v -3828.11011 225.095993 -53.5670013
v -3837.15088 224.022995 -62.3139992
v -3831.07104 243.279007 -17.0400009
v -3828.70996 252.182007 -34.4339981
v -3845.6311 251.867004 0.834999979
v -3933.90698 15.2709999 91.064003
v -3928.38696 20.625 91.3339996
v -3942.7981 25.0739994 96.685997
v -3896.41992 -13.9320002 66.4420013
v -3886.80493 -15.1090002 58.1220016
v -3895.74805 -2.79999995 71.1110001
v -3999.89697 85.5790024 -176.826996
v -4008.49512 38.9220009 -164.710999
v -4020.77295 58.0320015 -152.617996
v -4076.24097 90.4290009 -78.0410004
v -4071.19995 81.3960037 -89.7050018
v -4067.14111 43.855999 -91.6179962
v -3802.42798 -1.24300003 -62.0079994
v -3803.17505 -8.18000031 -67.7259979
v -3799.89111 6.55200005 -67.4300003
v -3790.59204 6.50699997 -56.0779991
v -3798.4541 4.17600012 -59.5330009
v -3794.48706 11.0209999 -63.5519981
v -3878.06299 74.1910019 105.804001
v -3863.25391 52.0040016 100.542
v -3862.74097 67.8610001 88.4369965
v -3889.96606 124.304001 91.4079971
v -3872.5481 120.123001 72.7109985
v -3885.53711 150.386002 73.8069992
v -3857.09204 167.970001 -134.785004
v -3837.75903 165.235992 -132.75
v -3843.94507 161.007004 -128.908997
v -3838.94995 175.050995 -125.375
v -3852.99194 188.617004 -120.311996
v -3842.82007 185.647003 -118.987999
v -3841.33203 237.404999 6.23199987
v -3845.6311 251.867004 0.834999979
v -3850.94604 238.662994 15.7449999
v -3832.37695 232.429993 -1.972
v -3831.07104 243.279007 -17.0400009
v -3845.6311 251.867004 0.834999979
v -4036.92603 41.0540009 -135.796997
v -4042.5481 57.7970009 -129.716003
v -4008.49512 38.9220009 -164.710999
v -4052.5791 18.1760006 -111.838997
v -4029.21094 27.7709999 -138.774994
v -4049.71094 1.80400002 -108.914001
v -4054.63208 318.957001 -9.04800034
v -4070.89502 305.889008 0.303000003
v -4049.93091 336.890015 -3.55200005
v -4024.04004 352.425995 -26.2630005
v -4023.56006 342.083008 -30.6200008
v -4039.46411 348.933014 -9.09700012
v -3949.90796 283.209991 56.598999
v -3961.80908 263.105988 62.0789986
v -3959.35205 242.173996 69.7770004
v -3996.03101 239.645004 68.2949982
v -3959.35205 242.173996 69.7770004
v -3978.91504 251.554993 64.3310013
v -3804.21704 145.052994 -50.5579987
v -3804.68994 151.934998 -42.9949989
v -3794.6709 152.432999 -35.6520004
v -3795.68701 151.294006 -18.3299999
v -3800.99194 154.834 -20.1240005
v -3804.56689 156.214005 -8.42399979
v -3793.53809 18.4330006 -80.086998
v -3802.16602 32.6279984 -85.3899994
v -3798.20605 20.0839996 -68.3059998
v -3804.76489 63.5540009 -70.0660019
v -3800.66895 51.7599983 -80.9649963
v -3792.96606 75.0279999 -83.1360016
v -4083.40503 169.479004 6.28000021
v -4074.53198 168.600998 25.757
v -4083.70996 187.147995 7.47800016
v -4079.76392 99.098999 19.7439995
v -4084.2561 119.445 8.36699963
v -4094.17603 79.5059967 0.217999995
v -3936.10498 107.490997 -229.774002
v -3904.31909 94.0250015 -227.311005
v -3923.21094 72.5130005 -221.348007
v -3897.37988 71.5110016 -217.218002
v -3880.51807 78.362999 -209.554993
v -3901.32788 64.5449982 -213.436996
v -4043.49902 313.330994 35.394001
v -4032.11401 305.973999 40.0099983
v -4031.34497 332.071991 35.0909996
v -4048.34497 294.59201 40.5670013
v -4054.9021 277.69101 44.8400002
v -4040.54297 282.252014 47.4199982
v -3939.19092 280.175995 -92.2070007
v -3948.86694 302.350006 -76.387001
v -3935.04297 285.738007 -86.2929993
v -3932.89307 285.381012 -82.7979965
v -3946.26196 300.828003 -74.5240021
v -3932.33594 279.932007 -64.0240021
v -4067.41089 7.14400005 55.2960014
v -4038.12207 -2.58299994 62.1459999
v -4041.49512 16.6879997 64.7610016
v -4009.54004 13.7030001 73.8759995
v -3999.86401 19.9370003 80.5139999
v -4006.25 27.0769997 79.6090012
v -3776.05493 45.2929993 9.30500031
v -3784.56494 63.2560005 8.60400009
v -3782.98193 40.7560005 24.2749996
v -3784.16797 32.3199997 20.3309994
v -3796.08008 14.9729996 14.4029999
v -3778.92212 36.8730011 10.4329996
v -3984.1311 136.914993 -199.048996
v -3960.55298 123.693001 -225.328995
v -3966.13403 105.555 -218.067001
v -3934.76294 82.3980026 -223.171005
v -3936.10498 107.490997 -229.774002
v -3923.21094 72.5130005 -221.348007
v -3789.84399 74.5059967 -90.7710037
v -3793.21899 101.578003 -100.655998
v -3792.81201 91.1119995 -84.7770004
v -3798.42993 82.2969971 -73.3970032
v -3792.96606 75.0279999 -83.1360016
v -3794.49512 90.4690018 -79.3610001
v -4054.9021 277.69101 44.8400002
v -4040.92603 261.799988 55.0730019
v -4040.54297 282.252014 47.4199982
v -4055.94092 207.190002 49.8089981
v -4047.8501 229.268997 57.0139999
v -4057.81909 225.112 52.0859985
v -3933.48804 299.725006 -33.605999
v -3945.47095 307.083008 -32.0909996
v -3960.4729 331.44101 -20.4880009
v -3908.62988 266.829987 -49.8530006
v -3918.86108 294.951996 -33.7509995
v -3890.50391 276.489014 -38.2400017
v -3833.68091 219.904007 -5.42999983
v -3840.90308 225.628006 -0.852999985
v -3830.17603 200.360992 3.60599995
v -3851.4939 229.326996 11.0830002
v -3841.33203 237.404999 6.23199987
v -3850.94604 238.662994 15.7449999
v -3933.44702 -70.0690002 -11.21
v -3899.03589 -74.3359985 -33.6349983
v -3884.66797 -67.0410004 -18.1490002
v -3899.03589 -74.3359985 -33.6349983
v -3878.8479 -77.5510025 -43.6889992
v -3884.66797 -67.0410004 -18.1490002
v -4081.677 221.871002 -3.22200012
v -4080.09204 206.470993 -9.6260004
v -4085.96802 197.231995 1.07599998
v -4083.23389 217.873993 -17.3670006
v -4094.98511 203.787994 -29.1690006
v -4089.73999 204.753998 -19.316
v -4053.81104 43.7550011 -115.417999
v -4067.14111 43.855999 -91.6179962
v -4066.21509 62.7200012 -96.6869965
v -4073.91406 42.5550003 -79.5510025
v -4054.24609 26.1389999 -112.665001
v -4065.61694 1.24800003 -94.1679993
v -4072.93994 210.018005 27.6439991
v -4085.38696 205.386002 5.50300026
v -4075.50903 187.393005 24.2999992
v -4082.27002 235.460007 9.45100021
v -4081.36108 259.721985 6.65700006
v -4083.73608 227.626007 4.3210001
v -3981.62988 15.4820004 81.5670013
v -3996.11206 26.7719994 85.7129974
v -4002.61499 5.32000017 70.6409988
v -3950.87988 53.1049995 106.867996
v -3930.09106 75.0550003 119.080002
v -3961.54712 54.7550011 103.124001
v -3802.46191 46.0820007 -121.615997
v -3803.29004 60.4420013 -121.769997
v -3791.9541 48.7999992 -117.617996
v -3809.91211 36.5369987 -135.677994
v -3812.24097 46.8279991 -130.992004
v -3803.05005 32.2910004 -122.920998
v -4082.91504 170.621994 -75.7900009
v -4072.84692 156.949997 -86.6709976
v -4087.28296 161.774994 -61.9199982
v -4059.33496 99.2389984 -106.059998
v -4060.1311 83.7220001 -108.950996
v -4073.9231 111.400002 -83.8430023
v -3840.90308 225.628006 -0.852999985
v -3833.68091 219.904007 -5.42999983
v -3832.24805 227.141998 -1.81599998
v -3828.26294 219.011993 -11.823
v -3816.38599 222.632004 -25.7189999
v -3828.4541 225.988007 -3.30299997
v -3977.72705 16.0970001 -169.761002
v -3959.927 27.4619999 -188.074005
v -3952.65796 20.526001 -177.039993
v -3930.80908 25.9160004 -185.154007
v -3886.53198 16.2989998 -167.408997
v -3930.4939 23.4160004 -181.039001
v -4054.63208 318.957001 -9.04800034
v -4055.04199 299.432007 -21.5939999
v -4070.89502 305.889008 0.303000003
v -4071.00488 282.095001 -12.0010004
v -4070.84399 261.032013 -17.9290009
v -4078.31494 272.932007 -4.11000013
v -3899.51099 104.278 111.292999
v -3909.91895 91.8949966 127.917999
v -3893.47705 76.3339996 119.527
v -3927.01489 51.2739983 111.037003
v -3911.39795 77.6709976 122.070999
v -3930.09106 75.0550003 119.080002
v -4091.97607 24.9169998 16.2129993
v -4096.59717 35.4539986 7.85099983
v -4106.55176 26.2269993 -8.3739996
v -4093.31689 -17.2199993 1.22000003
v -4088.69897 -0.43900001 17.0370007
v -4105.93506 0.0689999983 -12.8319998
v -3994.58008 130.442993 -186.774002
v -4001.32202 102.997002 -176.625
v -4022.92896 145.740005 -155.970001
v -4030.54492 123.081001 -140.167007
v -4013.4729 107.330002 -161.531998
v -4056.12207 123.846001 -106.024002
v -4059.04492 257.028992 -39.5180016
v -4065.86304 238.671005 -32.8170013
v -4066.57495 254.839005 -34.1889992
v -4073.16309 243.768005 -20.0249996
v -4068.40894 235.009003 -24.6110001
v -4075.08203 230.119995 -17.2709999
v -3892.00391 129.455002 -185.932007
v -3885.02588 107.476997 -197.360992
v -3905.31689 128.018005 -199.421005
v -3856.56104 93.7350006 -165.817993
v -3852.39893 100.240997 -155.401993
v -3845.49707 90.8339996 -150.007996
v -3981.05396 -87.487999 -72.4749985
v -3955.56494 -86.9319992 -78.8809967
v -3994.53394 -87.5250015 -57.6199989
v -3908.68604 -85.0849991 -90.25
v -3949.96704 -69.0479965 -96.75
v -3904.17603 -61.3320007 -105.848
v -3803.36499 118.213997 -5.86999989
v -3796.11401 128.238007 -6.67399979
v -3812.35498 142.457001 -2.67000008
v -3805.06299 94.237999 16.3799992
v -3795.07007 104.342003 -1.87800002
v -3806.38989 119.484001 2.08500004
v -3860.56396 -5.17999983 69.4020004
v -3842.21899 -9.48699951 44.7210007
v -3850.03906 1.92000008 69.1230011
v -3874.21094 -10.9449997 51.2229996
v -3854.66406 -9.45800018 52.8359985
v -3865.5769 -7.18599987 67.3349991
v -3941.03101 217.895004 -153.104004
v -3927.74292 212.223007 -152.619995
v -3939.88989 211.451996 -168.654999
v -3927.58105 200.352005 -154.731995
v -3930.84399 201.253998 -161.824005
v -3929.01294 209.337006 -156.862
v -4064.53906 271.390991 -28.7590008
v -4071.19312 250.675003 -30.198
v -4071.01294 254.074997 -20.6100006
v -4068.40894 235.009003 -24.6110001
v -4073.16309 243.768005 -20.0249996
v -4071.19312 250.675003 -30.198
v -3836.021 167.643005 -63.0229988
v -3840.28491 176.475006 -74.4430008
v -3843.62305 184.242996 -66.7269974
v -3826.55591 185.164001 -43.9249992
v -3838.37207 194.414993 -57.9280014
v -3825.53809 200.845001 -43.4760017
v -4113.11377 28.7310009 -19.6359997
v -4110.68701 49.9589996 -23.3789997
v -4110.54004 49.4920006 -27.4430008
v -4098.09814 5.3920002 -52.3139992
v -4102.40576 -14.1300001 -42.7669983
v -4109.51709 15.1059999 -32.1650009
v -3825.27905 -63.3310013 -34.1069984
v -3833.44409 -68.2229996 -53.8549995
v -3816.97803 -44.4539986 -46.2480011
v -3826.25903 -63.5250015 -30.8220005
v -3841.66895 -79.387001 -53.0169983
v -3835.75293 -74.9309998 -50.1980019
v -3926.71094 120.482002 118.502998
v -3920.82593 103.944 128.686005
v -3921.48096 122.112 122.738998
v -3951.81006 150.384995 96.8539963
v -3947.4939 130.880005 100.195
v -3937.55493 145.427994 105.420998
v -3952.87305 200.994995 -177.884995
v -3963.33105 200.041 -174.022003
v -3957.36011 212.570007 -168.087006
v -3969.02808 196.645004 -170.229004
v -3982.75 205.822998 -154.994003
v -3984.50708 212.628006 -151.395996
v -4088.4541 24.243 -62.8699989
v -4082.70703 -0.254999995 -71.9560013
v -4094.11792 14.3210001 -57.4459991
v -4104.56885 32.2669983 -41.0929985
v -4098.09814 5.3920002 -52.3139992
v -4109.51709 15.1059999 -32.1650009
v -3836.021 167.643005 -63.0229988
v -3843.62305 184.242996 -66.7269974
v -3832.60693 172.207001 -51.1959991
v -3808.21802 161.694 -34.9910011
v -3817.21094 154.048996 -44.5060005
v -3820.58203 167.429001 -39.9300003
v -3805.08594 -31.7800007 -23.6459999
v -3804.48901 -26.3360004 -43.0279999
v -3806.70093 -10.5559998 -33.3520012
v -3812.71411 -47.6290016 -23.4669991
v -3805.08594 -31.7800007 -23.6459999
v -3816.83398 -23.0189991 3.79999995
v -4056.47705 67.4449997 54.480999
v -4047.17407 64.6559982 57.5970001
v -4049.40991 86.8980026 54.0439987
v -4056.12207 98.7699966 50.5919991
v -4079.76392 99.098999 19.7439995
v -4059.75488 82.2419968 49.5740013
v -3913.62988 -8.73400021 -141.684006
v -3939.32104 -10.6870003 -140.785004
v -3945.39502 3.56900001 -156.779007
v -3949.854 -64.7959976 -100.239998
v -3970.771 -42.0419998 -115.028
v -3931.073 -48.7270012 -112.735001
v -3864.073 205.996994 -111.008003
v -3873.95703 215.776001 -111.925003
v -3870.51392 213.574005 -102.174004
v -3881.53809 219.910004 -116.586998
v -3872.63696 210.089005 -113.983002
v -3881.13696 210.192993 -114.053001
v -4002.323 -47.7840004 21.1210003
v -4012.39697 -40.6739998 28.1749992
v -4029.81006 -47.9099998 13.9029999
v -3974.63599 -66.6689987 9.3920002
v -3993.09595 -54.9980011 15.5790005
v -4008.63403 -59.1660004 3.25099993
v -3817.78711 -15.4980001 3.37800002
v -3816.83398 -23.0189991 3.79999995
v -3813.02808 -5.02600002 -1.64499998
v -3805.08594 -31.7800007 -23.6459999
v -3806.70093 -10.5559998 -33.3520012
v -3806.79004 -17.2439995 -10.0229998
v -4030.32007 184.070999 -152.218002
v -4010.90991 171.511002 -171.487
v -4014.22803 154.100998 -166.723999
v -4029.26904 209.085007 -139.276001
v -3992.33594 212.25 -144.220993
v -4009.53906 200.895996 -153.882004
v -3911.39795 77.6709976 122.070999
v -3919.302 91.336998 128.309006
v -3930.09106 75.0550003 119.080002
v -3938.97412 79.2580032 115.447998
v -3924.21289 94.3239975 126.745003
v -3931.27588 95.4589996 118.346001
v -4045.01904 219.447006 55.4350014
v -4047.8501 229.268997 57.0139999
v -4050.18701 203.145004 52
v -4048.96191 187.811005 53.1020012
v -4050.3689 172.606003 53.4059982
v -4040.41211 196.634995 57.7039986
v -3831.68896 102.119003 -136.612
v -3806.31494 98.7190018 -125.113998
v -3811.28711 86.5810013 -126.721001
v -3818.29102 110.857002 -130.580994
v -3811.47607 113.845001 -120.995003
v -3803.40894 107.333 -121.257004
v -3914.2561 261.43399 -72.4729996
v -3932.89307 285.381012 -82.7979965
v -3932.33594 279.932007 -64.0240021
v -3918.86108 294.951996 -33.7509995
v -3908.62988 266.829987 -49.8530006
v -3917.3479 275.644012 -45.3600006
v -3942.46289 300.205994 51.5750008
v -3934.8999 304.287994 46.8610001
v -3950.17798 313.360992 48.368
v -3960.08691 316.330994 46.1069984
v -3984.89893 283.563995 51.4830017
v -3958.11206 300.533997 50.4760017
v -4033.36792 246.945007 -82.4250031
v -4049.13696 248.070007 -78.5930023
v -4042.07397 258.971985 -60.4399986
v -4060.20508 240.227997 -58.7519989
v -4055.19092 245.348007 -48.9599991
v -4054.43408 242.514008 -67.9749985
v -3826.79102 66.4440002 -132.315002
v -3828.67603 81.3990021 -133.794006
v -3809.77588 68.1139984 -123.623001
v -3809.91211 36.5369987 -135.677994
v -3821.88794 52.1090012 -138.162994
v -3812.24097 46.8279991 -130.992004
v -4026.54102 52.0559998 65.2870026
v -4014.40405 46.0569992 72.2200012
v -4006.104 63.2070007 72.0530014
v -4041.74512 117.739998 55.1930008
v -4030.45605 110.387001 57.2589989
v -4023.7749 121.394997 61.4459991
v -4032.46509 -72.862999 -34.7050018
v -4050.22412 -70.9339981 -39.3089981
v -4021.60693 -79.7809982 -48.2280006
v -4059.77588 -65.2310028 -29.2119999
v -4027.28198 -67.7369995 -20.2210007
v -4068.91699 -55.7540016 -13.7530003
v -3931.04297 270.806 61.4000015
v -3934.8999 304.287994 46.8610001
v -3942.46289 300.205994 51.5750008
v -3884.05493 251.591995 37.5940018
v -3896.84302 263.035004 49.1339989
v -3907.8291 257.315002 59.4339981
v -3851.16406 190.714005 -82.6930008
v -3849.53296 201.473999 -79.6839981
v -3846.72095 201.334 -70.5469971
v -3866.93408 209.556 -91.8470001
v -3874.47192 213.897995 -83.7699966
v -3857.64893 212.630997 -83.9919968
v -4055.74902 230.070999 56.0330009
v -4047.69604 240.951996 59.6419983
v -4055.96899 246.962006 52.980999
v -4062.66504 247.807007 49.223999
v -4075.54907 237.781006 22.6070004
v -4065.96802 234.796005 41.7890015
v -3858.48804 -62.1279984 -112.709
v -3879.16504 -53.8639984 -112.641998
v -3843.00903 -38.0180016 -127.391998
v -3877.5 0.587000012 -150.591995
v -3856.52905 -0.952000022 -153.445007
v -3863.75391 -13.0939999 -140.746994
v -4094.12695 -30.3260002 -36.4350014
v -4079.05103 -51.8359985 -19.0949993
v -4102.89111 -21.7779999 -28.434
v -4111.60107 -1.25999999 -26.7670002
v -4104.41113 -16.0699997 -36.1100006
v -4108.854 -10.6970005 -27.1299992
v -3843.89893 185.287003 -100.664001
v -3848.54395 191.231003 -117.755997
v -3855.38306 198.121002 -106.975998
v -3852.38403 193.697006 -87.0319977
v -3855.67505 200.544998 -91.0660019
v -3852.54712 208.315002 -84.401001
v -3955.81201 -72.8909988 -12.6160002
v -3951.01709 -64.5419998 8.83100033
v -3980.24194 -73.3030014 -3.17799997
v -3993.29492 -84.9560013 -40.1040001
v -3980.85693 -86.3379974 -57.9659996
v -3974.19312 -83.1849976 -43.1720009
v -4084.52295 145.001007 3.37400007
v -4082.95898 144.233994 -5.86199999
v -4086.87012 127.291 -4.42299986
v -4084.2561 119.445 8.36699963
v -4077.31689 141.005997 19.1459999
v -4084.52295 145.001007 3.37400007
v -3911.23096 297.984985 26.2830009
v -3925.18091 336.681 -2.78299999
v -3925.3689 326.027008 11.0629997
v -3917.89697 290.410004 44.4720001
v -3908.91992 288.708008 34.4799995
v -3924.3999 311.460999 27.0319996
v -3830.38794 -28.8980007 -132.326996
v -3827.72412 -21.6919994 -139.373993
v -3820.87695 -21.2320004 -131.522003
v -3836.98389 -28.8209991 -134.802002
v -3841.86304 -23 -136.475006
v -3833.48999 -17.1259995 -143.556
v -3865.46606 122.112 -147.113007
v -3873.26904 127.698997 -150.733002
v -3864.50488 133.748001 -144.154999
v -3873.177 146.302994 -145.972
v -3854.49609 147.962006 -134.244995
v -3864.50488 133.748001 -144.154999
v -3998.08789 331.5 -68.2320023
v -3991.92798 321.619995 -78.1569977
v -4002.91211 325.709991 -69.473999
v -3972.07007 322.48999 -70.711998
v -3979.43311 314.385986 -79.4940033
v -3989.71094 328.994995 -70.9499969
v -4041.49512 16.6879997 64.7610016
v -4014.70605 17.2150002 73.3249969
v -4017.93408 23.118 72.5309982
v -4029.46191 24.8120003 68.4700012
v -4014.40405 46.0569992 72.2200012
v -4026.54102 52.0559998 65.2870026
v -3890.50391 276.489014 -38.2400017
v -3873.30005 249.658997 -50.4230003
v -3891.75293 256.479004 -51.0519981
v -3818.66504 239.468994 -34.2639999
v -3825.62793 246.910995 -39.9550018
v -3828.70996 252.182007 -34.4339981
v -3939.19092 280.175995 -92.2070007
v -3956.02197 295.802002 -82.6449966
v -3948.86694 302.350006 -76.387001
v -3948.40991 283.910004 -92.3030014
v -3958.08301 280.320007 -105.763
v -3964.70508 292.979004 -90.4509964
v -4096.27197 45.0169983 -43.5209999
v -4107.53711 43.4379997 -32.8759995
v -4102.89502 48.3930016 -32.6860008
v -4092.95703 27.4330006 -56.512001
v -4094.11792 14.3210001 -57.4459991
v -4104.56885 32.2669983 -41.0929985
v -3860.88306 80.8440018 -186.664001
v -3875.53003 103.664001 -187.990005
v -3862.27808 89.8639984 -179.110001
v -3856.56104 93.7350006 -165.817993
v -3872.82104 110.260002 -179.151993
v -3852.39893 100.240997 -155.401993
v -3986.05688 120.672997 75.848999
v -3976.83594 98.1800003 82.5579987
v -3970.84497 121.516998 85.9079971
v -4019.05688 109.714996 61.3110008
v -4006.89795 102.488998 65.5719986
v -4011.81104 120.148003 65.5370026
v -4013.32495 244.910004 -98.9329987
v -4033.26904 260.319 -65.8270035
v -4019.98096 266.846985 -79.6279984
v -4064.53906 271.390991 -28.7590008
v -4046.5791 278.468994 -44.1279984
v -4059.04492 257.028992 -39.5180016
v -3794.31006 23.598999 -110.866997
v -3789.93604 18.2029991 -102.179001
v -3790.41309 7.83400011 -103.755997
v -3789.30005 16.4890003 -97.0780029
v -3793.53809 18.4330006 -80.086998
v -3790.58496 6.19299984 -98.7480011
v -4044.61401 -60.8479996 -76.7850037
v -4076.08911 -29.6819992 -70.1689987
v -4051.95996 -37.2109985 -88.5530014
v -4082.70703 -0.254999995 -71.9560013
v -4084.89697 -23.1620007 -64.2229996
v -4102.40576 -14.1300001 -42.7669983
v -3879.00098 -26.4780006 31.6830006
v -3877.28491 -21.7220001 41.2470016
v -3882.53491 -31.2660007 37.7190018
v -3866.63892 -22.2709999 30.3470001
v -3865.5791 -27.4750004 24.6429996
v -3856.26294 -25.1100006 24.4349995
v -3961.51904 234.248993 -156.940002
v -3956.59692 236.050003 -155.188004
v -3953.27002 219.783997 -166.332001
v -3944.85596 220.537003 -158.738998
v -3956.59692 236.050003 -155.188004
v -3946.16797 230.242004 -149.018005
v -4052.5791 18.1760006 -111.838997
v -4049.71094 1.80400002 -108.914001
v -4063.45996 -5.07999992 -94.8759995
v -4077.81299 -17.0979996 -75.8740005
v -4072.61597 -24.2789993 -77.7389984
v -4084.89697 -23.1620007 -64.2229996
v -3823.39307 -33.9780006 -93.4800034
v -3810.8291 -18.4529991 -98.0210037
v -3803.12305 -13.0500002 -76.5749969
v -3845.17407 -48.0649986 -118.765999
v -3827.48291 -32.7700005 -111.167999
v -3836.9021 -44.4199982 -107.130997
v -4091.88599 132.085007 -47.1300011
v -4095.7959 108.164001 -41.0820007
v -4098.44922 115.178001 -29.7040005
v -4096.83984 127.632004 -24.9069996
v -4095.03809 121.357002 -12.8769999
v -4094.86694 138.167007 -21.1650009
v -3856.52905 -0.952000022 -153.445007
v -3877.5 0.587000012 -150.591995
v -3889.25098 14.3319998 -163.908997
v -3914.91089 15.9110003 -171.195999
v -3889.25098 14.3319998 -163.908997
v -3894.79297 11.4960003 -163.781006
v -4055.12695 -17.8509998 -96.8430023
v -4020.69995 -21.3199997 -127.305
v -4024.76392 -39.7179985 -113.903999
v -4012.24194 -46.7249985 -111.125
v -4011.85498 -29.5340004 -124.293999
v -3993.21094 -32.2630005 -121.43
v -3774.81592 20.3560009 -39.9519997
v -3790.59204 6.50699997 -56.0779991
v -3787.49194 15.677 -56.8429985
v -3777.93091 18.5349998 -34.0589981
v -3774.81592 20.3560009 -39.9519997
v -3775.36108 29.5289993 -24.8869991
v -4091.88599 132.085007 -47.1300011
v -4098.44922 115.178001 -29.7040005
v -4094.40503 136.602997 -30.8990002
v -4095.54297 167.091995 -30.2439995
v -4096.59277 166.384003 -40.2220001
v -4094.08691 150.585007 -31.0209999
v -3848.80591 76.197998 -159.772995
v -3853.36304 83.6750031 -166.371994
v -3845.49707 90.8339996 -150.007996
v -3845.07007 61.2809982 -167.395996
v -3860.88306 80.8440018 -186.664001
v -3852.20898 72.7900009 -173.781006
v -3879.16504 -53.8639984 -112.641998
v -3853.81909 -26.6350002 -130.774994
v -3843.00903 -38.0180016 -127.391998
v -3872.50903 -15.6630001 -139.085999
v -3877.5 0.587000012 -150.591995
v -3866.91504 -18.3269997 -135.623001
v -3815.9939 233.886002 -34.4099998
v -3822.81201 227.528 -15.2580004
v -3816.38599 222.632004 -25.7189999
v -3828.11011 225.095993 -53.5670013
v -3826.34009 203.179993 -43.3149986
v -3833.05811 207.192001 -52.7809982
v -4021.88892 356.032013 29.2119999
v -3974.8269 365.140991 29.302
v -4014.76709 370.990997 23.4080009
v -4037.05005 339.207001 29.8850002
v -4047.49292 315.618988 32.137001
v -4031.34497 332.071991 35.0909996
v -4064.31689 116.540001 38.3790016
v -4069.80688 170.399994 33.4869995
v -4072.40308 138.035995 28.2859993
v -4074.53198 168.600998 25.757
v -4083.40503 169.479004 6.28000021
v -4077.31689 141.005997 19.1459999
v -3873.26904 127.698997 -150.733002
v -3873.46997 124.884003 -169.770996
v -3882.51709 134.490997 -174.397995
v -3873.46997 124.884003 -169.770996
v -3872.82104 110.260002 -179.151993
v -3882.51709 134.490997 -174.397995
v -4018.6731 221.535995 63.5079994
v -4003.65308 216.738007 67.4329987
v -4013.23193 226.438995 63.2229996
v -3958.34302 213.656998 81.086998
v -3968.03101 199.365005 82.4899979
v -3949.53711 198.386993 90.3600006
v -3804.28394 -18.618 -60.0999985
v -3818.69995 -31.8419991 -80.4250031
v -3803.12305 -13.0500002 -76.5749969
v -3803.17505 -8.18000031 -67.7259979
v -3802.42798 -1.24300003 -62.0079994
v -3802.3291 -12.408 -58.9350014
v -3833.68091 219.904007 -5.42999983
v -3830.17603 200.360992 3.60599995
v -3819.82007 194.498993 -5.37900019
v -3819.82007 194.498993 -5.37900019
v -3820.26294 213.906998 -21.5370007
v -3828.26294 219.011993 -11.823
v -3922.59595 193.666 -150.274002
v -3925.32495 186.149002 -157.593002
v -3930.84399 201.253998 -161.824005
v -3915.80811 164.582993 -166.470001
v -3923.35889 181.389999 -160.113007
v -3915.13403 182.753006 -151.692001
v -3964.08496 65.6949997 -215.612
v -3957.54395 83.9469986 -221.229004
v -3958.33398 58.0530014 -217.335999
v -3982.15405 42.3880005 -192.664993
v -3980.24902 36.9300003 -190.194
v -3992.22095 22.3980007 -171.472
v -4006.89795 102.488998 65.5719986
v -3997.44092 118.575996 69.5019989
v -4011.81104 120.148003 65.5370026
v -4011.81104 120.148003 65.5370026
v -4003.88501 126.944 69.0199966
v -4005.07007 142.867996 71.2060013
v -3841.42603 3.73199987 -158.544006
v -3809.31494 3.96399999 -143.322006
v -3827.72412 -21.6919994 -139.373993
v -3847.02905 -10.2930002 -147.039993
v -3848.77393 -0.114 -156.701004
v -3833.48999 -17.1259995 -143.556
v -3973.38501 277.862 -123.889999
v -3971.06494 272.015015 -132.231003
v -3984.68311 287.869995 -113.472
v -3952.83691 260.105988 -129.623001
v -3951.06592 248.026993 -141.856995
v -3963.79297 260.059998 -142.360001
v -4046.33301 76.5879974 -125.156998
v -4050.28906 60.8810005 -121.775002
v -4060.1311 83.7220001 -108.950996
v -4046.33301 76.5879974 -125.156998
v -4060.1311 83.7220001 -108.950996
v -4059.33496 99.2389984 -106.059998
v -4020.35303 195.904999 -157.445999
v -4032.41406 197.673004 -147.147995
v -4029.26904 209.085007 -139.276001
v -4051.83691 211.401001 -131.880005
v -4057.93799 217.343002 -120.524002
v -4049.13306 220.179993 -118.641998
v -4040.66406 78.0759964 57.1189995
v -4036.54004 88.2279968 54.3030014
v -4047.57397 98.4769974 52.6920013
v -4018.06104 79.9919968 61.7529984
v -4022.7041 85.4199982 57.7639999
v -4032.61597 75.3789978 58.9539986
v -3784.56494 63.2560005 8.60400009
v -3796.99707 56.3499985 30.0389996
v -3782.98193 40.7560005 24.2749996
v -3805.06299 94.237999 16.3799992
v -3789.11401 69.447998 9.09599972
v -3795.07007 104.342003 -1.87800002
v -3909.13403 256.846008 -108.327003
v -3916.48804 250.531998 -115.258003
v -3920.57104 258.643005 -116.371002
v -3935.61694 263.074005 -124.155998
v -3942.93091 254.427002 -130.320999
v -3952.83691 260.105988 -129.623001
v -4012.67993 359.666992 -35.8779984
v -3998.08789 331.5 -68.2320023
v -4012.92603 347.589996 -44.0789986
v -4007.06494 373.105988 -24.4309998
v -4022.25195 372.114014 -12.4860001
v -4009.67505 381.087006 1.972
v -3791.9541 48.7999992 -117.617996
v -3793.40405 38.0419998 -110.406998
v -3797.68091 40.0569992 -117.003998
v -3794.31006 23.598999 -110.866997
v -3790.41309 7.83400011 -103.755997
v -3796.75293 19.5790005 -117.653
v -4032.41406 197.673004 -147.147995
v -4036.84009 201.977005 -144.764008
v -4038.56494 208.175003 -134.878998
v -4042.15088 201.516006 -142.554001
v -4030.32007 184.070999 -152.218002
v -4039.06006 174.270004 -141.371994
v -3974.15698 275.088013 55.269001
v -3976.62891 263.981995 59.5970001
v -3959.51001 287.988007 54.0579987
v -4006.41309 258.157013 57.7389984
v -3996.03101 239.645004 68.2949982
v -3978.91504 251.554993 64.3310013
v -3964.08496 65.6949997 -215.612
v -3961.74292 109.816002 -221.923996
v -3957.54395 83.9469986 -221.229004
v -3961.74292 109.816002 -221.923996
v -3949.26099 112.752998 -227.973007
v -3954.12988 95.1460037 -223.804001
v -3808.54199 45.9129982 -73.4749985
v -3800.66895 51.7599983 -80.9649963
v -3804.76489 63.5540009 -70.0660019
v -3791.66089 70.2689972 -61.0880013
v -3770.30493 81.9199982 -45.7779999
v -3786.27905 45.8460007 -53.1949997
v -4059.77588 -65.2310028 -29.2119999
v -4068.91699 -55.7540016 -13.7530003
v -4079.05103 -51.8359985 -19.0949993
v -4082.87695 -47.6030006 -12.9169998
v -4094.06396 -30.2619991 -9.91800022
v -4105.86523 -18.0699997 -24.3729992
v -3911.58911 158.139008 -180.945007
v -3920.66797 168.505005 -179.973999
v -3915.80811 164.582993 -166.470001
v -3911.58911 158.139008 -180.945007
v -3924.9231 149.466995 -195.966003
v -3920.66797 168.505005 -179.973999
v -4022.99609 282.937012 -66.4700012
v -4033.43994 306.591003 -38.1119995
v -4016.39404 332.518005 -44.7319984
v -4049.93091 336.890015 -3.55200005
v -4030.43408 332.653992 -26.7689991
v -4041.7561 318.079987 -22.1310005
v -3835.69897 254.028 -40.3600006
v -3834.29004 248.574997 -41.5400009
v -3843.48608 247.089996 -42.1479988
v -3839.12207 228.557007 -60.112999
v -3842.25195 234.785004 -51.9169998
v -3829.6311 233.654007 -51.2330017
v -4085.26807 216.382004 -82.7979965
v -4082.73096 195.175003 -86.685997
v -4087.573 193.824997 -76.7109985
v -4069.52808 163.634003 -97.4189987
v -4082.91504 170.621994 -75.7900009
v -4082.73096 195.175003 -86.685997
v -3810.14502 139.309998 -118.069
v -3820.56592 156.975006 -108.894997
v -3811.9209 141.682999 -103.097
v -3820.48193 155.046997 -124.639999
v -3828.07593 163.681 -131.722
v -3823.01904 163.524002 -124.956001
v -3886.646 206.580994 45.651001
v -3897.25293 219.584 49.262001
v -3905.72998 208.761993 63.1780014
v -3919.75708 209.522003 76.6760025
v -3919.56592 227.171005 65.8909988
v -3933.4519 213.929993 82.4869995
v -3966.85107 172.841995 -189.108994
v -3989.51904 168.673996 -191.356995
v -3975.48096 182.091003 -183.667999
v -3944.26001 184.449005 -186.578003
v -3952.94897 182.347 -184.796997
v -3952.30591 188.959 -184.151993
v -3955.56494 -86.9319992 -78.8809967
v -3968.64795 -86.8740005 -81.3270035
v -3951.43506 -84.3960037 -85.7900009
v -3908.68604 -85.0849991 -90.25
v -3890.42993 -87.1240005 -91.526001
v -3891.37305 -88.8909988 -85.0329971
v -4080.88989 134.796997 -68.5920029
v -4069.83911 123.033997 -88.5589981
v -4076.30908 119.032997 -79.2480011
v -4095.75488 96.2020035 -43.7999992
v -4080.10889 78.927002 -69.3270035
v -4080.67896 54.0400009 -67.6149979
v -4073.26099 302.326996 3.78299999
v -4079.80103 280.856995 3.29099989
v -4067.18408 280.475006 27.4430008
v -4070.89502 305.889008 0.303000003
v -4062.74097 289.375 -18.7630005
v -4075.96997 293.38501 -1.53100002
v -3793.21899 101.578003 -100.655998
v -3786.63208 64.9380035 -112.987999
v -3791.12598 94.9250031 -114.684998
v -3806.31494 98.7190018 -125.113998
v -3800.5769 104.209999 -121.943001
v -3793.53101 96.2630005 -118.322998
v -3932.33594 279.932007 -64.0240021
v -3944.81592 297.43399 -64.7730026
v -3938.12305 288.087006 -47.7630005
v -3932.33594 279.932007 -64.0240021
v -3938.12305 288.087006 -47.7630005
v -3924.46606 271.687988 -52.8740005
v -3904.43994 123.615997 -204.393997
v -3917.26099 125.847 -211.451004
v -3911.43188 133.367004 -200.488998
v -3907.13306 68.5270004 -219.119995
v -3904.41602 82.9069977 -224.132004
v -3897.37988 71.5110016 -217.218002
v -3815.20508 -3.35699987 23.5230007
v -3808.1311 -1.88499999 14.3809996
v -3797.44897 18.0259991 26.3419991
v -3815.20508 -3.35699987 23.5230007
v -3834.81006 -6.6329999 40.5099983
v -3807.43506 -3.1329999 5.27299976
v -4038.91406 157.897003 58.7029991
v -4025.01611 176.251007 63.1759987
v -4040.41211 196.634995 57.7039986
v -4041.74512 117.739998 55.1930008
v -4022.64893 151.119003 64.1070023
v -4038.91406 157.897003 58.7029991
v -3796.77905 106.084999 -115.802002
v -3803.36304 124.289001 -116.348999
v -3799.86499 118.086998 -102.091003
v -3791.12598 94.9250031 -114.684998
v -3796.77905 106.084999 -115.802002
v -3793.21899 101.578003 -100.655998
v -3842.14307 104.834 48.2369995
v -3864.1001 113.663002 65.9990005
v -3859.95605 93.9759979 70.2649994
v -3885.0979 89.6600037 103.834
v -3862.74097 67.8610001 88.4369965
v -3874.84106 94.9250031 86.3259964
v -3828.75098 -48.980999 -3.86899996
v -3865.35303 -41.5789986 19.6119995
v -3871.18506 -50.0489998 10.2930002
v -3883.99707 -30.0030003 42.8030014
v -3886.46997 -45.0550003 23.5809994
v -3880.52002 -38.6940002 28.7579994
v -4034.03711 -64.3679962 -85.5650024
v -4023.93994 -63.5029984 -95.0599976
v -4022.04907 -78.1449966 -80.810997
v -4019.73999 -83.5739975 -69.0670013
v -4015.18311 -82.1500015 -79.0250015
v -3981.05396 -87.487999 -72.4749985
v -3947.03003 -53.362999 32.5089989
v -3922.91211 -45.5699997 39.6720009
v -3942.78296 -42.769001 43.9290009
v -3967.74609 -22.3029995 55.0960007
v -3955.15796 -54.3359985 30.7380009
v -3942.78296 -42.769001 43.9290009
v -3832.37695 232.429993 -1.972
v -3845.6311 251.867004 0.834999979
v -3841.33203 237.404999 6.23199987
v -3841.33203 237.404999 6.23199987
v -3840.90308 225.628006 -0.852999985
v -3832.24805 227.141998 -1.81599998
v -4076.08911 -29.6819992 -70.1689987
v -4044.61401 -60.8479996 -76.7850037
v -4052.96411 -64.987999 -60.4300003
v -4034.03711 -64.3679962 -85.5650024
v -4022.04907 -78.1449966 -80.810997
v -4030.42993 -75.1800003 -76.4960022
v -3847.72607 171.311005 -134.031006
v -3846.37695 178.580994 -129.050003
v -3841.81592 175.404007 -134.072006
v -3830.74194 172.449005 -125.505997
v -3839.21411 176.179993 -131.438995
v -3838.94995 175.050995 -125.375
v -3807.323 -3.58299994 -17.073
v -3805.83398 -1.34500003 -31.9330006
v -3804.36597 7.67500019 -21.7560005
v -3806.79004 -17.2439995 -10.0229998
v -3806.70093 -10.5559998 -33.3520012
v -3807.68701 -6.65600014 -7.19299984
v -4084.82788 30.2380009 -62.3610001
v -4074.59497 1.15999997 -79.5770035
v -4088.4541 24.243 -62.8699989
v -4096.27197 45.0169983 -43.5209999
v -4096.83203 38.2579994 -50.0180016
v -4107.53711 43.4379997 -32.8759995
v -3949.26099 112.752998 -227.973007
v -3961.74292 109.816002 -221.923996
v -3950.78491 114.459999 -230.320999
v -3938.68896 145.858994 -205.042007
v -3932.91406 127.790001 -218.287994
v -3947.30005 130.434006 -221.796997
v -3832.62891 167.735992 1.12800002
v -3831.34692 182.690002 4.32399988
v -3850.59497 188.147003 7.80599976
v -3849.92798 215.570999 16.6270008
v -3871.10205 210.011993 22.2350006
v -3858.20801 196.850998 11.3210001
v -3787.38208 6.32700014 -45.7599983
v -3774.81592 20.3560009 -39.9519997
v -3785.95801 10.0970001 -34.3199997
v -3787.38208 6.32700014 -45.7599983
v -3785.95801 10.0970001 -34.3199997
v -3798.66089 2.375 -42.612999
v -3915.13403 182.753006 -151.692001
v -3907.01294 175.462006 -149.910995
v -3915.80811 164.582993 -166.470001
v -3886.38208 152.371994 -158.022995
v -3896.3811 147.725998 -168.259003
v -3897.37012 160.641998 -156.052002
v -3840.03296 259.477997 -36.5719986
v -3843.48608 247.089996 -42.1479988
v -3844.70288 255.238007 -37.6040001
v -3844.86792 267.320007 -28.6130009
v -3859.10693 277.807007 -20.7689991
v -3855.66406 272.669006 -15.4799995
v -4013.12988 376.790985 14.9639997
v -4014.61304 377.63501 1.80900002
v -4025.20093 364.289001 22.1119995
v -4025.20093 364.289001 22.1119995
v -4021.88892 356.032013 29.2119999
v -4014.76709 370.990997 23.4080009
v -4093.95093 211.841003 -51.605999
v -4088.54492 219.865005 -66.9540024
v -4099.03906 203.018997 -49.6360016
v -4095.87305 177.410004 -31.323
v -4100.41113 188.037003 -38.1389999
v -4095.54297 167.091995 -30.2439995
v -3894.73901 180.464005 -141.731995
v -3899.04395 172.686996 -147.373993
v -3909.53906 184.169006 -148.606003
v -3893.94604 164.511002 -151.139008
v -3885.34912 172.524994 -143.738998
v -3881.21997 158.444 -153.270996
v -4065.07397 33.1090012 58.6829987
v -4064.34912 44.6590004 55.8380013
v -4070.5791 26.4529991 55.262001
v -4041.49512 16.6879997 64.7610016
v -4065.07397 33.1090012 58.6829987
v -4064.98291 20 58.4970016
v -3857.34009 273.035004 -29
v -3859.10693 277.807007 -20.7689991
v -3844.86792 267.320007 -28.6130009
v -3866.98291 281.230011 -25.2180004
v -3880.19189 291.102997 -21.5970001
v -3859.10693 277.807007 -20.7689991
v -4010.90991 171.511002 -171.487
v -3982.51904 153.384003 -200.013
v -3994.58008 130.442993 -186.774002
v -3971.19092 143.399002 -209.947998
v -3975.62793 153.330994 -202.382996
v -3960.10107 148.834 -202.893997
v -3830.17603 200.360992 3.60599995
v -3840.90308 225.628006 -0.852999985
v -3848.29102 217.223999 14.7989998
v -3849.92798 215.570999 16.6270008
v -3851.13403 190.636002 7.17799997
v -3833.03491 198.007996 5.82399988
v -4006.41309 258.157013 57.7389984
v -4017.46411 244.606995 63.8219986
v -3996.03101 239.645004 68.2949982
v -4047.8501 229.268997 57.0139999
v -4031.19604 228.412994 59.7400017
v -4023.90991 239.990997 63.5369987
v -3796.75293 19.5790005 -117.653
v -3804.54297 14.8809996 -142.296005
v -3804.16895 28.9799995 -131.679001
v -3809.91211 36.5369987 -135.677994
v -3809.74194 20.5960007 -147.871002
v -3820.26709 37.3050003 -151.020996
v -4002.61499 5.32000017 70.6409988
v -3999.86401 19.9370003 80.5139999
v -4009.54004 13.7030001 73.8759995
v -4036.42505 -14.2770004 52.223999
v -4048.44604 -9.53999996 55.6809998
v -4064.24292 -15.9960003 48.1020012
v -4017.87793 35.8069992 -153.787003
v -4029.21094 27.7709999 -138.774994
v -4036.92603 41.0540009 -135.796997
v -4016.08691 15.217 -146.261993
v -4006.75195 18.0890007 -155.996994
v -4005.2959 4.2420001 -149.787994
v -4037.28394 -77.7659988 -54.7750015
v -4050.22412 -70.9339981 -39.3089981
v -4046.65405 -74.5650024 -55.0629997
v -4019.73999 -83.5739975 -69.0670013
v -4032.76807 -79.8030014 -66.7210007
v -4015.18311 -82.1500015 -79.0250015
v -4046.24609 256.523987 -57.2070007
v -4049.13696 248.070007 -78.5930023
v -4053.18408 246.570999 -71.5680008
v -4043.87012 222.932999 -116.362
v -4053.14111 229.054001 -102.908997
v -4051.90308 232.593994 -99.8909988
v -4038.12207 -2.58299994 62.1459999
v -4021.85107 1.96000004 65.9609985
v -4009.54004 13.7030001 73.8759995
v -4032.43604 6.14099979 66.064003
v -4014.70605 17.2150002 73.3249969
v -4041.49512 16.6879997 64.7610016
v -3804.21704 145.052994 -50.5579987
v -3787.70288 148.169006 -33.526001
v -3795.21606 128.772995 -56.8209991
v -3811.9209 141.682999 -103.097
v -3820.56592 156.975006 -108.894997
v -3825.98511 162.671005 -95.2040024
v -4046.24609 256.523987 -57.2070007
v -4053.18408 246.570999 -71.5680008
v -4049.42603 248.320999 -56.4780006
v -4055.19092 245.348007 -48.9599991
v -4064.66089 238.709 -45.3470001
v -4059.60107 247.578003 -43.4690018
v -4081.96802 183.873993 -8.10000038
v -4084.53589 170.763 -16.6800003
v -4080.64697 168.304993 -8.11600018
v -4084.58301 150.873001 -12.5509996
v -4084.53589 170.763 -16.6800003
v -4094.37305 142.621994 -24.0960007
v -3881.13696 210.192993 -114.053001
v -3887.99292 217.516998 -119.122002
v -3881.53809 219.910004 -116.586998
v -3896.33301 238.179001 -108.362999
v -3889.09497 226.686996 -114.358002
v -3898.19702 233.059998 -112.249001
v -3982.51904 153.384003 -200.013
v -3984.1311 136.914993 -199.048996
v -3994.58008 130.442993 -186.774002
v -3984.1311 136.914993 -199.048996
v -3966.13403 105.555 -218.067001
v -3994.58008 130.442993 -186.774002
v -4044.2229 262.359009 -54.1329994
v -4059.04492 257.028992 -39.5180016
v -4038.69092 273.576996 -54.5299988
v -4051.396 255.709 -48.4690018
v -4046.021 259.868011 -55.7980003
v -4048.59692 253.141006 -53.2029991
v -3802.46191 46.0820007 -121.615997
v -3803.05005 32.2910004 -122.920998
v -3810.24707 46.8040009 -125.635002
v -3794.31006 23.598999 -110.866997
v -3796.75293 19.5790005 -117.653
v -3798.30005 31.2950001 -117.086998
v -3894.52905 238.712006 -87.276001
v -3919.9939 273.552002 -100.224998
v -3914.2561 261.43399 -72.4729996
v -3895.44897 247.876007 -58.632
v -3885.32788 236.134003 -65.2770004
v -3893.4021 236.738007 -72.6829987
v -4107.13818 -13.552 -21.2070007
v -4099.90723 -17.5240002 -11.3149996
v -4105.93506 0.0689999983 -12.8319998
v -4094.06396 -30.2619991 -9.91800022
v -4099.90723 -17.5240002 -11.3149996
v -4107.13818 -13.552 -21.2070007
v -3913.46606 255.852005 62.151001
v -3905.00806 264.154999 55.1930008
v -3927.38208 263.088013 63.8460007
v -3932.35889 239.636993 64.810997
v -3913.46606 255.852005 62.151001
v -3927.38208 263.088013 63.8460007
v -4006.91602 264.90799 -98.0049973
v -3996.83789 223.992996 -132.360992
v -4013.32495 244.910004 -98.9329987
v -4010.07593 229.621002 -111.561996
v -4036.29199 225.845001 -114.658997
v -4023.67212 242.720001 -87.7460022
v -3980.24194 -73.3030014 -3.17799997
v -3966.62598 -79.0329971 -29.0869999
v -3955.81201 -72.8909988 -12.6160002
v -3942.45288 -80.5800018 -44.5830002
v -3899.03589 -74.3359985 -33.6349983
v -3938.32202 -74.6110001 -23.6870003
v -4064.92505 186.811005 39.3619995
v -4058.09595 217.679001 48.6720009
v -4066.23511 228.322998 37.1730003
v -4047.8501 229.268997 57.0139999
v -4055.94092 207.190002 49.8089981
v -4050.18701 203.145004 52
v -4070.29395 235.009995 -40.855999
v -4065.86304 238.671005 -32.8170013
v -4059.60107 247.578003 -43.4690018
v -4065.86304 238.671005 -32.8170013
v -4070.29395 235.009995 -40.855999
v -4079.98804 223.671997 -32.0769997
v -3895.44897 247.876007 -58.632
v -3897.46997 242.837006 -67.5410004
v -3906.30396 251.154007 -60.0979996
v -3908.62988 266.829987 -49.8530006
v -3894.52197 269.203003 -44.0849991
v -3903.90991 263.785004 -49.2779999
v -3947.03003 -53.362999 32.5089989
v -3927.771 -53.2729988 24.5900002
v -3922.91211 -45.5699997 39.6720009
v -3906.86108 -54.5089989 14.7250004
v -3892.97803 -48.4790001 21.6499996
v -3909.45703 -40.5099983 43.6790009
v -3952.30591 188.959 -184.151993
v -3953.8269 194.847 -182.089996
v -3944.26001 184.449005 -186.578003
v -3953.8269 194.847 -182.089996
v -3960.19897 192.615997 -178.610992
v -3963.33105 200.041 -174.022003
v -3820.42212 134.880005 9.0710001
v -3839.16089 159.755005 17.4750004
v -3864.20508 174.725998 39.2799988
v -3823.83594 151.110001 2.45799994
v -3806.38989 119.484001 2.08500004
v -3803.36499 118.213997 -5.86999989
v -3968.64795 -86.8740005 -81.3270035
v -4012.5481 -79.1380005 -83.5970001
v -3987.09204 -67.7539978 -95.6689987
v -3969.23901 -75.447998 -90.5970001
v -3951.43506 -84.3960037 -85.7900009
v -3968.64795 -86.8740005 -81.3270035
v -3997.41309 386.143005 5.64900017
v -3988.15991 381.25 -18.0039997
v -4009.67505 381.087006 1.972
v -4009.67505 381.087006 1.972
v -4013.12988 376.790985 14.9639997
v -3996.59106 386.229004 10.5150003
v -3904.27295 3.84899998 80.2419968
v -3893.43799 5.09700012 91.9779968
v -3928.38696 20.625 91.3339996
v -3904.27295 3.84899998 80.2419968
v -3929.41504 19.9249992 90.6940002
v -3912.33008 0.823000014 82.9150009
v -3787.77393 111.199997 -10.4130001
v -3794.60693 118.742996 -7.36600018
v -3794.35498 106.394997 -8
v -3806.38989 119.484001 2.08500004
v -3795.07007 104.342003 -1.87800002
v -3803.36499 118.213997 -5.86999989
v -4014.78198 -21.0030003 -130.209
v -4005.2959 4.2420001 -149.787994
v -3996.64307 0.34799999 -149.447998
v -3994.8269 17.9619999 -165.587997
v -3980.0979 29.3519993 -184.945007
v -3977.59204 19.4680004 -174.694
v -3947.4939 130.880005 100.195
v -3957.36792 97.8410034 94.1610031
v -3943.05298 108.741997 104.143997
v -3938.97412 79.2580032 115.447998
v -3938.79199 95.1849976 110.822998
v -3949.70996 85.8759995 103.658997
v -3823.86694 13.4139996 55.2589989
v -3804.43896 27.6030006 50.3330002
v -3825.6709 26.2339993 71.3809967
v -3851.77393 32.3149986 95.6969986
v -3854.71509 39.3889999 97.5550003
v -3885.823 66.4670029 116.220001
v -3860.47412 203.949005 -92.8570023
v -3866.93408 209.556 -91.8470001
v -3852.54712 208.315002 -84.401001
v -3870.51392 213.574005 -102.174004
v -3890.83911 235.520004 -102.102997
v -3875.18994 218.089996 -93.9000015
v -3953.60596 274.436005 -108.940002
v -3953.2749 268.766998 -123.392998
v -3958.26001 274.355988 -114.748001
v -3953.2749 268.766998 -123.392998
v -3969.6499 275.01001 -128.610992
v -3967.58691 274.837006 -120.024002
v -3858.20801 196.850998 11.3210001
v -3871.10205 210.011993 22.2350006
v -3862.50195 196.395004 20.1749992
v -3884.48608 209.125 41.7410011
v -3888.81812 219.75 38.5209999
v -3897.25293 219.584 49.262001
v -3939.73193 192.292007 -179.895004
v -3929.24805 182.595001 -177.574005
v -3936.34302 184.061996 -185.324997
v -3939.73193 192.292007 -179.895004
v -3936.34302 184.061996 -185.324997
v -3952.87305 200.994995 -177.884995
v -3984.7561 157.772995 80.5240021
v -3979.39502 174.016006 81.5319977
v -4002.65698 174.516006 71.9789963
v -3947.4939 130.880005 100.195
v -3951.81006 150.384995 96.8539963
v -3970.05591 146.664001 87.3820038
v -4026.91797 297.492004 44.3160019
v -4048.34497 294.59201 40.5670013
v -4040.54297 282.252014 47.4199982
v -4040.54297 282.252014 47.4199982
v -4003.03809 280.408997 49.5379982
v -4026.91797 297.492004 44.3160019
v -3820.97803 212.031006 -41.7070007
v -3822.53198 223.085999 -46.4780006
v -3814.62109 219.541 -37.2610016
v -3816.46191 203.869003 -35.9959984
v -3813.56396 197.835007 -30.2950001
v -3820.19995 192.25 -39.1150017
v -3917.6001 230.612 60.9599991
v -3906.57495 230.729004 52.0499992
v -3907.8291 257.315002 59.4339981
v -3919.75708 209.522003 76.6760025
v -3911.81909 221.608994 62.5489998
v -3919.56592 227.171005 65.8909988
v -3939.57007 150.287003 -201.307999
v -3956.5979 144.035004 -208.737
v -3960.10107 148.834 -202.893997
v -3944.80005 178.470993 -184.535995
v -3930.30591 159.916 -191.048996
v -3944.81909 158.134995 -195.757996
v -3923.33008 -37.2610016 -119.053001
v -3929.38696 -25.5300007 -127.056999
v -3906.15796 -20.2619991 -131.281998
v -3894.92505 -41.3370018 -118.324997
v -3906.15796 -20.2619991 -131.281998
v -3872.50903 -15.6630001 -139.085999
v -3971.06494 272.015015 -132.231003
v -3972.48706 257.971008 -140.522003
v -3979.98389 276.010986 -124.646004
v -3959.04004 246.25 -148.994003
v -3965.66699 244.356995 -151.110992
v -3963.79297 260.059998 -142.360001
v -3820.58203 167.429001 -39.9300003
v -3824.177 159.145004 -47.7509995
v -3829.91895 177.335999 -45.9799995
v -3817.74512 176.365997 -37.3269997
v -3826.55591 185.164001 -43.9249992
v -3820.19995 192.25 -39.1150017
v -3892.00391 129.455002 -185.932007
v -3911.43188 133.367004 -200.488998
v -3911.58911 158.139008 -180.945007
v -3911.43188 133.367004 -200.488998
v -3924.9231 149.466995 -195.966003
v -3911.58911 158.139008 -180.945007
v -4069.11694 141.639008 -90.125
v -4081.44312 146.451996 -68.8180008
v -4065.3811 149.546997 -98.5910034
v -4057.03394 143.365005 -108.361
v -4030.54492 123.081001 -140.167007
v -4052.45605 129.912003 -111.473999
v -3919.9939 273.552002 -100.224998
v -3918.76392 269.346985 -113.191002
v -3922.39307 274.182007 -103.961998
v -3917.04395 266.076996 -115.835999
v -3909.13403 256.846008 -108.327003
v -3920.57104 258.643005 -116.371002
v -3825.98511 162.671005 -95.2040024
v -3836.20898 175.582001 -90.9940033
v -3824.00391 159.526993 -76.6399994
v -3817.77002 150.621994 -89.6279984
v -3825.98511 162.671005 -95.2040024
v -3824.00391 159.526993 -76.6399994
v -3931.073 -48.7270012 -112.735001
v -3944.88306 -30.5760002 -124.041
v -3923.33008 -37.2610016 -119.053001
v -3894.92505 -41.3370018 -118.324997
v -3882.54712 -54.9389992 -112.570999
v -3909.27808 -54.894001 -109.838997
v -3860.88306 80.8440018 -186.664001
v -3871.4231 85.7549973 -200.569
v -3875.53003 103.664001 -187.990005
v -3861.57495 66.5370026 -195.285995
v -3866.79712 74.3130035 -201.675003
v -3861.3479 74.1539993 -197.628998
v -3880.12012 2.55999994 91.3730011
v -3900.70605 28.1919994 103.038002
v -3906.354 14.9949999 96.8909988
v -3871.18896 -5.55200005 76.875
v -3881.79712 -1.93400002 82.3290024
v -3895.74805 -2.79999995 71.1110001
v -3829.71191 54.4760017 62.1710014
v -3817.14404 64.2689972 46.0309982
v -3840.78589 71.6340027 62.1920013
v -3862.74097 67.8610001 88.4369965
v -3855.38892 79.0650024 72.4639969
v -3874.84106 94.9250031 86.3259964
v -3829.33496 159.623993 -55.0130005
v -3832.60693 172.207001 -51.1959991
v -3824.177 159.145004 -47.7509995
v -3816.38501 146.057999 -58.6459999
v -3829.33496 159.623993 -55.0130005
v -3819.53491 150.065994 -51.3899994
v -3800.66406 3.61299992 -133.046997
v -3808.02295 -9.44699955 -132.929993
v -3809.31494 3.96399999 -143.322006
v -3805.95093 -10.0539999 -116.628998
v -3808.02295 -9.44699955 -132.929993
v -3799.94702 -1.85699999 -128.251007
v -4024.04004 352.425995 -26.2630005
v -4039.46411 348.933014 -9.09700012
v -4028.62891 363.049011 -14.9680004
v -4042.31006 350.511993 -3.18199992
v -4057.37793 329.667999 3.15299988
v -4042.42993 348.188995 4.40299988
v -4075.12207 99.6559982 -82.6119995
v -4060.1311 83.7220001 -108.950996
v -4071.19995 81.3960037 -89.7050018
v -4060.1311 83.7220001 -108.950996
v -4053.81104 43.7550011 -115.417999
v -4066.21509 62.7200012 -96.6869965
v -3905.08301 3.85100007 -155.847
v -3932.87891 16.0170002 -171.623993
v -3914.91089 15.9110003 -171.195999
v -3977.72705 16.0970001 -169.761002
v -3952.65796 20.526001 -177.039993
v -3953.39111 14.5179996 -168.875
v -3880.19189 291.102997 -21.5970001
v -3866.98291 281.230011 -25.2180004
v -3881.70801 282.360992 -30.0790005
v -3854.979 259.800995 -36.4690018
v -3865.53003 269.803009 -33.8429985
v -3849.427 261.769012 -35.0769997
v -3990.80811 311.335999 -87.9049988
v -3990.81494 298.765991 -100.555
v -3999.45288 315.27301 -79.9629974
v -4006.91602 264.90799 -98.0049973
v -3995.26099 291.634003 -98.4899979
v -3991.04492 258.790009 -122.041
v -3919.75708 209.522003 76.6760025
v -3912.33203 168.647995 92.8259964
v -3899.52002 176.675995 75.1330032
v -3900.35498 161.397003 83.3270035
v -3912.33203 168.647995 92.8259964
v -3911.42993 149.873001 101.806999
v -3816.38599 222.632004 -25.7189999
v -3814.62109 219.541 -37.2610016
v -3815.9939 233.886002 -34.4099998
v -3814.85889 214.354004 -37.4510002
v -3816.38599 222.632004 -25.7189999
v -3828.26294 219.011993 -11.823
v -3794.35498 106.394997 -8
v -3795.07007 104.342003 -1.87800002
v -3782.57397 90.3529968 -10.3629999
v -3782.57397 90.3529968 -10.3629999
v -3795.07007 104.342003 -1.87800002
v -3786.18506 77.0849991 0.75999999
v -3854.979 259.800995 -36.4690018
v -3873.30005 249.658997 -50.4230003
v -3865.53003 269.803009 -33.8429985
v -3829.74512 240.634003 -45.2939987
v -3842.25195 234.785004 -51.9169998
v -3843.48608 247.089996 -42.1479988
v -3936.1499 346.566986 -7.04099989
v -3943.3999 350.102997 1.98000002
v -3931.52393 341.14801 -0.994000018
v -3916.50098 328.18399 -9.91399956
v -3922.66211 316.868988 -19.6110001
v -3926.88989 335.256012 -9.55000019
v -3958.73608 47.4490013 -214.223007
v -3929.98291 33.1020012 -205.108002
v -3959.5791 39.8520012 -201.531006
v -3964.68896 42.2039986 -202.865005
v -3971.13696 48.4570007 -204.766006
v -3963.88794 46.3110008 -209.807007
v -3787.54712 87.3700027 -61.8779984
v -3787.30908 104.106003 -62.9039993
v -3762.14893 87.177002 -39.9220009
v -3796.62598 110.321999 -75.1360016
v -3806.12793 131.830002 -66.9100037
v -3794.64502 111.254997 -70.7850037
v -4077.36499 -22.2900009 31.4540005
v -4073.58691 -12.665 44.8409996
v -4085.97803 -17.4230003 15.3979998
v -4029.81006 -47.9099998 13.9029999
v -4031.12891 -32.7050018 33.3460007
v -4071.72095 -25.7950001 33.4589996
v -3828.11011 225.095993 -53.5670013
v -3829.6311 233.654007 -51.2330017
v -3818.54492 232.835999 -41.9990005
v -3815.76904 228.947998 -38.4070015
v -3814.62109 219.541 -37.2610016
v -3822.53198 223.085999 -46.4780006
v -4063.60596 220.613007 -113.077003
v -4054.16089 209.649002 -130.192001
v -4066.53198 217.123993 -113.552002
v -4065.44312 229.462997 -88.0579987
v -4068.71509 225.276001 -100.157997
v -4075.54492 222.442993 -82.8160019
v -4041.30908 102.033997 52.7639999
v -4041.74512 117.739998 55.1930008
v -4052.2229 98.0899963 52.5719986
v -4056.98608 132.472 47.8330002
v -4049.125 130.345001 52.5769997
v -4050.65796 157.257004 53.1899986
v -3952.77197 310.593994 -71.4459991
v -3956.02197 295.802002 -82.6449966
v -3963.96899 318.240997 -71.663002
v -3956.63794 317.61499 -70.0999985
v -3955.64697 318.122986 -43.7540016
v -3952.77197 310.593994 -71.4459991
v -3792.68506 93.9169998 -67.8330002
v -3795.65601 99.2289963 -73.7959976
v -3794.64502 111.254997 -70.7850037
v -3799.50293 79.8580017 -70.7770004
v -3795.65601 99.2289963 -73.7959976
v -3792.68506 93.9169998 -67.8330002
v -3794.48706 11.0209999 -63.5519981
v -3797.40894 14.0209999 -68.4960022
v -3796.89893 19.7220001 -64.3399963
v -3794.48706 11.0209999 -63.5519981
v -3799.86011 3.19700003 -62.5079994
v -3797.40894 14.0209999 -68.4960022
v -3904.27295 3.84899998 80.2419968
v -3912.33008 0.823000014 82.9150009
v -3896.41992 -13.9320002 66.4420013
v -3917.66211 -16.4349995 68.8310013
v -3898.65308 -37.1380005 45.4440002
v -3899.677 -22.5769997 59.4490013
v -4073.26099 302.326996 3.78299999
v -4078.24805 286.540009 -1.63300002
v -4079.80103 280.856995 3.29099989
v -4078.31494 272.932007 -4.11000013
v -4070.84399 261.032013 -17.9290009
v -4076.43408 254.371994 -8.39900017
v -3798.66089 2.375 -42.612999
v -3799.16309 1.273 -50.9819984
v -3792.71704 3.22300005 -52.1539993
v -3798.66089 2.375 -42.612999
v -3802.50195 -1.80400002 -42.257
v -3799.16309 1.273 -50.9819984
v -3822.79102 131.074005 -120.695
v -3812.63989 133.296005 -121.405998
v -3815.64795 125.095001 -122.067001
v -3848.24292 151.220993 -130.968994
v -3824.98096 141.348999 -121.932999
v -3839.34204 138.479004 -126.757004
v -4056.98608 132.472 47.8330002
v -4069.80688 170.399994 33.4869995
v -4064.31689 116.540001 38.3790016
v -4056.98608 132.472 47.8330002
v -4054.53711 113.949997 50.362999
v -4049.125 130.345001 52.5769997
v -3984.53296 37.7369995 93.3600006
v -3969.26196 52.5209999 98.9820023
v -3999.65405 39.2840004 82.1210022
v -3974.27197 37.4609985 96.5449982
v -3951.2041 35.6240005 102.494003
v -3967.74292 45.9309998 99.7180023
v -3990.2771 -20.8110008 -129.470001
v -3977.5271 0.987999976 -150.487
v -3962.96997 -9.42500019 -141.649994
v -3970.771 -42.0419998 -115.028
v -3944.88306 -30.5760002 -124.041
v -3931.073 -48.7270012 -112.735001
v -3831.18188 127.592003 -123.627998
v -3822.79102 131.074005 -120.695
v -3823.35596 122.538002 -123.254997
v -3818.29102 110.857002 -130.580994
v -3825.71606 119.092003 -124.512001
v -3811.47607 113.845001 -120.995003
v -3958.34302 213.656998 81.086998
v -3949.53711 198.386993 90.3600006
v -3943.33911 207.953003 88.8669968
v -3934.21411 190.585007 99.3089981
v -3926.93604 176.600006 103.251999
v -3933.33398 206.610001 91.9700012
v -3971.71094 142.737 -212.087006
v -3957.29712 129.576996 -224.365997
v -3960.55298 123.693001 -225.328995
v -3948.0979 122.250999 -227.957001
v -3945.25708 116.011002 -229.255997
v -3950.78491 114.459999 -230.320999
v -3804.36597 7.67500019 -21.7560005
v -3798.66089 2.375 -42.612999
v -3798.85693 10.026 -16.9540005
v -3798.85693 10.026 -16.9540005
v -3802.54297 5.26900005 -9.6960001
v -3804.36597 7.67500019 -21.7560005
v -3896.71411 194.938004 -131.613998
v -3875.20288 195.563004 -117.753998
v -3879.62598 179.113998 -135.091003
v -3867.05493 204.406998 -113.774002
v -3870.88989 201.259995 -113.796997
v -3881.13696 210.192993 -114.053001
v -4078.8269 -45.4560013 -0.321999997
v -4080.9021 -31.2579994 17.2759991
v -4085.00098 -41.6959991 -4.38399982
v -4078.8269 -45.4560013 -0.321999997
v -4085.00098 -41.6959991 -4.38399982
v -4082.87695 -47.6030006 -12.9169998
v -3843.83301 33.4410019 92.2509995
v -3849.99609 40.2109985 89.8550034
v -3854.71509 39.3889999 97.5550003
v -3851.77393 32.3149986 95.6969986
v -3843.83301 33.4410019 92.2509995
v -3854.71509 39.3889999 97.5550003
v -4100.45117 108.969002 -19.7180004
v -4094.27295 102.292999 -5.36499977
v -4095.03809 121.357002 -12.8769999
v -4082.95898 144.233994 -5.86199999
v -4091.90503 132.419006 -9.7840004
v -4086.87012 127.291 -4.42299986
v -3806.12793 131.830002 -66.9100037
v -3803.48706 129 -80.1709976
v -3812.46411 142.501007 -69.5849991
v -3806.12793 131.830002 -66.9100037
v -3796.62598 110.321999 -75.1360016
v -3803.48706 129 -80.1709976
v -3933.16211 -86.9290009 -81.3470001
v -3951.43506 -84.3960037 -85.7900009
v -3907.2041 -87.5049973 -84.4069977
v -3913.66211 -85.6050034 -72.1589966
v -3920.27905 -80.6240005 -51.0169983
v -3933.43896 -84.9919968 -68.6230011
v -3900.26392 309.950012 -10.868
v -3905.91602 314.686005 -13.0410004
v -3916.50098 328.18399 -9.91399956
v -3859.10693 277.807007 -20.7689991
v -3880.19189 291.102997 -21.5970001
v -3880.91504 294.09201 -14.6370001
v -3851.16406 190.714005 -82.6930008
v -3846.72095 201.334 -70.5469971
v -3849.03809 193.617996 -68.552002
v -3837.77588 184.544006 -54.0029984
v -3844.90503 188.397995 -61.4469986
v -3838.37207 194.414993 -57.9280014
v -4087.95288 144.626007 -55.4620018
v -4081.89697 117.148003 -69.8379974
v -4091.2019 109.875999 -53.2260017
v -4087.95288 144.626007 -55.4620018
v -4091.2019 109.875999 -53.2260017
v -4091.88599 132.085007 -47.1300011
v -3886.646 206.580994 45.651001
v -3905.72998 208.761993 63.1780014
v -3889.70801 204.899002 47.368
v -3880.70801 212.912003 32.4529991
v -3884.48608 209.125 41.7410011
v -3862.50195 196.395004 20.1749992
v -3930.09106 75.0550003 119.080002
v -3924.21289 94.3239975 126.745003
v -3938.97412 79.2580032 115.447998
v -3961.54712 54.7550011 103.124001
v -3930.09106 75.0550003 119.080002
v -3938.97412 79.2580032 115.447998
v -3883.99707 -30.0030003 42.8030014
v -3877.28491 -21.7220001 41.2470016
v -3880.1311 -18.1350002 51.5029984
v -3886.80493 -15.1090002 58.1220016
v -3899.677 -22.5769997 59.4490013
v -3883.99707 -30.0030003 42.8030014
v -3870.04492 -30.5699997 -128.649002
v -3860.01392 -25.0540009 -130.783997
v -3875.95605 -46.5180016 -117.790001
v -3894.92505 -41.3370018 -118.324997
v -3870.04492 -30.5699997 -128.649002
v -3875.95605 -46.5180016 -117.790001
v -3827.05493 168.813995 -125.710999
v -3828.07593 163.681 -131.722
v -3832.04712 171.628006 -133.084
v -3837.75903 165.235992 -132.75
v -3847.72607 171.311005 -134.031006
v -3841.81592 175.404007 -134.072006
v -3935.81104 328.940002 21.1079998
v -3943.3999 350.102997 1.98000002
v -3950.0459 340.549011 24.6450005
v -3924.3999 311.460999 27.0319996
v -3950.0459 340.549011 24.6450005
v -3936.41211 312.595001 38.5279999
v -3860.56396 -5.17999983 69.4020004
v -3848.948 15.5780001 88.1449966
v -3869.23193 0.131999999 86.8990021
v -3882.44897 -1.76600003 85.5429993
v -3870.09497 -3.81999993 82.4039993
v -3869.23193 0.131999999 86.8990021
v -3936.05811 124.452003 109.309998
v -3937.55493 145.427994 105.420998
v -3947.4939 130.880005 100.195
v -3943.05298 108.741997 104.143997
v -3936.05811 124.452003 109.309998
v -3947.4939 130.880005 100.195
v -3820.48193 155.046997 -124.639999
v -3823.01904 163.524002 -124.956001
v -3816.67505 152.272003 -120.208
v -3824.98096 141.348999 -121.932999
v -3825.65088 150.630997 -124.594002
v -3815.4519 143.016006 -122.643997
v -3959.927 27.4619999 -188.074005
v -3957.46997 35.4760017 -198.473999
v -3949.80005 29.9559994 -193.063004
v -3952.65796 20.526001 -177.039993
v -3959.927 27.4619999 -188.074005
v -3930.80908 25.9160004 -185.154007
v -4082.44507 196.345001 -8.54899979
v -4083.80811 209.606003 -13.4020004
v -4088.36792 198.992004 -14.6440001
v -4084.53809 183.492996 -16.7189999
v -4081.96802 183.873993 -8.10000038
v -4088.36792 198.992004 -14.6440001
v -3840.97192 81.7519989 -144.468002
v -3828.94189 65.3270035 -137.054993
v -3837.88892 72.0899963 -143.682999
v -3826.79102 66.4440002 -132.315002
v -3845.47192 92.375 -143.953995
v -3842.4729 95.2570038 -141.501007
v -3804.43896 27.6030006 50.3330002
v -3804.34204 32.1629982 52.9269981
v -3821.72705 30.243 69.5920029
v -3815.20508 -3.35699987 23.5230007
v -3790.41797 31.6889992 35.7540016
v -3804.43896 27.6030006 50.3330002
v -4089.73999 204.753998 -19.316
v -4094.98511 203.787994 -29.1690006
v -4096.68506 197.636002 -29.1280003
v -4097.94922 203.824005 -33.9580002
v -4100.99609 196.160004 -43.6720009
v -4098.92383 190.651993 -32.4169998
v -3816.83398 -23.0189991 3.79999995
v -3809.44604 -16.9869995 -3.89499998
v -3813.02808 -5.02600002 -1.64499998
v -3809.44604 -16.9869995 -3.89499998
v -3816.83398 -23.0189991 3.79999995
v -3805.08594 -31.7800007 -23.6459999
v -4082.81494 32.2890015 33.223999
v -4087.71704 55.3190002 17.9869995
v -4094.19995 46.257 10.2150002
v -4079.76392 99.098999 19.7439995
v -4094.17603 79.5059967 0.217999995
v -4082.00903 81.3190002 20.257
v -3892.51709 -86.9290009 -74.2710037
v -3870.87695 -90.8399963 -83.0999985
v -3871.07593 -85.4499969 -64.7389984
v -3862.41992 -89.0619965 -79.0289993
v -3870.87695 -90.8399963 -83.0999985
v -3861.90796 -85.9580002 -86.3560028
v -3996.78906 79.6940002 71.723999
v -3955.62207 86.8649979 96.6299973
v -3976.83594 98.1800003 82.5579987
v -4003.48291 73.3769989 68.651001
v -4005.94604 84.6910019 64.8899994
v -4018.98999 69.5790024 64.0350037
v -3858.59204 114.317001 -144.669006
v -3838.86011 119.084 -136.410004
v -3840.4751 107.259003 -140.304993
v -3845.47192 92.375 -143.953995
v -3858.88403 112.759003 -149.983994
v -3842.4729 95.2570038 -141.501007
v -3915.01807 47.7579994 -210.067001
v -3909.27393 63.9399986 -216.684998
v -3904.94189 44.6100006 -205.695007
v -3916.99902 66.8550034 -219.962997
v -3904.41602 82.9069977 -224.132004
v -3907.13306 68.5270004 -219.119995
v -3871.07593 -85.4499969 -64.7389984
v -3870.87695 -90.8399963 -83.0999985
v -3859.29297 -88.5400009 -70.5670013
v -3862.48096 -82.2699966 -55.8359985
v -3841.66895 -79.387001 -53.0169983
v -3857.69189 -77.0780029 -45.8279991
v -3830.17603 200.360992 3.60599995
v -3828.08301 197.251007 5.29400015
v -3819.82007 194.498993 -5.37900019
v -3833.03491 198.007996 5.82399988
v -3851.13403 190.636002 7.17799997
v -3833.00195 195.544006 7.81599998
v -3856.26294 -25.1100006 24.4349995
v -3847.46094 -20.9890003 23.5219994
v -3866.63892 -22.2709999 30.3470001
v -3824.18311 -32.6640015 7.6869998
v -3830.61401 -20.973999 13.559
v -3838.73706 -26.3260002 15.0819998
v -4031.34497 332.071991 35.0909996
v -4047.49292 315.618988 32.137001
v -4043.49902 313.330994 35.394001
v -4056.11694 293.221008 36.0909996
v -4054.9021 277.69101 44.8400002
v -4048.34497 294.59201 40.5670013
v -3927.40503 29.302 103.778
v -3908.41992 56.3590012 113.934998
v -3927.01489 51.2739983 111.037003
v -3937.73706 33.1949997 104.185997
v -3906.354 14.9949999 96.8909988
v -3917.08008 25.5139999 102.541
v -3930.42993 281.095001 -91.2679977
v -3933.72095 273.404999 -101.172997
v -3939.19092 280.175995 -92.2070007
v -3948.40991 283.910004 -92.3030014
v -3953.60596 274.436005 -108.940002
v -3958.08301 280.320007 -105.763
v -3980.24194 -73.3030014 -3.17799997
v -4010.65503 -68.2580032 -12.4540005
v -3988.57104 -79.987999 -20.6310005
v -3988.57104 -79.987999 -20.6310005
v -3966.62598 -79.0329971 -29.0869999
v -3980.24194 -73.3030014 -3.17799997
v -3916.49805 29.3509998 -202.320007
v -3915.01807 47.7579994 -210.067001
v -3904.94189 44.6100006 -205.695007
v -3904.78101 25.8479996 -195.520004
v -3920.91895 25.6949997 -187.154999
v -3923.95801 28.2479992 -201.108994
v -4053.14111 229.054001 -102.908997
v -4063.71704 231.192001 -91.7269974
v -4054.62988 234.811996 -91.2360001
v -4051.90308 232.593994 -99.8909988
v -4053.14111 229.054001 -102.908997
v -4054.62988 234.811996 -91.2360001
v -4064.24292 -15.9960003 48.1020012
v -4048.44604 -9.53999996 55.6809998
v -4069.02905 -9.63199997 49.8639984
v -4068.31104 -19.1790009 43.1489983
v -4073.58691 -12.665 44.8409996
v -4071.72095 -25.7950001 33.4589996
v -3834.81006 -6.6329999 40.5099983
v -3822.0249 -5.96000004 20.6919994
v -3807.43506 -3.1329999 5.27299976
v -3824.354 -8.89000034 14.9899998
v -3822.95288 -8.375 6.5539999
v -3807.43506 -3.1329999 5.27299976
v -3878.8479 -77.5510025 -43.6889992
v -3872.11499 -70.5309982 -29.0990009
v -3884.66797 -67.0410004 -18.1490002
v -3883.38989 -62.2270012 -7.99100018
v -3873.854 -57.1220016 -1.11599994
v -3892.97803 -48.4790001 21.6499996
v -3798.4541 4.17600012 -59.5330009
v -3799.86011 3.19700003 -62.5079994
v -3794.48706 11.0209999 -63.5519981
v -3802.3291 -12.408 -58.9350014
v -3802.42798 -1.24300003 -62.0079994
v -3800.04102 -3.95300007 -59.1660004
v -4073.9231 111.400002 -83.8430023
v -4069.83911 123.033997 -88.5589981
v -4059.33496 99.2389984 -106.059998
v -4056.12207 123.846001 -106.024002
v -4029.55005 106.843002 -141.080994
v -4057.31909 108.932999 -107.031998
v -3775.36108 29.5289993 -24.8869991
v -3767.07104 43.9360008 -37.3790016
v -3770.23608 48.1870003 -19.0540009
v -3775.4231 51.5349998 -1.91199994
v -3770.03003 56.4360008 -12.3809996
v -3786.18506 77.0849991 0.75999999
v -3970.92896 27.9349995 92.8669968
v -3974.63989 34.118 94.112999
v -3970.88501 26.1970005 90.3799973
v -3959.47192 20.0429993 89.3290024
v -3933.59912 -6.40899992 74.7320023
v -3942.7981 25.0739994 96.685997
v -3917.89697 290.410004 44.4720001
v -3924.3999 311.460999 27.0319996
v -3934.8999 304.287994 46.8610001
v -3905.00806 264.154999 55.1930008
v -3934.8999 304.287994 46.8610001
v -3927.38208 263.088013 63.8460007
v -4038.91406 157.897003 58.7029991
v -4020.48804 161.496002 65.2129974
v -4025.01611 176.251007 63.1759987
v -4020.48804 161.496002 65.2129974
v -3984.7561 157.772995 80.5240021
v -4002.65698 174.516006 71.9789963
v -4012.896 367.347992 -28.8630009
v -4018.67407 359.665985 -30.2630005
v -4019.49097 370.253998 -20.4370003
v -4019.49097 370.253998 -20.4370003
v -4018.67407 359.665985 -30.2630005
v -4028.62891 363.049011 -14.9680004
v -3774.53711 37.9000015 -18.2980003
v -3771.47192 49.5279999 -14.6470003
v -3782.10596 37.9150009 -8.55500031
v -3786.24097 24.8999996 -17.4939995
v -3777.93091 18.5349998 -34.0589981
v -3775.36108 29.5289993 -24.8869991
v -3834.48901 257.592987 -35.6119995
v -3825.62793 246.910995 -39.9550018
v -3835.69897 254.028 -40.3600006
v -3857.34009 273.035004 -29
v -3844.86792 267.320007 -28.6130009
v -3840.03296 259.477997 -36.5719986
v -3804.56689 156.214005 -8.42399979
v -3796.28711 136.998001 -7.72200012
v -3795.68701 151.294006 -18.3299999
v -3812.35498 142.457001 -2.67000008
v -3796.11401 128.238007 -6.67399979
v -3806.08105 149.110992 -3.3440001
v -3806.95605 135.684998 -90.802002
v -3817.77002 150.621994 -89.6279984
v -3812.46411 142.501007 -69.5849991
v -3806.1731 133.518997 -92.9820023
v -3799.86499 118.086998 -102.091003
v -3807.3269 135.345993 -100.293999
v -3937.01099 115.703003 -228.860992
v -3945.25708 116.011002 -229.255997
v -3948.0979 122.250999 -227.957001
v -3930.2749 108.726997 -229.630005
v -3904.31909 94.0250015 -227.311005
v -3936.10498 107.490997 -229.774002
v -3933.48511 248.514999 -127.745003
v -3932.67798 236.145996 -132.906998
v -3944.68799 239.070999 -143.153
v -3913.646 225.106995 -126.488998
v -3924.43506 214.151993 -144.578003
v -3930.33301 221.460007 -140.483994
v -3775.27905 48.1689987 -6.41100025
v -3782.10596 37.9150009 -8.55500031
v -3771.47192 49.5279999 -14.6470003
v -3775.27905 48.1689987 -6.41100025
v -3777.06909 39.6800003 6.04099989
v -3782.10596 37.9150009 -8.55500031
v -3828.70996 252.182007 -34.4339981
v -3849.89404 263.872986 -9.0710001
v -3845.6311 251.867004 0.834999979
v -3872.40601 270.440002 10.7290001
v -3861.48804 254.046005 15.7930002
v -3851.91992 259.449005 0.643999994
v -3835.94092 16.7520008 72.8929977
v -3825.6709 26.2339993 71.3809967
v -3837 24.2940006 84.5220032
v -3843.70508 12.0439997 75.8160019
v -3831.05908 -4.57800007 39.8209991
v -3835.94092 16.7520008 72.8929977
v -4071.90698 272.384003 21.6520004
v -4079.80103 280.856995 3.29099989
v -4071.0769 255.871002 29.052
v -4055.96899 246.962006 52.980999
v -4062.66504 247.807007 49.223999
v -4060.552 231.938004 52.7919998
v -3858.48804 -62.1279984 -112.709
v -3845.17407 -48.0649986 -118.765999
v -3863.13501 -76.2770004 -101.142998
v -3879.16504 -53.8639984 -112.641998
v -3858.48804 -62.1279984 -112.709
v -3879.99805 -76.8970032 -99.3180008
v -3887.99292 217.516998 -119.122002
v -3881.13696 210.192993 -114.053001
v -3898.33203 206.044998 -128.557007
v -3890.67407 202.067993 -122.790001
v -3881.13696 210.192993 -114.053001
v -3879.38208 202.612 -115.769997
v -4091.97607 24.9169998 16.2129993
v -4106.55176 26.2269993 -8.3739996
v -4108.2832 12.8900003 -12.2530003
v -4113.11377 28.7310009 -19.6359997
v -4110.54004 49.4920006 -27.4430008
v -4114.62402 18.2700005 -20.6700001
v -4047.49292 315.618988 32.137001
v -4037.05005 339.207001 29.8850002
v -4047.64893 325.632996 23.6679993
v -4025.20093 364.289001 22.1119995
v -4037.05005 339.207001 29.8850002
v -4021.88892 356.032013 29.2119999
v -4029.46191 24.8120003 68.4700012
v -4026.54102 52.0559998 65.2870026
v -4033.68994 64.3710022 60.3839989
v -4018.98999 69.5790024 64.0350037
v -4018.06104 79.9919968 61.7529984
v -4032.61597 75.3789978 58.9539986
v -3871.22705 -86.1800003 -95.4499969
v -3865.29907 -71.3789978 -106.087997
v -3863.13501 -76.2770004 -101.142998
v -3875.62695 -88.7809982 -93.1579971
v -3865.84692 -84.9899979 -93.7030029
v -3875.37402 -90.552002 -88.8889999
v -4032.20801 358.540985 17.7849998
v -4036.8269 357.895996 1.59399998
v -4042.42993 348.188995 4.40299988
v -4039.13306 344.097992 21.3850002
v -4048.74512 333.527008 14.3830004
v -4037.05005 339.207001 29.8850002
v -4075.54907 237.781006 22.6070004
v -4071.0769 255.871002 29.052
v -4082.27002 235.460007 9.45100021
v -4082.27002 235.460007 9.45100021
v -4085.38696 205.386002 5.50300026
v -4075.54907 237.781006 22.6070004
v -3915.42993 201.373001 -145.537994
v -3911.64893 194.5 -143.475006
v -3922.59595 193.666 -150.274002
v -3911.64893 194.5 -143.475006
v -3899.65088 186.686005 -140.729004
v -3909.53906 184.169006 -148.606003
v -4087.28296 161.774994 -61.9199982
v -4090.24609 151.703003 -51.5979996
v -4095.03101 163.382996 -43.9720001
v -4087.28296 161.774994 -61.9199982
v -4072.84692 156.949997 -86.6709976
v -4081.44312 146.451996 -68.8180008
v -3820.62402 -39.8590012 -67.697998
v -3804.28394 -18.618 -60.0999985
v -3816.97803 -44.4539986 -46.2480011
v -3806.19897 -35.2330017 -29.257
v -3816.97803 -44.4539986 -46.2480011
v -3804.28394 -18.618 -60.0999985
v -3937.98804 217.403 83.887001
v -3943.96191 214.080994 83.0810013
v -3943.33911 207.953003 88.8669968
v -3947.38696 224.858994 76.5719986
v -3938.052 228.248001 75.6060028
v -3939.48389 248.544006 68.5270004
v -3880.12012 2.55999994 91.3730011
v -3880.26196 29.9139996 101.611
v -3895.78101 62.8440018 116.017998
v -3893.47705 76.3339996 119.527
v -3909.91895 91.8949966 127.917999
v -3901.86206 80.737999 123.815002
v -3788.59106 64.401001 -116.039001
v -3789.73804 76.8290024 -116.327003
v -3786.63208 64.9380035 -112.987999
v -3797.69312 39.7169991 -91.413002
v -3789.43408 50.9339981 -114.464996
v -3786.63208 64.9380035 -112.987999
v -4084.53589 170.763 -16.6800003
v -4093.4231 153.554001 -24.8950005
v -4094.37305 142.621994 -24.0960007
v -4093.4231 153.554001 -24.8950005
v -4094.08691 150.585007 -31.0209999
v -4094.37305 142.621994 -24.0960007
v -3869.73193 19.0039997 -176.048996
v -3892.33594 20.6119995 -178.705002
v -3885.97607 22.9909992 -184.186996
v -3876.80103 30.3169994 -187.020004
v -3861.81909 42.480999 -185.188004
v -3862.771 20.1270008 -176.345993
v -3820.62402 -39.8590012 -67.697998
v -3825.21802 -52.9720001 -56.3310013
v -3838.42993 -61.2490005 -77.1380005
v -3845.17407 -48.0649986 -118.765999
v -3837.06201 -51.2999992 -92.401001
v -3849.60889 -63.2949982 -99.1009979
v -3879.77295 61.4029999 -201.764999
v -3861.57495 66.5370026 -195.285995
v -3861.81909 42.480999 -185.188004
v -3849.13208 44.1769981 -179.856003
v -3840.17896 42.2779999 -173.686996
v -3821.06396 17.2539997 -154.694
v -3936.1499 346.566986 -7.04099989
v -3952.15503 355.498993 -2.648
v -3951.89795 355.348999 5.19199991
v -3957.13696 358.156006 2.32399988
v -3957.18506 347.17099 -9.01000023
v -3965.08911 347.662994 -7.2249999
v -3983.52905 76.060997 80.0800018
v -3964.90894 77.7310028 93.4720001
v -3955.62207 86.8649979 96.6299973
v -3955.62207 86.8649979 96.6299973
v -3949.70996 85.8759995 103.658997
v -3940.11694 95.7949982 107.225998
v -3808.55005 37.5029984 -73.961998
v -3803.56909 40.3219986 -81.1299973
v -3808.54199 45.9129982 -73.4749985
v -3776.7959 22.8810005 -44.4570007
v -3806.21997 38.5320015 -69.6350021
v -3799.2771 48.2369995 -64.2450027
v -3914.32788 266.539001 -111.653
v -3919.9939 273.552002 -100.224998
v -3907.50488 257.976013 -104.960999
v -3894.52905 238.712006 -87.276001
v -3907.50488 257.976013 -104.960999
v -3919.9939 273.552002 -100.224998
v -3874.21094 -10.9449997 51.2229996
v -3867.06104 -15.1009998 39.0849991
v -3854.66406 -9.45800018 52.8359985
v -3877.28491 -21.7220001 41.2470016
v -3878.10596 -10.8330002 49.1230011
v -3880.1311 -18.1350002 51.5029984
v -3967.25903 366.460999 11.3030005
v -3969.68701 367.437012 20.8990002
v -3960.62305 359.781006 13.2030001
v -3957.13696 358.156006 2.32399988
v -3951.89795 355.348999 5.19199991
v -3952.15503 355.498993 -2.648
v -3920.82593 103.944 128.686005
v -3914.27197 107.778 126.436996
v -3921.48096 122.112 122.738998
v -3919.302 91.336998 128.309006
v -3924.21289 94.3239975 126.745003
v -3930.09106 75.0550003 119.080002
v -3804.54297 14.8809996 -142.296005
v -3800.66406 3.61299992 -133.046997
v -3809.31494 3.96399999 -143.322006
v -3809.74194 20.5960007 -147.871002
v -3810.68994 14.0790005 -148.542999
v -3822.42505 30.3199997 -158.957993
v -3881.46899 242.057007 -58.5419998
v -3866.271 223.561005 -69.2770004
v -3885.32788 236.134003 -65.2770004
v -3862.15088 215.227997 -76.7750015
v -3857.64893 212.630997 -83.9919968
v -3872.99292 216.979996 -75.8430023
v -4003.48291 73.3769989 68.651001
v -4018.98999 69.5790024 64.0350037
v -4004.10693 72.151001 70.0690002
v -3985.83008 73.3960037 80.8180008
v -3964.90894 77.7310028 93.4720001
v -3983.52905 76.060997 80.0800018
v -4047.14307 246.128006 59.1599998
v -4040.92603 261.799988 55.0730019
v -4055.74805 260.171997 51.6310005
v -4047.69604 240.951996 59.6419983
v -4023.90991 239.990997 63.5369987
v -4036.3291 248.550995 60.9169998
v -3828.43701 39.1699982 70.5970001
v -3842.24609 37.5289993 83.413002
v -3834.41504 29.9260006 83.7679977
v -3848.09204 49.3460007 81.5770035
v -3829.71191 54.4760017 62.1710014
v -3849.18506 63.9510002 75.086998
v -3999.89697 85.5790024 -176.826996
v -3964.08496 65.6949997 -215.612
v -3970.30811 55.0159988 -207.714996
v -3970.30811 55.0159988 -207.714996
v -3964.08496 65.6949997 -215.612
v -3958.73608 47.4490013 -214.223007
v -3879.83496 217.893997 -77.4840012
v -3888.98511 229.056 -72.2099991
v -3884.75195 229.597 -70.7659988
v -3879.83496 217.893997 -77.4840012
v -3884.75195 229.597 -70.7659988
v -3866.271 223.561005 -69.2770004
v -4104.41113 -16.0699997 -36.1100006
v -4094.12695 -30.3260002 -36.4350014
v -4102.89111 -21.7779999 -28.434
v -4104.41113 -16.0699997 -36.1100006
v -4095.7229 -22.0890007 -47.5489998
v -4094.12695 -30.3260002 -36.4350014
v -3834.41504 29.9260006 83.7679977
v -3821.72705 30.243 69.5920029
v -3828.43701 39.1699982 70.5970001
v -3821.72705 30.243 69.5920029
v -3834.41504 29.9260006 83.7679977
v -3837 24.2940006 84.5220032
v -3931.32593 129.921005 112.380997
v -3920.55908 140.162994 117.160004
v -3937.55493 145.427994 105.420998
v -3929.23999 155.121002 108.848999
v -3920.55908 140.162994 117.160004
v -3931.44702 167.690994 105.18
v -3908.15503 157.546997 -166.425003
v -3911.58911 158.139008 -180.945007
v -3915.80811 164.582993 -166.470001
v -3897.37012 160.641998 -156.052002
v -3908.15503 157.546997 -166.425003
v -3915.80811 164.582993 -166.470001
v -3939.32104 -10.6870003 -140.785004
v -3907.39795 -14.9540005 -135.488007
v -3947.51904 -21.4750004 -130.899002
v -3990.2771 -20.8110008 -129.470001
v -3962.96997 -9.42500019 -141.649994
v -3947.51904 -21.4750004 -130.899002
v -3925.18091 336.681 -2.78299999
v -3916.50098 328.18399 -9.91399956
v -3926.88989 335.256012 -9.55000019
v -3915.75 328.46701 -6.79899979
v -3925.18091 336.681 -2.78299999
v -3911.23096 297.984985 26.2830009
v -3799.72803 158.710999 -27.9689999
v -3794.7749 156.709 -28.4419994
v -3803.35596 156.677002 -35.2179985
v -3803.33105 163.220001 -24.2299995
v -3805.40796 164.453003 -29.3349991
v -3807.18799 176.867004 -25.4920006
v -3971.64795 348.290985 -28.1919994
v -3967.51611 341.131012 -37.6310005
v -3978.33301 360.763 -39.2050018
v -3967.29199 338.29599 -52.8170013
v -3972.19604 342.835999 -57.769001
v -3974.53711 351.773987 -47.7960014
v -3855.30688 227.738007 23.9750004
v -3857.23511 235.419998 25.3169994
v -3877.58398 246.084 36
v -3855.80908 237.332001 22.2469997
v -3855.30688 227.738007 23.9750004
v -3851.4939 229.326996 11.0830002
v -4071.19312 250.675003 -30.198
v -4073.16309 243.768005 -20.0249996
v -4071.01294 254.074997 -20.6100006
v -4071.01294 254.074997 -20.6100006
v -4073.16309 243.768005 -20.0249996
v -4075.16699 240.470993 -14.2440004
v -3979.39502 174.016006 81.5319977
v -3978.85107 198.809006 78.3470001
v -3997.81299 198.791 71.0970001
v -3978.85107 198.809006 78.3470001
v -3980.70801 214.561996 74.2369995
v -3993.48901 211.496994 70.9250031
v -3989.51904 168.673996 -191.356995
v -3982.51904 153.384003 -200.013
v -3998.73096 173.643997 -184.177002
v -3960.10107 148.834 -202.893997
v -3975.62793 153.330994 -202.382996
v -3989.51904 168.673996 -191.356995
v -3805.40796 164.453003 -29.3349991
v -3811.70703 186.322998 -29.7019997
v -3807.18799 176.867004 -25.4920006
v -3813.18408 198.514999 -25.7099991
v -3813.56396 197.835007 -30.2950001
v -3814.51709 212.188004 -33.4150009
v -3881.83911 257.636993 35.1730003
v -3896.84302 263.035004 49.1339989
v -3884.05493 251.591995 37.5940018
v -3875.36108 252.257996 33.0740013
v -3877.58398 246.084 36
v -3857.23511 235.419998 25.3169994
v -3784.56494 63.2560005 8.60400009
v -3800.21509 81.9069977 17.6590004
v -3796.99707 56.3499985 30.0389996
v -3803.60596 48.8339996 42.2190018
v -3817.14404 64.2689972 46.0309982
v -3829.71191 54.4760017 62.1710014
v -3928.50488 335.079987 -11.9279995
v -3936.1499 346.566986 -7.04099989
v -3929.35107 339.140991 -5.61499977
v -3928.50488 335.079987 -11.9279995
v -3960.4729 331.44101 -20.4880009
v -3946.38599 338.583008 -13.3479996
v -4076.53491 97.2310028 -77.2630005
v -4091.2019 109.875999 -53.2260017
v -4081.89697 117.148003 -69.8379974
v -4075.12207 99.6559982 -82.6119995
v -4071.19995 81.3960037 -89.7050018
v -4076.24097 90.4290009 -78.0410004
v -4047.57397 98.4769974 52.6920013
v -4036.54004 88.2279968 54.3030014
v -4041.30908 102.033997 52.7639999
v -4005.94604 84.6910019 64.8899994
v -4017.90796 95.973999 59.8160019
v -4022.7041 85.4199982 57.7639999
v -3826.14697 187.533005 6.03999996
v -3832.62891 167.735992 1.12800002
v -3817.23291 163.701996 0.755999982
v -3823.83594 151.110001 2.45799994
v -3832.62891 167.735992 1.12800002
v -3850.59497 188.147003 7.80599976
v -4063.45996 -5.07999992 -94.8759995
v -4049.71094 1.80400002 -108.914001
v -4055.12695 -17.8509998 -96.8430023
v -4036.94995 -5.88800001 -118.223
v -4020.69995 -21.3199997 -127.305
v -4055.12695 -17.8509998 -96.8430023
v -3937.83105 290.115997 -41.487999
v -3947.47998 304.097992 -38.8180008
v -3945.31689 303.90799 -36.0089989
v -3924.46606 271.687988 -52.8740005
v -3938.12305 288.087006 -47.7630005
v -3937.83105 290.115997 -41.487999
v -3825.65088 150.630997 -124.594002
v -3828.07593 163.681 -131.722
v -3820.48193 155.046997 -124.639999
v -3820.48193 155.046997 -124.639999
v -3815.4519 143.016006 -122.643997
v -3825.65088 150.630997 -124.594002
v -4063.16602 277.975006 -24.3430004
v -4064.53906 271.390991 -28.7590008
v -4071.01294 254.074997 -20.6100006
v -4055.04199 299.432007 -21.5939999
v -4046.5791 278.468994 -44.1279984
v -4058.59912 286.368988 -26.8610001
v -4108.20898 61.5849991 -25.257
v -4102.89502 48.3930016 -32.6860008
v -4110.54004 49.4920006 -27.4430008
v -4105.45996 81.5400009 -27.6369991
v -4096.27197 45.0169983 -43.5209999
v -4102.89502 48.3930016 -32.6860008
v -3854.47803 161.764008 -132.095001
v -3843.94507 161.007004 -128.908997
v -3848.24292 151.220993 -130.968994
v -3873.177 146.302994 -145.972
v -3862.69702 159.608994 -136.537994
v -3854.49609 147.962006 -134.244995
v -3823.83594 151.110001 2.45799994
v -3820.44702 153.757004 -1.37
v -3832.62891 167.735992 1.12800002
v -3803.36499 118.213997 -5.86999989
v -3818.23389 146.792999 -0.839999974
v -3823.83594 151.110001 2.45799994
v -3945.31689 303.90799 -36.0089989
v -3947.47998 304.097992 -38.8180008
v -3954.71289 315.596008 -32.0330009
v -3957.18506 347.17099 -9.01000023
v -3960.4729 331.44101 -20.4880009
v -3965.28711 338.529999 -14.3249998
v -3821.88794 52.1090012 -138.162994
v -3820.26709 37.3050003 -151.020996
v -3829.72192 54.0299988 -147.748001
v -3840.17896 42.2779999 -173.686996
v -3822.42505 30.3199997 -158.957993
v -3821.06396 17.2539997 -154.694
v -4066.53198 217.123993 -113.552002
v -4062.979 190.783005 -115.878998
v -4077.86011 197.841003 -95.5390015
v -4070.43506 183.863998 -103.509003
v -4069.52808 163.634003 -97.4189987
v -4082.73096 195.175003 -86.685997
v -3899.52002 176.675995 75.1330032
v -3879.43799 170.710999 57.7669983
v -3885.2229 190.703003 53.2669983
v -3864.20508 174.725998 39.2799988
v -3864.21997 156.231003 48.3909988
v -3820.42212 134.880005 9.0710001
v -4105.45996 81.5400009 -27.6369991
v -4106.88086 70.4960022 -22.6889992
v -4101.15186 109.450996 -23.8430004
v -4108.20898 61.5849991 -25.257
v -4105.45996 81.5400009 -27.6369991
v -4102.89502 48.3930016 -32.6860008
v -4014.78198 -21.0030003 -130.209
v -4020.69995 -21.3199997 -127.305
v -4005.2959 4.2420001 -149.787994
v -4024.76392 -39.7179985 -113.903999
v -4020.69995 -21.3199997 -127.305
v -4014.78198 -21.0030003 -130.209
v -3796.11401 128.238007 -6.67399979
v -3796.28711 136.998001 -7.72200012
v -3806.08105 149.110992 -3.3440001
v -3788.90503 122.063004 -13.3360004
v -3765.49805 111.797997 -38.8100014
v -3774.12109 126.375 -35.3409996
v -3856.69604 199.311996 -95.7320023
v -3852.38403 193.697006 -87.0319977
v -3844.771 185.496002 -89.1090012
v -3851.16406 190.714005 -82.6930008
v -3843.62305 184.242996 -66.7269974
v -3840.28491 176.475006 -74.4430008
v -4113.11377 28.7310009 -19.6359997
v -4094.19995 46.257 10.2150002
v -4097.04395 58.25 1.13100004
v -4094.19995 46.257 10.2150002
v -4087.71704 55.3190002 17.9869995
v -4097.04395 58.25 1.13100004
v -4092.90088 178.998001 -59.0509987
v -4099.69482 182.335999 -43.2879982
v -4100.99609 196.160004 -43.6720009
v -4100.41113 188.037003 -38.1389999
v -4098.92383 190.651993 -32.4169998
v -4100.99609 196.160004 -43.6720009
v -3813.11304 60.9039993 -125.992996
v -3813.33496 53.3720016 -128.014008
v -3826.79102 66.4440002 -132.315002
v -3802.46191 46.0820007 -121.615997
v -3810.24707 46.8040009 -125.635002
v -3813.11304 60.9039993 -125.992996
v -3970.54907 364.877991 -6.76499987
v -3979.82202 378.751007 -19.8549995
v -3972.2251 376.102997 1.13199997
v -3980.82593 384.420013 -8.33100033
v -3984.12988 378.833008 13.7110004
v -3972.2251 376.102997 1.13199997
v -3844.51392 -17.2940006 26.1599998
v -3836.99194 -15.7130003 19.7959995
v -3847.7251 -14.1859999 37.8569984
v -3841.56909 -22.0160007 19.0459995
v -3836.99194 -15.7130003 19.7959995
v -3847.46094 -20.9890003 23.5219994
v -4078.47705 217.503006 -95.3420029
v -4066.53198 217.123993 -113.552002
v -4077.86011 197.841003 -95.5390015
v -4072.75 219.466995 -103.610001
v -4075.54492 222.442993 -82.8160019
v -4068.71509 225.276001 -100.157997
v -3981.83789 375.638 -24.8239994
v -4007.06494 373.105988 -24.4309998
v -3988.15991 381.25 -18.0039997
v -3972.2251 376.102997 1.13199997
v -3979.82202 378.751007 -19.8549995
v -3980.82593 384.420013 -8.33100033
v -3984.7561 157.772995 80.5240021
v -3970.05591 146.664001 87.3820038
v -3968.31299 159.199005 87.8180008
v -3992.25708 130.132996 74.2429962
v -3978.11108 133.906998 82.3219986
v -3987.78394 146.783997 79.0319977
v -4002.61499 5.32000017 70.6409988
v -4012.21289 -13.9940004 55.0480003
v -3970.84399 -3.68900013 69.0920029
v -4021.85107 1.96000004 65.9609985
v -4038.12207 -2.58299994 62.1459999
v -4012.21289 -13.9940004 55.0480003
v -3865.35303 -41.5789986 19.6119995
v -3828.75098 -48.980999 -3.86899996
v -3827.34106 -40.1189995 6.66699982
v -3828.75098 -48.980999 -3.86899996
v -3820.55811 -55.8499985 -17.2549992
v -3827.34106 -40.1189995 6.66699982
v -4091.521 141.695999 -45.7490005
v -4087.95288 144.626007 -55.4620018
v -4091.88599 132.085007 -47.1300011
v -4094.08691 150.585007 -31.0209999
v -4091.88599 132.085007 -47.1300011
v -4094.40503 136.602997 -30.8990002
v -4072.75 219.466995 -103.610001
v -4078.47705 217.503006 -95.3420029
v -4075.54492 222.442993 -82.8160019
v -4075.54492 222.442993 -82.8160019
v -4080.0791 220.335999 -90.6439972
v -4077.21899 225.490005 -76.5090027
v -3922.19702 208.406006 -150.261002
v -3915.42993 201.373001 -145.537994
v -3923.82397 200.261002 -149.281006
v -3924.43506 214.151993 -144.578003
v -3927.74292 212.223007 -152.619995
v -3941.03101 217.895004 -153.104004
v -3774.12109 126.375 -35.3409996
v -3790.94312 130.626007 -12.9069996
v -3788.90503 122.063004 -13.3360004
v -3774.12109 126.375 -35.3409996
v -3785.88208 148.516006 -29.7849998
v -3790.94312 130.626007 -12.9069996
v -3784.16797 32.3199997 20.3309994
v -3778.92212 36.8730011 10.4329996
v -3782.98193 40.7560005 24.2749996
v -3804.43896 27.6030006 50.3330002
v -3790.41797 31.6889992 35.7540016
v -3804.34204 32.1629982 52.9269981
v -3852.53589 108.389999 -146.209
v -3858.59204 114.317001 -144.669006
v -3840.4751 107.259003 -140.304993
v -3858.88403 112.759003 -149.983994
v -3861.87695 115.892998 -158.130005
v -3865.46606 122.112 -147.113007
v -3985.23193 375.213013 22.6930008
v -3998.35205 382.962006 16.4720001
v -4014.76709 370.990997 23.4080009
v -3984.12988 378.833008 13.7110004
v -3996.59106 386.229004 10.5150003
v -3998.35205 382.962006 16.4720001
v -3782.98193 40.7560005 24.2749996
v -3778.92212 36.8730011 10.4329996
v -3776.05493 45.2929993 9.30500031
v -3775.27905 48.1689987 -6.41100025
v -3776.05493 45.2929993 9.30500031
v -3777.06909 39.6800003 6.04099989
v -3829.6311 233.654007 -51.2330017
v -3842.25195 234.785004 -51.9169998
v -3829.74512 240.634003 -45.2939987
v -3818.54492 232.835999 -41.9990005
v -3829.6311 233.654007 -51.2330017
v -3822.42993 240.007004 -41.8110008
v -3996.78906 79.6940002 71.723999
v -3997.06299 93.6480026 70.2369995
v -4005.94604 84.6910019 64.8899994
v -4017.90796 95.973999 59.8160019
v -4005.94604 84.6910019 64.8899994
v -4006.89795 102.488998 65.5719986
v -3963.79297 260.059998 -142.360001
v -3951.06592 248.026993 -141.856995
v -3959.04004 246.25 -148.994003
v -3949.82104 240.501999 -145.679001
v -3946.16797 230.242004 -149.018005
v -3956.59692 236.050003 -155.188004
v -4060.1311 83.7220001 -108.950996
v -4050.28906 60.8810005 -121.775002
v -4053.81104 43.7550011 -115.417999
v -4054.24609 26.1389999 -112.665001
v -4036.92603 41.0540009 -135.796997
v -4029.21094 27.7709999 -138.774994
v -4050.22412 -70.9339981 -39.3089981
v -4057.16504 -68.4150009 -45.0359993
v -4046.65405 -74.5650024 -55.0629997
v -4063.01099 -65.060997 -35.7169991
v -4059.77588 -65.2310028 -29.2119999
v -4079.05103 -51.8359985 -19.0949993
v -3917.89697 290.410004 44.4720001
v -3896.84302 263.035004 49.1339989
v -3908.91992 288.708008 34.4799995
v -3896.84302 263.035004 49.1339989
v -3917.89697 290.410004 44.4720001
v -3934.8999 304.287994 46.8610001
v -3919.25293 238.253006 -122.577003
v -3913.646 225.106995 -126.488998
v -3930.33301 221.460007 -140.483994
v -3905.06909 240.007004 -110.583
v -3913.646 225.106995 -126.488998
v -3919.25293 238.253006 -122.577003
v -4028.11108 -23.3719997 44.3769989
v -4036.42505 -14.2770004 52.223999
v -4052.06494 -18.9169998 45.8730011
v -4031.12891 -32.7050018 33.3460007
v -4068.31104 -19.1790009 43.1489983
v -4071.72095 -25.7950001 33.4589996
v -4012.5481 -79.1380005 -83.5970001
v -4023.93994 -63.5029984 -95.0599976
v -4017.01489 -65.362999 -95.7310028
v -4012.24194 -46.7249985 -111.125
v -4022.47192 -45.8339996 -110.82
v -4011.85498 -29.5340004 -124.293999
v -4049.93091 336.890015 -3.55200005
v -4070.89502 305.889008 0.303000003
v -4057.37793 329.667999 3.15299988
v -4042.31006 350.511993 -3.18199992
v -4049.93091 336.890015 -3.55200005
v -4057.37793 329.667999 3.15299988
v -3984.12988 378.833008 13.7110004
v -3998.35205 382.962006 16.4720001
v -3985.23193 375.213013 22.6930008
v -3960.62305 359.781006 13.2030001
v -3969.68701 367.437012 20.8990002
v -3962.95996 357.777008 22.3330002
v -3881.21997 158.444 -153.270996
v -3871.0769 173.962006 -136.156006
v -3868.05591 165.029999 -139.806
v -3866.52002 178.813995 -130.283997
v -3855.30908 178.119003 -129.356003
v -3863.84009 170.468994 -136.007996
v -3875.53003 103.664001 -187.990005
v -3878.79102 96.3040009 -200.399994
v -3885.02588 107.476997 -197.360992
v -3882.51709 134.490997 -174.397995
v -3872.82104 110.260002 -179.151993
v -3885.7041 121.984001 -185.940994
v -3836.98389 -28.8209991 -134.802002
v -3827.72412 -21.6919994 -139.373993
v -3830.38794 -28.8980007 -132.326996
v -3843.00903 -38.0180016 -127.391998
v -3845.17407 -48.0649986 -118.765999
v -3858.48804 -62.1279984 -112.709
v -4012.24194 -46.7249985 -111.125
v -3993.21094 -32.2630005 -121.43
v -3984.59302 -52.8800011 -106.954002
v -3976.91699 -28.4799995 -123.702003
v -3944.88306 -30.5760002 -124.041
v -3970.771 -42.0419998 -115.028
v -3956.63794 317.61499 -70.0999985
v -3952.77197 310.593994 -71.4459991
v -3963.96899 318.240997 -71.663002
v -3964.67212 327.640991 -72.7480011
v -3960.80908 324.226013 -70.112999
v -3963.96899 318.240997 -71.663002
v -3957.51904 333.04599 40.7369995
v -3950.56104 323.367004 44.4780006
v -3936.41211 312.595001 38.5279999
v -3976.05103 323.484985 43.4049988
v -3967.45288 336.972992 41.7280006
v -3992.0791 331.196991 40.2970009
v -3933.59912 -6.40899992 74.7320023
v -3942.78296 -42.769001 43.9290009
v -3917.66211 -16.4349995 68.8310013
v -3896.41992 -13.9320002 66.4420013
v -3912.33008 0.823000014 82.9150009
v -3917.66211 -16.4349995 68.8310013
v -3895.73389 241.873001 -102.531998
v -3880.12891 221.279999 -114.795998
v -3896.33301 238.179001 -108.362999
v -3901.1521 244.466995 -107.153999
v -3907.50488 257.976013 -104.960999
v -3895.73389 241.873001 -102.531998
v -3893.78296 88.8410034 -223.531006
v -3888.30005 90.2819977 -220.278
v -3883.54004 83.6549988 -217.447006
v -3892.81201 94.1159973 -215.729996
v -3895.97412 100.685997 -216.341995
v -3900.97095 113.891998 -206.746002
v -4101.15186 109.450996 -23.8430004
v -4098.44922 115.178001 -29.7040005
v -4105.45996 81.5400009 -27.6369991
v -4095.03809 121.357002 -12.8769999
v -4097.28418 122.475998 -22.1329994
v -4100.45117 108.969002 -19.7180004
v -3951.01709 -64.5419998 8.83100033
v -3927.771 -53.2729988 24.5900002
v -3947.03003 -53.362999 32.5089989
v -3963.43188 -61.2589989 20.6070004
v -3955.15796 -54.3359985 30.7380009
v -3986.62988 -45.5270004 28.5599995
v -4055.04199 299.432007 -21.5939999
v -4062.74097 289.375 -18.7630005
v -4070.89502 305.889008 0.303000003
v -4058.59912 286.368988 -26.8610001
v -4062.74097 289.375 -18.7630005
v -4055.04199 299.432007 -21.5939999
v -3802.25098 3.16700006 -1.02600002
v -3807.43506 -3.1329999 5.27299976
v -3813.02808 -5.02600002 -1.64499998
v -3802.25098 3.16700006 -1.02600002
v -3786.89795 28.9780006 -4.71500015
v -3777.06909 39.6800003 6.04099989
v -3950.17798 313.360992 48.368
v -3958.11206 300.533997 50.4760017
v -3942.46289 300.205994 51.5750008
v -3961.80908 263.105988 62.0789986
v -3949.90796 283.209991 56.598999
v -3959.51001 287.988007 54.0579987
v -3892.81201 94.1159973 -215.729996
v -3884.52905 86.9469986 -215.847
v -3888.30005 90.2819977 -220.278
v -3877.57495 83.9560013 -211.278
v -3884.52905 86.9469986 -215.847
v -3892.81201 94.1159973 -215.729996
v -4002.323 -47.7840004 21.1210003
v -3989.75293 -36.7750015 36.8349991
v -4012.39697 -40.6739998 28.1749992
v -3955.15796 -54.3359985 30.7380009
v -3978.29492 -37.2919998 39.1640015
v -3986.62988 -45.5270004 28.5599995
v -3904.27295 3.84899998 80.2419968
v -3895.74805 -2.79999995 71.1110001
v -3893.43799 5.09700012 91.9779968
v -3896.41992 -13.9320002 66.4420013
v -3895.74805 -2.79999995 71.1110001
v -3904.27295 3.84899998 80.2419968
v -4077.31689 141.005997 19.1459999
v -4084.2561 119.445 8.36699963
v -4078.10205 116.386002 18.9099998
v -4077.31689 141.005997 19.1459999
v -4072.40308 138.035995 28.2859993
v -4074.53198 168.600998 25.757
v -3809.44604 -16.9869995 -3.89499998
v -3807.68701 -6.65600014 -7.19299984
v -3813.02808 -5.02600002 -1.64499998
v -3813.02808 -5.02600002 -1.64499998
v -3805.6709 1.83899999 -9.00300026
v -3802.25098 3.16700006 -1.02600002
v -3983.3999 308.54599 -86.973999
v -3975.56592 299.321014 -91.8769989
v -3983.521 295.334015 -104.778999
v -3983.521 295.334015 -104.778999
v -3990.81494 298.765991 -100.555
v -3990.80811 311.335999 -87.9049988
v -4062.979 190.783005 -115.878998
v -4046.57007 172.167999 -131.509995
v -4053.48291 154.955994 -117.170998
v -4035.96997 142.513 -137.494995
v -4022.92896 145.740005 -155.970001
v -4013.4729 107.330002 -161.531998
v -3896.60889 237.173004 -78.3460007
v -3890.83911 235.520004 -102.102997
v -3894.52905 238.712006 -87.276001
v -3893.4021 236.738007 -72.6829987
v -3884.75195 229.597 -70.7659988
v -3888.98511 229.056 -72.2099991
v -3827.7439 161.535995 -67.4339981
v -3824.00391 159.526993 -76.6399994
v -3839.02197 177.830994 -78.5350037
v -3812.46411 142.501007 -69.5849991
v -3816.56104 146.345993 -65.4909973
v -3806.12793 131.830002 -66.9100037
v -3953.06299 265.425995 -126.759003
v -3952.83691 260.105988 -129.623001
v -3959.00293 268.127014 -131.451004
v -3953.06299 265.425995 -126.759003
v -3935.61694 263.074005 -124.155998
v -3952.83691 260.105988 -129.623001
v -3971.04297 230.75 -153.507996
v -3980.16406 217.709 -152.988007
v -3980.98096 236.589996 -142.848999
v -3980.98096 236.589996 -142.848999
v -3980.16406 217.709 -152.988007
v -3991.46191 219.854004 -140.535995
v -3846.74292 -12.401 43.0579987
v -3842.21899 -9.48699951 44.7210007
v -3860.56396 -5.17999983 69.4020004
v -3847.7251 -14.1859999 37.8569984
v -3822.0249 -5.96000004 20.6919994
v -3834.81006 -6.6329999 40.5099983
v -3774.81592 20.3560009 -39.9519997
v -3767.07104 43.9360008 -37.3790016
v -3775.36108 29.5289993 -24.8869991
v -3786.27905 45.8460007 -53.1949997
v -3769.53101 40.0320015 -39.3139992
v -3776.7959 22.8810005 -44.4570007
v -3795.68701 151.294006 -18.3299999
v -3796.28711 136.998001 -7.72200012
v -3785.88208 148.516006 -29.7849998
v -3795.68701 151.294006 -18.3299999
v -3794.7749 156.709 -28.4419994
v -3799.72803 158.710999 -27.9689999
v -3820.19995 192.25 -39.1150017
v -3826.55591 185.164001 -43.9249992
v -3825.53809 200.845001 -43.4760017
v -3820.97803 212.031006 -41.7070007
v -3816.46191 203.869003 -35.9959984
v -3820.41797 200.876999 -39.8300018
v -3969.79907 247.358994 -147.098007
v -3963.79297 260.059998 -142.360001
v -3965.66699 244.356995 -151.110992
v -3980.98096 236.589996 -142.848999
v -3969.79907 247.358994 -147.098007
v -3971.04297 230.75 -153.507996
v -4013.03101 267.23999 53.112999
v -4003.03809 280.408997 49.5379982
v -4040.54297 282.252014 47.4199982
v -3974.15698 275.088013 55.269001
v -3959.51001 287.988007 54.0579987
v -3984.89893 283.563995 51.4830017
v -4052.08789 241.401001 -85.7009964
v -4055.83496 236.914001 -83.935997
v -4049.13696 248.070007 -78.5930023
v -4046.04492 244.466995 -84.6839981
v -4049.13696 248.070007 -78.5930023
v -4033.36792 246.945007 -82.4250031
v -3873.30005 249.658997 -50.4230003
v -3890.50391 276.489014 -38.2400017
v -3865.53003 269.803009 -33.8429985
v -3880.19189 291.102997 -21.5970001
v -3881.70801 282.360992 -30.0790005
v -3896.61011 290.631012 -30.0499992
v -4095.979 182.158997 -29.4309998
v -4089.64502 199.238007 -20.8069992
v -4095.76489 188.020996 -28.6229992
v -4095.979 182.158997 -29.4309998
v -4095.76489 188.020996 -28.6229992
v -4100.41113 188.037003 -38.1389999
v -3848.80591 76.197998 -159.772995
v -3845.49707 90.8339996 -150.007996
v -3840.97192 81.7519989 -144.468002
v -3845.49707 90.8339996 -150.007996
v -3858.88403 112.759003 -149.983994
v -3845.47192 92.375 -143.953995
v -3959.35205 242.173996 69.7770004
v -3943.55005 253.692001 66.6640015
v -3949.90796 283.209991 56.598999
v -3939.48389 248.544006 68.5270004
v -3959.35205 242.173996 69.7770004
v -3947.38696 224.858994 76.5719986
v -3804.56689 156.214005 -8.42399979
v -3806.08105 149.110992 -3.3440001
v -3796.28711 136.998001 -7.72200012
v -3813.46899 174.311996 -3.45900011
v -3823.92212 192.826004 3.41100001
v -3813.3689 165.098007 -0.91900003
v -4063.60596 220.613007 -113.077003
v -4072.75 219.466995 -103.610001
v -4068.71509 225.276001 -100.157997
v -4053.14111 229.054001 -102.908997
v -4063.60596 220.613007 -113.077003
v -4068.71509 225.276001 -100.157997
v -4059.68604 191.173004 46.0800018
v -4050.18701 203.145004 52
v -4055.94092 207.190002 49.8089981
v -4050.3689 172.606003 53.4059982
v -4048.96191 187.811005 53.1020012
v -4058.26196 181.072998 48.0149994
v -3846.61597 193.574997 -63.598999
v -3844.95703 208.526993 -69.2519989
v -3841.62598 197.501007 -61.8530006
v -3844.95703 208.526993 -69.2519989
v -3841.69702 216.169006 -70.8679962
v -3841.62598 197.501007 -61.8530006
v -4099.03906 203.018997 -49.6360016
v -4086.90991 220.367996 -76.2860031
v -4090.40601 211.024002 -71.9189987
v -4086.90991 220.367996 -76.2860031
v -4080.0791 220.335999 -90.6439972
v -4085.26807 216.382004 -82.7979965
v -4051.396 255.709 -48.4690018
v -4044.2229 262.359009 -54.1329994
v -4046.021 259.868011 -55.7980003
v -4049.13696 248.070007 -78.5930023
v -4046.24609 256.523987 -57.2070007
v -4042.07397 258.971985 -60.4399986
v -3843.94507 161.007004 -128.908997
v -3837.75903 165.235992 -132.75
v -3834.14111 155.973999 -127.193001
v -3848.24292 151.220993 -130.968994
v -3843.94507 161.007004 -128.908997
v -3835.67212 150.498993 -126.573997
v -3932.09009 271.492004 -103.075996
v -3939.46606 268.558014 -108.311996
v -3940.70288 275.234009 -98.9280014
v -3929.42407 264.753998 -120.32
v -3939.46606 268.558014 -108.311996
v -3932.09009 271.492004 -103.075996
v -3828.26294 219.011993 -11.823
v -3820.26294 213.906998 -21.5370007
v -3814.85889 214.354004 -37.4510002
v -3814.6001 193.910995 -16.0709991
v -3814.51709 212.188004 -33.4150009
v -3820.26294 213.906998 -21.5370007
v -4039.06006 174.270004 -141.371994
v -4030.32007 184.070999 -152.218002
v -4022.92896 145.740005 -155.970001
v -4039.06006 174.270004 -141.371994
v -4022.92896 145.740005 -155.970001
v -4035.96997 142.513 -137.494995
v -3857.09204 167.970001 -134.785004
v -3843.94507 161.007004 -128.908997
v -3854.47803 161.764008 -132.095001
v -3863.84009 170.468994 -136.007996
v -3868.05591 165.029999 -139.806
v -3871.0769 173.962006 -136.156006
v -3804.48901 -26.3360004 -43.0279999
v -3806.19897 -35.2330017 -29.257
v -3804.28394 -18.618 -60.0999985
v -3801.448 -11.967 -52.4249992
v -3802.3291 -12.408 -58.9350014
v -3800.04102 -3.95300007 -59.1660004
v -4079.38794 228.794006 -62.9430008
v -4093.95093 211.841003 -51.605999
v -4070.29395 235.009995 -40.855999
v -4064.46509 239.934006 -49.3909988
v -4071.11694 230.481003 -65.5309982
v -4071.3269 232.979996 -60.375
v -3862.41992 -89.0619965 -79.0289993
v -3854.83008 -83.0350037 -77.7779999
v -3850.0481 -85.0780029 -64.1139984
v -3851.99292 -85.685997 -62.1080017
v -3871.07593 -85.4499969 -64.7389984
v -3859.29297 -88.5400009 -70.5670013
v -3980.98096 236.589996 -142.848999
v -3991.46191 219.854004 -140.535995
v -3997.57202 242.042007 -122.222
v -4005.60596 222.505997 -124.528
v -3992.33594 212.25 -144.220993
v -4022.04395 222.248001 -122.445
v -3973.2041 41.25 -199.309998
v -3971.13696 48.4570007 -204.766006
v -3964.68896 42.2039986 -202.865005
v -3967.90698 27.4039993 -187.119995
v -3980.0979 29.3519993 -184.945007
v -3966.88794 35.0110016 -194.998993
v -3994.58008 130.442993 -186.774002
v -3966.13403 105.555 -218.067001
v -3966.62988 89.0630035 -216.595001
v -3961.74292 109.816002 -221.923996
v -3964.08496 65.6949997 -215.612
v -3966.62988 89.0630035 -216.595001
v -3797.68091 40.0569992 -117.003998
v -3793.40405 38.0419998 -110.406998
v -3794.85205 30.3190002 -111.013
v -3797.69312 39.7169991 -91.413002
v -3794.85205 30.3190002 -111.013
v -3793.40405 38.0419998 -110.406998
v -3956.59912 324.375 -26.0179996
v -3960.75806 327.283997 -25.7360001
v -3967.13403 337.859009 -16.3530006
v -3967.51611 341.131012 -37.6310005
v -3971.64795 348.290985 -28.1919994
v -3962.11694 328.657013 -31.1340008
v -3930.80908 25.9160004 -185.154007
v -3959.927 27.4619999 -188.074005
v -3945.18188 28.8999996 -191.126007
v -3920.91895 25.6949997 -187.154999
v -3938.84497 31.1450005 -197.447998
v -3923.95801 28.2479992 -201.108994
v -4010.65503 -68.2580032 -12.4540005
v -4007.05688 -77.012001 -28.4610004
v -3988.57104 -79.987999 -20.6310005
v -4059.77588 -65.2310028 -29.2119999
v -4032.46509 -72.862999 -34.7050018
v -4027.28198 -67.7369995 -20.2210007
v -3931.12891 103.808998 116.726997
v -3928.82202 113.009003 117.867996
v -3933.79297 103.024002 112.064003
v -3940.11694 95.7949982 107.225998
v -3949.70996 85.8759995 103.658997
v -3938.79199 95.1849976 110.822998
v -3930.80908 25.9160004 -185.154007
v -3892.33594 20.6119995 -178.705002
v -3886.53198 16.2989998 -167.408997
v -3892.33594 20.6119995 -178.705002
v -3869.73193 19.0039997 -176.048996
v -3886.53198 16.2989998 -167.408997
v -3855.79395 242.313995 -49.1699982
v -3873.30005 249.658997 -50.4230003
v -3854.979 259.800995 -36.4690018
v -3856.75903 232.164001 -59.2169991
v -3866.271 223.561005 -69.2770004
v -3881.46899 242.057007 -58.5419998
v -4006.25 27.0769997 79.6090012
v -3992.3689 32.7319984 89.0309982
v -3999.65405 39.2840004 82.1210022
v -4029.46191 24.8120003 68.4700012
v -4019.36694 35.6419983 71.3010025
v -4014.40405 46.0569992 72.2200012
v -3980.85693 -86.3379974 -57.9659996
v -3955.56494 -86.9319992 -78.8809967
v -3957.36206 -85.4889984 -63.4490013
v -3933.43896 -84.9919968 -68.6230011
v -3933.16211 -86.9290009 -81.3470001
v -3913.66211 -85.6050034 -72.1589966
v -4013.03101 267.23999 53.112999
v -3988.07593 264.234985 56.6300011
v -3992.85205 274.529999 52.3709984
v -3988.07593 264.234985 56.6300011
v -4001.89404 260.812012 55.875
v -3990.63989 255.496994 60.8030014
v -3841.33203 237.404999 6.23199987
v -3851.4939 229.326996 11.0830002
v -3847.229 229.134995 4.81799984
v -3851.4939 229.326996 11.0830002
v -3848.29102 217.223999 14.7989998
v -3847.229 229.134995 4.81799984
v -4014.40405 46.0569992 72.2200012
v -3999.65405 39.2840004 82.1210022
v -4006.104 63.2070007 72.0530014
v -3999.65405 39.2840004 82.1210022
v -4014.40405 46.0569992 72.2200012
v -4012.5979 33.0340004 75.1470032
v -3971.06494 272.015015 -132.231003
v -3963.92798 266.889008 -136.123993
v -3969.06592 260.86499 -140.410995
v -3959.00293 268.127014 -131.451004
v -3969.6499 275.01001 -128.610992
v -3953.2749 268.766998 -123.392998
v -4083.23389 217.873993 -17.3670006
v -4089.73999 204.753998 -19.316
v -4088.36792 198.992004 -14.6440001
v -4084.53809 183.492996 -16.7189999
v -4088.36792 198.992004 -14.6440001
v -4089.64502 199.238007 -20.8069992
v -3934.53394 226.225006 75.6740036
v -3922.7439 232.261002 65.6760025
v -3933.16992 238.828003 69.0009995
v -3920.05005 233.384995 63.2350006
v -3913.46606 255.852005 62.151001
v -3932.35889 239.636993 64.810997
v -3960.55298 123.693001 -225.328995
v -3948.0979 122.250999 -227.957001
v -3950.78491 114.459999 -230.320999
v -3960.55298 123.693001 -225.328995
v -3950.78491 114.459999 -230.320999
v -3961.74292 109.816002 -221.923996
v -4067.41089 7.14400005 55.2960014
v -4072.36499 17.6599998 53.8619995
v -4073.47803 -2.24099994 48.8800011
v -4064.98291 20 58.4970016
v -4065.07397 33.1090012 58.6829987
v -4070.5791 26.4529991 55.262001
v -3883.83691 138.675003 -169.313004
v -3888.12988 140.878006 -172.376999
v -3883.20996 145.557999 -157.626007
v -3882.51709 134.490997 -174.397995
v -3885.7041 121.984001 -185.940994
v -3890.68604 139.919006 -178.350998
v -4041.30908 102.033997 52.7639999
v -4030.45605 110.387001 57.2589989
v -4041.74512 117.739998 55.1930008
v -4041.30908 102.033997 52.7639999
v -4022.7041 85.4199982 57.7639999
v -4025.74194 103.972 56.9080009
v -3933.16992 238.828003 69.0009995
v -3932.35889 239.636993 64.810997
v -3939.48389 248.544006 68.5270004
v -3933.16992 238.828003 69.0009995
v -3922.7439 232.261002 65.6760025
v -3932.35889 239.636993 64.810997
v -4027.13794 343.154999 33.1459999
v -3984.38794 344.167999 37.2989998
v -4021.88892 356.032013 29.2119999
v -4027.13794 343.154999 33.1459999
v -4021.88892 356.032013 29.2119999
v -4037.05005 339.207001 29.8850002
v -3862.32202 16.2539997 -173.447998
v -3841.42603 3.73199987 -158.544006
v -3848.77393 -0.114 -156.701004
v -3848.77393 -0.114 -156.701004
v -3841.42603 3.73199987 -158.544006
v -3833.48999 -17.1259995 -143.556
v -4078.31494 272.932007 -4.11000013
v -4081.41992 253.061996 1.73399997
v -4081.69092 264.695007 3.92799997
v -4081.41992 253.061996 1.73399997
v -4083.73608 227.626007 4.3210001
v -4081.36108 259.721985 6.65700006
v -4056.12207 98.7699966 50.5919991
v -4052.2229 98.0899963 52.5719986
v -4049.125 130.345001 52.5769997
v -4059.75488 82.2419968 49.5740013
v -4052.2229 98.0899963 52.5719986
v -4056.12207 98.7699966 50.5919991
v -3816.67505 152.272003 -120.208
v -3815.4519 143.016006 -122.643997
v -3820.48193 155.046997 -124.639999
v -3803.36304 124.289001 -116.348999
v -3799.66406 110.566002 -116.693001
v -3808.39795 132.429993 -120.472
v -3949.96704 -69.0479965 -96.75
v -3924.63599 -83.7089996 -89.552002
v -3951.43506 -84.3960037 -85.7900009
v -3951.43506 -84.3960037 -85.7900009
v -3924.63599 -83.7089996 -89.552002
v -3907.2041 -87.5049973 -84.4069977
v -4067.18408 280.475006 27.4430008
v -4060.0249 276.753998 41.2509995
v -4056.11694 293.221008 36.0909996
v -4061.10205 259.037994 48.6559982
v -4071.90698 272.384003 21.6520004
v -4071.0769 255.871002 29.052
v -3993.48901 211.496994 70.9250031
v -3980.70801 214.561996 74.2369995
v -3992.83105 220.505997 68.2160034
v -3956.3479 220.459 76.7799988
v -3975.89111 217.686005 71.5410004
v -3958.34302 213.656998 81.086998
v -4059.75488 82.2419968 49.5740013
v -4056.47705 67.4449997 54.480999
v -4049.40991 86.8980026 54.0439987
v -4061.479 62.2050018 52.9700012
v -4059.75488 82.2419968 49.5740013
v -4080.18311 57.6160011 28.4260006
v -3883.20996 145.557999 -157.626007
v -3888.12988 140.878006 -172.376999
v -3886.38208 152.371994 -158.022995
v -3882.18701 153.410004 -155.126999
v -3875.40405 155.516998 -147.244995
v -3879.86597 142.169006 -153.453003
v -4077.36499 -22.2900009 31.4540005
v -4071.72095 -25.7950001 33.4589996
v -4073.58691 -12.665 44.8409996
v -4078.8269 -45.4560013 -0.321999997
v -4076.27588 -34.8670006 18.4500008
v -4080.9021 -31.2579994 17.2759991
v -4047.64893 325.632996 23.6679993
v -4060.25488 309.967987 18.6930008
v -4047.49292 315.618988 32.137001
v -4067.18408 280.475006 27.4430008
v -4056.11694 293.221008 36.0909996
v -4062.3999 296.756989 26.7070007
v -3862.49707 195.998993 -114.897003
v -3866.52002 178.813995 -130.283997
v -3875.20288 195.563004 -117.753998
v -3881.13696 210.192993 -114.053001
v -3870.88989 201.259995 -113.796997
v -3879.38208 202.612 -115.769997
v -4064.46509 239.934006 -49.3909988
v -4064.66089 238.709 -45.3470001
v -4055.19092 245.348007 -48.9599991
v -4068.25806 238.580994 -49.8100014
v -4064.66089 238.709 -45.3470001
v -4064.46509 239.934006 -49.3909988
v -3963.43188 -61.2589989 20.6070004
v -3980.24194 -73.3030014 -3.17799997
v -3951.01709 -64.5419998 8.83100033
v -3963.43188 -61.2589989 20.6070004
v -3951.01709 -64.5419998 8.83100033
v -3947.03003 -53.362999 32.5089989
v -3964.13208 361.825012 7.7670002
v -3967.25903 366.460999 11.3030005
v -3960.62305 359.781006 13.2030001
v -3964.13208 361.825012 7.7670002
v -3965.08911 347.662994 -7.2249999
v -3967.35498 364.863007 3.67700005
v -3864.073 205.996994 -111.008003
v -3872.63696 210.089005 -113.983002
v -3873.95703 215.776001 -111.925003
v -3856.6311 194.867004 -116.916
v -3864.073 205.996994 -111.008003
v -3848.54395 191.231003 -117.755997
v -3896.60889 237.173004 -78.3460007
v -3893.4021 236.738007 -72.6829987
v -3888.98511 229.056 -72.2099991
v -3888.98511 229.056 -72.2099991
v -3885.62695 227.203995 -90.0309982
v -3896.60889 237.173004 -78.3460007
v -3933.16211 -86.9290009 -81.3470001
v -3907.2041 -87.5049973 -84.4069977
v -3913.66211 -85.6050034 -72.1589966
v -3870.87695 -90.8399963 -83.0999985
v -3892.51709 -86.9290009 -74.2710037
v -3891.37305 -88.8909988 -85.0329971
v -4099.13916 93.1050034 -37.9160004
v -4096.9502 72.052002 -40.7319984
v -4105.45996 81.5400009 -27.6369991
v -4096.9502 72.052002 -40.7319984
v -4096.27197 45.0169983 -43.5209999
v -4105.45996 81.5400009 -27.6369991
v -3822.42993 240.007004 -41.8110008
v -3818.66504 239.468994 -34.2639999
v -3818.54492 232.835999 -41.9990005
v -3814.62109 219.541 -37.2610016
v -3815.76904 228.947998 -38.4070015
v -3815.9939 233.886002 -34.4099998
v -4099.96387 11.493 0.995000005
v -4088.69897 -0.43900001 17.0370007
v -4089.30298 15.2779999 20.2119999
v -4073.47803 -2.24099994 48.8800011
v -4089.30298 15.2779999 20.2119999
v -4088.69897 -0.43900001 17.0370007
v -4071.19312 250.675003 -30.198
v -4065.86304 238.671005 -32.8170013
v -4068.40894 235.009003 -24.6110001
v -4068.40894 235.009003 -24.6110001
v -4065.86304 238.671005 -32.8170013
v -4076.08105 224.817001 -17.6329994
v -4023.93994 -63.5029984 -95.0599976
v -4026.17603 -50.6949997 -104.867996
v -4015.271 -55.9339981 -103.861
v -4034.03711 -64.3679962 -85.5650024
v -4026.17603 -50.6949997 -104.867996
v -4023.93994 -63.5029984 -95.0599976
v -3896.84302 263.035004 49.1339989
v -3934.8999 304.287994 46.8610001
v -3905.00806 264.154999 55.1930008
v -3905.00806 264.154999 55.1930008
v -3907.8291 257.315002 59.4339981
v -3896.84302 263.035004 49.1339989
v -3931.06689 -60.4420013 7.54799986
v -3943.4939 -66.0400009 -0.986999989
v -3934.54492 -68.7529984 -9.72200012
v -3966.62598 -79.0329971 -29.0869999
v -3938.32202 -74.6110001 -23.6870003
v -3955.81201 -72.8909988 -12.6160002
v -3839.12207 228.557007 -60.112999
v -3829.6311 233.654007 -51.2330017
v -3837.15088 224.022995 -62.3139992
v -3844.95703 208.526993 -69.2519989
v -3849.125 210.091003 -80.9280014
v -3841.69702 216.169006 -70.8679962
v -4033.43994 306.591003 -38.1119995
v -4022.99609 282.937012 -66.4700012
v -4031.34204 270.453003 -64.072998
v -4031.34204 270.453003 -64.072998
v -4019.98096 266.846985 -79.6279984
v -4033.26904 260.319 -65.8270035
v -3889.96606 124.304001 91.4079971
v -3877.10791 106.185997 83.4209976
v -3872.5481 120.123001 72.7109985
v -3877.10791 106.185997 83.4209976
v -3859.95605 93.9759979 70.2649994
v -3872.5481 120.123001 72.7109985
v -3933.90698 15.2709999 91.064003
v -3912.33008 0.823000014 82.9150009
v -3929.41504 19.9249992 90.6940002
v -3917.66211 -16.4349995 68.8310013
v -3912.33008 0.823000014 82.9150009
v -3933.59912 -6.40899992 74.7320023
v -4036.29199 225.845001 -114.658997
v -4034.24902 216.048996 -129.037994
v -4043.87012 222.932999 -116.362
v -4029.26904 209.085007 -139.276001
v -4032.41406 197.673004 -147.147995
v -4039.60205 213.565002 -129.742996
v -3841.69702 216.169006 -70.8679962
v -3851.18408 213.518997 -80.4729996
v -3844.22803 221.703003 -69.276001
v -3857.64893 212.630997 -83.9919968
v -3862.15088 215.227997 -76.7750015
v -3851.69507 217.740997 -73.3889999
v -3938.32202 -74.6110001 -23.6870003
v -3899.03589 -74.3359985 -33.6349983
v -3933.44702 -70.0690002 -11.21
v -3934.54492 -68.7529984 -9.72200012
v -3928.5061 -65.197998 -1.58099997
v -3931.06689 -60.4420013 7.54799986
v -3984.26904 385.404999 -8.90100002
v -3979.82202 378.751007 -19.8549995
v -3988.15991 381.25 -18.0039997
v -3984.26904 385.404999 -8.90100002
v -3988.15991 381.25 -18.0039997
v -3997.41309 386.143005 5.64900017
v -3806.31494 98.7190018 -125.113998
v -3793.53101 96.2630005 -118.322998
v -3799.16992 86.9449997 -120.848999
v -3791.12598 94.9250031 -114.684998
v -3786.63208 64.9380035 -112.987999
v -3789.73804 76.8290024 -116.327003
v -3991.04712 232.841995 69.6139984
v -3992.83105 220.505997 68.2160034
v -3975.89111 217.686005 71.5410004
v -3975.89111 217.686005 71.5410004
v -3992.83105 220.505997 68.2160034
v -3980.70801 214.561996 74.2369995
v -3877.5 0.587000012 -150.591995
v -3878.44409 -4.87199974 -147.335007
v -3889.25098 14.3319998 -163.908997
v -3878.44409 -4.87199974 -147.335007
v -3877.5 0.587000012 -150.591995
v -3872.50903 -15.6630001 -139.085999
v -3934.76294 82.3980026 -223.171005
v -3954.12988 95.1460037 -223.804001
v -3936.10498 107.490997 -229.774002
v -3958.33398 58.0530014 -217.335999
v -3957.54395 83.9469986 -221.229004
v -3945.81909 74.7959976 -220.679001
v -3855.79395 242.313995 -49.1699982
v -3856.75903 232.164001 -59.2169991
v -3881.46899 242.057007 -58.5419998
v -3839.12207 228.557007 -60.112999
v -3856.75903 232.164001 -59.2169991
v -3842.25195 234.785004 -51.9169998
v -4064.34912 44.6590004 55.8380013
v -4077.47095 26.2530003 43.2929993
v -4070.5791 26.4529991 55.262001
v -4072.36499 17.6599998 53.8619995
v -4077.47095 26.2530003 43.2929993
v -4076.35303 9.44499969 44.9090004
v -3805.6709 1.83899999 -9.00300026
v -3807.323 -3.58299994 -17.073
v -3804.36597 7.67500019 -21.7560005
v -3813.02808 -5.02600002 -1.64499998
v -3807.68701 -6.65600014 -7.19299984
v -3805.6709 1.83899999 -9.00300026
v -3811.07788 148.279007 -50.1699982
v -3816.38501 146.057999 -58.6459999
v -3819.53491 150.065994 -51.3899994
v -3804.21704 145.052994 -50.5579987
v -3807.20508 141.884995 -56.7019997
v -3816.38501 146.057999 -58.6459999
v -3888.26489 -5.27899981 65.526001
v -3876.93408 -6.31099987 65.4680023
v -3871.18896 -5.55200005 76.875
v -3870.09497 -3.81999993 82.4039993
v -3860.56396 -5.17999983 69.4020004
v -3869.23193 0.131999999 86.8990021
v -3897.71289 292.203003 13.2939997
v -3895.38501 303.713989 -7.80900002
v -3911.23096 297.984985 26.2830009
v -3889.2041 279.731995 19.9370003
v -3908.91992 288.708008 34.4799995
v -3881.83911 257.636993 35.1730003
v -3993.7749 175.598999 -184.856003
v -4012.04492 186.434998 -171.018005
v -4003.03809 192.050995 -166.962997
v -3992.09595 191.378998 -169.936996
v -4009.53906 200.895996 -153.882004
v -3992.33594 212.25 -144.220993
v -4007.06494 373.105988 -24.4309998
v -4012.896 367.347992 -28.8630009
v -4019.49097 370.253998 -20.4370003
v -3978.85205 357.221985 -43.4949989
v -4001.521 350.181 -48.0629997
v -4007.06494 373.105988 -24.4309998
v -3856.69604 199.311996 -95.7320023
v -3855.38306 198.121002 -106.975998
v -3875.18994 218.089996 -93.9000015
v -3843.89893 185.287003 -100.664001
v -3855.38306 198.121002 -106.975998
v -3856.69604 199.311996 -95.7320023
v -3903.4021 97.8310013 -226.423996
v -3904.31909 94.0250015 -227.311005
v -3930.2749 108.726997 -229.630005
v -3893.78296 88.8410034 -223.531006
v -3903.4021 97.8310013 -226.423996
v -3888.30005 90.2819977 -220.278
v -3865.35303 -41.5789986 19.6119995
v -3842.15601 -35.9490013 15.6700001
v -3864.41895 -34.7649994 24.0699997
v -3864.41895 -34.7649994 24.0699997
v -3877.25708 -29.9799995 30.0610008
v -3880.52002 -38.6940002 28.7579994
v -3840.79297 57.0239983 -160.975998
v -3837.0061 43.0929985 -169.556
v -3845.07007 61.2809982 -167.395996
v -3837.0061 43.0929985 -169.556
v -3839.34302 50.9280014 -163.328995
v -3824.89307 36.6199989 -159.820007
v -3942.45288 -80.5800018 -44.5830002
v -3920.27905 -80.6240005 -51.0169983
v -3898.94092 -76.2070007 -38.9900017
v -3898.94092 -76.2070007 -38.9900017
v -3905.18408 -80.6529999 -52.5680008
v -3882.07397 -82.3909988 -57.1790009
v -3919.56592 227.171005 65.8909988
v -3934.53394 226.225006 75.6740036
v -3933.4519 213.929993 82.4869995
v -3938.052 228.248001 75.6060028
v -3947.38696 224.858994 76.5719986
v -3941.38794 223.311996 79.7789993
v -3909.27808 -54.894001 -109.838997
v -3923.33008 -37.2610016 -119.053001
v -3894.92505 -41.3370018 -118.324997
v -3906.15796 -20.2619991 -131.281998
v -3894.92505 -41.3370018 -118.324997
v -3923.33008 -37.2610016 -119.053001
v -3863.66089 -30.7150002 24.8369999
v -3872.52905 -26.8630009 27.2080002
v -3877.25708 -29.9799995 30.0610008
v -3872.52905 -26.8630009 27.2080002
v -3866.63892 -22.2709999 30.3470001
v -3879.00098 -26.4780006 31.6830006
v -4099.69482 182.335999 -43.2879982
v -4092.90088 178.998001 -59.0509987
v -4095.03101 163.382996 -43.9720001
v -4100.41113 188.037003 -38.1389999
v -4096.59277 166.384003 -40.2220001
v -4095.54297 167.091995 -30.2439995
v -3774.81592 20.3560009 -39.9519997
v -3787.49194 15.677 -56.8429985
v -3776.7959 22.8810005 -44.4570007
v -3769.53101 40.0320015 -39.3139992
v -3774.81592 20.3560009 -39.9519997
v -3776.7959 22.8810005 -44.4570007
v -3845.07007 61.2809982 -167.395996
v -3852.20898 72.7900009 -173.781006
v -3848.80591 76.197998 -159.772995
v -3829.72192 54.0299988 -147.748001
v -3845.07007 61.2809982 -167.395996
v -3842.36792 68.8249969 -153.701004
v -4084.52295 145.001007 3.37400007
v -4086.87012 127.291 -4.42299986
v -4089.50488 118.255997 -0.713
v -4089.45801 118.463997 -5.49800014
v -4095.03809 121.357002 -12.8769999
v -4094.27295 102.292999 -5.36499977
v -3911.58789 123.096001 116.404999
v -3919.64209 144.367996 115.202003
v -3914.27197 107.778 126.436996
v -3911.93701 119.318001 115.885002
v -3909.91895 91.8949966 127.917999
v -3899.51099 104.278 111.292999
v -3896.71411 194.938004 -131.613998
v -3879.62598 179.113998 -135.091003
v -3899.65088 186.686005 -140.729004
v -3885.34912 172.524994 -143.738998
v -3893.94604 164.511002 -151.139008
v -3894.73901 180.464005 -141.731995
v -3980.29395 256.196991 -134.406998
v -3991.04492 258.790009 -122.041
v -3979.98389 276.010986 -124.646004
v -3984.68311 287.869995 -113.472
v -3991.04492 258.790009 -122.041
v -3995.26099 291.634003 -98.4899979
v -3792.81201 91.1119995 -84.7770004
v -3793.21899 101.578003 -100.655998
v -3796.62598 110.321999 -75.1360016
v -3795.65601 99.2289963 -73.7959976
v -3796.62598 110.321999 -75.1360016
v -3794.64502 111.254997 -70.7850037
v -4091.90503 132.419006 -9.7840004
v -4095.03809 121.357002 -12.8769999
v -4089.45801 118.463997 -5.49800014
v -4094.58398 129.313004 -14.4440002
v -4094.86694 138.167007 -21.1650009
v -4095.03809 121.357002 -12.8769999
v -3937.28394 208.360001 91.4649963
v -3949.53711 198.386993 90.3600006
v -3934.21411 190.585007 99.3089981
v -3934.21411 190.585007 99.3089981
v -3949.53711 198.386993 90.3600006
v -3963.83691 169.121994 88.8909988
v -3841.69702 216.169006 -70.8679962
v -3849.125 210.091003 -80.9280014
v -3851.18408 213.518997 -80.4729996
v -3857.64893 212.630997 -83.9919968
v -3852.54712 208.315002 -84.401001
v -3866.93408 209.556 -91.8470001
v -3829.72192 54.0299988 -147.748001
v -3840.79297 57.0239983 -160.975998
v -3845.07007 61.2809982 -167.395996
v -3824.89307 36.6199989 -159.820007
v -3839.34302 50.9280014 -163.328995
v -3829.72192 54.0299988 -147.748001
v -3919.64209 144.367996 115.202003
v -3911.58789 123.096001 116.404999
v -3913.59595 141.352005 108.519997
v -3911.93701 119.318001 115.885002
v -3911.58789 123.096001 116.404999
v -3914.27197 107.778 126.436996
v -3996.11206 26.7719994 85.7129974
v -3981.62988 15.4820004 81.5670013
v -3974.63989 34.118 94.112999
v -3974.27197 37.4609985 96.5449982
v -3967.74292 45.9309998 99.7180023
v -3984.53296 37.7369995 93.3600006
v -4065.44312 229.462997 -88.0579987
v -4060.20508 240.227997 -58.7519989
v -4056.46704 239.285995 -71.1780014
v -4049.13696 248.070007 -78.5930023
v -4055.83496 236.914001 -83.935997
v -4053.18408 246.570999 -71.5680008
v -3971.04297 230.75 -153.507996
v -3967.41309 210.391006 -165.873001
v -3976.56396 210.365005 -159.938995
v -3976.56396 210.365005 -159.938995
v -3963.33105 200.041 -174.022003
v -3969.02808 196.645004 -170.229004
v -4032.11401 305.973999 40.0099983
v -4021.03491 316.312988 40.9150009
v -4031.34497 332.071991 35.0909996
v -4026.91797 297.492004 44.3160019
v -4003.03809 280.408997 49.5379982
v -4021.03491 316.312988 40.9150009
v -3913.59595 141.352005 108.519997
v -3911.58789 123.096001 116.404999
v -3912.2771 136.910004 107.190002
v -3900.35498 161.397003 83.3270035
v -3910.53003 149.179993 99.6230011
v -3912.2771 136.910004 107.190002
v -3838.42993 -61.2490005 -77.1380005
v -3833.44409 -68.2229996 -53.8549995
v -3849.60889 -63.2949982 -99.1009979
v -3837.06201 -51.2999992 -92.401001
v -3838.42993 -61.2490005 -77.1380005
v -3849.60889 -63.2949982 -99.1009979
v -4089.50488 118.255997 -0.713
v -4094.27295 102.292999 -5.36499977
v -4094.17603 79.5059967 0.217999995
v -4094.27295 102.292999 -5.36499977
v -4089.50488 118.255997 -0.713
v -4089.45801 118.463997 -5.49800014
v -3938.50488 221.201004 -148.348999
v -3941.03101 217.895004 -153.104004
v -3944.85596 220.537003 -158.738998
v -3932.67798 236.145996 -132.906998
v -3930.33301 221.460007 -140.483994
v -3938.50488 221.201004 -148.348999
v -4035.96997 142.513 -137.494995
v -4013.4729 107.330002 -161.531998
v -4030.54492 123.081001 -140.167007
v -4047.4209 144.934998 -121.417
v -4030.54492 123.081001 -140.167007
v -4057.03394 143.365005 -108.361
v -3831.68896 102.119003 -136.612
v -3840.4751 107.259003 -140.304993
v -3828.50806 113.538002 -135.011002
v -3842.4729 95.2570038 -141.501007
v -3852.53589 108.389999 -146.209
v -3840.4751 107.259003 -140.304993
v -3967.45288 336.972992 41.7280006
v -3966.65503 347.533997 35.7890015
v -3974.8269 365.140991 29.302
v -3957.51904 333.04599 40.7369995
v -3967.45288 336.972992 41.7280006
v -3950.56104 323.367004 44.4780006
v -3918.65503 155.789001 106.807999
v -3919.64209 144.367996 115.202003
v -3913.59595 141.352005 108.519997
v -3924.88501 166.057007 107.584
v -3931.44702 167.690994 105.18
v -3920.55908 140.162994 117.160004
v -4007.05688 -77.012001 -28.4610004
v -3993.29492 -84.9560013 -40.1040001
v -3988.57104 -79.987999 -20.6310005
v -3988.57104 -79.987999 -20.6310005
v -3993.29492 -84.9560013 -40.1040001
v -3974.19312 -83.1849976 -43.1720009
v -4096.83203 38.2579994 -50.0180016
v -4104.56885 32.2669983 -41.0929985
v -4107.53711 43.4379997 -32.8759995
v -4110.54004 49.4920006 -27.4430008
v -4104.56885 32.2669983 -41.0929985
v -4109.51709 15.1059999 -32.1650009
v -3980.23511 330.748993 -71.5770035
v -3989.71094 328.994995 -70.9499969
v -3989.07397 335.156006 -65.4049988
v -3989.71094 328.994995 -70.9499969
v -3991.92798 321.619995 -78.1569977
v -3998.08789 331.5 -68.2320023
v -4020.77295 58.0320015 -152.617996
v -4008.49512 38.9220009 -164.710999
v -4042.5481 57.7970009 -129.716003
v -4048.73901 96.4660034 -118.258003
v -4032.16211 83.4649963 -140.289001
v -4046.33301 76.5879974 -125.156998
v -3805.25 64.2529984 34.7140007
v -3805.06299 94.237999 16.3799992
v -3816.54907 92.2979965 30.7999992
v -3816.54907 92.2979965 30.7999992
v -3805.06299 94.237999 16.3799992
v -3806.38989 119.484001 2.08500004
v -3925.927 177.917007 -167.998993
v -3926.26392 176.863998 -177.514999
v -3929.24805 182.595001 -177.574005
v -3929.24805 182.595001 -177.574005
v -3926.26392 176.863998 -177.514999
v -3936.34302 184.061996 -185.324997
v -3962.11694 328.657013 -31.1340008
v -3971.64795 348.290985 -28.1919994
v -3967.13403 337.859009 -16.3530006
v -3968.18799 351.449005 -8.72000027
v -3971.64795 348.290985 -28.1919994
v -3970.54907 364.877991 -6.76499987
v -3893.78296 88.8410034 -223.531006
v -3883.54004 83.6549988 -217.447006
v -3893.48096 75.7369995 -218.574005
v -3883.54004 83.6549988 -217.447006
v -3877.57495 83.9560013 -211.278
v -3897.37988 71.5110016 -217.218002
v -4038.91406 157.897003 58.7029991
v -4040.41211 196.634995 57.7039986
v -4050.3689 172.606003 53.4059982
v -4050.65796 157.257004 53.1899986
v -4049.125 130.345001 52.5769997
v -4038.91406 157.897003 58.7029991
v -3856.6311 194.867004 -116.916
v -3862.49707 195.998993 -114.897003
v -3867.05493 204.406998 -113.774002
v -3867.05493 204.406998 -113.774002
v -3864.073 205.996994 -111.008003
v -3856.6311 194.867004 -116.916
v -3873.177 146.302994 -145.972
v -3864.50488 133.748001 -144.154999
v -3873.26904 127.698997 -150.733002
v -3879.86597 142.169006 -153.453003
v -3873.177 146.302994 -145.972
v -3877.68701 132.389999 -154.294006
v -3955.64697 318.122986 -43.7540016
v -3963.40088 333.006012 -48.7509995
v -3962.11694 328.657013 -31.1340008
v -3955.64697 318.122986 -43.7540016
v -3956.63794 317.61499 -70.0999985
v -3963.40088 333.006012 -48.7509995
v -3784.56494 63.2560005 8.60400009
v -3789.11401 69.447998 9.09599972
v -3800.21509 81.9069977 17.6590004
v -3789.11401 69.447998 9.09599972
v -3784.56494 63.2560005 8.60400009
v -3779.73706 53.7550011 3.62300014
v -3944.80005 178.470993 -184.535995
v -3944.81909 158.134995 -195.757996
v -3966.85107 172.841995 -189.108994
v -3944.80005 178.470993 -184.535995
v -3952.94897 182.347 -184.796997
v -3944.26001 184.449005 -186.578003
v -3860.88306 80.8440018 -186.664001
v -3861.3479 74.1539993 -197.628998
v -3871.4231 85.7549973 -200.569
v -3851.50098 60.7639999 -186.697998
v -3860.88306 80.8440018 -186.664001
v -3845.07007 61.2809982 -167.395996
v -3841.56909 -22.0160007 19.0459995
v -3847.46094 -20.9890003 23.5219994
v -3856.26294 -25.1100006 24.4349995
v -3842.15601 -35.9490013 15.6700001
v -3841.56909 -22.0160007 19.0459995
v -3856.26294 -25.1100006 24.4349995
v -4083.73608 227.626007 4.3210001
v -4081.677 221.871002 -3.22200012
v -4085.96802 197.231995 1.07599998
v -4083.70996 187.147995 7.47800016
v -4085.96802 197.231995 1.07599998
v -4083.40503 169.479004 6.28000021
v -3854.47803 161.764008 -132.095001
v -3868.05591 165.029999 -139.806
v -3857.09204 167.970001 -134.785004
v -3875.40405 155.516998 -147.244995
v -3862.69702 159.608994 -136.537994
v -3873.177 146.302994 -145.972
v -4022.92896 145.740005 -155.970001
v -4001.32202 102.997002 -176.625
v -4013.4729 107.330002 -161.531998
v -4019.87305 92.2919998 -154.035004
v -3999.89697 85.5790024 -176.826996
v -4032.16211 83.4649963 -140.289001
v -4053.18408 246.570999 -71.5680008
v -4054.43408 242.514008 -67.9749985
v -4049.42603 248.320999 -56.4780006
v -4053.18408 246.570999 -71.5680008
v -4055.83496 236.914001 -83.935997
v -4056.46704 239.285995 -71.1780014
v -3799.72803 158.710999 -27.9689999
v -3803.35596 156.677002 -35.2179985
v -3805.40796 164.453003 -29.3349991
v -3803.35596 156.677002 -35.2179985
v -3817.21094 154.048996 -44.5060005
v -3808.21802 161.694 -34.9910011
v -3932.91406 127.790001 -218.287994
v -3937.01099 115.703003 -228.860992
v -3947.30005 130.434006 -221.796997
v -3918.11011 107.688004 -226.597
v -3937.01099 115.703003 -228.860992
v -3932.91406 127.790001 -218.287994
v -3885.53711 150.386002 73.8069992
v -3879.43799 170.710999 57.7669983
v -3899.52002 176.675995 75.1330032
v -3885.53711 150.386002 73.8069992
v -3859.79492 124.642998 56.3689995
v -3864.21997 156.231003 48.3909988
v -4090.92603 36.6959991 -52.1399994
v -4084.82788 30.2380009 -62.3610001
v -4092.95703 27.4330006 -56.512001
v -4080.67896 54.0400009 -67.6149979
v -4084.82788 30.2380009 -62.3610001
v -4096.27197 45.0169983 -43.5209999
v -3968.03101 199.365005 82.4899979
v -3979.39502 174.016006 81.5319977
v -3963.83691 169.121994 88.8909988
v -3968.31299 159.199005 87.8180008
v -3979.39502 174.016006 81.5319977
v -3984.7561 157.772995 80.5240021
v -4005.2959 4.2420001 -149.787994
v -3986.37891 10.8629999 -161.791
v -3996.64307 0.34799999 -149.447998
v -3953.39111 14.5179996 -168.875
v -3977.5271 0.987999976 -150.487
v -3986.37891 10.8629999 -161.791
v -3954.46411 353.410004 13.4560003
v -3960.62305 359.781006 13.2030001
v -3962.95996 357.777008 22.3330002
v -3936.1499 346.566986 -7.04099989
v -3951.89795 355.348999 5.19199991
v -3943.3999 350.102997 1.98000002
v -3838.34912 179.266006 -56.9570007
v -3844.90503 188.397995 -61.4469986
v -3837.77588 184.544006 -54.0029984
v -3824.177 159.145004 -47.7509995
v -3832.60693 172.207001 -51.1959991
v -3829.91895 177.335999 -45.9799995
v -3924.9231 149.466995 -195.966003
v -3932.91406 127.790001 -218.287994
v -3938.68896 145.858994 -205.042007
v -3920.66797 168.505005 -179.973999
v -3924.9231 149.466995 -195.966003
v -3930.30591 159.916 -191.048996
v -4090.92603 36.6959991 -52.1399994
v -4092.95703 27.4330006 -56.512001
v -4096.83203 38.2579994 -50.0180016
v -4092.95703 27.4330006 -56.512001
v -4104.56885 32.2669983 -41.0929985
v -4096.83203 38.2579994 -50.0180016
v -3931.32593 129.921005 112.380997
v -3926.71094 120.482002 118.502998
v -3920.55908 140.162994 117.160004
v -3936.05811 124.452003 109.309998
v -3933.79297 103.024002 112.064003
v -3928.82202 113.009003 117.867996
v -3923.82397 200.261002 -149.281006
v -3915.42993 201.373001 -145.537994
v -3922.59595 193.666 -150.274002
v -3927.58105 200.352005 -154.731995
v -3922.59595 193.666 -150.274002
v -3930.84399 201.253998 -161.824005
v -3864.1001 113.663002 65.9990005
v -3842.14307 104.834 48.2369995
v -3843.12207 124.546997 39.2229996
v -3816.54907 92.2979965 30.7999992
v -3833.75391 113.411003 35.6549988
v -3842.14307 104.834 48.2369995
v -3843.62305 184.242996 -66.7269974
v -3844.90503 188.397995 -61.4469986
v -3838.34912 179.266006 -56.9570007
v -3843.62305 184.242996 -66.7269974
v -3851.16406 190.714005 -82.6930008
v -3844.90503 188.397995 -61.4469986
v -4073.26099 302.326996 3.78299999
v -4070.89502 305.889008 0.303000003
v -4075.96997 293.38501 -1.53100002
v -4057.37793 329.667999 3.15299988
v -4070.89502 305.889008 0.303000003
v -4070.48999 306.657013 5.58599997
v -3963.92798 266.889008 -136.123993
v -3963.79297 260.059998 -142.360001
v -3969.06592 260.86499 -140.410995
v -3959.00293 268.127014 -131.451004
v -3952.83691 260.105988 -129.623001
v -3963.79297 260.059998 -142.360001
v -3859.95605 93.9759979 70.2649994
v -3840.78589 71.6340027 62.1920013
v -3842.14307 104.834 48.2369995
v -3840.78589 71.6340027 62.1920013
v -3849.18506 63.9510002 75.086998
v -3829.71191 54.4760017 62.1710014
v -3913.30396 257.876007 -57.4239998
v -3924.46606 271.687988 -52.8740005
v -3924.2229 271.214996 -48.5810013
v -3920.41895 267.027008 -61.8699989
v -3913.30396 257.876007 -57.4239998
v -3904.73804 248.009995 -70.0299988
v -4005.2959 4.2420001 -149.787994
v -3994.8269 17.9619999 -165.587997
v -3986.37891 10.8629999 -161.791
v -4006.75195 18.0890007 -155.996994
v -3994.8269 17.9619999 -165.587997
v -4005.2959 4.2420001 -149.787994
v -3803.40894 107.333 -121.257004
v -3811.47607 113.845001 -120.995003
v -3799.66406 110.566002 -116.693001
v -3793.53101 96.2630005 -118.322998
v -3800.5769 104.209999 -121.943001
v -3796.77905 106.084999 -115.802002
v -4085.10107 -27.802 -59.2029991
v -4073.95898 -45.8909988 -49.4959984
v -4094.12695 -30.3260002 -36.4350014
v -4073.20996 -56.0379982 -28.1270008
v -4094.12695 -30.3260002 -36.4350014
v -4073.95898 -45.8909988 -49.4959984
v -3933.48511 248.514999 -127.745003
v -3916.48804 250.531998 -115.258003
v -3919.25293 238.253006 -122.577003
v -3935.61694 263.074005 -124.155998
v -3928.16309 255.291 -121.790001
v -3942.93091 254.427002 -130.320999
v -3839.16089 159.755005 17.4750004
v -3820.42212 134.880005 9.0710001
v -3823.83594 151.110001 2.45799994
v -3823.83594 151.110001 2.45799994
v -3850.59497 188.147003 7.80599976
v -3851.17603 177.173004 20.5620003
v -4073.52393 -39.0009995 -61.7919998
v -4073.95898 -45.8909988 -49.4959984
v -4085.10107 -27.802 -59.2029991
v -4072.61597 -24.2789993 -77.7389984
v -4076.08911 -29.6819992 -70.1689987
v -4084.89697 -23.1620007 -64.2229996
v -3989.51904 168.673996 -191.356995
v -3975.62793 153.330994 -202.382996
v -3982.51904 153.384003 -200.013
v -3975.62793 153.330994 -202.382996
v -3974.94507 141.216003 -209.220001
v -3982.51904 153.384003 -200.013
v -3932.3501 281.593994 -43.5419998
v -3924.46606 271.687988 -52.8740005
v -3937.83105 290.115997 -41.487999
v -3933.48804 299.725006 -33.605999
v -3932.3501 281.593994 -43.5419998
v -3944.09497 301.308014 -35.1160011
v -4017.46411 244.606995 63.8219986
v -3991.04712 232.841995 69.6139984
v -3996.03101 239.645004 68.2949982
v -3991.04712 232.841995 69.6139984
v -3968.61597 223.266006 73.8099976
v -3970.35791 230.843002 72.9290009
v -4052.96411 -64.987999 -60.4300003
v -4044.61401 -60.8479996 -76.7850037
v -4038.95508 -74.1500015 -67.5439987
v -4037.28394 -77.7659988 -54.7750015
v -4046.65405 -74.5650024 -55.0629997
v -4032.76807 -79.8030014 -66.7210007
v -3969.21509 360.950012 29.1609993
v -3974.8269 365.140991 29.302
v -3966.65503 347.533997 35.7890015
v -3969.21509 360.950012 29.1609993
v -3969.68701 367.437012 20.8990002
v -3974.8269 365.140991 29.302
v -4078.24805 286.540009 -1.63300002
v -4071.00488 282.095001 -12.0010004
v -4078.31494 272.932007 -4.11000013
v -4078.31494 272.932007 -4.11000013
v -4079.80103 280.856995 3.29099989
v -4078.24805 286.540009 -1.63300002
v -4044.2229 262.359009 -54.1329994
v -4051.396 255.709 -48.4690018
v -4059.04492 257.028992 -39.5180016
v -4059.04492 257.028992 -39.5180016
v -4057.89795 248.225006 -39.8030014
v -4065.86304 238.671005 -32.8170013
v -4042.5481 57.7970009 -129.716003
v -4032.16211 83.4649963 -140.289001
v -4020.77295 58.0320015 -152.617996
v -4032.16211 83.4649963 -140.289001
v -3999.89697 85.5790024 -176.826996
v -4020.77295 58.0320015 -152.617996
v -3939.32104 -10.6870003 -140.785004
v -3913.62988 -8.73400021 -141.684006
v -3907.39795 -14.9540005 -135.488007
v -3913.62988 -8.73400021 -141.684006
v -3882.9209 2.41799998 -153.983002
v -3907.39795 -14.9540005 -135.488007
v -3866.63892 -22.2709999 30.3470001
v -3847.46094 -20.9890003 23.5219994
v -3860.90991 -17.7609997 32.25
v -3869.54492 -18.0540009 36.2910004
v -3867.06104 -15.1009998 39.0849991
v -3878.10596 -10.8330002 49.1230011
v -3816.38501 146.057999 -58.6459999
v -3800.16699 126.045998 -63.6559982
v -3806.12793 131.830002 -66.9100037
v -3792.35303 112.740997 -67.4240036
v -3806.12793 131.830002 -66.9100037
v -3800.16699 126.045998 -63.6559982
v -3899.28809 307.536011 -16.1949997
v -3896.61011 290.631012 -30.0499992
v -3909.59204 303.542999 -22.7080002
v -3899.28809 307.536011 -16.1949997
v -3905.91602 314.686005 -13.0410004
v -3900.26392 309.950012 -10.868
v -4093.95093 211.841003 -51.605999
v -4092.99805 209.429993 -31.934
v -4083.23389 217.873993 -17.3670006
v -4097.94922 203.824005 -33.9580002
v -4093.95093 211.841003 -51.605999
v -4099.03906 203.018997 -49.6360016
v -3927.40503 29.302 103.778
v -3927.01489 51.2739983 111.037003
v -3937.73706 33.1949997 104.185997
v -3940.19312 51.2480011 109.067001
v -3937.73706 33.1949997 104.185997
v -3927.01489 51.2739983 111.037003
v -3922.91211 -45.5699997 39.6720009
v -3909.45703 -40.5099983 43.6790009
v -3930.28809 -34.5900002 52.1819992
v -3906.86108 -54.5089989 14.7250004
v -3909.45703 -40.5099983 43.6790009
v -3922.91211 -45.5699997 39.6720009
v -4047.17407 64.6559982 57.5970001
v -4038.29492 27.8419991 65.3860016
v -4033.68994 64.3710022 60.3839989
v -4047.17407 64.6559982 57.5970001
v -4040.66406 78.0759964 57.1189995
v -4047.57397 98.4769974 52.6920013
v -3833.48999 -17.1259995 -143.556
v -3841.42603 3.73199987 -158.544006
v -3827.72412 -21.6919994 -139.373993
v -3833.48999 -17.1259995 -143.556
v -3827.72412 -21.6919994 -139.373993
v -3836.98389 -28.8209991 -134.802002
v -3767.46289 97.1719971 -32.4039993
v -3782.0271 103.634003 -14.8719997
v -3777.03198 92.6920013 -18.0400009
v -3777.03198 92.6920013 -18.0400009
v -3782.0271 103.634003 -14.8719997
v -3787.11792 99.776001 -11.7679996
v -3840.28491 176.475006 -74.4430008
v -3843.53198 180.929001 -79.6480026
v -3851.16406 190.714005 -82.6930008
v -3839.02197 177.830994 -78.5350037
v -3840.28491 176.475006 -74.4430008
v -3836.021 167.643005 -63.0229988
v -3886.80493 -15.1090002 58.1220016
v -3887.51294 -7.36600018 60.6520004
v -3895.74805 -2.79999995 71.1110001
v -3888.26489 -5.27899981 65.526001
v -3871.18896 -5.55200005 76.875
v -3895.74805 -2.79999995 71.1110001
v -3931.06689 -60.4420013 7.54799986
v -3928.5061 -65.197998 -1.58099997
v -3906.86108 -54.5089989 14.7250004
v -3906.86108 -54.5089989 14.7250004
v -3922.91211 -45.5699997 39.6720009
v -3927.771 -53.2729988 24.5900002
v -3819.71802 -23.9080009 -113.607002
v -3810.8291 -18.4529991 -98.0210037
v -3823.39307 -33.9780006 -93.4800034
v -3805.95093 -10.0539999 -116.628998
v -3819.71802 -23.9080009 -113.607002
v -3820.87695 -21.2320004 -131.522003
v -3932.89307 285.381012 -82.7979965
v -3935.04297 285.738007 -86.2929993
v -3948.86694 302.350006 -76.387001
v -3919.9939 273.552002 -100.224998
v -3922.39307 274.182007 -103.961998
v -3927.06689 280.096985 -88.0410004
v -3761.96802 88.3619995 -36.0950012
v -3763.68408 65.9599991 -25.2749996
v -3760.32593 75.2259979 -33.6300011
v -3760.27393 77.5230026 -38.0509987
v -3761.84912 64.8249969 -33.4980011
v -3764.41211 65.487999 -39.6529999
v -3846.37695 178.580994 -129.050003
v -3845.12891 177.921005 -125.242996
v -3839.21411 176.179993 -131.438995
v -3852.99194 188.617004 -120.311996
v -3845.12891 177.921005 -125.242996
v -3851.41797 183.307007 -124.969002
v -3908.41992 56.3590012 113.934998
v -3911.39795 77.6709976 122.070999
v -3927.01489 51.2739983 111.037003
v -3895.78101 62.8440018 116.017998
v -3885.823 66.4670029 116.220001
v -3901.86206 80.737999 123.815002
v -4073.20996 -56.0379982 -28.1270008
v -4063.01099 -65.060997 -35.7169991
v -4079.05103 -51.8359985 -19.0949993
v -4062.35303 -58.8460007 -52.5810013
v -4057.16504 -68.4150009 -45.0359993
v -4073.20996 -56.0379982 -28.1270008
v -4069.02905 -9.63199997 49.8639984
v -4067.41089 7.14400005 55.2960014
v -4073.47803 -2.24099994 48.8800011
v -4088.69897 -0.43900001 17.0370007
v -4073.58691 -12.665 44.8409996
v -4073.47803 -2.24099994 48.8800011
v -3978.85205 357.221985 -43.4949989
v -3972.19604 342.835999 -57.769001
v -3975.13599 342.243988 -59.6040001
v -3971.58203 327.984009 -71.7919998
v -3972.07007 322.48999 -70.711998
v -3980.23511 330.748993 -71.5770035
v -3993.29492 -84.9560013 -40.1040001
v -4021.60693 -79.7809982 -48.2280006
v -4002.80103 -86.4329987 -55.4650002
v -4021.60693 -79.7809982 -48.2280006
v -4022.39307 -83.0400009 -61.7270012
v -4002.80103 -86.4329987 -55.4650002
v -3863.13501 -76.2770004 -101.142998
v -3849.60889 -63.2949982 -99.1009979
v -3854.83008 -83.0350037 -77.7779999
v -3871.22705 -86.1800003 -95.4499969
v -3863.13501 -76.2770004 -101.142998
v -3865.84692 -84.9899979 -93.7030029
v -3761.96802 88.3619995 -36.0950012
v -3762.14893 87.177002 -39.9220009
v -3762.86108 101.043999 -41.1749992
v -3760.32593 75.2259979 -33.6300011
v -3760.27393 77.5230026 -38.0509987
v -3761.96802 88.3619995 -36.0950012
v -4031.48804 364.97699 -8.99499989
v -4039.46411 348.933014 -9.09700012
v -4042.31006 350.511993 -3.18199992
v -4036.8269 357.895996 1.59399998
v -4032.20801 358.540985 17.7849998
v -4024.36792 370.946991 -8.4119997
v -4063.45996 -5.07999992 -94.8759995
v -4072.61597 -24.2789993 -77.7389984
v -4077.81299 -17.0979996 -75.8740005
v -4088.4541 24.243 -62.8699989
v -4074.59497 1.15999997 -79.5770035
v -4080.49097 3.06500006 -75.1579971
v -3796.99707 56.3499985 30.0389996
v -3791.79907 35.6310005 39.4049988
v -3782.98193 40.7560005 24.2749996
v -3791.79907 35.6310005 39.4049988
v -3790.41797 31.6889992 35.7540016
v -3784.08496 37.5419998 27.5979996
v -3967.35498 364.863007 3.67700005
v -3972.2251 376.102997 1.13199997
v -3970.84009 372.126007 9.89799976
v -3967.35498 364.863007 3.67700005
v -3967.25903 366.460999 11.3030005
v -3964.13208 361.825012 7.7670002
v -3774.81592 20.3560009 -39.9519997
v -3777.93091 18.5349998 -34.0589981
v -3785.95801 10.0970001 -34.3199997
v -3777.93091 18.5349998 -34.0589981
v -3794.5979 9.75500011 -24.3770008
v -3785.95801 10.0970001 -34.3199997
v -4074.59497 1.15999997 -79.5770035
v -4073.91406 42.5550003 -79.5510025
v -4065.61694 1.24800003 -94.1679993
v -4074.59497 1.15999997 -79.5770035
v -4065.61694 1.24800003 -94.1679993
v -4074.32593 -7.49700022 -83.2570038
v -4006.89795 102.488998 65.5719986
v -3997.06299 93.6480026 70.2369995
v -3997.44092 118.575996 69.5019989
v -4005.94604 84.6910019 64.8899994
v -3997.06299 93.6480026 70.2369995
v -4006.89795 102.488998 65.5719986
v -4023.67212 242.720001 -87.7460022
v -4036.29199 225.845001 -114.658997
v -4047.35791 241.085999 -87.5849991
v -4043.87012 222.932999 -116.362
v -4051.90308 232.593994 -99.8909988
v -4036.29199 225.845001 -114.658997
v -3813.46899 174.311996 -3.45900011
v -3808.89893 165.459 -6.63899994
v -3808.11011 171.968994 -16.5890007
v -3808.89893 165.459 -6.63899994
v -3813.46899 174.311996 -3.45900011
v -3813.3689 165.098007 -0.91900003
v -3804.76489 63.5540009 -70.0660019
v -3792.96606 75.0279999 -83.1360016
v -3798.42993 82.2969971 -73.3970032
v -3804.76489 63.5540009 -70.0660019
v -3799.50293 79.8580017 -70.7770004
v -3792.68506 93.9169998 -67.8330002
v -4077.81299 -17.0979996 -75.8740005
v -4084.89697 -23.1620007 -64.2229996
v -4082.70703 -0.254999995 -71.9560013
v -4080.49097 3.06500006 -75.1579971
v -4074.59497 1.15999997 -79.5770035
v -4074.32593 -7.49700022 -83.2570038
v -4013.32495 244.910004 -98.9329987
v -4010.07593 229.621002 -111.561996
v -4023.67212 242.720001 -87.7460022
v -4033.36792 246.945007 -82.4250031
v -4023.67212 242.720001 -87.7460022
v -4047.35791 241.085999 -87.5849991
v -3976.83594 98.1800003 82.5579987
v -3955.62207 86.8649979 96.6299973
v -3957.36792 97.8410034 94.1610031
v -3955.62207 86.8649979 96.6299973
v -3943.05298 108.741997 104.143997
v -3957.36792 97.8410034 94.1610031
v -3931.073 -48.7270012 -112.735001
v -3920.77588 -62.0289993 -104.768997
v -3949.854 -64.7959976 -100.239998
v -3931.073 -48.7270012 -112.735001
v -3923.33008 -37.2610016 -119.053001
v -3909.27808 -54.894001 -109.838997
v -3914.03906 211.360992 -141.503006
v -3912.22607 207.811996 -142.214005
v -3922.19702 208.406006 -150.261002
v -3887.99292 217.516998 -119.122002
v -3912.22607 207.811996 -142.214005
v -3914.03906 211.360992 -141.503006
v -3809.9729 184.132004 -22.5569992
v -3811.70703 186.322998 -29.7019997
v -3813.18408 198.514999 -25.7099991
v -3813.46899 174.311996 -3.45900011
v -3808.11011 171.968994 -16.5890007
v -3814.6001 193.910995 -16.0709991
v -3949.96704 -69.0479965 -96.75
v -3949.854 -64.7959976 -100.239998
v -3904.17603 -61.3320007 -105.848
v -3968.64795 -86.8740005 -81.3270035
v -3987.09204 -67.7539978 -95.6689987
v -3969.23901 -75.447998 -90.5970001
v -4108.854 -10.6970005 -27.1299992
v -4104.41113 -16.0699997 -36.1100006
v -4105.86523 -18.0699997 -24.3729992
v -4105.86523 -18.0699997 -24.3729992
v -4094.06396 -30.2619991 -9.91800022
v -4107.13818 -13.552 -21.2070007
v -3908.62988 266.829987 -49.8530006
v -3913.30396 257.876007 -57.4239998
v -3917.3479 275.644012 -45.3600006
v -3902.81494 256.552002 -53.6699982
v -3913.30396 257.876007 -57.4239998
v -3908.62988 266.829987 -49.8530006
v -3792.5 23.9120007 -58.2319984
v -3806.21997 38.5320015 -69.6350021
v -3776.7959 22.8810005 -44.4570007
v -3802.16602 32.6279984 -85.3899994
v -3807.03711 33.1640015 -70.6660004
v -3798.20605 20.0839996 -68.3059998
v -3850.94604 238.662994 15.7449999
v -3845.6311 251.867004 0.834999979
v -3854.66089 244.552002 15.9060001
v -3855.80908 237.332001 22.2469997
v -3851.4939 229.326996 11.0830002
v -3850.94604 238.662994 15.7449999
v -4068.91699 -55.7540016 -13.7530003
v -4040.15308 -59.9339981 -10.0220003
v -4070.03491 -47.368 1.08899999
v -4068.91699 -55.7540016 -13.7530003
v -4078.8269 -45.4560013 -0.321999997
v -4082.87695 -47.6030006 -12.9169998
v -3842.36792 68.8249969 -153.701004
v -3845.07007 61.2809982 -167.395996
v -3848.80591 76.197998 -159.772995
v -3848.80591 76.197998 -159.772995
v -3840.97192 81.7519989 -144.468002
v -3837.88892 72.0899963 -143.682999
v -4091.2019 109.875999 -53.2260017
v -4076.53491 97.2310028 -77.2630005
v -4095.75488 96.2020035 -43.7999992
v -4095.75488 96.2020035 -43.7999992
v -4091.88599 132.085007 -47.1300011
v -4091.2019 109.875999 -53.2260017
v -4033.26904 260.319 -65.8270035
v -4044.2229 262.359009 -54.1329994
v -4031.34204 270.453003 -64.072998
v -4027.21289 247.973999 -80.4639969
v -4042.07397 258.971985 -60.4399986
v -4038.73608 259.985992 -59.6329994
v -3818.69995 -31.8419991 -80.4250031
v -3823.39307 -33.9780006 -93.4800034
v -3803.12305 -13.0500002 -76.5749969
v -3838.42993 -61.2490005 -77.1380005
v -3837.06201 -51.2999992 -92.401001
v -3820.62402 -39.8590012 -67.697998
v -3967.58691 274.837006 -120.024002
v -3969.6499 275.01001 -128.610992
v -3973.38501 277.862 -123.889999
v -3964.70508 292.979004 -90.4509964
v -3958.26001 274.355988 -114.748001
v -3969.72803 282.93399 -112.328003
v -3794.48706 11.0209999 -63.5519981
v -3796.89893 19.7220001 -64.3399963
v -3792.5 23.9120007 -58.2319984
v -3796.89893 19.7220001 -64.3399963
v -3807.03711 33.1640015 -70.6660004
v -3792.5 23.9120007 -58.2319984
v -3826.79102 66.4440002 -132.315002
v -3812.24097 46.8279991 -130.992004
v -3828.94189 65.3270035 -137.054993
v -3826.79102 66.4440002 -132.315002
v -3828.94189 65.3270035 -137.054993
v -3845.47192 92.375 -143.953995
v -3867.06104 -15.1009998 39.0849991
v -3853.58203 -12.6490002 45.7599983
v -3854.66406 -9.45800018 52.8359985
v -3854.66406 -9.45800018 52.8359985
v -3846.74292 -12.401 43.0579987
v -3860.56396 -5.17999983 69.4020004
v -3958.26001 274.355988 -114.748001
v -3953.2749 268.766998 -123.392998
v -3967.58691 274.837006 -120.024002
v -3967.58691 274.837006 -120.024002
v -3969.72803 282.93399 -112.328003
v -3958.26001 274.355988 -114.748001
v -4107.13818 -13.552 -21.2070007
v -4105.93506 0.0689999983 -12.8319998
v -4113.00879 7.17399979 -20.5330009
v -4106.55176 26.2269993 -8.3739996
v -4114.62402 18.2700005 -20.6700001
v -4108.2832 12.8900003 -12.2530003
v -4077.31689 141.005997 19.1459999
v -4083.19312 153.981995 6.34000015
v -4084.52295 145.001007 3.37400007
v -4084.52295 145.001007 3.37400007
v -4083.13306 157.979996 1.45300007
v -4080.53906 154.425003 -6.42399979
v -3806.70093 -10.5559998 -33.3520012
v -3804.48901 -26.3360004 -43.0279999
v -3805.125 -6.39099979 -39.3089981
v -3806.70093 -10.5559998 -33.3520012
v -3805.125 -6.39099979 -39.3089981
v -3807.323 -3.58299994 -17.073
v -3983.3999 308.54599 -86.973999
v -3983.521 295.334015 -104.778999
v -3990.80811 311.335999 -87.9049988
v -3979.43311 314.385986 -79.4940033
v -3991.92798 321.619995 -78.1569977
v -3989.71094 328.994995 -70.9499969
v -3927.74292 212.223007 -152.619995
v -3934.88696 207.320999 -166.613007
v -3939.88989 211.451996 -168.654999
v -3934.88696 207.320999 -166.613007
v -3939.37012 200.227997 -174.449997
v -3939.88989 211.451996 -168.654999
v -3954.12988 95.1460037 -223.804001
v -3945.896 107.981003 -228.697006
v -3936.10498 107.490997 -229.774002
v -3936.10498 107.490997 -229.774002
v -3945.25708 116.011002 -229.255997
v -3937.01099 115.703003 -228.860992
v -3917.08008 25.5139999 102.541
v -3900.70605 28.1919994 103.038002
v -3908.41992 56.3590012 113.934998
v -3900.70605 28.1919994 103.038002
v -3917.08008 25.5139999 102.541
v -3906.354 14.9949999 96.8909988
v -4017.87793 35.8069992 -153.787003
v -4016.08691 15.217 -146.261993
v -4029.21094 27.7709999 -138.774994
v -4036.94995 -5.88800001 -118.223
v -4029.21094 27.7709999 -138.774994
v -4016.08691 15.217 -146.261993
v -3913.62988 -8.73400021 -141.684006
v -3905.08301 3.85100007 -155.847
v -3882.9209 2.41799998 -153.983002
v -3894.79297 11.4960003 -163.781006
v -3889.25098 14.3319998 -163.908997
v -3882.9209 2.41799998 -153.983002
v -3883.20996 145.557999 -157.626007
v -3886.38208 152.371994 -158.022995
v -3882.18701 153.410004 -155.126999
v -3886.38208 152.371994 -158.022995
v -3893.94604 164.511002 -151.139008
v -3882.18701 153.410004 -155.126999
v -3805.08594 -31.7800007 -23.6459999
v -3806.19897 -35.2330017 -29.257
v -3804.48901 -26.3360004 -43.0279999
v -3812.71411 -47.6290016 -23.4669991
v -3806.19897 -35.2330017 -29.257
v -3805.08594 -31.7800007 -23.6459999
v -3880.12012 2.55999994 91.3730011
v -3869.80396 5.56099987 91.6869965
v -3880.26196 29.9139996 101.611
v -3869.23193 0.131999999 86.8990021
v -3880.12012 2.55999994 91.3730011
v -3882.44897 -1.76600003 85.5429993
v -3902.45801 103.959999 -219.348999
v -3888.30005 90.2819977 -220.278
v -3903.4021 97.8310013 -226.423996
v -3888.30005 90.2819977 -220.278
v -3895.97412 100.685997 -216.341995
v -3892.81201 94.1159973 -215.729996
v -4091.521 141.695999 -45.7490005
v -4091.88599 132.085007 -47.1300011
v -4094.08691 150.585007 -31.0209999
v -4095.03101 163.382996 -43.9720001
v -4092.66211 150.302002 -42.394001
v -4094.08691 150.585007 -31.0209999
v -3947.84912 153.143005 -199.007004
v -3960.10107 148.834 -202.893997
v -3989.51904 168.673996 -191.356995
v -3939.57007 150.287003 -201.307999
v -3960.10107 148.834 -202.893997
v -3947.84912 153.143005 -199.007004
v -3881.70801 282.360992 -30.0790005
v -3890.50391 276.489014 -38.2400017
v -3896.61011 290.631012 -30.0499992
v -3896.61011 290.631012 -30.0499992
v -3890.50391 276.489014 -38.2400017
v -3918.86108 294.951996 -33.7509995
v -4012.5481 -79.1380005 -83.5970001
v -4022.04907 -78.1449966 -80.810997
v -4023.93994 -63.5029984 -95.0599976
v -4032.76807 -79.8030014 -66.7210007
v -4022.04907 -78.1449966 -80.810997
v -4015.18311 -82.1500015 -79.0250015
v -3832.8811 -32.4189987 -127.869003
v -3827.48291 -32.7700005 -111.167999
v -3845.17407 -48.0649986 -118.765999
v -3843.00903 -38.0180016 -127.391998
v -3832.8811 -32.4189987 -127.869003
v -3845.17407 -48.0649986 -118.765999
v -3817.78711 -15.4980001 3.37800002
v -3813.02808 -5.02600002 -1.64499998
v -3822.95288 -8.375 6.5539999
v -3822.95288 -8.375 6.5539999
v -3813.02808 -5.02600002 -1.64499998
v -3807.43506 -3.1329999 5.27299976
v -3895.44897 247.876007 -58.632
v -3906.30396 251.154007 -60.0979996
v -3902.81494 256.552002 -53.6699982
v -3891.75293 256.479004 -51.0519981
v -3881.46899 242.057007 -58.5419998
v -3895.44897 247.876007 -58.632
v -4013.12988 376.790985 14.9639997
v -4025.20093 364.289001 22.1119995
v -4014.76709 370.990997 23.4080009
v -3998.35205 382.962006 16.4720001
v -4011.57397 376.28299 19.1189995
v -4014.76709 370.990997 23.4080009
v -3920.82593 103.944 128.686005
v -3913.19995 91.064003 128.748001
v -3915.36304 101.607002 128.748993
v -3909.91895 91.8949966 127.917999
v -3911.93701 119.318001 115.885002
v -3915.36304 101.607002 128.748993
v -4049.125 130.345001 52.5769997
v -4041.74512 117.739998 55.1930008
v -4038.91406 157.897003 58.7029991
v -4049.125 130.345001 52.5769997
v -4052.2229 98.0899963 52.5719986
v -4041.74512 117.739998 55.1930008
v -3799.36792 -5.96299982 -79.598999
v -3801.11401 -8.8220005 -85.3799973
v -3790.58496 6.19299984 -98.7480011
v -3804.28394 -18.618 -60.0999985
v -3803.12305 -13.0500002 -76.5749969
v -3802.60205 -12.5909996 -68.6709976
v -3919.75708 209.522003 76.6760025
v -3905.72998 208.761993 63.1780014
v -3911.81909 221.608994 62.5489998
v -3899.52002 176.675995 75.1330032
v -3905.72998 208.761993 63.1780014
v -3919.75708 209.522003 76.6760025
v -3966.62598 -79.0329971 -29.0869999
v -3942.45288 -80.5800018 -44.5830002
v -3938.32202 -74.6110001 -23.6870003
v -3957.36206 -85.4889984 -63.4490013
v -3942.45288 -80.5800018 -44.5830002
v -3974.19312 -83.1849976 -43.1720009
v -3857.34009 273.035004 -29
v -3849.427 261.769012 -35.0769997
v -3865.53003 269.803009 -33.8429985
v -3857.34009 273.035004 -29
v -3840.03296 259.477997 -36.5719986
v -3849.427 261.769012 -35.0769997
v -3913.19995 91.064003 128.748001
v -3919.302 91.336998 128.309006
v -3911.39795 77.6709976 122.070999
v -3913.19995 91.064003 128.748001
v -3920.82593 103.944 128.686005
v -3919.302 91.336998 128.309006
v -3805.40796 164.453003 -29.3349991
v -3803.33105 163.220001 -24.2299995
v -3799.72803 158.710999 -27.9689999
v -3795.68701 151.294006 -18.3299999
v -3799.72803 158.710999 -27.9689999
v -3800.99194 154.834 -20.1240005
v -3948.34912 216.320007 -167.738007
v -3952.87305 200.994995 -177.884995
v -3953.27002 219.783997 -166.332001
v -3956.59692 236.050003 -155.188004
v -3948.34912 216.320007 -167.738007
v -3953.27002 219.783997 -166.332001
v -4061.10205 259.037994 48.6559982
v -4071.0769 255.871002 29.052
v -4062.66504 247.807007 49.223999
v -4062.66504 247.807007 49.223999
v -4071.0769 255.871002 29.052
v -4075.54907 237.781006 22.6070004
v -3986.37891 10.8629999 -161.791
v -3977.5271 0.987999976 -150.487
v -3996.64307 0.34799999 -149.447998
v -3977.5271 0.987999976 -150.487
v -3990.2771 -20.8110008 -129.470001
v -3996.64307 0.34799999 -149.447998
v -3762.86108 101.043999 -41.1749992
v -3787.30908 104.106003 -62.9039993
v -3779.53101 110.105003 -54.9290009
v -3765.49805 111.797997 -38.8100014
v -3769.09595 116.174004 -40.7869987
v -3774.12109 126.375 -35.3409996
v -3843.70508 12.0439997 75.8160019
v -3835.94092 16.7520008 72.8929977
v -3837 24.2940006 84.5220032
v -3844.875 22.0709991 90.5739975
v -3869.80396 5.56099987 91.6869965
v -3848.948 15.5780001 88.1449966
v -3862.50195 196.395004 20.1749992
v -3884.48608 209.125 41.7410011
v -3880.00903 204.535004 36.2929993
v -3867.66699 189.121994 34.118
v -3862.50195 196.395004 20.1749992
v -3880.00903 204.535004 36.2929993
v -4100.99609 196.160004 -43.6720009
v -4087.573 193.824997 -76.7109985
v -4092.90088 178.998001 -59.0509987
v -4082.73096 195.175003 -86.685997
v -4082.91504 170.621994 -75.7900009
v -4087.573 193.824997 -76.7109985
v -3770.84399 109.641998 -46.5429993
v -3787.70288 148.169006 -33.526001
v -3769.09595 116.174004 -40.7869987
v -3765.771 109.193001 -42.3289986
v -3762.86108 101.043999 -41.1749992
v -3779.53101 110.105003 -54.9290009
v -3934.21411 190.585007 99.3089981
v -3930.6189 176.352005 104.241997
v -3926.93604 176.600006 103.251999
v -3930.6189 176.352005 104.241997
v -3934.21411 190.585007 99.3089981
v -3951.04907 166.673004 95.4639969
v -4046.65405 -74.5650024 -55.0629997
v -4057.16504 -68.4150009 -45.0359993
v -4052.96411 -64.987999 -60.4300003
v -4046.65405 -74.5650024 -55.0629997
v -4052.96411 -64.987999 -60.4300003
v -4038.95508 -74.1500015 -67.5439987
v -3850.59497 188.147003 7.80599976
v -3833.00195 195.544006 7.81599998
v -3851.13403 190.636002 7.17799997
v -3850.59497 188.147003 7.80599976
v -3858.20801 196.850998 11.3210001
v -3862.50195 196.395004 20.1749992
v -4029.81006 -47.9099998 13.9029999
v -4071.72095 -25.7950001 33.4589996
v -4033.38794 -53.9939995 3.20900011
v -4025.38501 -61.0839996 -7.11899996
v -4014.65991 -51.9189987 11.776
v -4033.38794 -53.9939995 3.20900011
v -4084.53589 170.763 -16.6800003
v -4081.96802 183.873993 -8.10000038
v -4084.53809 183.492996 -16.7189999
v -4084.53589 170.763 -16.6800003
v -4084.53809 183.492996 -16.7189999
v -4090.24292 180.979004 -24.8439999
v -4052.25488 41.0950012 61.0660019
v -4064.34912 44.6590004 55.8380013
v -4065.07397 33.1090012 58.6829987
v -4065.07397 33.1090012 58.6829987
v -4038.29492 27.8419991 65.3860016
v -4052.25488 41.0950012 61.0660019
v -3785.88208 148.516006 -29.7849998
v -3790.63403 154.580994 -31.2439995
v -3795.68701 151.294006 -18.3299999
v -3774.12109 126.375 -35.3409996
v -3787.70288 148.169006 -33.526001
v -3785.88208 148.516006 -29.7849998
v -3901.1521 244.466995 -107.153999
v -3905.06909 240.007004 -110.583
v -3916.48804 250.531998 -115.258003
v -3898.19702 233.059998 -112.249001
v -3905.06909 240.007004 -110.583
v -3896.33301 238.179001 -108.362999
v -3775.4231 51.5349998 -1.91199994
v -3775.27905 48.1689987 -6.41100025
v -3770.03003 56.4360008 -12.3809996
v -3776.05493 45.2929993 9.30500031
v -3775.27905 48.1689987 -6.41100025
v -3775.4231 51.5349998 -1.91199994
v -3886.46997 -45.0550003 23.5809994
v -3865.35303 -41.5789986 19.6119995
v -3880.52002 -38.6940002 28.7579994
v -3865.35303 -41.5789986 19.6119995
v -3864.41895 -34.7649994 24.0699997
v -3880.52002 -38.6940002 28.7579994
v -4080.09204 206.470993 -9.6260004
v -4079.41602 216.352997 -9.55799961
v -4083.80811 209.606003 -13.4020004
v -4075.08203 230.119995 -17.2709999
v -4068.40894 235.009003 -24.6110001
v -4076.08105 224.817001 -17.6329994
v -3771.47192 49.5279999 -14.6470003
v -3770.03003 56.4360008 -12.3809996
v -3775.27905 48.1689987 -6.41100025
v -3767.07104 43.9360008 -37.3790016
v -3763.68408 65.9599991 -25.2749996
v -3770.23608 48.1870003 -19.0540009
v -4031.19604 228.412994 59.7400017
v -4047.8501 229.268997 57.0139999
v -4045.01904 219.447006 55.4350014
v -4040.41211 196.634995 57.7039986
v -4011.74707 195.498993 66.6809998
v -4018.6731 221.535995 63.5079994
v -3861.87695 115.892998 -158.130005
v -3873.46997 124.884003 -169.770996
v -3865.46606 122.112 -147.113007
v -3872.82104 110.260002 -179.151993
v -3873.46997 124.884003 -169.770996
v -3861.5791 112.502998 -161.785004
v -4026.54102 52.0559998 65.2870026
v -4006.104 63.2070007 72.0530014
v -4018.98999 69.5790024 64.0350037
v -4018.98999 69.5790024 64.0350037
v -4033.68994 64.3710022 60.3839989
v -4026.54102 52.0559998 65.2870026
v -4078.08496 224.483002 -11.2290001
v -4075.08203 230.119995 -17.2709999
v -4078.69092 222.837006 -15.4119997
v -4076.43408 254.371994 -8.39900017
v -4075.16699 240.470993 -14.2440004
v -4078.08496 224.483002 -11.2290001
v -3802.46191 46.0820007 -121.615997
v -3791.9541 48.7999992 -117.617996
v -3797.68091 40.0569992 -117.003998
v -3798.30005 31.2950001 -117.086998
v -3803.05005 32.2910004 -122.920998
v -3802.46191 46.0820007 -121.615997
v -4031.12891 -32.7050018 33.3460007
v -4028.11108 -23.3719997 44.3769989
v -4068.31104 -19.1790009 43.1489983
v -3989.75293 -36.7750015 36.8349991
v -4028.11108 -23.3719997 44.3769989
v -4012.39697 -40.6739998 28.1749992
v -3885.2229 190.703003 53.2669983
v -3879.43799 170.710999 57.7669983
v -3864.20508 174.725998 39.2799988
v -3889.70801 204.899002 47.368
v -3885.2229 190.703003 53.2669983
v -3867.66699 189.121994 34.118
v -4047.2771 195.688004 52.9189987
v -4040.41211 196.634995 57.7039986
v -4045.06909 211.613998 54.4039993
v -4045.06909 211.613998 54.4039993
v -4040.41211 196.634995 57.7039986
v -4038.68701 217.128998 57.5690002
v -4033.26904 260.319 -65.8270035
v -4013.32495 244.910004 -98.9329987
v -4027.21289 247.973999 -80.4639969
v -4013.32495 244.910004 -98.9329987
v -4023.67212 242.720001 -87.7460022
v -4027.21289 247.973999 -80.4639969
v -4099.69482 182.335999 -43.2879982
v -4096.59277 166.384003 -40.2220001
v -4100.41113 188.037003 -38.1389999
v -4100.99609 196.160004 -43.6720009
v -4099.69482 182.335999 -43.2879982
v -4100.41113 188.037003 -38.1389999
v -3878.79102 96.3040009 -200.399994
v -3874.33398 83.8539963 -208.363007
v -3892.81201 94.1159973 -215.729996
v -3871.4231 85.7549973 -200.569
v -3861.3479 74.1539993 -197.628998
v -3874.33398 83.8539963 -208.363007
v -3804.48901 -26.3360004 -43.0279999
v -3801.448 -11.967 -52.4249992
v -3805.125 -6.39099979 -39.3089981
v -3801.78711 -17.4939995 -55.1599998
v -3804.48901 -26.3360004 -43.0279999
v -3804.28394 -18.618 -60.0999985
v -3936.34302 184.061996 -185.324997
v -3944.80005 178.470993 -184.535995
v -3944.26001 184.449005 -186.578003
v -3936.34302 184.061996 -185.324997
v -3944.26001 184.449005 -186.578003
v -3952.87305 200.994995 -177.884995
v -3914.2561 261.43399 -72.4729996
v -3932.33594 279.932007 -64.0240021
v -3920.41895 267.027008 -61.8699989
v -3914.2561 261.43399 -72.4729996
v -3920.41895 267.027008 -61.8699989
v -3904.73804 248.009995 -70.0299988
v -3996.83789 223.992996 -132.360992
v -4010.07593 229.621002 -111.561996
v -4013.32495 244.910004 -98.9329987
v -3996.83789 223.992996 -132.360992
v -3995.84497 217.423996 -135.434006
v -4005.60596 222.505997 -124.528
v -3943.4939 -66.0400009 -0.986999989
v -3931.06689 -60.4420013 7.54799986
v -3927.771 -53.2729988 24.5900002
v -3927.771 -53.2729988 24.5900002
v -3931.06689 -60.4420013 7.54799986
v -3906.86108 -54.5089989 14.7250004
v -3798.42993 82.2969971 -73.3970032
v -3794.49512 90.4690018 -79.3610001
v -3795.65601 99.2289963 -73.7959976
v -3796.62598 110.321999 -75.1360016
v -3795.65601 99.2289963 -73.7959976
v -3792.81201 91.1119995 -84.7770004
v -3785.10107 33.2299995 26.7070007
v -3784.08496 37.5419998 27.5979996
v -3790.41797 31.6889992 35.7540016
v -3785.10107 33.2299995 26.7070007
v -3797.44897 18.0259991 26.3419991
v -3796.08008 14.9729996 14.4029999
v -4068.73999 107.082001 32.7400017
v -4078.10205 116.386002 18.9099998
v -4079.76392 99.098999 19.7439995
v -4079.76392 99.098999 19.7439995
v -4078.10205 116.386002 18.9099998
v -4084.2561 119.445 8.36699963
v -3975.56592 299.321014 -91.8769989
v -3983.3999 308.54599 -86.973999
v -3969.0061 303.613007 -82.3820038
v -3956.02197 295.802002 -82.6449966
v -3948.40991 283.910004 -92.3030014
v -3964.70508 292.979004 -90.4509964
v -3855.30688 227.738007 23.9750004
v -3877.58398 246.084 36
v -3883.677 236.276993 34.2779999
v -3884.05493 251.591995 37.5940018
v -3877.58398 246.084 36
v -3875.36108 252.257996 33.0740013
v -3802.54297 5.26900005 -9.6960001
v -3798.85693 10.026 -16.9540005
v -3797.08105 16.1739998 -12.158
v -3797.08105 16.1739998 -12.158
v -3802.25098 3.16700006 -1.02600002
v -3802.54297 5.26900005 -9.6960001
v -3925.32495 186.149002 -157.593002
v -3932.35791 185.820007 -170.335999
v -3939.73193 192.292007 -179.895004
v -3923.35889 181.389999 -160.113007
v -3920.43506 170.141006 -165.927002
v -3925.927 177.917007 -167.998993
v -4010.07593 229.621002 -111.561996
v -4005.60596 222.505997 -124.528
v -4022.04395 222.248001 -122.445
v -3996.83789 223.992996 -132.360992
v -4005.60596 222.505997 -124.528
v -4010.07593 229.621002 -111.561996
v -3906.57495 230.729004 52.0499992
v -3917.6001 230.612 60.9599991
v -3908.09302 228.817993 56.0470009
v -3892.94897 227.136993 40.4350014
v -3897.25293 219.584 49.262001
v -3888.81812 219.75 38.5209999
v -3794.35498 106.394997 -8
v -3794.60693 118.742996 -7.36600018
v -3803.36499 118.213997 -5.86999989
v -3794.35498 106.394997 -8
v -3803.36499 118.213997 -5.86999989
v -3795.07007 104.342003 -1.87800002
v -4054.53711 113.949997 50.362999
v -4056.98608 132.472 47.8330002
v -4064.31689 116.540001 38.3790016
v -4056.33911 104.452003 48.2120018
v -4068.73999 107.082001 32.7400017
v -4079.76392 99.098999 19.7439995
v -3841.42603 3.73199987 -158.544006
v -3821.06396 17.2539997 -154.694
v -3810.68994 14.0790005 -148.542999
v -3821.06396 17.2539997 -154.694
v -3822.42505 30.3199997 -158.957993
v -3810.68994 14.0790005 -148.542999
v -3880.12891 221.279999 -114.795998
v -3889.09497 226.686996 -114.358002
v -3896.33301 238.179001 -108.362999
v -3872.63696 210.089005 -113.983002
v -3881.53809 219.910004 -116.586998
v -3873.95703 215.776001 -111.925003
v -3857.09204 167.970001 -134.785004
v -3847.72607 171.311005 -134.031006
v -3837.75903 165.235992 -132.75
v -3863.84009 170.468994 -136.007996
v -3855.30908 178.119003 -129.356003
v -3847.72607 171.311005 -134.031006
v -3932.14307 218.388 -142.856995
v -3924.43506 214.151993 -144.578003
v -3941.03101 217.895004 -153.104004
v -3938.50488 221.201004 -148.348999
v -3932.14307 218.388 -142.856995
v -3941.03101 217.895004 -153.104004
v -3777.03198 92.6920013 -18.0400009
v -3776.28296 84.9059982 -16.2390003
v -3767.46289 97.1719971 -32.4039993
v -3782.57104 92.711998 -14.4840002
v -3776.28296 84.9059982 -16.2390003
v -3777.03198 92.6920013 -18.0400009
v -3971.19092 143.399002 -209.947998
v -3974.94507 141.216003 -209.220001
v -3975.62793 153.330994 -202.382996
v -3974.94507 141.216003 -209.220001
v -3971.71094 142.737 -212.087006
v -3960.55298 123.693001 -225.328995
v -3840.17896 42.2779999 -173.686996
v -3851.50098 60.7639999 -186.697998
v -3837.0061 43.0929985 -169.556
v -3840.17896 42.2779999 -173.686996
v -3837.0061 43.0929985 -169.556
v -3824.89307 36.6199989 -159.820007
v -3836.70508 179.815002 -122.675003
v -3843.89893 185.287003 -100.664001
v -3826.77295 167.738998 -114.274002
v -3823.01904 163.524002 -124.956001
v -3828.07593 163.681 -131.722
v -3827.05493 168.813995 -125.710999
v -3863.75391 -13.0939999 -140.746994
v -3856.52905 -0.952000022 -153.445007
v -3847.02905 -10.2930002 -147.039993
v -3870.04492 -30.5699997 -128.649002
v -3866.91504 -18.3269997 -135.623001
v -3860.01392 -25.0540009 -130.783997
v -3864.50488 133.748001 -144.154999
v -3854.49609 147.962006 -134.244995
v -3852.87891 134.356995 -135.334
v -3849.48389 127.811996 -136.518005
v -3852.87891 134.356995 -135.334
v -3840.9231 125.542 -130.074997
v -3895.78394 221.011993 -119.676003
v -3887.99292 217.516998 -119.122002
v -3913.646 225.106995 -126.488998
v -3895.78394 221.011993 -119.676003
v -3889.09497 226.686996 -114.358002
v -3887.99292 217.516998 -119.122002
v -3827.34106 -40.1189995 6.66699982
v -3838.73706 -26.3260002 15.0819998
v -3842.15601 -35.9490013 15.6700001
v -3827.34106 -40.1189995 6.66699982
v -3842.15601 -35.9490013 15.6700001
v -3865.35303 -41.5789986 19.6119995
v -3864.50488 133.748001 -144.154999
v -3853.46802 126.305 -139.203003
v -3865.46606 122.112 -147.113007
v -3864.50488 133.748001 -144.154999
v -3852.87891 134.356995 -135.334
v -3853.46802 126.305 -139.203003
v -3960.36694 189.429993 -181.354004
v -3960.93188 182.572998 -184.121994
v -3975.48096 182.091003 -183.667999
v -3969.02808 196.645004 -170.229004
v -3983.09106 186.923004 -176.970993
v -3992.09595 191.378998 -169.936996
v -3897.37988 71.5110016 -217.218002
v -3877.57495 83.9560013 -211.278
v -3880.51807 78.362999 -209.554993
v -3880.51807 78.362999 -209.554993
v -3866.79712 74.3130035 -201.675003
v -3861.57495 66.5370026 -195.285995
v -3933.59912 -6.40899992 74.7320023
v -3933.90698 15.2709999 91.064003
v -3942.7981 25.0739994 96.685997
v -3912.33008 0.823000014 82.9150009
v -3933.90698 15.2709999 91.064003
v -3933.59912 -6.40899992 74.7320023
v -3827.34106 -40.1189995 6.66699982
v -3816.83398 -23.0189991 3.79999995
v -3824.18311 -32.6640015 7.6869998
v -3838.73706 -26.3260002 15.0819998
v -3827.34106 -40.1189995 6.66699982
v -3824.18311 -32.6640015 7.6869998
v -3792.71704 3.22300005 -52.1539993
v -3799.16309 1.273 -50.9819984
v -3798.4541 4.17600012 -59.5330009
v -3800.82202 -1.29400003 -52.0740013
v -3801.448 -11.967 -52.4249992
v -3800.04102 -3.95300007 -59.1660004
v -4064.92505 186.811005 39.3619995
v -4075.50903 187.393005 24.2999992
v -4069.80688 170.399994 33.4869995
v -4069.80688 170.399994 33.4869995
v -4074.53198 168.600998 25.757
v -4072.40308 138.035995 28.2859993
v -3800.68506 25.368 -120.316002
v -3796.75293 19.5790005 -117.653
v -3804.16895 28.9799995 -131.679001
v -3798.30005 31.2950001 -117.086998
v -3796.75293 19.5790005 -117.653
v -3800.68506 25.368 -120.316002
v -3981.90308 -13.1999998 59.7830009
v -4012.21289 -13.9940004 55.0480003
v -3985.3269 -27.0620003 47.1930008
v -3933.59912 -6.40899992 74.7320023
v -3970.84399 -3.68900013 69.0920029
v -3967.74609 -22.3029995 55.0960007
v -3949.27905 46.4790001 -215.037003
v -3929.98291 33.1020012 -205.108002
v -3958.73608 47.4490013 -214.223007
v -3937.94409 54.8880005 -217.503998
v -3958.33398 58.0530014 -217.335999
v -3923.21094 72.5130005 -221.348007
v -3854.83008 -83.0350037 -77.7779999
v -3861.90796 -85.9580002 -86.3560028
v -3863.13501 -76.2770004 -101.142998
v -3861.90796 -85.9580002 -86.3560028
v -3854.83008 -83.0350037 -77.7779999
v -3862.41992 -89.0619965 -79.0289993
v -3787.54712 87.3700027 -61.8779984
v -3762.14893 87.177002 -39.9220009
v -3770.30493 81.9199982 -45.7779999
v -3760.27393 77.5230026 -38.0509987
v -3764.41211 65.487999 -39.6529999
v -3770.30493 81.9199982 -45.7779999
v -3958.73608 47.4490013 -214.223007
v -3964.08496 65.6949997 -215.612
v -3958.33398 58.0530014 -217.335999
v -3958.33398 58.0530014 -217.335999
v -3948.06299 51.2050018 -217.080002
v -3958.73608 47.4490013 -214.223007
v -3820.58203 167.429001 -39.9300003
v -3817.74512 176.365997 -37.3269997
v -3811.27002 170.932999 -33.7210007
v -3817.74512 176.365997 -37.3269997
v -3820.58203 167.429001 -39.9300003
v -3829.91895 177.335999 -45.9799995
v -3939.46606 268.558014 -108.311996
v -3947.07104 270.72699 -108.574997
v -3940.70288 275.234009 -98.9280014
v -3939.46606 268.558014 -108.311996
v -3953.2749 268.766998 -123.392998
v -3947.07104 270.72699 -108.574997
v -3809.74194 20.5960007 -147.871002
v -3809.91211 36.5369987 -135.677994
v -3804.16895 28.9799995 -131.679001
v -3804.16895 28.9799995 -131.679001
v -3809.91211 36.5369987 -135.677994
v -3803.05005 32.2910004 -122.920998
v -3898.94092 -76.2070007 -38.9900017
v -3882.07397 -82.3909988 -57.1790009
v -3878.8479 -77.5510025 -43.6889992
v -3862.48096 -82.2699966 -55.8359985
v -3871.07593 -85.4499969 -64.7389984
v -3851.99292 -85.685997 -62.1080017
v -3960.19897 192.615997 -178.610992
v -3969.02808 196.645004 -170.229004
v -3963.33105 200.041 -174.022003
v -3969.02808 196.645004 -170.229004
v -3960.36694 189.429993 -181.354004
v -3983.09106 186.923004 -176.970993
v -3999.45288 315.27301 -79.9629974
v -3990.81494 298.765991 -100.555
v -3995.26099 291.634003 -98.4899979
v -4016.39404 332.518005 -44.7319984
v -3999.45288 315.27301 -79.9629974
v -4002.96802 304.61499 -80.6399994
v -4044.24097 342.205994 12.2069998
v -4048.74512 333.527008 14.3830004
v -4039.13306 344.097992 21.3850002
v -4048.74512 333.527008 14.3830004
v -4044.24097 342.205994 12.2069998
v -4057.37793 329.667999 3.15299988
v -3842.24609 37.5289993 83.413002
v -3840.14502 32.269001 87.9990005
v -3834.41504 29.9260006 83.7679977
v -3837 24.2940006 84.5220032
v -3834.41504 29.9260006 83.7679977
v -3840.14502 32.269001 87.9990005
v -3770.30493 81.9199982 -45.7779999
v -3764.24097 54.2709999 -38.1399994
v -3769.53101 40.0320015 -39.3139992
v -3767.07104 43.9360008 -37.3790016
v -3764.24097 54.2709999 -38.1399994
v -3763.68408 65.9599991 -25.2749996
v -4041.49512 16.6879997 64.7610016
v -4038.29492 27.8419991 65.3860016
v -4065.07397 33.1090012 58.6829987
v -4041.49512 16.6879997 64.7610016
v -4017.93408 23.118 72.5309982
v -4029.46191 24.8120003 68.4700012
v -3969.26196 52.5209999 98.9820023
v -3949.70996 85.8759995 103.658997
v -3964.90894 77.7310028 93.4720001
v -3949.70996 85.8759995 103.658997
v -3955.62207 86.8649979 96.6299973
v -3964.90894 77.7310028 93.4720001
v -3938.84497 31.1450005 -197.447998
v -3945.18188 28.8999996 -191.126007
v -3959.5791 39.8520012 -201.531006
v -3930.80908 25.9160004 -185.154007
v -3945.18188 28.8999996 -191.126007
v -3938.84497 31.1450005 -197.447998
v -3826.25903 -63.5250015 -30.8220005
v -3835.75293 -74.9309998 -50.1980019
v -3825.27905 -63.3310013 -34.1069984
v -3820.55811 -55.8499985 -17.2549992
v -3812.71411 -47.6290016 -23.4669991
v -3827.34106 -40.1189995 6.66699982
v -3963.96899 318.240997 -71.663002
v -3969.0061 303.613007 -82.3820038
v -3972.07007 322.48999 -70.711998
v -3964.67212 327.640991 -72.7480011
v -3963.96899 318.240997 -71.663002
v -3972.07007 322.48999 -70.711998
v -3800.99194 154.834 -20.1240005
v -3803.33105 163.220001 -24.2299995
v -3808.89893 165.459 -6.63899994
v -3799.72803 158.710999 -27.9689999
v -3803.33105 163.220001 -24.2299995
v -3800.99194 154.834 -20.1240005
v -3957.46997 35.4760017 -198.473999
v -3959.5791 39.8520012 -201.531006
v -3949.80005 29.9559994 -193.063004
v -3966.88794 35.0110016 -194.998993
v -3973.2041 41.25 -199.309998
v -3959.5791 39.8520012 -201.531006
v -3914.36694 310.338013 -19.2390003
v -3918.86108 294.951996 -33.7509995
v -3922.81494 304.972992 -27.632
v -3924.51294 318.908997 -20.7830009
v -3922.81494 304.972992 -27.632
v -3928.97095 305.583008 -29.5230007
v -4073.9231 111.400002 -83.8430023
v -4075.12207 99.6559982 -82.6119995
v -4076.24097 90.4290009 -78.0410004
v -4060.1311 83.7220001 -108.950996
v -4075.12207 99.6559982 -82.6119995
v -4073.9231 111.400002 -83.8430023
v -3969.52588 213.856995 77.0790024
v -3968.03101 199.365005 82.4899979
v -3958.34302 213.656998 81.086998
v -3975.89111 217.686005 71.5410004
v -3969.52588 213.856995 77.0790024
v -3958.34302 213.656998 81.086998
v -3980.0979 29.3519993 -184.945007
v -3980.24902 36.9300003 -190.194
v -3966.88794 35.0110016 -194.998993
v -3992.22095 22.3980007 -171.472
v -3980.24902 36.9300003 -190.194
v -3980.0979 29.3519993 -184.945007
v -3928.50488 335.079987 -11.9279995
v -3924.51294 318.908997 -20.7830009
v -3960.4729 331.44101 -20.4880009
v -3926.88989 335.256012 -9.55000019
v -3922.66211 316.868988 -19.6110001
v -3924.51294 318.908997 -20.7830009
v -3798.20605 20.0839996 -68.3059998
v -3797.40894 14.0209999 -68.4960022
v -3793.53809 18.4330006 -80.086998
v -3799.89111 6.55200005 -67.4300003
v -3799.74707 -0.133000001 -75.3619995
v -3793.53809 18.4330006 -80.086998
v -3788.90503 122.063004 -13.3360004
v -3790.94312 130.626007 -12.9069996
v -3794.60693 118.742996 -7.36600018
v -3787.77393 111.199997 -10.4130001
v -3788.90503 122.063004 -13.3360004
v -3794.60693 118.742996 -7.36600018
v -3858.88403 112.759003 -149.983994
v -3865.46606 122.112 -147.113007
v -3858.59204 114.317001 -144.669006
v -3865.46606 122.112 -147.113007
v -3853.46802 126.305 -139.203003
v -3858.59204 114.317001 -144.669006
v -3922.81494 304.972992 -27.632
v -3918.86108 294.951996 -33.7509995
v -3928.97095 305.583008 -29.5230007
v -3933.48804 299.725006 -33.605999
v -3918.86108 294.951996 -33.7509995
v -3917.3479 275.644012 -45.3600006
v -4041.7561 318.079987 -22.1310005
v -4054.63208 318.957001 -9.04800034
v -4049.93091 336.890015 -3.55200005
v -4031.34204 270.453003 -64.072998
v -4043.66992 300.588013 -31.0779991
v -4033.43994 306.591003 -38.1119995
v -3925.32495 186.149002 -157.593002
v -3939.73193 192.292007 -179.895004
v -3939.37012 200.227997 -174.449997
v -3939.73193 192.292007 -179.895004
v -3952.87305 200.994995 -177.884995
v -3939.37012 200.227997 -174.449997
v -3980.24902 36.9300003 -190.194
v -3973.2041 41.25 -199.309998
v -3966.88794 35.0110016 -194.998993
v -3982.15405 42.3880005 -192.664993
v -3973.2041 41.25 -199.309998
v -3980.24902 36.9300003 -190.194
v -3933.98999 155.281006 -195.406998
v -3930.30591 159.916 -191.048996
v -3924.9231 149.466995 -195.966003
v -3930.30591 159.916 -191.048996
v -3933.98999 155.281006 -195.406998
v -3944.81909 158.134995 -195.757996
v -3835.75293 -74.9309998 -50.1980019
v -3841.66895 -79.387001 -53.0169983
v -3850.0481 -85.0780029 -64.1139984
v -3862.48096 -82.2699966 -55.8359985
v -3851.99292 -85.685997 -62.1080017
v -3841.66895 -79.387001 -53.0169983
v -3897.96802 30.4120007 -195.485992
v -3881.00195 33.8370018 -189.772003
v -3886.88501 26.0170002 -188.272995
v -3876.80103 30.3169994 -187.020004
v -3862.771 20.1270008 -176.345993
v -3886.88501 26.0170002 -188.272995
v -4046.5791 278.468994 -44.1279984
v -4038.69092 273.576996 -54.5299988
v -4059.04492 257.028992 -39.5180016
v -4038.69092 273.576996 -54.5299988
v -4046.5791 278.468994 -44.1279984
v -4043.66992 300.588013 -31.0779991
v -3841.69702 216.169006 -70.8679962
v -3834.15894 209.378006 -57.6870003
v -3841.62598 197.501007 -61.8530006
v -3838.37207 194.414993 -57.9280014
v -3833.05811 207.192001 -52.7809982
v -3826.34009 203.179993 -43.3149986
v -4082.95898 144.233994 -5.86199999
v -4084.58301 150.873001 -12.5509996
v -4088.77808 142.220993 -10.3979998
v -4080.53906 154.425003 -6.42399979
v -4082.95898 144.233994 -5.86199999
v -4084.52295 145.001007 3.37400007
v -3932.67798 236.145996 -132.906998
v -3938.50488 221.201004 -148.348999
v -3944.68799 239.070999 -143.153
v -3949.82104 240.501999 -145.679001
v -3944.68799 239.070999 -143.153
v -3946.16797 230.242004 -149.018005
v -4054.43408 242.514008 -67.9749985
v -4055.19092 245.348007 -48.9599991
v -4049.42603 248.320999 -56.4780006
v -4048.59692 253.141006 -53.2029991
v -4055.19092 245.348007 -48.9599991
v -4051.396 255.709 -48.4690018
v -4008.49512 38.9220009 -164.710999
v -3982.15405 42.3880005 -192.664993
v -3997.93896 36.75 -174.779999
v -4017.87793 35.8069992 -153.787003
v -4006.75195 18.0890007 -155.996994
v -4016.08691 15.217 -146.261993
v -4025.38501 -61.0839996 -7.11899996
v -4008.63403 -59.1660004 3.25099993
v -4014.65991 -51.9189987 11.776
v -4014.65991 -51.9189987 11.776
v -4008.63403 -59.1660004 3.25099993
v -4002.323 -47.7840004 21.1210003
v -3942.93091 254.427002 -130.320999
v -3933.48511 248.514999 -127.745003
v -3951.06592 248.026993 -141.856995
v -3928.16309 255.291 -121.790001
v -3933.48511 248.514999 -127.745003
v -3942.93091 254.427002 -130.320999
v -3834.15894 209.378006 -57.6870003
v -3828.11011 225.095993 -53.5670013
v -3833.05811 207.192001 -52.7809982
v -3833.05811 207.192001 -52.7809982
v -3841.62598 197.501007 -61.8530006
v -3834.15894 209.378006 -57.6870003
v -3905.08301 3.85100007 -155.847
v -3914.91089 15.9110003 -171.195999
v -3894.79297 11.4960003 -163.781006
v -3905.08301 3.85100007 -155.847
v -3894.79297 11.4960003 -163.781006
v -3882.9209 2.41799998 -153.983002
v -4080.53906 154.425003 -6.42399979
v -4084.53589 170.763 -16.6800003
v -4084.58301 150.873001 -12.5509996
v -4080.53906 154.425003 -6.42399979
v -4084.58301 150.873001 -12.5509996
v -4082.95898 144.233994 -5.86199999
v -3820.42212 134.880005 9.0710001
v -3843.12207 124.546997 39.2229996
v -3806.38989 119.484001 2.08500004
v -3823.83594 151.110001 2.45799994
v -3820.42212 134.880005 9.0710001
v -3806.38989 119.484001 2.08500004
v -4014.22803 154.100998 -166.723999
v -3994.58008 130.442993 -186.774002
v -4022.92896 145.740005 -155.970001
v -4030.32007 184.070999 -152.218002
v -4014.22803 154.100998 -166.723999
v -4022.92896 145.740005 -155.970001
v -3823.01904 163.524002 -124.956001
v -3827.05493 168.813995 -125.710999
v -3826.77295 167.738998 -114.274002
v -3823.01904 163.524002 -124.956001
v -3820.56592 156.975006 -108.894997
v -3816.67505 152.272003 -120.208
v -4021.60693 -79.7809982 -48.2280006
v -4007.05688 -77.012001 -28.4610004
v -4032.46509 -72.862999 -34.7050018
v -4007.05688 -77.012001 -28.4610004
v -4010.65503 -68.2580032 -12.4540005
v -4032.46509 -72.862999 -34.7050018
v -3869.23193 0.131999999 86.8990021
v -3848.948 15.5780001 88.1449966
v -3869.80396 5.56099987 91.6869965
v -3880.12012 2.55999994 91.3730011
v -3869.23193 0.131999999 86.8990021
v -3869.80396 5.56099987 91.6869965
v -3828.70996 252.182007 -34.4339981
v -3831.07104 243.279007 -17.0400009
v -3818.66504 239.468994 -34.2639999
v -3831.07104 243.279007 -17.0400009
v -3822.81201 227.528 -15.2580004
v -3818.66504 239.468994 -34.2639999
v -4054.9021 277.69101 44.8400002
v -4056.11694 293.221008 36.0909996
v -4060.0249 276.753998 41.2509995
v -4055.96899 246.962006 52.980999
v -4061.10205 259.037994 48.6559982
v -4062.66504 247.807007 49.223999
v -3890.42993 -87.1240005 -91.526001
v -3865.29907 -71.3789978 -106.087997
v -3871.22705 -86.1800003 -95.4499969
v -3875.62695 -88.7809982 -93.1579971
v -3875.37402 -90.552002 -88.8889999
v -3890.42993 -87.1240005 -91.526001
v -3896.60889 237.173004 -78.3460007
v -3897.94409 240.787003 -77.1760025
v -3893.4021 236.738007 -72.6829987
v -3906.30396 251.154007 -60.0979996
v -3897.46997 242.837006 -67.5410004
v -3904.73804 248.009995 -70.0299988
v -4085.26807 216.382004 -82.7979965
v -4080.0791 220.335999 -90.6439972
v -4078.47705 217.503006 -95.3420029
v -4078.47705 217.503006 -95.3420029
v -4080.0791 220.335999 -90.6439972
v -4075.54492 222.442993 -82.8160019
v -3951.2041 35.6240005 102.494003
v -3974.27197 37.4609985 96.5449982
v -3971.49707 33.3209991 96.3150024
v -3942.7981 25.0739994 96.685997
v -3970.92896 27.9349995 92.8669968
v -3959.47192 20.0429993 89.3290024
v -3908.09302 228.817993 56.0470009
v -3897.25293 219.584 49.262001
v -3892.94897 227.136993 40.4350014
v -3897.25293 219.584 49.262001
v -3911.81909 221.608994 62.5489998
v -3905.72998 208.761993 63.1780014
v -3816.56104 146.345993 -65.4909973
v -3829.33496 159.623993 -55.0130005
v -3816.38501 146.057999 -58.6459999
v -3806.12793 131.830002 -66.9100037
v -3816.56104 146.345993 -65.4909973
v -3816.38501 146.057999 -58.6459999
v -3894.92505 -41.3370018 -118.324997
v -3875.95605 -46.5180016 -117.790001
v -3882.54712 -54.9389992 -112.570999
v -3908.68604 -85.0849991 -90.25
v -3882.54712 -54.9389992 -112.570999
v -3879.16504 -53.8639984 -112.641998
v -3926.26392 176.863998 -177.514999
v -3932.1001 176.309006 -181.453995
v -3936.34302 184.061996 -185.324997
v -3926.26392 176.863998 -177.514999
v -3930.30591 159.916 -191.048996
v -3932.1001 176.309006 -181.453995
v -3840.9231 125.542 -130.074997
v -3844.96509 132.462997 -130.117996
v -3831.18188 127.592003 -123.627998
v -3832.67896 124.192001 -126.138
v -3831.18188 127.592003 -123.627998
v -3823.35596 122.538002 -123.254997
v -3965.08911 347.662994 -7.2249999
v -3968.18799 351.449005 -8.72000027
v -3967.35498 364.863007 3.67700005
v -3965.28711 338.529999 -14.3249998
v -3960.4729 331.44101 -20.4880009
v -3967.13403 337.859009 -16.3530006
v -3937.73706 33.1949997 104.185997
v -3951.2041 35.6240005 102.494003
v -3953.57202 30.2280006 97.9589996
v -3953.57202 30.2280006 97.9589996
v -3951.2041 35.6240005 102.494003
v -3971.49707 33.3209991 96.3150024
v -3829.33496 159.623993 -55.0130005
v -3826.23389 156.929001 -61.7140007
v -3836.021 167.643005 -63.0229988
v -3829.33496 159.623993 -55.0130005
v -3836.021 167.643005 -63.0229988
v -3832.60693 172.207001 -51.1959991
v -3811.47607 113.845001 -120.995003
v -3825.71606 119.092003 -124.512001
v -3823.35596 122.538002 -123.254997
v -3811.47607 113.845001 -120.995003
v -3815.64795 125.095001 -122.067001
v -3812.63989 133.296005 -121.405998
v -3949.854 -64.7959976 -100.239998
v -3920.77588 -62.0289993 -104.768997
v -3904.17603 -61.3320007 -105.848
v -3920.77588 -62.0289993 -104.768997
v -3882.54712 -54.9389992 -112.570999
v -3904.17603 -61.3320007 -105.848
v -3893.47705 76.3339996 119.527
v -3878.06299 74.1910019 105.804001
v -3899.51099 104.278 111.292999
v -3890.99707 110.957001 98.7300034
v -3885.0979 89.6600037 103.834
v -3874.84106 94.9250031 86.3259964
v -3829.6311 233.654007 -51.2330017
v -3829.74512 240.634003 -45.2939987
v -3822.42993 240.007004 -41.8110008
v -3835.69897 254.028 -40.3600006
v -3825.62793 246.910995 -39.9550018
v -3834.29004 248.574997 -41.5400009
v -3867.66699 189.121994 34.118
v -3885.2229 190.703003 53.2669983
v -3864.20508 174.725998 39.2799988
v -3839.16089 159.755005 17.4750004
v -3867.66699 189.121994 34.118
v -3864.20508 174.725998 39.2799988
v -4030.43408 332.653992 -26.7689991
v -4016.39404 332.518005 -44.7319984
v -4033.43994 306.591003 -38.1119995
v -4012.92603 347.589996 -44.0789986
v -4016.39404 332.518005 -44.7319984
v -4023.56006 342.083008 -30.6200008
v -4085.00098 -41.6959991 -4.38399982
v -4086.01099 -29.1280003 7.74399996
v -4094.06396 -30.2619991 -9.91800022
v -4094.06396 -30.2619991 -9.91800022
v -4082.87695 -47.6030006 -12.9169998
v -4085.00098 -41.6959991 -4.38399982
v -4051.95996 -37.2109985 -88.5530014
v -4059.46191 -22.2900009 -90.9120026
v -4024.76392 -39.7179985 -113.903999
v -4072.61597 -24.2789993 -77.7389984
v -4063.45996 -5.07999992 -94.8759995
v -4059.46191 -22.2900009 -90.9120026
v -3934.8999 304.287994 46.8610001
v -3936.41211 312.595001 38.5279999
v -3950.56104 323.367004 44.4780006
v -3934.8999 304.287994 46.8610001
v -3924.3999 311.460999 27.0319996
v -3936.41211 312.595001 38.5279999
v -3878.06299 74.1910019 105.804001
v -3862.74097 67.8610001 88.4369965
v -3885.0979 89.6600037 103.834
v -3878.06299 74.1910019 105.804001
v -3885.0979 89.6600037 103.834
v -3899.51099 104.278 111.292999
v -3865.5769 -7.18599987 67.3349991
v -3854.66406 -9.45800018 52.8359985
v -3860.56396 -5.17999983 69.4020004
v -3865.5769 -7.18599987 67.3349991
v -3860.56396 -5.17999983 69.4020004
v -3870.09497 -3.81999993 82.4039993
v -4072.61597 -24.2789993 -77.7389984
v -4059.46191 -22.2900009 -90.9120026
v -4051.95996 -37.2109985 -88.5530014
v -4076.08911 -29.6819992 -70.1689987
v -4072.61597 -24.2789993 -77.7389984
v -4051.95996 -37.2109985 -88.5530014
v -3889.96606 124.304001 91.4079971
v -3885.53711 150.386002 73.8069992
v -3899.51099 104.278 111.292999
v -3890.99707 110.957001 98.7300034
v -3899.51099 104.278 111.292999
v -3885.0979 89.6600037 103.834
v -3950.17798 313.360992 48.368
v -3934.8999 304.287994 46.8610001
v -3950.56104 323.367004 44.4780006
v -3950.56104 323.367004 44.4780006
v -3967.45288 336.972992 41.7280006
v -3950.17798 313.360992 48.368
v -3829.07007 -12.1859999 14.0819998
v -3828.82495 -14.8059998 10.3149996
v -3822.95288 -8.375 6.5539999
v -3841.56909 -22.0160007 19.0459995
v -3834.6499 -17.2530003 15.8360004
v -3836.99194 -15.7130003 19.7959995
v -3950.05493 221.024994 76.6910019
v -3956.3479 220.459 76.7799988
v -3958.34302 213.656998 81.086998
v -3970.35791 230.843002 72.9290009
v -3956.3479 220.459 76.7799988
v -3947.38696 224.858994 76.5719986
v -3798.62598 30.3880005 -93.4029999
v -3794.85205 30.3190002 -111.013
v -3797.69312 39.7169991 -91.413002
v -3808.55005 37.5029984 -73.961998
v -3802.16602 32.6279984 -85.3899994
v -3803.56909 40.3219986 -81.1299973
v -3918.76392 269.346985 -113.191002
v -3917.04395 266.076996 -115.835999
v -3929.42407 264.753998 -120.32
v -3914.32788 266.539001 -111.653
v -3918.76392 269.346985 -113.191002
v -3919.9939 273.552002 -100.224998
v -3984.53296 37.7369995 93.3600006
v -3967.74292 45.9309998 99.7180023
v -3969.26196 52.5209999 98.9820023
v -3961.54712 54.7550011 103.124001
v -3938.97412 79.2580032 115.447998
v -3969.26196 52.5209999 98.9820023
v -3828.50806 113.538002 -135.011002
v -3840.4751 107.259003 -140.304993
v -3832.93091 119.185997 -134.811996
v -3818.29102 110.857002 -130.580994
v -3832.93091 119.185997 -134.811996
v -3832.67896 124.192001 -126.138
v -3897.37988 71.5110016 -217.218002
v -3901.32788 64.5449982 -213.436996
v -3907.13306 68.5270004 -219.119995
v -3909.27393 63.9399986 -216.684998
v -3901.32788 64.5449982 -213.436996
v -3904.94189 44.6100006 -205.695007
v -3907.01294 175.462006 -149.910995
v -3897.37012 160.641998 -156.052002
v -3915.80811 164.582993 -166.470001
v -3893.94604 164.511002 -151.139008
v -3899.04395 172.686996 -147.373993
v -3894.73901 180.464005 -141.731995
v -3838.86011 119.084 -136.410004
v -3832.67896 124.192001 -126.138
v -3832.93091 119.185997 -134.811996
v -3840.4751 107.259003 -140.304993
v -3838.86011 119.084 -136.410004
v -3832.93091 119.185997 -134.811996
v -3849.99609 40.2109985 89.8550034
v -3858.49292 54.2029991 91.3990021
v -3854.71509 39.3889999 97.5550003
v -3862.74097 67.8610001 88.4369965
v -3848.09204 49.3460007 81.5770035
v -3849.18506 63.9510002 75.086998
v -3845.47192 92.375 -143.953995
v -3828.94189 65.3270035 -137.054993
v -3840.97192 81.7519989 -144.468002
v -3840.97192 81.7519989 -144.468002
v -3845.49707 90.8339996 -150.007996
v -3845.47192 92.375 -143.953995
v -4013.4729 107.330002 -161.531998
v -4001.32202 102.997002 -176.625
v -3999.89697 85.5790024 -176.826996
v -3964.08496 65.6949997 -215.612
v -3999.89697 85.5790024 -176.826996
v -4001.32202 102.997002 -176.625
v -3828.08301 197.251007 5.29400015
v -3833.03491 198.007996 5.82399988
v -3833.00195 195.544006 7.81599998
v -3813.3689 165.098007 -0.91900003
v -3823.92212 192.826004 3.41100001
v -3826.14697 187.533005 6.03999996
v -3947.38696 224.858994 76.5719986
v -3956.3479 220.459 76.7799988
v -3950.05493 221.024994 76.6910019
v -3947.38696 224.858994 76.5719986
v -3950.05493 221.024994 76.6910019
v -3941.38794 223.311996 79.7789993
v -3918.11011 107.688004 -226.597
v -3903.4021 97.8310013 -226.423996
v -3930.2749 108.726997 -229.630005
v -3903.4021 97.8310013 -226.423996
v -3918.11011 107.688004 -226.597
v -3902.45801 103.959999 -219.348999
v -3849.18506 63.9510002 75.086998
v -3840.78589 71.6340027 62.1920013
v -3855.38892 79.0650024 72.4639969
v -3855.38892 79.0650024 72.4639969
v -3862.74097 67.8610001 88.4369965
v -3849.18506 63.9510002 75.086998
v -4085.96802 197.231995 1.07599998
v -4082.44507 196.345001 -8.54899979
v -4081.96802 183.873993 -8.10000038
v -4082.44507 196.345001 -8.54899979
v -4088.36792 198.992004 -14.6440001
v -4081.96802 183.873993 -8.10000038
v -3964.67212 327.640991 -72.7480011
v -3970.50391 332.911011 -70.1139984
v -3972.19604 342.835999 -57.769001
v -3972.19604 342.835999 -57.769001
v -3960.80908 324.226013 -70.112999
v -3964.67212 327.640991 -72.7480011
v -3917.26099 125.847 -211.451004
v -3902.45801 103.959999 -219.348999
v -3918.11011 107.688004 -226.597
v -3917.26099 125.847 -211.451004
v -3918.11011 107.688004 -226.597
v -3932.91406 127.790001 -218.287994
v -3929.35107 339.140991 -5.61499977
v -3926.88989 335.256012 -9.55000019
v -3928.50488 335.079987 -11.9279995
v -3926.88989 335.256012 -9.55000019
v -3924.51294 318.908997 -20.7830009
v -3928.50488 335.079987 -11.9279995
v -4052.2229 98.0899963 52.5719986
v -4047.57397 98.4769974 52.6920013
v -4041.30908 102.033997 52.7639999
v -4049.40991 86.8980026 54.0439987
v -4052.2229 98.0899963 52.5719986
v -4059.75488 82.2419968 49.5740013
v -3797.69312 39.7169991 -91.413002
v -3789.84399 74.5059967 -90.7710037
v -3792.96606 75.0279999 -83.1360016
v -3789.84399 74.5059967 -90.7710037
v -3794.49512 90.4690018 -79.3610001
v -3792.96606 75.0279999 -83.1360016
v -4014.61304 377.63501 1.80900002
v -4032.20801 358.540985 17.7849998
v -4025.20093 364.289001 22.1119995
v -4032.20801 358.540985 17.7849998
v -4037.05005 339.207001 29.8850002
v -4025.20093 364.289001 22.1119995
v -3956.02197 295.802002 -82.6449966
v -3964.70508 292.979004 -90.4509964
v -3969.0061 303.613007 -82.3820038
v -3963.96899 318.240997 -71.663002
v -3956.02197 295.802002 -82.6449966
v -3969.0061 303.613007 -82.3820038
v -3883.677 236.276993 34.2779999
v -3884.05493 251.591995 37.5940018
v -3906.41895 252.794006 56.6619987
v -3877.58398 246.084 36
v -3884.05493 251.591995 37.5940018
v -3883.677 236.276993 34.2779999
v -3919.25293 238.253006 -122.577003
v -3930.33301 221.460007 -140.483994
v -3932.67798 236.145996 -132.906998
v -3919.25293 238.253006 -122.577003
v -3932.67798 236.145996 -132.906998
v -3933.48511 248.514999 -127.745003
v -3812.46411 142.501007 -69.5849991
v -3824.00391 159.526993 -76.6399994
v -3827.7439 161.535995 -67.4339981
v -3817.77002 150.621994 -89.6279984
v -3824.00391 159.526993 -76.6399994
v -3812.46411 142.501007 -69.5849991
v -3828.43701 39.1699982 70.5970001
v -3829.71191 54.4760017 62.1710014
v -3842.24609 37.5289993 83.413002
v -3828.43701 39.1699982 70.5970001
v -3821.72705 30.243 69.5920029
v -3829.71191 54.4760017 62.1710014
v -3914.2561 261.43399 -72.4729996
v -3904.73804 248.009995 -70.0299988
v -3894.52905 238.712006 -87.276001
v -3896.60889 237.173004 -78.3460007
v -3894.52905 238.712006 -87.276001
v -3897.94409 240.787003 -77.1760025
v -3962.96997 -9.42500019 -141.649994
v -3945.39502 3.56900001 -156.779007
v -3939.32104 -10.6870003 -140.785004
v -3962.96997 -9.42500019 -141.649994
v -3939.32104 -10.6870003 -140.785004
v -3947.51904 -21.4750004 -130.899002
v -4040.92603 261.799988 55.0730019
v -4047.14307 246.128006 59.1599998
v -4036.3291 248.550995 60.9169998
v -4006.41309 258.157013 57.7389984
v -4040.92603 261.799988 55.0730019
v -4017.46411 244.606995 63.8219986
v -4042.5481 57.7970009 -129.716003
v -4050.28906 60.8810005 -121.775002
v -4046.33301 76.5879974 -125.156998
v -4042.5481 57.7970009 -129.716003
v -4046.33301 76.5879974 -125.156998
v -4032.16211 83.4649963 -140.289001
v -3992.25708 130.132996 74.2429962
v -3987.78394 146.783997 79.0319977
v -4005.07007 142.867996 71.2060013
v -4022.64893 151.119003 64.1070023
v -4005.07007 142.867996 71.2060013
v -3987.78394 146.783997 79.0319977
v -3935.81104 328.940002 21.1079998
v -3950.0459 340.549011 24.6450005
v -3924.3999 311.460999 27.0319996
v -3911.23096 297.984985 26.2830009
v -3925.3689 326.027008 11.0629997
v -3924.3999 311.460999 27.0319996
v -4084.82788 30.2380009 -62.3610001
v -4088.4541 24.243 -62.8699989
v -4092.95703 27.4330006 -56.512001
v -4092.95703 27.4330006 -56.512001
v -4088.4541 24.243 -62.8699989
v -4094.11792 14.3210001 -57.4459991
v -3898.33203 206.044998 -128.557007
v -3890.67407 202.067993 -122.790001
v -3911.64893 194.5 -143.475006
v -3881.13696 210.192993 -114.053001
v -3890.67407 202.067993 -122.790001
v -3898.33203 206.044998 -128.557007
v -3896.3811 147.725998 -168.259003
v -3908.15503 157.546997 -166.425003
v -3897.37012 160.641998 -156.052002
v -3896.3811 147.725998 -168.259003
v -3893.146 142.007004 -177.059006
v -3908.15503 157.546997 -166.425003
v -4085.38696 205.386002 5.50300026
v -4083.73608 227.626007 4.3210001
v -4085.96802 197.231995 1.07599998
v -4085.38696 205.386002 5.50300026
v -4082.27002 235.460007 9.45100021
v -4083.73608 227.626007 4.3210001
v -3870.04492 -30.5699997 -128.649002
v -3872.50903 -15.6630001 -139.085999
v -3866.91504 -18.3269997 -135.623001
v -3894.92505 -41.3370018 -118.324997
v -3872.50903 -15.6630001 -139.085999
v -3870.04492 -30.5699997 -128.649002
v -3966.65503 347.533997 35.7890015
v -3962.95996 357.777008 22.3330002
v -3969.21509 360.950012 29.1609993
v -3962.95996 357.777008 22.3330002
v -3969.68701 367.437012 20.8990002
v -3969.21509 360.950012 29.1609993
v -3831.68896 102.119003 -136.612
v -3818.29102 110.857002 -130.580994
v -3806.31494 98.7190018 -125.113998
v -3818.29102 110.857002 -130.580994
v -3803.40894 107.333 -121.257004
v -3806.31494 98.7190018 -125.113998
v -3919.302 91.336998 128.309006
v -3920.82593 103.944 128.686005
v -3924.21289 94.3239975 126.745003
v -3924.21289 94.3239975 126.745003
v -3920.82593 103.944 128.686005
v -3931.27588 95.4589996 118.346001
v -3813.56396 197.835007 -30.2950001
v -3811.70703 186.322998 -29.7019997
v -3820.19995 192.25 -39.1150017
v -3811.70703 186.322998 -29.7019997
v -3813.56396 197.835007 -30.2950001
v -3813.18408 198.514999 -25.7099991
v -4084.53809 183.492996 -16.7189999
v -4095.979 182.158997 -29.4309998
v -4090.24292 180.979004 -24.8439999
v -4095.979 182.158997 -29.4309998
v -4100.41113 188.037003 -38.1389999
v -4095.87305 177.410004 -31.323
v -3939.19092 280.175995 -92.2070007
v -3948.40991 283.910004 -92.3030014
v -3956.02197 295.802002 -82.6449966
v -3939.19092 280.175995 -92.2070007
v -3946.85107 276.341003 -100.268997
v -3948.40991 283.910004 -92.3030014
v -3916.50098 328.18399 -9.91399956
v -3915.75 328.46701 -6.79899979
v -3900.26392 309.950012 -10.868
v -3925.18091 336.681 -2.78299999
v -3915.75 328.46701 -6.79899979
v -3916.50098 328.18399 -9.91399956
v -4024.04004 352.425995 -26.2630005
v -4012.92603 347.589996 -44.0789986
v -4023.56006 342.083008 -30.6200008
v -4028.62891 363.049011 -14.9680004
v -4018.67407 359.665985 -30.2630005
v -4024.04004 352.425995 -26.2630005
v -4070.43506 183.863998 -103.509003
v -4062.979 190.783005 -115.878998
v -4053.48291 154.955994 -117.170998
v -4077.86011 197.841003 -95.5390015
v -4062.979 190.783005 -115.878998
v -4070.43506 183.863998 -103.509003
v -3968.64795 -86.8740005 -81.3270035
v -3981.05396 -87.487999 -72.4749985
v -4015.18311 -82.1500015 -79.0250015
v -3981.05396 -87.487999 -72.4749985
v -3968.64795 -86.8740005 -81.3270035
v -3955.56494 -86.9319992 -78.8809967
v -4085.97803 -17.4230003 15.3979998
v -4088.69897 -0.43900001 17.0370007
v -4093.31689 -17.2199993 1.22000003
v -4086.01099 -29.1280003 7.74399996
v -4085.97803 -17.4230003 15.3979998
v -4093.31689 -17.2199993 1.22000003
v -4006.25 27.0769997 79.6090012
v -3999.65405 39.2840004 82.1210022
v -4012.5979 33.0340004 75.1470032
v -4006.25 27.0769997 79.6090012
v -4012.5979 33.0340004 75.1470032
v -4014.70605 17.2150002 73.3249969
v -4008.63403 -59.1660004 3.25099993
v -4025.38501 -61.0839996 -7.11899996
v -4010.65503 -68.2580032 -12.4540005
v -4010.65503 -68.2580032 -12.4540005
v -4027.28198 -67.7369995 -20.2210007
v -4032.46509 -72.862999 -34.7050018
v -4031.48804 364.97699 -8.99499989
v -4042.31006 350.511993 -3.18199992
v -4036.8269 357.895996 1.59399998
v -4042.31006 350.511993 -3.18199992
v -4042.42993 348.188995 4.40299988
v -4036.8269 357.895996 1.59399998
v -3930.06396 261.841003 -122.482002
v -3928.16309 255.291 -121.790001
v -3935.61694 263.074005 -124.155998
v -3929.42407 264.753998 -120.32
v -3917.04395 266.076996 -115.835999
v -3930.06396 261.841003 -122.482002
v -4096.27197 45.0169983 -43.5209999
v -4090.92603 36.6959991 -52.1399994
v -4096.83203 38.2579994 -50.0180016
v -4096.27197 45.0169983 -43.5209999
v -4084.82788 30.2380009 -62.3610001
v -4090.92603 36.6959991 -52.1399994
v -3906.10303 316.152008 -5.94099998
v -3900.26392 309.950012 -10.868
v -3915.75 328.46701 -6.79899979
v -3880.91504 294.09201 -14.6370001
v -3895.38501 303.713989 -7.80900002
v -3867.07202 280.102997 -9.29399967
v -3957.29712 129.576996 -224.365997
v -3948.0979 122.250999 -227.957001
v -3960.55298 123.693001 -225.328995
v -3938.68896 145.858994 -205.042007
v -3947.30005 130.434006 -221.796997
v -3957.29712 129.576996 -224.365997
v -4002.80103 -86.4329987 -55.4650002
v -4022.39307 -83.0400009 -61.7270012
v -4019.73999 -83.5739975 -69.0670013
v -4019.73999 -83.5739975 -69.0670013
v -4022.39307 -83.0400009 -61.7270012
v -4032.76807 -79.8030014 -66.7210007
v -4009.54004 13.7030001 73.8759995
v -4006.25 27.0769997 79.6090012
v -4014.70605 17.2150002 73.3249969
v -4009.54004 13.7030001 73.8759995
v -4014.70605 17.2150002 73.3249969
v -4032.43604 6.14099979 66.064003
v -3882.27588 222.214996 -79.9209976
v -3888.98511 229.056 -72.2099991
v -3879.83496 217.893997 -77.4840012
v -3874.07788 216.266998 -86.939003
v -3882.27588 222.214996 -79.9209976
v -3874.47192 213.897995 -83.7699966
v -3904.78101 25.8479996 -195.520004
v -3916.49805 29.3509998 -202.320007
v -3906.65894 27.7779999 -199.048996
v -3881.00195 33.8370018 -189.772003
v -3897.96802 30.4120007 -195.485992
v -3899.78296 37.4280014 -200.513
v -4032.61597 75.3789978 58.9539986
v -4022.7041 85.4199982 57.7639999
v -4031.60596 81.4950027 56.4020004
v -4036.54004 88.2279968 54.3030014
v -4022.7041 85.4199982 57.7639999
v -4041.30908 102.033997 52.7639999
v -4021.03491 316.312988 40.9150009
v -4032.11401 305.973999 40.0099983
v -4026.91797 297.492004 44.3160019
v -4032.11401 305.973999 40.0099983
v -4048.34497 294.59201 40.5670013
v -4026.91797 297.492004 44.3160019
v -3969.72803 282.93399 -112.328003
v -3967.58691 274.837006 -120.024002
v -3973.38501 277.862 -123.889999
v -3969.72803 282.93399 -112.328003
v -3973.38501 277.862 -123.889999
v -3983.521 295.334015 -104.778999
v -4069.02905 -9.63199997 49.8639984
v -4073.47803 -2.24099994 48.8800011
v -4073.58691 -12.665 44.8409996
v -4068.31104 -19.1790009 43.1489983
v -4069.02905 -9.63199997 49.8639984
v -4073.58691 -12.665 44.8409996
v -3891.29492 300.057007 -19.9150009
v -3880.19189 291.102997 -21.5970001
v -3896.61011 290.631012 -30.0499992
v -3891.29492 300.057007 -19.9150009
v -3880.91504 294.09201 -14.6370001
v -3880.19189 291.102997 -21.5970001
v -4087.573 193.824997 -76.7109985
v -4082.91504 170.621994 -75.7900009
v -4092.90088 178.998001 -59.0509987
v -4087.28296 161.774994 -61.9199982
v -4092.90088 178.998001 -59.0509987
v -4082.91504 170.621994 -75.7900009
v -4048.34497 294.59201 40.5670013
v -4047.49292 315.618988 32.137001
v -4056.11694 293.221008 36.0909996
v -4047.49292 315.618988 32.137001
v -4062.3999 296.756989 26.7070007
v -4056.11694 293.221008 36.0909996
v -3843.65405 184.240997 -83.7070007
v -3844.771 185.496002 -89.1090012
v -3851.16406 190.714005 -82.6930008
v -3824.00391 159.526993 -76.6399994
v -3836.20898 175.582001 -90.9940033
v -3839.02197 177.830994 -78.5350037
v -4041.7561 318.079987 -22.1310005
v -4043.66992 300.588013 -31.0779991
v -4054.63208 318.957001 -9.04800034
v -4043.66992 300.588013 -31.0779991
v -4055.04199 299.432007 -21.5939999
v -4054.63208 318.957001 -9.04800034
v -3916.50098 328.18399 -9.91399956
v -3905.91602 314.686005 -13.0410004
v -3914.36694 310.338013 -19.2390003
v -3899.28809 307.536011 -16.1949997
v -3909.59204 303.542999 -22.7080002
v -3905.91602 314.686005 -13.0410004
v -3957.36792 97.8410034 94.1610031
v -3947.4939 130.880005 100.195
v -3970.84497 121.516998 85.9079971
v -3970.84497 121.516998 85.9079971
v -3947.4939 130.880005 100.195
v -3978.11108 133.906998 82.3219986
v -3842.25195 234.785004 -51.9169998
v -3856.75903 232.164001 -59.2169991
v -3855.79395 242.313995 -49.1699982
v -3842.25195 234.785004 -51.9169998
v -3855.79395 242.313995 -49.1699982
v -3843.48608 247.089996 -42.1479988
v -3866.91504 -18.3269997 -135.623001
v -3859.21094 -16.434 -137.009995
v -3860.01392 -25.0540009 -130.783997
v -3859.21094 -16.434 -137.009995
v -3833.48999 -17.1259995 -143.556
v -3841.86304 -23 -136.475006
v -4094.40503 136.602997 -30.8990002
v -4098.44922 115.178001 -29.7040005
v -4096.83984 127.632004 -24.9069996
v -4098.44922 115.178001 -29.7040005
v -4101.15186 109.450996 -23.8430004
v -4097.28418 122.475998 -22.1329994
v -3844.70288 255.238007 -37.6040001
v -3843.48608 247.089996 -42.1479988
v -3854.979 259.800995 -36.4690018
v -3843.48608 247.089996 -42.1479988
v -3855.79395 242.313995 -49.1699982
v -3854.979 259.800995 -36.4690018
v -3859.21094 -16.434 -137.009995
v -3847.02905 -10.2930002 -147.039993
v -3833.48999 -17.1259995 -143.556
v -3863.75391 -13.0939999 -140.746994
v -3847.02905 -10.2930002 -147.039993
v -3859.21094 -16.434 -137.009995
v -3992.25708 130.132996 74.2429962
v -3986.05688 120.672997 75.848999
v -3978.11108 133.906998 82.3219986
v -3997.06299 93.6480026 70.2369995
v -3986.05688 120.672997 75.848999
v -3997.44092 118.575996 69.5019989
v -3915.13403 182.753006 -151.692001
v -3925.32495 186.149002 -157.593002
v -3922.59595 193.666 -150.274002
v -3911.64893 194.5 -143.475006
v -3915.13403 182.753006 -151.692001
v -3922.59595 193.666 -150.274002
v -3887.69897 285.51001 11.0220003
v -3895.38501 303.713989 -7.80900002
v -3897.71289 292.203003 13.2939997
v -3875.36108 252.257996 33.0740013
v -3872.40601 270.440002 10.7290001
v -3889.2041 279.731995 19.9370003
v -3843.70508 12.0439997 75.8160019
v -3837 24.2940006 84.5220032
v -3848.948 15.5780001 88.1449966
v -3860.56396 -5.17999983 69.4020004
v -3850.03906 1.92000008 69.1230011
v -3848.948 15.5780001 88.1449966
v -3851.69507 217.740997 -73.3889999
v -3856.75903 232.164001 -59.2169991
v -3844.22803 221.703003 -69.276001
v -3851.69507 217.740997 -73.3889999
v -3844.22803 221.703003 -69.276001
v -3851.18408 213.518997 -80.4729996
v -3961.51904 234.248993 -156.940002
v -3967.41309 210.391006 -165.873001
v -3971.04297 230.75 -153.507996
v -3965.66699 244.356995 -151.110992
v -3971.04297 230.75 -153.507996
v -3969.79907 247.358994 -147.098007
v -4047.69604 240.951996 59.6419983
v -4055.74902 230.070999 56.0330009
v -4047.8501 229.268997 57.0139999
v -4023.90991 239.990997 63.5369987
v -4047.69604 240.951996 59.6419983
v -4047.8501 229.268997 57.0139999
v -3791.79907 35.6310005 39.4049988
v -3796.99707 56.3499985 30.0389996
v -3803.60596 48.8339996 42.2190018
v -3800.21509 81.9069977 17.6590004
v -3805.25 64.2529984 34.7140007
v -3796.99707 56.3499985 30.0389996
v -4087.28296 161.774994 -61.9199982
v -4081.44312 146.451996 -68.8180008
v -4090.24609 151.703003 -51.5979996
v -4080.88989 134.796997 -68.5920029
v -4081.89697 117.148003 -69.8379974
v -4087.95288 144.626007 -55.4620018
v -3840.14502 32.269001 87.9990005
v -3844.875 22.0709991 90.5739975
v -3837 24.2940006 84.5220032
v -3848.948 15.5780001 88.1449966
v -3837 24.2940006 84.5220032
v -3844.875 22.0709991 90.5739975
v -3819.53491 150.065994 -51.3899994
v -3829.33496 159.623993 -55.0130005
v -3824.177 159.145004 -47.7509995
v -3811.07788 148.279007 -50.1699982
v -3819.53491 150.065994 -51.3899994
v -3817.21094 154.048996 -44.5060005
v -4067.41089 7.14400005 55.2960014
v -4064.98291 20 58.4970016
v -4072.36499 17.6599998 53.8619995
v -4041.49512 16.6879997 64.7610016
v -4064.98291 20 58.4970016
v -4067.41089 7.14400005 55.2960014
v -3951.2041 35.6240005 102.494003
v -3950.87988 53.1049995 106.867996
v -3967.74292 45.9309998 99.7180023
v -3940.19312 51.2480011 109.067001
v -3951.2041 35.6240005 102.494003
v -3937.73706 33.1949997 104.185997
v -4047.8501 229.268997 57.0139999
v -4055.74902 230.070999 56.0330009
v -4057.81909 225.112 52.0859985
v -4060.552 231.938004 52.7919998
v -4055.74902 230.070999 56.0330009
v -4055.96899 246.962006 52.980999
v -4063.71704 231.192001 -91.7269974
v -4065.44312 229.462997 -88.0579987
v -4055.83496 236.914001 -83.935997
v -4055.83496 236.914001 -83.935997
v -4065.44312 229.462997 -88.0579987
v -4056.46704 239.285995 -71.1780014
v -3992.3689 32.7319984 89.0309982
v -4006.25 27.0769997 79.6090012
v -3996.11206 26.7719994 85.7129974
v -3996.11206 26.7719994 85.7129974
v -3974.63989 34.118 94.112999
v -3992.3689 32.7319984 89.0309982
v -3983.52905 76.060997 80.0800018
v -4003.48291 73.3769989 68.651001
v -4004.10693 72.151001 70.0690002
v -3983.52905 76.060997 80.0800018
v -3955.62207 86.8649979 96.6299973
v -3996.78906 79.6940002 71.723999
v -4011.74707 195.498993 66.6809998
v -4002.65698 174.516006 71.9789963
v -3997.81299 198.791 71.0970001
v -4020.48804 161.496002 65.2129974
v -4002.65698 174.516006 71.9789963
v -4025.01611 176.251007 63.1759987
v -3890.83911 235.520004 -102.102997
v -3895.73389 241.873001 -102.531998
v -3894.52905 238.712006 -87.276001
v -3890.83911 235.520004 -102.102997
v -3880.12891 221.279999 -114.795998
v -3895.73389 241.873001 -102.531998
v -3793.21899 101.578003 -100.655998
v -3796.77905 106.084999 -115.802002
v -3799.86499 118.086998 -102.091003
v -3794.59009 107.508003 -97.5930023
v -3799.86499 118.086998 -102.091003
v -3806.1731 133.518997 -92.9820023
v -3828.4541 225.988007 -3.30299997
v -3833.68091 219.904007 -5.42999983
v -3828.26294 219.011993 -11.823
v -3828.26294 219.011993 -11.823
v -3833.68091 219.904007 -5.42999983
v -3819.82007 194.498993 -5.37900019
v -3842.14307 104.834 48.2369995
v -3824.83398 86.5680008 41.5139999
v -3816.54907 92.2979965 30.7999992
v -3816.54907 92.2979965 30.7999992
v -3817.14404 64.2689972 46.0309982
v -3805.25 64.2529984 34.7140007
v -4006.104 63.2070007 72.0530014
v -3999.65405 39.2840004 82.1210022
v -3989.57495 66.1399994 80.947998
v -3983.52905 76.060997 80.0800018
v -4004.10693 72.151001 70.0690002
v -3985.83008 73.3960037 80.8180008
v -3991.04712 232.841995 69.6139984
v -4023.90991 239.990997 63.5369987
v -4013.23193 226.438995 63.2229996
v -3991.04712 232.841995 69.6139984
v -4017.46411 244.606995 63.8219986
v -4023.90991 239.990997 63.5369987
v -4082.95898 144.233994 -5.86199999
v -4088.77808 142.220993 -10.3979998
v -4091.90503 132.419006 -9.7840004
v -4094.58398 129.313004 -14.4440002
v -4088.77808 142.220993 -10.3979998
v -4094.86694 138.167007 -21.1650009
v -4110.54004 49.4920006 -27.4430008
v -4107.53711 43.4379997 -32.8759995
v -4104.56885 32.2669983 -41.0929985
v -4102.89502 48.3930016 -32.6860008
v -4107.53711 43.4379997 -32.8759995
v -4110.54004 49.4920006 -27.4430008
v -3950.17798 313.360992 48.368
v -3960.08691 316.330994 46.1069984
v -3958.11206 300.533997 50.4760017
v -3960.08691 316.330994 46.1069984
v -3950.17798 313.360992 48.368
v -3967.45288 336.972992 41.7280006
v -3846.97998 137.764999 37.2480011
v -3859.79492 124.642998 56.3689995
v -3843.12207 124.546997 39.2229996
v -3843.12207 124.546997 39.2229996
v -3820.42212 134.880005 9.0710001
v -3846.97998 137.764999 37.2480011
v -4003.65308 216.738007 67.4329987
v -3992.83105 220.505997 68.2160034
v -4003.36499 222.231003 65.0279999
v -3992.83105 220.505997 68.2160034
v -3991.04712 232.841995 69.6139984
v -4003.36499 222.231003 65.0279999
v -3803.36304 124.289001 -116.348999
v -3808.39795 132.429993 -120.472
v -3810.14502 139.309998 -118.069
v -3799.86499 118.086998 -102.091003
v -3803.36304 124.289001 -116.348999
v -3810.14502 139.309998 -118.069
v -3862.9209 269.407013 1.18900001
v -3867.07202 280.102997 -9.29399967
v -3887.69897 285.51001 11.0220003
v -3845.6311 251.867004 0.834999979
v -3849.89404 263.872986 -9.0710001
v -3851.91992 259.449005 0.643999994
v -3764.41211 65.487999 -39.6529999
v -3764.24097 54.2709999 -38.1399994
v -3770.30493 81.9199982 -45.7779999
v -3764.41211 65.487999 -39.6529999
v -3761.84912 64.8249969 -33.4980011
v -3764.24097 54.2709999 -38.1399994
v -3882.552 50.5330009 109.611
v -3885.823 66.4670029 116.220001
v -3895.78101 62.8440018 116.017998
v -3882.552 50.5330009 109.611
v -3851.77393 32.3149986 95.6969986
v -3885.823 66.4670029 116.220001
v -3875.53003 103.664001 -187.990005
v -3885.02588 107.476997 -197.360992
v -3885.7041 121.984001 -185.940994
v -3885.02588 107.476997 -197.360992
v -3892.00391 129.455002 -185.932007
v -3885.7041 121.984001 -185.940994
v -4023.93994 -63.5029984 -95.0599976
v -4015.271 -55.9339981 -103.861
v -4017.01489 -65.362999 -95.7310028
v -4015.271 -55.9339981 -103.861
v -3987.09204 -67.7539978 -95.6689987
v -4017.01489 -65.362999 -95.7310028
v -3770.30493 81.9199982 -45.7779999
v -3762.14893 87.177002 -39.9220009
v -3760.27393 77.5230026 -38.0509987
v -3760.27393 77.5230026 -38.0509987
v -3762.14893 87.177002 -39.9220009
v -3761.96802 88.3619995 -36.0950012
v -3855.66406 272.669006 -15.4799995
v -3859.10693 277.807007 -20.7689991
v -3867.07202 280.102997 -9.29399967
v -3862.9209 269.407013 1.18900001
v -3855.66406 272.669006 -15.4799995
v -3867.07202 280.102997 -9.29399967
v -3817.21094 154.048996 -44.5060005
v -3824.177 159.145004 -47.7509995
v -3820.58203 167.429001 -39.9300003
v -3817.21094 154.048996 -44.5060005
v -3819.53491 150.065994 -51.3899994
v -3824.177 159.145004 -47.7509995
v -3981.90308 -13.1999998 59.7830009
v -3985.3269 -27.0620003 47.1930008
v -3967.74609 -22.3029995 55.0960007
v -3967.74609 -22.3029995 55.0960007
v -3985.3269 -27.0620003 47.1930008
v -3978.29492 -37.2919998 39.1640015
v -4015.18311 -82.1500015 -79.0250015
v -4022.04907 -78.1449966 -80.810997
v -4012.5481 -79.1380005 -83.5970001
v -4015.18311 -82.1500015 -79.0250015
v -4012.5481 -79.1380005 -83.5970001
v -3968.64795 -86.8740005 -81.3270035
v -3838.73706 -26.3260002 15.0819998
v -3834.6499 -17.2530003 15.8360004
v -3841.56909 -22.0160007 19.0459995
v -3838.73706 -26.3260002 15.0819998
v -3841.56909 -22.0160007 19.0459995
v -3842.15601 -35.9490013 15.6700001
v -4001.89404 260.812012 55.875
v -4006.41309 258.157013 57.7389984
v -3990.63989 255.496994 60.8030014
v -4040.92603 261.799988 55.0730019
v -4006.41309 258.157013 57.7389984
v -4013.03101 267.23999 53.112999
v -3930.28809 -34.5900002 52.1819992
v -3942.78296 -42.769001 43.9290009
v -3922.91211 -45.5699997 39.6720009
v -3930.28809 -34.5900002 52.1819992
v -3917.66211 -16.4349995 68.8310013
v -3942.78296 -42.769001 43.9290009
v -3808.1311 -1.88499999 14.3809996
v -3796.08008 14.9729996 14.4029999
v -3797.44897 18.0259991 26.3419991
v -3815.20508 -3.35699987 23.5230007
v -3807.43506 -3.1329999 5.27299976
v -3808.1311 -1.88499999 14.3809996
v -4084.89697 -23.1620007 -64.2229996
v -4076.08911 -29.6819992 -70.1689987
v -4085.10107 -27.802 -59.2029991
v -4095.7229 -22.0890007 -47.5489998
v -4102.40576 -14.1300001 -42.7669983
v -4084.89697 -23.1620007 -64.2229996
v -3966.85107 172.841995 -189.108994
v -3975.48096 182.091003 -183.667999
v -3960.93188 182.572998 -184.121994
v -3960.93188 182.572998 -184.121994
v -3944.80005 178.470993 -184.535995
v -3966.85107 172.841995 -189.108994
v -3803.56909 40.3219986 -81.1299973
v -3799.43188 35.9729996 -86.737999
v -3797.69312 39.7169991 -91.413002
v -3797.69312 39.7169991 -91.413002
v -3792.96606 75.0279999 -83.1360016
v -3800.66895 51.7599983 -80.9649963
v -3807.43506 -3.1329999 5.27299976
v -3778.92212 36.8730011 10.4329996
v -3796.08008 14.9729996 14.4029999
v -3808.1311 -1.88499999 14.3809996
v -3807.43506 -3.1329999 5.27299976
v -3796.08008 14.9729996 14.4029999
v -3828.08301 197.251007 5.29400015
v -3830.17603 200.360992 3.60599995
v -3833.03491 198.007996 5.82399988
v -3849.92798 215.570999 16.6270008
v -3833.03491 198.007996 5.82399988
v -3830.17603 200.360992 3.60599995
v -3909.13403 256.846008 -108.327003
v -3914.32788 266.539001 -111.653
v -3907.50488 257.976013 -104.960999
v -3901.1521 244.466995 -107.153999
v -3909.13403 256.846008 -108.327003
v -3907.50488 257.976013 -104.960999
v -3866.271 223.561005 -69.2770004
v -3863.43311 214.998993 -74.8479996
v -3872.99292 216.979996 -75.8430023
v -3863.43311 214.998993 -74.8479996
v -3855.42896 224.417999 -66.8119965
v -3851.69507 217.740997 -73.3889999
v -3808.55005 37.5029984 -73.961998
v -3807.50806 46.8790016 -70.2939987
v -3806.21997 38.5320015 -69.6350021
v -3807.03711 33.1640015 -70.6660004
v -3802.16602 32.6279984 -85.3899994
v -3808.55005 37.5029984 -73.961998
v -3983.521 295.334015 -104.778999
v -3984.68311 287.869995 -113.472
v -3990.81494 298.765991 -100.555
v -3990.81494 298.765991 -100.555
v -3984.68311 287.869995 -113.472
v -3995.26099 291.634003 -98.4899979
v -4036.3291 248.550995 60.9169998
v -4017.46411 244.606995 63.8219986
v -4040.92603 261.799988 55.0730019
v -4023.90991 239.990997 63.5369987
v -4017.46411 244.606995 63.8219986
v -4036.3291 248.550995 60.9169998
v -3970.30811 55.0159988 -207.714996
v -3982.15405 42.3880005 -192.664993
v -4008.49512 38.9220009 -164.710999
v -3982.15405 42.3880005 -192.664993
v -3971.13696 48.4570007 -204.766006
v -3973.2041 41.25 -199.309998
v -4009.54004 13.7030001 73.8759995
v -4021.85107 1.96000004 65.9609985
v -4002.61499 5.32000017 70.6409988
v -4012.21289 -13.9940004 55.0480003
v -4002.61499 5.32000017 70.6409988
v -4021.85107 1.96000004 65.9609985
v -3805.6709 1.83899999 -9.00300026
v -3807.68701 -6.65600014 -7.19299984
v -3807.323 -3.58299994 -17.073
v -3807.68701 -6.65600014 -7.19299984
v -3806.70093 -10.5559998 -33.3520012
v -3807.323 -3.58299994 -17.073
v -4071.72095 -25.7950001 33.4589996
v -4077.36499 -22.2900009 31.4540005
v -4076.27588 -34.8670006 18.4500008
v -4071.72095 -25.7950001 33.4589996
v -4076.27588 -34.8670006 18.4500008
v -4033.38794 -53.9939995 3.20900011
v -4071.3269 232.979996 -60.375
v -4068.25806 238.580994 -49.8100014
v -4064.46509 239.934006 -49.3909988
v -4070.29395 235.009995 -40.855999
v -4068.25806 238.580994 -49.8100014
v -4079.38794 228.794006 -62.9430008
v -4079.80103 280.856995 3.29099989
v -4078.31494 272.932007 -4.11000013
v -4081.69092 264.695007 3.92799997
v -4081.36108 259.721985 6.65700006
v -4071.0769 255.871002 29.052
v -4079.80103 280.856995 3.29099989
v -4013.03101 267.23999 53.112999
v -4006.41309 258.157013 57.7389984
v -4001.89404 260.812012 55.875
v -4001.89404 260.812012 55.875
v -3988.07593 264.234985 56.6300011
v -4013.03101 267.23999 53.112999
v -3812.35498 142.457001 -2.67000008
v -3806.08105 149.110992 -3.3440001
v -3817.23291 163.701996 0.755999982
v -3820.44702 153.757004 -1.37
v -3817.23291 163.701996 0.755999982
v -3832.62891 167.735992 1.12800002
v -4040.41211 196.634995 57.7039986
v -4025.01611 176.251007 63.1759987
v -4011.74707 195.498993 66.6809998
v -4002.65698 174.516006 71.9789963
v -4011.74707 195.498993 66.6809998
v -4025.01611 176.251007 63.1759987
v -4044.01904 212.237 -133.307999
v -4051.83691 211.401001 -131.880005
v -4049.13306 220.179993 -118.641998
v -4036.84009 201.977005 -144.764008
v -4033.01099 193.214005 -150.509003
v -4042.15088 201.516006 -142.554001
v -4077.21899 225.490005 -76.5090027
v -4080.0791 220.335999 -90.6439972
v -4079.38794 228.794006 -62.9430008
v -4068.25806 238.580994 -49.8100014
v -4071.3269 232.979996 -60.375
v -4079.38794 228.794006 -62.9430008
v -4083.40503 169.479004 6.28000021
v -4085.96802 197.231995 1.07599998
v -4083.82007 173.412003 2.14599991
v -4084.52295 145.001007 3.37400007
v -4083.19312 153.981995 6.34000015
v -4083.13306 157.979996 1.45300007
v -3996.14893 290.987 48.262001
v -4021.03491 316.312988 40.9150009
v -4003.03809 280.408997 49.5379982
v -3984.89893 283.563995 51.4830017
v -3992.85205 274.529999 52.3709984
v -3974.15698 275.088013 55.269001
v -4013.4729 107.330002 -161.531998
v -4029.55005 106.843002 -141.080994
v -4056.12207 123.846001 -106.024002
v -4019.87305 92.2919998 -154.035004
v -4013.4729 107.330002 -161.531998
v -3999.89697 85.5790024 -176.826996
v -3871.18506 -50.0489998 10.2930002
v -3865.35303 -41.5789986 19.6119995
v -3886.46997 -45.0550003 23.5809994
v -3873.854 -57.1220016 -1.11599994
v -3871.18506 -50.0489998 10.2930002
v -3892.97803 -48.4790001 21.6499996
v -4042.15088 201.516006 -142.554001
v -4039.06006 174.270004 -141.371994
v -4054.16089 209.649002 -130.192001
v -4044.01904 212.237 -133.307999
v -4042.15088 201.516006 -142.554001
v -4051.83691 211.401001 -131.880005
v -4057.81909 225.112 52.0859985
v -4055.74902 230.070999 56.0330009
v -4060.552 231.938004 52.7919998
v -4057.81909 225.112 52.0859985
v -4060.552 231.938004 52.7919998
v -4058.09595 217.679001 48.6720009
v -3832.67896 124.192001 -126.138
v -3823.35596 122.538002 -123.254997
v -3825.71606 119.092003 -124.512001
v -3832.67896 124.192001 -126.138
v -3825.71606 119.092003 -124.512001
v -3818.29102 110.857002 -130.580994
v -3828.70996 252.182007 -34.4339981
v -3844.86792 267.320007 -28.6130009
v -3849.89404 263.872986 -9.0710001
v -3825.62793 246.910995 -39.9550018
v -3834.48901 257.592987 -35.6119995
v -3828.70996 252.182007 -34.4339981
v -4036.84009 201.977005 -144.764008
v -4044.01904 212.237 -133.307999
v -4038.56494 208.175003 -134.878998
v -4044.01904 212.237 -133.307999
v -4036.84009 201.977005 -144.764008
v -4042.15088 201.516006 -142.554001
v -4009.11304 34.151001 -163.248993
v -4006.75195 18.0890007 -155.996994
v -4017.87793 35.8069992 -153.787003
v -3992.22095 22.3980007 -171.472
v -4005.25806 25.5270004 -162.248001
v -3997.93896 36.75 -174.779999
v -3978.11108 133.906998 82.3219986
v -3970.05591 146.664001 87.3820038
v -3987.78394 146.783997 79.0319977
v -3970.05591 146.664001 87.3820038
v -3978.11108 133.906998 82.3219986
v -3947.4939 130.880005 100.195
v -3966.62598 -79.0329971 -29.0869999
v -3988.57104 -79.987999 -20.6310005
v -3974.19312 -83.1849976 -43.1720009
v -3966.62598 -79.0329971 -29.0869999
v -3974.19312 -83.1849976 -43.1720009
v -3942.45288 -80.5800018 -44.5830002
v -3937.28394 208.360001 91.4649963
v -3937.98804 217.403 83.887001
v -3943.33911 207.953003 88.8669968
v -3937.28394 208.360001 91.4649963
v -3943.33911 207.953003 88.8669968
v -3949.53711 198.386993 90.3600006
v -4007.06494 373.105988 -24.4309998
v -4001.521 350.181 -48.0629997
v -4012.896 367.347992 -28.8630009
v -4001.521 350.181 -48.0629997
v -3998.08789 331.5 -68.2320023
v -4012.67993 359.666992 -35.8779984
v -3762.86108 101.043999 -41.1749992
v -3765.771 109.193001 -42.3289986
v -3765.49805 111.797997 -38.8100014
v -3762.76904 100.761002 -37.9090004
v -3765.49805 111.797997 -38.8100014
v -3782.0271 103.634003 -14.8719997
v -3929.78296 204.347 89.5059967
v -3937.98804 217.403 83.887001
v -3933.33398 206.610001 91.9700012
v -3926.93604 176.600006 103.251999
v -3929.78296 204.347 89.5059967
v -3933.33398 206.610001 91.9700012
v -3924.43506 214.151993 -144.578003
v -3932.14307 218.388 -142.856995
v -3930.33301 221.460007 -140.483994
v -3930.33301 221.460007 -140.483994
v -3932.14307 218.388 -142.856995
v -3938.50488 221.201004 -148.348999
v -3882.18701 153.410004 -155.126999
v -3881.21997 158.444 -153.270996
v -3868.05591 165.029999 -139.806
v -3882.18701 153.410004 -155.126999
v -3893.94604 164.511002 -151.139008
v -3881.21997 158.444 -153.270996
v -3899.28809 307.536011 -16.1949997
v -3900.26392 309.950012 -10.868
v -3880.91504 294.09201 -14.6370001
v -3900.26392 309.950012 -10.868
v -3895.38501 303.713989 -7.80900002
v -3880.91504 294.09201 -14.6370001
v -3974.8269 365.140991 29.302
v -3974.3811 371.242004 21.7880001
v -3983.40308 370.584991 25.9249992
v -3983.40308 370.584991 25.9249992
v -4014.76709 370.990997 23.4080009
v -3974.8269 365.140991 29.302
v -3787.30908 104.106003 -62.9039993
v -3792.68506 93.9169998 -67.8330002
v -3794.64502 111.254997 -70.7850037
v -3792.35303 112.740997 -67.4240036
v -3779.53101 110.105003 -54.9290009
v -3787.30908 104.106003 -62.9039993
v -3861.48804 254.046005 15.7930002
v -3854.66089 244.552002 15.9060001
v -3845.6311 251.867004 0.834999979
v -3845.6311 251.867004 0.834999979
v -3851.91992 259.449005 0.643999994
v -3861.48804 254.046005 15.7930002
v -3929.78296 204.347 89.5059967
v -3926.93604 176.600006 103.251999
v -3912.33203 168.647995 92.8259964
v -3918.65503 155.789001 106.807999
v -3924.88501 166.057007 107.584
v -3919.64209 144.367996 115.202003
v -3904.78101 25.8479996 -195.520004
v -3923.95801 28.2479992 -201.108994
v -3916.49805 29.3509998 -202.320007
v -3949.27905 46.4790001 -215.037003
v -3927.52295 34.5460014 -206.421997
v -3929.98291 33.1020012 -205.108002
v -3765.49805 111.797997 -38.8100014
v -3762.76904 100.761002 -37.9090004
v -3762.86108 101.043999 -41.1749992
v -3761.96802 88.3619995 -36.0950012
v -3762.86108 101.043999 -41.1749992
v -3762.76904 100.761002 -37.9090004
v -3944.81592 297.43399 -64.7730026
v -3947.47998 304.097992 -38.8180008
v -3938.12305 288.087006 -47.7630005
v -3937.83105 290.115997 -41.487999
v -3938.12305 288.087006 -47.7630005
v -3947.47998 304.097992 -38.8180008
v -4044.61401 -60.8479996 -76.7850037
v -4051.95996 -37.2109985 -88.5530014
v -4034.03711 -64.3679962 -85.5650024
v -4038.95508 -74.1500015 -67.5439987
v -4044.61401 -60.8479996 -76.7850037
v -4034.03711 -64.3679962 -85.5650024
v -3844.00293 -75.0680008 -67.2399979
v -3833.44409 -68.2229996 -53.8549995
v -3835.75293 -74.9309998 -50.1980019
v -3825.27905 -63.3310013 -34.1069984
v -3835.75293 -74.9309998 -50.1980019
v -3833.44409 -68.2229996 -53.8549995
v -4084.52295 145.001007 3.37400007
v -4089.50488 118.255997 -0.713
v -4084.2561 119.445 8.36699963
v -4094.17603 79.5059967 0.217999995
v -4084.2561 119.445 8.36699963
v -4089.50488 118.255997 -0.713
v -3803.48706 129 -80.1709976
v -3806.95605 135.684998 -90.802002
v -3812.46411 142.501007 -69.5849991
v -3806.1731 133.518997 -92.9820023
v -3803.48706 129 -80.1709976
v -3794.59009 107.508003 -97.5930023
v -3997.06299 93.6480026 70.2369995
v -3976.83594 98.1800003 82.5579987
v -3986.05688 120.672997 75.848999
v -3996.78906 79.6940002 71.723999
v -3976.83594 98.1800003 82.5579987
v -3997.06299 93.6480026 70.2369995
v -3964.70508 292.979004 -90.4509964
v -3975.56592 299.321014 -91.8769989
v -3969.0061 303.613007 -82.3820038
v -3964.70508 292.979004 -90.4509964
v -3969.72803 282.93399 -112.328003
v -3975.56592 299.321014 -91.8769989
v -3794.5979 9.75500011 -24.3770008
v -3798.85693 10.026 -16.9540005
v -3798.66089 2.375 -42.612999
v -3794.5979 9.75500011 -24.3770008
v -3797.08105 16.1739998 -12.158
v -3798.85693 10.026 -16.9540005
v -3760.32593 75.2259979 -33.6300011
v -3761.84912 64.8249969 -33.4980011
v -3760.27393 77.5230026 -38.0509987
v -3761.84912 64.8249969 -33.4980011
v -3760.32593 75.2259979 -33.6300011
v -3763.68408 65.9599991 -25.2749996
v -4060.0249 276.753998 41.2509995
v -4067.18408 280.475006 27.4430008
v -4061.10205 259.037994 48.6559982
v -4054.9021 277.69101 44.8400002
v -4060.0249 276.753998 41.2509995
v -4061.10205 259.037994 48.6559982
v -3786.63208 64.9380035 -112.987999
v -3789.43408 50.9339981 -114.464996
v -3788.59106 64.401001 -116.039001
v -3791.9541 48.7999992 -117.617996
v -3789.43408 50.9339981 -114.464996
v -3793.40405 38.0419998 -110.406998
v -3853.36304 83.6750031 -166.371994
v -3860.88306 80.8440018 -186.664001
v -3862.27808 89.8639984 -179.110001
v -3853.36304 83.6750031 -166.371994
v -3856.56104 93.7350006 -165.817993
v -3845.49707 90.8339996 -150.007996
v -3888.12988 140.878006 -172.376999
v -3893.146 142.007004 -177.059006
v -3896.3811 147.725998 -168.259003
v -3882.51709 134.490997 -174.397995
v -3890.68604 139.919006 -178.350998
v -3888.12988 140.878006 -172.376999
v -4007.06494 373.105988 -24.4309998
v -4019.49097 370.253998 -20.4370003
v -4022.25195 372.114014 -12.4860001
v -4031.48804 364.97699 -8.99499989
v -4022.25195 372.114014 -12.4860001
v -4019.49097 370.253998 -20.4370003
v -3853.36304 83.6750031 -166.371994
v -3862.27808 89.8639984 -179.110001
v -3856.56104 93.7350006 -165.817993
v -3862.27808 89.8639984 -179.110001
v -3872.82104 110.260002 -179.151993
v -3856.56104 93.7350006 -165.817993
v -4064.92505 186.811005 39.3619995
v -4066.23511 228.322998 37.1730003
v -4072.93994 210.018005 27.6439991
v -4073.61304 230.764008 26.6149998
v -4085.38696 205.386002 5.50300026
v -4072.93994 210.018005 27.6439991
v -3788.59106 64.401001 -116.039001
v -3789.43408 50.9339981 -114.464996
v -3791.9541 48.7999992 -117.617996
v -3791.9541 48.7999992 -117.617996
v -3803.29004 60.4420013 -121.769997
v -3788.59106 64.401001 -116.039001
v -3840.9231 125.542 -130.074997
v -3831.18188 127.592003 -123.627998
v -3832.67896 124.192001 -126.138
v -3838.86011 119.084 -136.410004
v -3840.9231 125.542 -130.074997
v -3832.67896 124.192001 -126.138
v -4073.95898 -45.8909988 -49.4959984
v -4073.52393 -39.0009995 -61.7919998
v -4062.35303 -58.8460007 -52.5810013
v -4073.95898 -45.8909988 -49.4959984
v -4062.35303 -58.8460007 -52.5810013
v -4073.20996 -56.0379982 -28.1270008
v -3875.53003 103.664001 -187.990005
v -3885.7041 121.984001 -185.940994
v -3872.82104 110.260002 -179.151993
v -3862.27808 89.8639984 -179.110001
v -3875.53003 103.664001 -187.990005
v -3872.82104 110.260002 -179.151993
v -3790.58496 6.19299984 -98.7480011
v -3790.41309 7.83400011 -103.755997
v -3789.30005 16.4890003 -97.0780029
v -3790.41309 7.83400011 -103.755997
v -3792.73804 2.65700006 -102.612
v -3795.93091 1.19499993 -117.998001
v -3923.74805 170.613007 103.446999
v -3930.6189 176.352005 104.241997
v -3931.44702 167.690994 105.18
v -3930.6189 176.352005 104.241997
v -3951.04907 166.673004 95.4639969
v -3931.44702 167.690994 105.18
v -3875.40405 155.516998 -147.244995
v -3868.05591 165.029999 -139.806
v -3862.69702 159.608994 -136.537994
v -3882.18701 153.410004 -155.126999
v -3868.05591 165.029999 -139.806
v -3875.40405 155.516998 -147.244995
v -3888.12988 140.878006 -172.376999
v -3890.68604 139.919006 -178.350998
v -3893.146 142.007004 -177.059006
v -3885.7041 121.984001 -185.940994
v -3892.00391 129.455002 -185.932007
v -3890.68604 139.919006 -178.350998
v -3967.51611 341.131012 -37.6310005
v -3967.29199 338.29599 -52.8170013
v -3974.53711 351.773987 -47.7960014
v -3956.63794 317.61499 -70.0999985
v -3967.29199 338.29599 -52.8170013
v -3963.40088 333.006012 -48.7509995
v -3865.84692 -84.9899979 -93.7030029
v -3870.87695 -90.8399963 -83.0999985
v -3875.37402 -90.552002 -88.8889999
v -3870.87695 -90.8399963 -83.0999985
v -3891.37305 -88.8909988 -85.0329971
v -3875.37402 -90.552002 -88.8889999
v -3791.12598 94.9250031 -114.684998
v -3793.53101 96.2630005 -118.322998
v -3796.77905 106.084999 -115.802002
v -3793.53101 96.2630005 -118.322998
v -3791.12598 94.9250031 -114.684998
v -3789.73804 76.8290024 -116.327003
v -4070.43506 183.863998 -103.509003
v -4065.3811 149.546997 -98.5910034
v -4069.52808 163.634003 -97.4189987
v -4069.52808 163.634003 -97.4189987
v -4072.84692 156.949997 -86.6709976
v -4082.91504 170.621994 -75.7900009
v -3933.16211 -86.9290009 -81.3470001
v -3933.43896 -84.9919968 -68.6230011
v -3957.36206 -85.4889984 -63.4490013
v -3942.45288 -80.5800018 -44.5830002
v -3957.36206 -85.4889984 -63.4490013
v -3933.43896 -84.9919968 -68.6230011
v -3873.26904 127.698997 -150.733002
v -3882.51709 134.490997 -174.397995
v -3877.68701 132.389999 -154.294006
v -3873.26904 127.698997 -150.733002
v -3877.68701 132.389999 -154.294006
v -3873.177 146.302994 -145.972
v -4064.24292 -15.9960003 48.1020012
v -4052.06494 -18.9169998 45.8730011
v -4036.42505 -14.2770004 52.223999
v -4069.02905 -9.63199997 49.8639984
v -4068.31104 -19.1790009 43.1489983
v -4064.24292 -15.9960003 48.1020012
v -4052.45605 129.912003 -111.473999
v -4030.54492 123.081001 -140.167007
v -4056.12207 123.846001 -106.024002
v -4069.64209 134.240005 -88.2440033
v -4069.83911 123.033997 -88.5589981
v -4080.88989 134.796997 -68.5920029
v -4022.99609 282.937012 -66.4700012
v -4019.98096 266.846985 -79.6279984
v -4031.34204 270.453003 -64.072998
v -3995.26099 291.634003 -98.4899979
v -4006.91602 264.90799 -98.0049973
v -4022.99609 282.937012 -66.4700012
v -3857.69189 -77.0780029 -45.8279991
v -3841.66895 -79.387001 -53.0169983
v -3842.13599 -72.1100006 -40.5419998
v -3883.38989 -62.2270012 -7.99100018
v -3872.11499 -70.5309982 -29.0990009
v -3864.61499 -64.689003 -19.5639992
v -3955.56494 -86.9319992 -78.8809967
v -3951.43506 -84.3960037 -85.7900009
v -3933.16211 -86.9290009 -81.3470001
v -3933.16211 -86.9290009 -81.3470001
v -3957.36206 -85.4889984 -63.4490013
v -3955.56494 -86.9319992 -78.8809967
v -4069.52808 163.634003 -97.4189987
v -4065.3811 149.546997 -98.5910034
v -4072.84692 156.949997 -86.6709976
v -4081.44312 146.451996 -68.8180008
v -4072.84692 156.949997 -86.6709976
v -4065.3811 149.546997 -98.5910034
v -3829.91895 177.335999 -45.9799995
v -3838.37207 194.414993 -57.9280014
v -3826.55591 185.164001 -43.9249992
v -3826.55591 185.164001 -43.9249992
v -3817.74512 176.365997 -37.3269997
v -3829.91895 177.335999 -45.9799995
v -4048.73901 96.4660034 -118.258003
v -4046.33301 76.5879974 -125.156998
v -4059.33496 99.2389984 -106.059998
v -4029.55005 106.843002 -141.080994
v -4048.73901 96.4660034 -118.258003
v -4057.31909 108.932999 -107.031998
v -4039.46411 348.933014 -9.09700012
v -4030.43408 332.653992 -26.7689991
v -4049.93091 336.890015 -3.55200005
v -4049.93091 336.890015 -3.55200005
v -4042.31006 350.511993 -3.18199992
v -4039.46411 348.933014 -9.09700012
v -3931.04297 270.806 61.4000015
v -3927.38208 263.088013 63.8460007
v -3934.8999 304.287994 46.8610001
v -3932.95898 258.174988 64.4660034
v -3927.38208 263.088013 63.8460007
v -3931.04297 270.806 61.4000015
v -3849.125 210.091003 -80.9280014
v -3852.54712 208.315002 -84.401001
v -3851.18408 213.518997 -80.4729996
v -3849.53296 201.473999 -79.6839981
v -3851.16406 190.714005 -82.6930008
v -3852.54712 208.315002 -84.401001
v -4073.9231 111.400002 -83.8430023
v -4076.30908 119.032997 -79.2480011
v -4069.83911 123.033997 -88.5589981
v -4076.30908 119.032997 -79.2480011
v -4073.9231 111.400002 -83.8430023
v -4076.53491 97.2310028 -77.2630005
v -3787.70288 148.169006 -33.526001
v -3804.21704 145.052994 -50.5579987
v -3794.6709 152.432999 -35.6520004
v -3785.88208 148.516006 -29.7849998
v -3787.70288 148.169006 -33.526001
v -3790.63403 154.580994 -31.2439995
v -3912.2771 136.910004 107.190002
v -3911.93701 119.318001 115.885002
v -3899.51099 104.278 111.292999
v -3911.58789 123.096001 116.404999
v -3911.93701 119.318001 115.885002
v -3912.2771 136.910004 107.190002
v -3943.55005 253.692001 66.6640015
v -3932.95898 258.174988 64.4660034
v -3931.04297 270.806 61.4000015
v -3939.48389 248.544006 68.5270004
v -3932.35889 239.636993 64.810997
v -3939.7771 251.285995 65.6740036
v -3844.771 185.496002 -89.1090012
v -3852.38403 193.697006 -87.0319977
v -3851.16406 190.714005 -82.6930008
v -3852.38403 193.697006 -87.0319977
v -3852.54712 208.315002 -84.401001
v -3851.16406 190.714005 -82.6930008
v -3984.7561 157.772995 80.5240021
v -4020.48804 161.496002 65.2129974
v -3987.78394 146.783997 79.0319977
v -3984.7561 157.772995 80.5240021
v -3987.78394 146.783997 79.0319977
v -3970.05591 146.664001 87.3820038
v -4064.31689 116.540001 38.3790016
v -4072.40308 138.035995 28.2859993
v -4078.10205 116.386002 18.9099998
v -4078.10205 116.386002 18.9099998
v -4072.40308 138.035995 28.2859993
v -4077.31689 141.005997 19.1459999
v -3902.81494 256.552002 -53.6699982
v -3906.30396 251.154007 -60.0979996
v -3913.30396 257.876007 -57.4239998
v -3906.30396 251.154007 -60.0979996
v -3904.73804 248.009995 -70.0299988
v -3913.30396 257.876007 -57.4239998
v -3790.59204 6.50699997 -56.0779991
v -3792.71704 3.22300005 -52.1539993
v -3798.4541 4.17600012 -59.5330009
v -3774.81592 20.3560009 -39.9519997
v -3785.94092 8.11600018 -48.9150009
v -3790.59204 6.50699997 -56.0779991
v -3997.57202 242.042007 -122.222
v -3996.83789 223.992996 -132.360992
v -4006.91602 264.90799 -98.0049973
v -3997.57202 242.042007 -122.222
v -3991.46191 219.854004 -140.535995
v -3996.83789 223.992996 -132.360992
v -4099.03906 203.018997 -49.6360016
v -4090.40601 211.024002 -71.9189987
v -4100.99609 196.160004 -43.6720009
v -4099.03906 203.018997 -49.6360016
v -4100.99609 196.160004 -43.6720009
v -4097.94922 203.824005 -33.9580002
v -3984.59302 -52.8800011 -106.954002
v -3949.854 -64.7959976 -100.239998
v -3987.09204 -67.7539978 -95.6689987
v -3987.09204 -67.7539978 -95.6689987
v -3949.854 -64.7959976 -100.239998
v -3949.96704 -69.0479965 -96.75
v -4085.00098 -41.6959991 -4.38399982
v -4080.9021 -31.2579994 17.2759991
v -4086.01099 -29.1280003 7.74399996
v -4085.97803 -17.4230003 15.3979998
v -4086.01099 -29.1280003 7.74399996
v -4077.36499 -22.2900009 31.4540005
v -3804.76489 63.5540009 -70.0660019
v -3799.2771 48.2369995 -64.2450027
v -3807.50806 46.8790016 -70.2939987
v -3806.21997 38.5320015 -69.6350021
v -3807.50806 46.8790016 -70.2939987
v -3799.2771 48.2369995 -64.2450027
v -3996.59106 386.229004 10.5150003
v -3984.26904 385.404999 -8.90100002
v -3997.41309 386.143005 5.64900017
v -3997.41309 386.143005 5.64900017
v -4009.67505 381.087006 1.972
v -3996.59106 386.229004 10.5150003
v -3919.70703 276.729004 -43.9869995
v -3932.3501 281.593994 -43.5419998
v -3933.48804 299.725006 -33.605999
v -3919.70703 276.729004 -43.9869995
v -3913.30396 257.876007 -57.4239998
v -3924.2229 271.214996 -48.5810013
v -3889.09497 226.686996 -114.358002
v -3894.35205 225.768005 -114.331001
v -3898.19702 233.059998 -112.249001
v -3894.35205 225.768005 -114.331001
v -3913.646 225.106995 -126.488998
v -3898.19702 233.059998 -112.249001
v -3808.54199 45.9129982 -73.4749985
v -3807.50806 46.8790016 -70.2939987
v -3808.55005 37.5029984 -73.961998
v -3804.76489 63.5540009 -70.0660019
v -3807.50806 46.8790016 -70.2939987
v -3808.54199 45.9129982 -73.4749985
v -3978.91504 251.554993 64.3310013
v -3959.35205 242.173996 69.7770004
v -3961.80908 263.105988 62.0789986
v -3988.07593 264.234985 56.6300011
v -3990.63989 255.496994 60.8030014
v -3976.62891 263.981995 59.5970001
v -4043.49902 313.330994 35.394001
v -4048.34497 294.59201 40.5670013
v -4032.11401 305.973999 40.0099983
v -4048.34497 294.59201 40.5670013
v -4043.49902 313.330994 35.394001
v -4047.49292 315.618988 32.137001
v -4063.16602 277.975006 -24.3430004
v -4058.59912 286.368988 -26.8610001
v -4064.53906 271.390991 -28.7590008
v -4046.5791 278.468994 -44.1279984
v -4064.53906 271.390991 -28.7590008
v -4058.59912 286.368988 -26.8610001
v -4080.09204 206.470993 -9.6260004
v -4082.44507 196.345001 -8.54899979
v -4085.96802 197.231995 1.07599998
v -4080.09204 206.470993 -9.6260004
v -4083.80811 209.606003 -13.4020004
v -4082.44507 196.345001 -8.54899979
v -3969.6499 275.01001 -128.610992
v -3971.06494 272.015015 -132.231003
v -3973.38501 277.862 -123.889999
v -3969.6499 275.01001 -128.610992
v -3963.92798 266.889008 -136.123993
v -3971.06494 272.015015 -132.231003
v -3803.35596 156.677002 -35.2179985
v -3808.21802 161.694 -34.9910011
v -3805.40796 164.453003 -29.3349991
v -3805.40796 164.453003 -29.3349991
v -3811.27002 170.932999 -33.7210007
v -3811.70703 186.322998 -29.7019997
v -3889.09497 226.686996 -114.358002
v -3881.53809 219.910004 -116.586998
v -3887.99292 217.516998 -119.122002
v -3880.12891 221.279999 -114.795998
v -3881.53809 219.910004 -116.586998
v -3889.09497 226.686996 -114.358002
v -3826.79102 66.4440002 -132.315002
v -3809.77588 68.1139984 -123.623001
v -3813.11304 60.9039993 -125.992996
v -3809.77588 68.1139984 -123.623001
v -3789.73804 76.8290024 -116.327003
v -3803.29004 60.4420013 -121.769997
v -4062.74097 289.375 -18.7630005
v -4058.59912 286.368988 -26.8610001
v -4063.16602 277.975006 -24.3430004
v -4062.74097 289.375 -18.7630005
v -4071.00488 282.095001 -12.0010004
v -4078.24805 286.540009 -1.63300002
v -3920.66797 168.505005 -179.973999
v -3926.26392 176.863998 -177.514999
v -3925.927 177.917007 -167.998993
v -3920.66797 168.505005 -179.973999
v -3930.30591 159.916 -191.048996
v -3926.26392 176.863998 -177.514999
v -3826.25903 -63.5250015 -30.8220005
v -3817.66504 -56.2200012 -22.7169991
v -3820.55811 -55.8499985 -17.2549992
v -3842.13599 -72.1100006 -40.5419998
v -3826.25903 -63.5250015 -30.8220005
v -3838.27295 -57.0369987 -14.0159998
v -3894.35205 225.768005 -114.331001
v -3895.78394 221.011993 -119.676003
v -3913.646 225.106995 -126.488998
v -3894.35205 225.768005 -114.331001
v -3889.09497 226.686996 -114.358002
v -3895.78394 221.011993 -119.676003
v -3980.29395 256.196991 -134.406998
v -3980.98096 236.589996 -142.848999
v -3991.04492 258.790009 -122.041
v -3980.29395 256.196991 -134.406998
v -3972.48706 257.971008 -140.522003
v -3980.98096 236.589996 -142.848999
v -3813.11304 60.9039993 -125.992996
v -3810.24707 46.8040009 -125.635002
v -3813.33496 53.3720016 -128.014008
v -3810.24707 46.8040009 -125.635002
v -3803.05005 32.2910004 -122.920998
v -3812.24097 46.8279991 -130.992004
v -4034.24902 216.048996 -129.037994
v -4039.60205 213.565002 -129.742996
v -4049.13306 220.179993 -118.641998
v -4039.60205 213.565002 -129.742996
v -4044.01904 212.237 -133.307999
v -4049.13306 220.179993 -118.641998
v -4088.54492 219.865005 -66.9540024
v -4086.90991 220.367996 -76.2860031
v -4099.03906 203.018997 -49.6360016
v -4086.90991 220.367996 -76.2860031
v -4088.54492 219.865005 -66.9540024
v -4079.38794 228.794006 -62.9430008
v -4046.57007 172.167999 -131.509995
v -4035.96997 142.513 -137.494995
v -4053.48291 154.955994 -117.170998
v -4035.96997 142.513 -137.494995
v -4030.54492 123.081001 -140.167007
v -4047.4209 144.934998 -121.417
v -3800.68506 25.368 -120.316002
v -3804.16895 28.9799995 -131.679001
v -3803.05005 32.2910004 -122.920998
v -3803.05005 32.2910004 -122.920998
v -3798.30005 31.2950001 -117.086998
v -3800.68506 25.368 -120.316002
v -3947.30005 130.434006 -221.796997
v -3937.01099 115.703003 -228.860992
v -3948.0979 122.250999 -227.957001
v -3947.30005 130.434006 -221.796997
v -3948.0979 122.250999 -227.957001
v -3957.29712 129.576996 -224.365997
v -3838.27295 -57.0369987 -14.0159998
v -3820.55811 -55.8499985 -17.2549992
v -3828.75098 -48.980999 -3.86899996
v -3826.25903 -63.5250015 -30.8220005
v -3820.55811 -55.8499985 -17.2549992
v -3838.27295 -57.0369987 -14.0159998
v -3908.41992 56.3590012 113.934998
v -3895.78101 62.8440018 116.017998
v -3901.86206 80.737999 123.815002
v -3900.70605 28.1919994 103.038002
v -3895.78101 62.8440018 116.017998
v -3908.41992 56.3590012 113.934998
v -3934.21411 190.585007 99.3089981
v -3963.83691 169.121994 88.8909988
v -3951.04907 166.673004 95.4639969
v -3968.31299 159.199005 87.8180008
v -3970.05591 146.664001 87.3820038
v -3951.81006 150.384995 96.8539963
v -4014.65991 -51.9189987 11.776
v -4002.323 -47.7840004 21.1210003
v -4029.81006 -47.9099998 13.9029999
v -4033.38794 -53.9939995 3.20900011
v -4014.65991 -51.9189987 11.776
v -4029.81006 -47.9099998 13.9029999
v -4047.4209 144.934998 -121.417
v -4053.48291 154.955994 -117.170998
v -4035.96997 142.513 -137.494995
v -4053.48291 154.955994 -117.170998
v -4047.4209 144.934998 -121.417
v -4057.03394 143.365005 -108.361
v -3857.69189 -77.0780029 -45.8279991
v -3842.13599 -72.1100006 -40.5419998
v -3864.61499 -64.689003 -19.5639992
v -3842.13599 -72.1100006 -40.5419998
v -3838.27295 -57.0369987 -14.0159998
v -3864.61499 -64.689003 -19.5639992
v -4102.40576 -14.1300001 -42.7669983
v -4111.60107 -1.25999999 -26.7670002
v -4109.51709 15.1059999 -32.1650009
v -4111.60107 -1.25999999 -26.7670002
v -4110.92285 -4.72599983 -23.1259995
v -4113.00879 7.17399979 -20.5330009
v -3881.70801 282.360992 -30.0790005
v -3865.53003 269.803009 -33.8429985
v -3890.50391 276.489014 -38.2400017
v -3881.70801 282.360992 -30.0790005
v -3866.98291 281.230011 -25.2180004
v -3865.53003 269.803009 -33.8429985
v -3812.46411 142.501007 -69.5849991
v -3827.7439 161.535995 -67.4339981
v -3816.56104 146.345993 -65.4909973
v -3836.021 167.643005 -63.0229988
v -3826.23389 156.929001 -61.7140007
v -3827.7439 161.535995 -67.4339981
v -3878.10596 -10.8330002 49.1230011
v -3867.06104 -15.1009998 39.0849991
v -3874.21094 -10.9449997 51.2229996
v -3878.10596 -10.8330002 49.1230011
v -3874.21094 -10.9449997 51.2229996
v -3884.80396 -6.96000004 57.4300003
v -3802.3291 -12.408 -58.9350014
v -3804.28394 -18.618 -60.0999985
v -3802.60205 -12.5909996 -68.6709976
v -3804.28394 -18.618 -60.0999985
v -3802.3291 -12.408 -58.9350014
v -3801.78711 -17.4939995 -55.1599998
v -4012.39697 -40.6739998 28.1749992
v -4031.12891 -32.7050018 33.3460007
v -4029.81006 -47.9099998 13.9029999
v -4031.12891 -32.7050018 33.3460007
v -4012.39697 -40.6739998 28.1749992
v -4028.11108 -23.3719997 44.3769989
v -4114.1958 16.0179996 -23.9699993
v -4111.60107 -1.25999999 -26.7670002
v -4113.00879 7.17399979 -20.5330009
v -4114.62402 18.2700005 -20.6700001
v -4110.54004 49.4920006 -27.4430008
v -4114.1958 16.0179996 -23.9699993
v -3967.35498 364.863007 3.67700005
v -3968.18799 351.449005 -8.72000027
v -3970.54907 364.877991 -6.76499987
v -3970.54907 364.877991 -6.76499987
v -3972.2251 376.102997 1.13199997
v -3967.35498 364.863007 3.67700005
v -4069.64209 134.240005 -88.2440033
v -4056.12207 123.846001 -106.024002
v -4069.83911 123.033997 -88.5589981
v -4069.83911 123.033997 -88.5589981
v -4056.12207 123.846001 -106.024002
v -4057.31909 108.932999 -107.031998
v -3851.18408 213.518997 -80.4729996
v -3857.64893 212.630997 -83.9919968
v -3851.69507 217.740997 -73.3889999
v -3852.54712 208.315002 -84.401001
v -3857.64893 212.630997 -83.9919968
v -3851.18408 213.518997 -80.4729996
v -4056.47705 67.4449997 54.480999
v -4059.75488 82.2419968 49.5740013
v -4061.479 62.2050018 52.9700012
v -4064.34912 44.6590004 55.8380013
v -4058.40308 47.2080002 58.243
v -4056.47705 67.4449997 54.480999
v -3851.99292 -85.685997 -62.1080017
v -3859.29297 -88.5400009 -70.5670013
v -3850.0481 -85.0780029 -64.1139984
v -3841.66895 -79.387001 -53.0169983
v -3851.99292 -85.685997 -62.1080017
v -3850.0481 -85.0780029 -64.1139984
v -3802.54297 5.26900005 -9.6960001
v -3802.25098 3.16700006 -1.02600002
v -3805.6709 1.83899999 -9.00300026
v -3804.36597 7.67500019 -21.7560005
v -3802.54297 5.26900005 -9.6960001
v -3805.6709 1.83899999 -9.00300026
v -3960.4729 331.44101 -20.4880009
v -3956.59912 324.375 -26.0179996
v -3967.13403 337.859009 -16.3530006
v -3960.4729 331.44101 -20.4880009
v -3945.47095 307.083008 -32.0909996
v -3945.31689 303.90799 -36.0089989
v -3913.46606 255.852005 62.151001
v -3907.8291 257.315002 59.4339981
v -3905.00806 264.154999 55.1930008
v -3907.8291 257.315002 59.4339981
v -3913.46606 255.852005 62.151001
v -3920.05005 233.384995 63.2350006
v -3804.54297 14.8809996 -142.296005
v -3809.31494 3.96399999 -143.322006
v -3810.68994 14.0790005 -148.542999
v -3841.42603 3.73199987 -158.544006
v -3810.68994 14.0790005 -148.542999
v -3809.31494 3.96399999 -143.322006
v -3854.71509 39.3889999 97.5550003
v -3876.36499 62.7729988 111.250999
v -3885.823 66.4670029 116.220001
v -3878.06299 74.1910019 105.804001
v -3893.47705 76.3339996 119.527
v -3876.36499 62.7729988 111.250999
v -3885.32788 236.134003 -65.2770004
v -3884.75195 229.597 -70.7659988
v -3893.4021 236.738007 -72.6829987
v -3885.32788 236.134003 -65.2770004
v -3866.271 223.561005 -69.2770004
v -3884.75195 229.597 -70.7659988
v -3824.98096 141.348999 -121.932999
v -3812.63989 133.296005 -121.405998
v -3822.79102 131.074005 -120.695
v -3839.34204 138.479004 -126.757004
v -3824.98096 141.348999 -121.932999
v -3822.79102 131.074005 -120.695
v -3829.37402 61.0029984 -139.492004
v -3837.88892 72.0899963 -143.682999
v -3828.94189 65.3270035 -137.054993
v -3812.24097 46.8279991 -130.992004
v -3821.88794 52.1090012 -138.162994
v -3828.94189 65.3270035 -137.054993
v -3793.25098 26.2450008 -103.454002
v -3789.93604 18.2029991 -102.179001
v -3794.31006 23.598999 -110.866997
v -3790.43994 19.8449993 -95.3659973
v -3793.25098 26.2450008 -103.454002
v -3798.62598 30.3880005 -93.4029999
v -3807.18799 176.867004 -25.4920006
v -3811.70703 186.322998 -29.7019997
v -3809.9729 184.132004 -22.5569992
v -3807.18799 176.867004 -25.4920006
v -3808.11011 171.968994 -16.5890007
v -3803.33105 163.220001 -24.2299995
v -3885.823 66.4670029 116.220001
v -3876.36499 62.7729988 111.250999
v -3893.47705 76.3339996 119.527
v -3885.823 66.4670029 116.220001
v -3893.47705 76.3339996 119.527
v -3901.86206 80.737999 123.815002
v -3789.93604 18.2029991 -102.179001
v -3793.25098 26.2450008 -103.454002
v -3790.43994 19.8449993 -95.3659973
v -3789.30005 16.4890003 -97.0780029
v -3790.41309 7.83400011 -103.755997
v -3789.93604 18.2029991 -102.179001
v -4078.69092 222.837006 -15.4119997
v -4082.35889 216.789001 -13.085
v -4078.08496 224.483002 -11.2290001
v -4083.23389 217.873993 -17.3670006
v -4088.36792 198.992004 -14.6440001
v -4083.80811 209.606003 -13.4020004
v -3895.97412 100.685997 -216.341995
v -3899.87695 111.843002 -210.233994
v -3900.97095 113.891998 -206.746002
v -3904.354 116.695 -210.253006
v -3902.45801 103.959999 -219.348999
v -3917.26099 125.847 -211.451004
v -3980.90601 55.7019997 89.2460022
v -3989.57495 66.1399994 80.947998
v -3999.65405 39.2840004 82.1210022
v -3980.90601 55.7019997 89.2460022
v -3999.65405 39.2840004 82.1210022
v -3969.26196 52.5209999 98.9820023
v -3803.17505 -8.18000031 -67.7259979
v -3799.74707 -0.133000001 -75.3619995
v -3799.89111 6.55200005 -67.4300003
v -3803.17505 -8.18000031 -67.7259979
v -3802.3291 -12.408 -58.9350014
v -3802.60205 -12.5909996 -68.6709976
v -3895.97412 100.685997 -216.341995
v -3902.45801 103.959999 -219.348999
v -3899.87695 111.843002 -210.233994
v -3895.97412 100.685997 -216.341995
v -3888.30005 90.2819977 -220.278
v -3902.45801 103.959999 -219.348999
v -3840.17896 42.2779999 -173.686996
v -3824.89307 36.6199989 -159.820007
v -3822.42505 30.3199997 -158.957993
v -3822.42505 30.3199997 -158.957993
v -3824.89307 36.6199989 -159.820007
v -3809.74194 20.5960007 -147.871002
v -4080.67896 54.0400009 -67.6149979
v -4096.27197 45.0169983 -43.5209999
v -4096.9502 72.052002 -40.7319984
v -4095.75488 96.2020035 -43.7999992
v -4080.67896 54.0400009 -67.6149979
v -4096.9502 72.052002 -40.7319984
v -4072.75 219.466995 -103.610001
v -4066.53198 217.123993 -113.552002
v -4078.47705 217.503006 -95.3420029
v -4063.60596 220.613007 -113.077003
v -4066.53198 217.123993 -113.552002
v -4072.75 219.466995 -103.610001
v -4029.46191 24.8120003 68.4700012
v -4038.29492 27.8419991 65.3860016
v -4041.49512 16.6879997 64.7610016
v -4038.29492 27.8419991 65.3860016
v -4029.46191 24.8120003 68.4700012
v -4033.68994 64.3710022 60.3839989
v -3922.7439 232.261002 65.6760025
v -3920.05005 233.384995 63.2350006
v -3932.35889 239.636993 64.810997
v -3908.09302 228.817993 56.0470009
v -3917.6001 230.612 60.9599991
v -3919.56592 227.171005 65.8909988
v -3858.20801 196.850998 11.3210001
v -3851.13403 190.636002 7.17799997
v -3849.92798 215.570999 16.6270008
v -3851.13403 190.636002 7.17799997
v -3858.20801 196.850998 11.3210001
v -3850.59497 188.147003 7.80599976
v -3842.21899 -9.48699951 44.7210007
v -3834.81006 -6.6329999 40.5099983
v -3850.03906 1.92000008 69.1230011
v -3847.7251 -14.1859999 37.8569984
v -3834.81006 -6.6329999 40.5099983
v -3842.21899 -9.48699951 44.7210007
v -3914.32788 266.539001 -111.653
v -3909.13403 256.846008 -108.327003
v -3917.04395 266.076996 -115.835999
v -3914.32788 266.539001 -111.653
v -3917.04395 266.076996 -115.835999
v -3918.76392 269.346985 -113.191002
v -4051.83691 211.401001 -131.880005
v -4054.16089 209.649002 -130.192001
v -4057.93799 217.343002 -120.524002
v -4051.83691 211.401001 -131.880005
v -4042.15088 201.516006 -142.554001
v -4054.16089 209.649002 -130.192001
v -4104.56885 32.2669983 -41.0929985
v -4094.11792 14.3210001 -57.4459991
v -4098.09814 5.3920002 -52.3139992
v -4094.11792 14.3210001 -57.4459991
v -4082.70703 -0.254999995 -71.9560013
v -4098.09814 5.3920002 -52.3139992
v -3804.43896 27.6030006 50.3330002
v -3821.72705 30.243 69.5920029
v -3825.6709 26.2339993 71.3809967
v -3821.72705 30.243 69.5920029
v -3837 24.2940006 84.5220032
v -3825.6709 26.2339993 71.3809967
v -3881.83911 257.636993 35.1730003
v -3884.05493 251.591995 37.5940018
v -3875.36108 252.257996 33.0740013
v -3875.36108 252.257996 33.0740013
v -3889.2041 279.731995 19.9370003
v -3881.83911 257.636993 35.1730003
v -3971.13696 48.4570007 -204.766006
v -3970.30811 55.0159988 -207.714996
v -3963.88794 46.3110008 -209.807007
v -3970.30811 55.0159988 -207.714996
v -3971.13696 48.4570007 -204.766006
v -3982.15405 42.3880005 -192.664993
v -4018.31689 192.153 -163.214996
v -4012.04492 186.434998 -171.018005
v -4033.01099 193.214005 -150.509003
v -4003.03809 192.050995 -166.962997
v -4012.04492 186.434998 -171.018005
v -4018.31689 192.153 -163.214996
v -4096.59717 35.4539986 7.85099983
v -4094.19995 46.257 10.2150002
v -4113.11377 28.7310009 -19.6359997
v -4082.81494 32.2890015 33.223999
v -4094.19995 46.257 10.2150002
v -4096.59717 35.4539986 7.85099983
v -3823.86694 13.4139996 55.2589989
v -3825.6709 26.2339993 71.3809967
v -3835.94092 16.7520008 72.8929977
v -3831.05908 -4.57800007 39.8209991
v -3823.86694 13.4139996 55.2589989
v -3835.94092 16.7520008 72.8929977
v -3965.66699 244.356995 -151.110992
v -3959.04004 246.25 -148.994003
v -3961.51904 234.248993 -156.940002
v -3971.04297 230.75 -153.507996
v -3965.66699 244.356995 -151.110992
v -3961.51904 234.248993 -156.940002
v -3975.13599 342.243988 -59.6040001
v -3980.23511 330.748993 -71.5770035
v -3989.07397 335.156006 -65.4049988
v -3971.58203 327.984009 -71.7919998
v -3980.23511 330.748993 -71.5770035
v -3970.50391 332.911011 -70.1139984
v -4062.66504 247.807007 49.223999
v -4065.96802 234.796005 41.7890015
v -4060.552 231.938004 52.7919998
v -4058.09595 217.679001 48.6720009
v -4060.552 231.938004 52.7919998
v -4065.96802 234.796005 41.7890015
v -3890.67407 202.067993 -122.790001
v -3875.20288 195.563004 -117.753998
v -3896.71411 194.938004 -131.613998
v -3890.67407 202.067993 -122.790001
v -3896.71411 194.938004 -131.613998
v -3911.64893 194.5 -143.475006
v -3779.73706 53.7550011 3.62300014
v -3775.4231 51.5349998 -1.91199994
v -3789.11401 69.447998 9.09599972
v -3775.4231 51.5349998 -1.91199994
v -3777.96997 52.0060005 5.12099981
v -3776.05493 45.2929993 9.30500031
v -4113.00879 7.17399979 -20.5330009
v -4105.93506 0.0689999983 -12.8319998
v -4108.2832 12.8900003 -12.2530003
v -4105.93506 0.0689999983 -12.8319998
v -4088.69897 -0.43900001 17.0370007
v -4108.2832 12.8900003 -12.2530003
v -4066.23511 228.322998 37.1730003
v -4073.61304 230.764008 26.6149998
v -4072.93994 210.018005 27.6439991
v -4066.23511 228.322998 37.1730003
v -4065.96802 234.796005 41.7890015
v -4073.61304 230.764008 26.6149998
v -3791.79907 35.6310005 39.4049988
v -3803.60596 48.8339996 42.2190018
v -3804.34204 32.1629982 52.9269981
v -3790.41797 31.6889992 35.7540016
v -3791.79907 35.6310005 39.4049988
v -3804.34204 32.1629982 52.9269981
v -3834.14111 155.973999 -127.193001
v -3828.07593 163.681 -131.722
v -3825.65088 150.630997 -124.594002
v -3825.65088 150.630997 -124.594002
v -3824.98096 141.348999 -121.932999
v -3834.14111 155.973999 -127.193001
v -3974.63599 -66.6689987 9.3920002
v -3963.43188 -61.2589989 20.6070004
v -3993.09595 -54.9980011 15.5790005
v -3974.63599 -66.6689987 9.3920002
v -3980.24194 -73.3030014 -3.17799997
v -3963.43188 -61.2589989 20.6070004
v -3897.25293 219.584 49.262001
v -3886.646 206.580994 45.651001
v -3884.48608 209.125 41.7410011
v -3884.48608 209.125 41.7410011
v -3886.646 206.580994 45.651001
v -3880.00903 204.535004 36.2929993
v -3803.40894 107.333 -121.257004
v -3800.5769 104.209999 -121.943001
v -3806.31494 98.7190018 -125.113998
v -3800.5769 104.209999 -121.943001
v -3803.40894 107.333 -121.257004
v -3799.66406 110.566002 -116.693001
v -3882.27588 222.214996 -79.9209976
v -3885.62695 227.203995 -90.0309982
v -3888.98511 229.056 -72.2099991
v -3875.18994 218.089996 -93.9000015
v -3885.62695 227.203995 -90.0309982
v -3882.27588 222.214996 -79.9209976
v -3905.08301 3.85100007 -155.847
v -3945.39502 3.56900001 -156.779007
v -3932.87891 16.0170002 -171.623993
v -3945.39502 3.56900001 -156.779007
v -3977.5271 0.987999976 -150.487
v -3953.39111 14.5179996 -168.875
v -3943.19995 215.882004 -162.436996
v -3939.88989 211.451996 -168.654999
v -3948.34912 216.320007 -167.738007
v -3944.85596 220.537003 -158.738998
v -3948.34912 216.320007 -167.738007
v -3956.59692 236.050003 -155.188004
v -3912.33203 168.647995 92.8259964
v -3900.35498 161.397003 83.3270035
v -3899.52002 176.675995 75.1330032
v -3885.53711 150.386002 73.8069992
v -3899.52002 176.675995 75.1330032
v -3900.35498 161.397003 83.3270035
v -4030.45605 110.387001 57.2589989
v -4041.30908 102.033997 52.7639999
v -4025.74194 103.972 56.9080009
v -4017.90796 95.973999 59.8160019
v -4006.89795 102.488998 65.5719986
v -4019.05688 109.714996 61.3110008
v -4042.07397 258.971985 -60.4399986
v -4044.2229 262.359009 -54.1329994
v -4038.73608 259.985992 -59.6329994
v -4042.07397 258.971985 -60.4399986
v -4046.021 259.868011 -55.7980003
v -4044.2229 262.359009 -54.1329994
v -3930.4939 23.4160004 -181.039001
v -3889.25098 14.3319998 -163.908997
v -3914.91089 15.9110003 -171.195999
v -3932.87891 16.0170002 -171.623993
v -3930.4939 23.4160004 -181.039001
v -3914.91089 15.9110003 -171.195999
v -3927.74292 212.223007 -152.619995
v -3929.01294 209.337006 -156.862
v -3934.88696 207.320999 -166.613007
v -3914.03906 211.360992 -141.503006
v -3922.19702 208.406006 -150.261002
v -3927.74292 212.223007 -152.619995
v -4019.05688 109.714996 61.3110008
v -4011.81104 120.148003 65.5370026
v -4023.7749 121.394997 61.4459991
v -4023.7749 121.394997 61.4459991
v -4011.81104 120.148003 65.5370026
v -4005.07007 142.867996 71.2060013
v -3892.00391 129.455002 -185.932007
v -3905.31689 128.018005 -199.421005
v -3911.43188 133.367004 -200.488998
v -3904.43994 123.615997 -204.393997
v -3911.43188 133.367004 -200.488998
v -3905.31689 128.018005 -199.421005
v -3852.53589 108.389999 -146.209
v -3858.88403 112.759003 -149.983994
v -3858.59204 114.317001 -144.669006
v -3842.4729 95.2570038 -141.501007
v -3858.88403 112.759003 -149.983994
v -3852.53589 108.389999 -146.209
v -3793.21899 101.578003 -100.655998
v -3799.86499 118.086998 -102.091003
v -3794.59009 107.508003 -97.5930023
v -3793.21899 101.578003 -100.655998
v -3794.59009 107.508003 -97.5930023
v -3796.62598 110.321999 -75.1360016
v -3854.49609 147.962006 -134.244995
v -3848.24292 151.220993 -130.968994
v -3839.34204 138.479004 -126.757004
v -3854.49609 147.962006 -134.244995
v -3862.69702 159.608994 -136.537994
v -3848.24292 151.220993 -130.968994
v -3878.10596 -10.8330002 49.1230011
v -3877.302 -13.5299997 42.7080002
v -3869.54492 -18.0540009 36.2910004
v -3866.63892 -22.2709999 30.3470001
v -3874.24194 -22.6000004 34.0699997
v -3879.00098 -26.4780006 31.6830006
v -4053.18408 246.570999 -71.5680008
v -4056.46704 239.285995 -71.1780014
v -4054.43408 242.514008 -67.9749985
v -4054.43408 242.514008 -67.9749985
v -4056.46704 239.285995 -71.1780014
v -4060.20508 240.227997 -58.7519989
v -3860.01392 -25.0540009 -130.783997
v -3859.21094 -16.434 -137.009995
v -3853.81909 -26.6350002 -130.774994
v -3879.16504 -53.8639984 -112.641998
v -3860.01392 -25.0540009 -130.783997
v -3853.81909 -26.6350002 -130.774994
v -3828.50806 113.538002 -135.011002
v -3832.93091 119.185997 -134.811996
v -3818.29102 110.857002 -130.580994
v -3831.68896 102.119003 -136.612
v -3828.50806 113.538002 -135.011002
v -3818.29102 110.857002 -130.580994
v -3950.05493 221.024994 76.6910019
v -3943.96191 214.080994 83.0810013
v -3937.98804 217.403 83.887001
v -3943.96191 214.080994 83.0810013
v -3950.05493 221.024994 76.6910019
v -3958.34302 213.656998 81.086998
v -3874.24194 -22.6000004 34.0699997
v -3869.54492 -18.0540009 36.2910004
v -3874.63306 -16.4829998 37.9160004
v -3877.28491 -21.7220001 41.2470016
v -3877.302 -13.5299997 42.7080002
v -3878.10596 -10.8330002 49.1230011
v -4113.00879 7.17399979 -20.5330009
v -4114.62402 18.2700005 -20.6700001
v -4114.1958 16.0179996 -23.9699993
v -4114.62402 18.2700005 -20.6700001
v -4113.00879 7.17399979 -20.5330009
v -4108.2832 12.8900003 -12.2530003
v -4011.85498 -29.5340004 -124.293999
v -4004.21997 -9.65400028 -139.962006
v -3990.2771 -20.8110008 -129.470001
v -4022.47192 -45.8339996 -110.82
v -4014.78198 -21.0030003 -130.209
v -4011.85498 -29.5340004 -124.293999
v -3928.97095 305.583008 -29.5230007
v -3933.48804 299.725006 -33.605999
v -3960.4729 331.44101 -20.4880009
v -3928.97095 305.583008 -29.5230007
v -3918.86108 294.951996 -33.7509995
v -3933.48804 299.725006 -33.605999
v -3893.146 142.007004 -177.059006
v -3892.00391 129.455002 -185.932007
v -3911.58911 158.139008 -180.945007
v -3890.68604 139.919006 -178.350998
v -3892.00391 129.455002 -185.932007
v -3893.146 142.007004 -177.059006
v -3885.27393 226.503998 31.9200001
v -3892.94897 227.136993 40.4350014
v -3888.81812 219.75 38.5209999
v -3883.677 236.276993 34.2779999
v -3885.27393 226.503998 31.9200001
v -3877.94092 217.389999 26.2040005
v -3990.2771 -20.8110008 -129.470001
v -3947.51904 -21.4750004 -130.899002
v -3976.91699 -28.4799995 -123.702003
v -3993.21094 -32.2630005 -121.43
v -3976.91699 -28.4799995 -123.702003
v -3970.771 -42.0419998 -115.028
v -3879.00098 -26.4780006 31.6830006
v -3874.24194 -22.6000004 34.0699997
v -3877.28491 -21.7220001 41.2470016
v -3874.24194 -22.6000004 34.0699997
v -3874.63306 -16.4829998 37.9160004
v -3877.28491 -21.7220001 41.2470016
v -4084.53589 170.763 -16.6800003
v -4095.54297 167.091995 -30.2439995
v -4093.4231 153.554001 -24.8950005
v -4094.08691 150.585007 -31.0209999
v -4093.4231 153.554001 -24.8950005
v -4095.54297 167.091995 -30.2439995
v -3917.3479 275.644012 -45.3600006
v -3919.70703 276.729004 -43.9869995
v -3933.48804 299.725006 -33.605999
v -3913.30396 257.876007 -57.4239998
v -3919.70703 276.729004 -43.9869995
v -3917.3479 275.644012 -45.3600006
v -3880.70801 212.912003 32.4529991
v -3877.94092 217.389999 26.2040005
v -3885.27393 226.503998 31.9200001
v -3880.70801 212.912003 32.4529991
v -3862.50195 196.395004 20.1749992
v -3877.94092 217.389999 26.2040005
v -4052.5791 18.1760006 -111.838997
v -4063.45996 -5.07999992 -94.8759995
v -4065.61694 1.24800003 -94.1679993
v -4065.61694 1.24800003 -94.1679993
v -4063.45996 -5.07999992 -94.8759995
v -4074.32593 -7.49700022 -83.2570038
v -3886.80493 -15.1090002 58.1220016
v -3883.99707 -30.0030003 42.8030014
v -3880.1311 -18.1350002 51.5029984
v -3886.80493 -15.1090002 58.1220016
v -3880.1311 -18.1350002 51.5029984
v -3878.10596 -10.8330002 49.1230011
v -3990.2771 -20.8110008 -129.470001
v -3976.91699 -28.4799995 -123.702003
v -3993.21094 -32.2630005 -121.43
v -3990.2771 -20.8110008 -129.470001
v -3993.21094 -32.2630005 -121.43
v -4011.85498 -29.5340004 -124.293999
v -3932.89307 285.381012 -82.7979965
v -3948.86694 302.350006 -76.387001
v -3946.26196 300.828003 -74.5240021
v -3952.77197 310.593994 -71.4459991
v -3948.86694 302.350006 -76.387001
v -3956.02197 295.802002 -82.6449966
v -3877.94092 217.389999 26.2040005
v -3862.50195 196.395004 20.1749992
v -3871.10205 210.011993 22.2350006
v -3871.10205 210.011993 22.2350006
v -3855.30688 227.738007 23.9750004
v -3877.94092 217.389999 26.2040005
v -4075.16699 240.470993 -14.2440004
v -4075.08203 230.119995 -17.2709999
v -4078.08496 224.483002 -11.2290001
v -4075.16699 240.470993 -14.2440004
v -4073.16309 243.768005 -20.0249996
v -4075.08203 230.119995 -17.2709999
v -3899.677 -22.5769997 59.4490013
v -3896.41992 -13.9320002 66.4420013
v -3917.66211 -16.4349995 68.8310013
v -3899.677 -22.5769997 59.4490013
v -3886.80493 -15.1090002 58.1220016
v -3896.41992 -13.9320002 66.4420013
v -3844.86792 267.320007 -28.6130009
v -3834.48901 257.592987 -35.6119995
v -3840.03296 259.477997 -36.5719986
v -3828.70996 252.182007 -34.4339981
v -3834.48901 257.592987 -35.6119995
v -3844.86792 267.320007 -28.6130009
v -3830.74194 172.449005 -125.505997
v -3832.04712 171.628006 -133.084
v -3839.21411 176.179993 -131.438995
v -3837.75903 165.235992 -132.75
v -3841.81592 175.404007 -134.072006
v -3832.04712 171.628006 -133.084
v -3931.44702 167.690994 105.18
v -3924.88501 166.057007 107.584
v -3923.74805 170.613007 103.446999
v -3923.74805 170.613007 103.446999
v -3924.88501 166.057007 107.584
v -3918.65503 155.789001 106.807999
v -4063.16602 277.975006 -24.3430004
v -4071.00488 282.095001 -12.0010004
v -4062.74097 289.375 -18.7630005
v -4063.16602 277.975006 -24.3430004
v -4070.84399 261.032013 -17.9290009
v -4071.00488 282.095001 -12.0010004
v -3947.47998 304.097992 -38.8180008
v -3944.81592 297.43399 -64.7730026
v -3952.77197 310.593994 -71.4459991
v -3946.26196 300.828003 -74.5240021
v -3948.86694 302.350006 -76.387001
v -3952.77197 310.593994 -71.4459991
v -3952.87305 200.994995 -177.884995
v -3944.26001 184.449005 -186.578003
v -3953.8269 194.847 -182.089996
v -3952.87305 200.994995 -177.884995
v -3953.8269 194.847 -182.089996
v -3963.33105 200.041 -174.022003
v -3832.04712 171.628006 -133.084
v -3841.81592 175.404007 -134.072006
v -3839.21411 176.179993 -131.438995
v -3846.37695 178.580994 -129.050003
v -3839.21411 176.179993 -131.438995
v -3841.81592 175.404007 -134.072006
v -3975.48096 182.091003 -183.667999
v -3989.51904 168.673996 -191.356995
v -3993.7749 175.598999 -184.856003
v -3993.7749 175.598999 -184.856003
v -3989.51904 168.673996 -191.356995
v -3998.73096 173.643997 -184.177002
v -4080.64697 168.304993 -8.11600018
v -4084.53589 170.763 -16.6800003
v -4080.53906 154.425003 -6.42399979
v -4083.82007 173.412003 2.14599991
v -4080.64697 168.304993 -8.11600018
v -4080.53906 154.425003 -6.42399979
v -3933.33398 206.610001 91.9700012
v -3937.98804 217.403 83.887001
v -3937.28394 208.360001 91.4649963
v -3934.21411 190.585007 99.3089981
v -3933.33398 206.610001 91.9700012
v -3937.28394 208.360001 91.4649963
v -3923.35889 181.389999 -160.113007
v -3925.927 177.917007 -167.998993
v -3929.59595 181.548996 -167.195007
v -3925.927 177.917007 -167.998993
v -3929.24805 182.595001 -177.574005
v -3929.59595 181.548996 -167.195007
v -3919.64209 144.367996 115.202003
v -3920.55908 140.162994 117.160004
v -3914.27197 107.778 126.436996
v -3924.88501 166.057007 107.584
v -3920.55908 140.162994 117.160004
v -3919.64209 144.367996 115.202003
v -3868.05591 165.029999 -139.806
v -3854.47803 161.764008 -132.095001
v -3862.69702 159.608994 -136.537994
v -3862.69702 159.608994 -136.537994
v -3854.47803 161.764008 -132.095001
v -3848.24292 151.220993 -130.968994
v -3804.54297 14.8809996 -142.296005
v -3795.93091 1.19499993 -117.998001
v -3800.66406 3.61299992 -133.046997
v -3795.93091 1.19499993 -117.998001
v -3805.95093 -10.0539999 -116.628998
v -3799.94702 -1.85699999 -128.251007
v -4030.43408 332.653992 -26.7689991
v -4033.43994 306.591003 -38.1119995
v -4041.7561 318.079987 -22.1310005
v -4033.43994 306.591003 -38.1119995
v -4043.66992 300.588013 -31.0779991
v -4041.7561 318.079987 -22.1310005
v -3945.31689 303.90799 -36.0089989
v -3954.71289 315.596008 -32.0330009
v -3956.59912 324.375 -26.0179996
v -3960.4729 331.44101 -20.4880009
v -3945.31689 303.90799 -36.0089989
v -3956.59912 324.375 -26.0179996
v -3942.7981 25.0739994 96.685997
v -3928.38696 20.625 91.3339996
v -3943.61597 28.2049999 97.064003
v -3953.57202 30.2280006 97.9589996
v -3971.49707 33.3209991 96.3150024
v -3942.7981 25.0739994 96.685997
v -3868.05591 165.029999 -139.806
v -3863.84009 170.468994 -136.007996
v -3857.09204 167.970001 -134.785004
v -3847.72607 171.311005 -134.031006
v -3857.09204 167.970001 -134.785004
v -3863.84009 170.468994 -136.007996
v -4074.32593 -7.49700022 -83.2570038
v -4063.45996 -5.07999992 -94.8759995
v -4077.81299 -17.0979996 -75.8740005
v -4080.49097 3.06500006 -75.1579971
v -4074.32593 -7.49700022 -83.2570038
v -4077.81299 -17.0979996 -75.8740005
v -3954.46411 353.410004 13.4560003
v -3960.99097 348.328003 29.5440006
v -3943.3999 350.102997 1.98000002
v -3943.3999 350.102997 1.98000002
v -3951.89795 355.348999 5.19199991
v -3954.46411 353.410004 13.4560003
v -4045.58203 45.7739983 -128.039001
v -4036.92603 41.0540009 -135.796997
v -4054.24609 26.1389999 -112.665001
v -4042.5481 57.7970009 -129.716003
v -4036.92603 41.0540009 -135.796997
v -4045.58203 45.7739983 -128.039001
v -4068.71509 225.276001 -100.157997
v -4065.44312 229.462997 -88.0579987
v -4063.71704 231.192001 -91.7269974
v -4068.71509 225.276001 -100.157997
v -4063.71704 231.192001 -91.7269974
v -4053.14111 229.054001 -102.908997
v -3809.9729 184.132004 -22.5569992
v -3813.18408 198.514999 -25.7099991
v -3814.6001 193.910995 -16.0709991
v -3813.18408 198.514999 -25.7099991
v -3814.51709 212.188004 -33.4150009
v -3814.6001 193.910995 -16.0709991
v -3979.43311 314.385986 -79.4940033
v -3969.0061 303.613007 -82.3820038
v -3983.3999 308.54599 -86.973999
v -3979.43311 314.385986 -79.4940033
v -3983.3999 308.54599 -86.973999
v -3991.92798 321.619995 -78.1569977
v -3920.57104 258.643005 -116.371002
v -3916.48804 250.531998 -115.258003
v -3928.16309 255.291 -121.790001
v -3928.16309 255.291 -121.790001
v -3916.48804 250.531998 -115.258003
v -3933.48511 248.514999 -127.745003
v -3872.5481 120.123001 72.7109985
v -3859.95605 93.9759979 70.2649994
v -3864.1001 113.663002 65.9990005
v -3872.5481 120.123001 72.7109985
v -3859.79492 124.642998 56.3689995
v -3885.53711 150.386002 73.8069992
v -4026.17603 -50.6949997 -104.867996
v -4051.95996 -37.2109985 -88.5530014
v -4024.76392 -39.7179985 -113.903999
v -4026.17603 -50.6949997 -104.867996
v -4022.47192 -45.8339996 -110.82
v -4015.271 -55.9339981 -103.861
v -4108.20898 61.5849991 -25.257
v -4106.88086 70.4960022 -22.6889992
v -4105.45996 81.5400009 -27.6369991
v -4106.88086 70.4960022 -22.6889992
v -4108.20898 61.5849991 -25.257
v -4110.54004 49.4920006 -27.4430008
v -3815.9939 233.886002 -34.4099998
v -3818.54492 232.835999 -41.9990005
v -3818.66504 239.468994 -34.2639999
v -3822.81201 227.528 -15.2580004
v -3815.9939 233.886002 -34.4099998
v -3818.66504 239.468994 -34.2639999
v -3915.36304 101.607002 128.748993
v -3911.93701 119.318001 115.885002
v -3914.27197 107.778 126.436996
v -3920.82593 103.944 128.686005
v -3915.36304 101.607002 128.748993
v -3914.27197 107.778 126.436996
v -4058.26196 181.072998 48.0149994
v -4064.92505 186.811005 39.3619995
v -4069.80688 170.399994 33.4869995
v -4058.26196 181.072998 48.0149994
v -4048.96191 187.811005 53.1020012
v -4059.68604 191.173004 46.0800018
v -3993.21094 -32.2630005 -121.43
v -3970.771 -42.0419998 -115.028
v -3984.59302 -52.8800011 -106.954002
v -3984.59302 -52.8800011 -106.954002
v -3970.771 -42.0419998 -115.028
v -3949.854 -64.7959976 -100.239998
v -3817.2041 192.768997 -7.06599998
v -3814.6001 193.910995 -16.0709991
v -3819.82007 194.498993 -5.37900019
v -3819.82007 194.498993 -5.37900019
v -3823.92212 192.826004 3.41100001
v -3817.2041 192.768997 -7.06599998
v -4021.03491 316.312988 40.9150009
v -3976.05103 323.484985 43.4049988
v -3992.0791 331.196991 40.2970009
v -4027.13794 343.154999 33.1459999
v -4021.03491 316.312988 40.9150009
v -4016.90601 332.950989 37.3450012
v -3838.94995 175.050995 -125.375
v -3836.70508 179.815002 -122.675003
v -3830.74194 172.449005 -125.505997
v -3827.05493 168.813995 -125.710999
v -3836.70508 179.815002 -122.675003
v -3826.77295 167.738998 -114.274002
v -3849.69897 55.3790016 -184.789001
v -3840.17896 42.2779999 -173.686996
v -3849.13208 44.1769981 -179.856003
v -3849.69897 55.3790016 -184.789001
v -3851.50098 60.7639999 -186.697998
v -3840.17896 42.2779999 -173.686996
v -4110.68701 49.9589996 -23.3789997
v -4106.88086 70.4960022 -22.6889992
v -4110.54004 49.4920006 -27.4430008
v -4106.88086 70.4960022 -22.6889992
v -4110.68701 49.9589996 -23.3789997
v -4097.04395 58.25 1.13100004
v -3820.97803 212.031006 -41.7070007
v -3826.34009 203.179993 -43.3149986
v -3822.53198 223.085999 -46.4780006
v -3820.97803 212.031006 -41.7070007
v -3820.41797 200.876999 -39.8300018
v -3826.34009 203.179993 -43.3149986
v -3968.31299 159.199005 87.8180008
v -3951.81006 150.384995 96.8539963
v -3951.04907 166.673004 95.4639969
v -3951.81006 150.384995 96.8539963
v -3937.55493 145.427994 105.420998
v -3951.04907 166.673004 95.4639969
v -4053.81104 43.7550011 -115.417999
v -4054.24609 26.1389999 -112.665001
v -4067.14111 43.855999 -91.6179962
v -4045.58203 45.7739983 -128.039001
v -4054.24609 26.1389999 -112.665001
v -4053.81104 43.7550011 -115.417999
v -4054.9021 277.69101 44.8400002
v -4055.74805 260.171997 51.6310005
v -4040.92603 261.799988 55.0730019
v -4054.9021 277.69101 44.8400002
v -4061.10205 259.037994 48.6559982
v -4055.74805 260.171997 51.6310005
v -3836.70508 179.815002 -122.675003
v -3838.94995 175.050995 -125.375
v -3842.82007 185.647003 -118.987999
v -3843.89893 185.287003 -100.664001
v -3836.70508 179.815002 -122.675003
v -3842.82007 185.647003 -118.987999
v -3814.85889 214.354004 -37.4510002
v -3814.62109 219.541 -37.2610016
v -3816.38599 222.632004 -25.7189999
v -3814.62109 219.541 -37.2610016
v -3814.85889 214.354004 -37.4510002
v -3820.97803 212.031006 -41.7070007
v -3971.19092 143.399002 -209.947998
v -3971.71094 142.737 -212.087006
v -3974.94507 141.216003 -209.220001
v -3956.5979 144.035004 -208.737
v -3957.29712 129.576996 -224.365997
v -3971.71094 142.737 -212.087006
v -4076.53491 97.2310028 -77.2630005
v -4080.10889 78.927002 -69.3270035
v -4095.75488 96.2020035 -43.7999992
v -4067.14111 43.855999 -91.6179962
v -4073.98096 65.7959976 -80.1090012
v -4076.24097 90.4290009 -78.0410004
v -3904.78101 25.8479996 -195.520004
v -3886.88501 26.0170002 -188.272995
v -3885.97607 22.9909992 -184.186996
v -3885.97607 22.9909992 -184.186996
v -3886.88501 26.0170002 -188.272995
v -3862.771 20.1270008 -176.345993
v -3813.56396 197.835007 -30.2950001
v -3814.85889 214.354004 -37.4510002
v -3814.51709 212.188004 -33.4150009
v -3814.51709 212.188004 -33.4150009
v -3814.85889 214.354004 -37.4510002
v -3820.26294 213.906998 -21.5370007
v -3995.84497 217.423996 -135.434006
v -3992.33594 212.25 -144.220993
v -4005.60596 222.505997 -124.528
v -3996.83789 223.992996 -132.360992
v -3991.46191 219.854004 -140.535995
v -3995.84497 217.423996 -135.434006
v -3841.33203 237.404999 6.23199987
v -3847.229 229.134995 4.81799984
v -3840.90308 225.628006 -0.852999985
v -3840.90308 225.628006 -0.852999985
v -3847.229 229.134995 4.81799984
v -3848.29102 217.223999 14.7989998
v -3837.75903 165.235992 -132.75
v -3828.07593 163.681 -131.722
v -3834.14111 155.973999 -127.193001
v -3837.75903 165.235992 -132.75
v -3832.04712 171.628006 -133.084
v -3828.07593 163.681 -131.722
v -3885.97607 22.9909992 -184.186996
v -3862.771 20.1270008 -176.345993
v -3869.73193 19.0039997 -176.048996
v -3862.771 20.1270008 -176.345993
v -3841.42603 3.73199987 -158.544006
v -3862.32202 16.2539997 -173.447998
v -3887.69897 285.51001 11.0220003
v -3897.71289 292.203003 13.2939997
v -3889.2041 279.731995 19.9370003
v -3889.2041 279.731995 19.9370003
v -3897.71289 292.203003 13.2939997
v -3911.23096 297.984985 26.2830009
v -3956.5979 144.035004 -208.737
v -3971.19092 143.399002 -209.947998
v -3960.10107 148.834 -202.893997
v -3956.5979 144.035004 -208.737
v -3971.71094 142.737 -212.087006
v -3971.19092 143.399002 -209.947998
v -3932.33594 279.932007 -64.0240021
v -3946.26196 300.828003 -74.5240021
v -3944.81592 297.43399 -64.7730026
v -3944.81592 297.43399 -64.7730026
v -3946.26196 300.828003 -74.5240021
v -3952.77197 310.593994 -71.4459991
v -3927.52295 34.5460014 -206.421997
v -3916.99902 66.8550034 -219.962997
v -3915.01807 47.7579994 -210.067001
v -3916.99902 66.8550034 -219.962997
v -3909.27393 63.9399986 -216.684998
v -3915.01807 47.7579994 -210.067001
v -3820.62402 -39.8590012 -67.697998
v -3830.08496 -42.1780014 -93.0289993
v -3818.69995 -31.8419991 -80.4250031
v -3804.28394 -18.618 -60.0999985
v -3820.62402 -39.8590012 -67.697998
v -3818.69995 -31.8419991 -80.4250031
v -3991.46191 219.854004 -140.535995
v -3992.33594 212.25 -144.220993
v -3995.84497 217.423996 -135.434006
v -3982.75 205.822998 -154.994003
v -3989.32104 215.511002 -144.048996
v -3984.50708 212.628006 -151.395996
v -4041.49512 16.6879997 64.7610016
v -4038.12207 -2.58299994 62.1459999
v -4032.43604 6.14099979 66.064003
v -4038.12207 -2.58299994 62.1459999
v -4009.54004 13.7030001 73.8759995
v -4032.43604 6.14099979 66.064003
v -3826.14697 187.533005 6.03999996
v -3828.08301 197.251007 5.29400015
v -3833.00195 195.544006 7.81599998
v -3826.14697 187.533005 6.03999996
v -3831.34692 182.690002 4.32399988
v -3832.62891 167.735992 1.12800002
v -4082.00903 81.3190002 20.257
v -4094.17603 79.5059967 0.217999995
v -4097.04395 58.25 1.13100004
v -4094.17603 79.5059967 0.217999995
v -4106.88086 70.4960022 -22.6889992
v -4097.04395 58.25 1.13100004
v -3929.98291 33.1020012 -205.108002
v -3927.52295 34.5460014 -206.421997
v -3916.49805 29.3509998 -202.320007
v -3927.52295 34.5460014 -206.421997
v -3915.01807 47.7579994 -210.067001
v -3916.49805 29.3509998 -202.320007
v -3906.57495 230.729004 52.0499992
v -3908.09302 228.817993 56.0470009
v -3892.94897 227.136993 40.4350014
v -3906.41895 252.794006 56.6619987
v -3906.57495 230.729004 52.0499992
v -3892.94897 227.136993 40.4350014
v -3864.21997 156.231003 48.3909988
v -3864.20508 174.725998 39.2799988
v -3879.43799 170.710999 57.7669983
v -3879.43799 170.710999 57.7669983
v -3885.53711 150.386002 73.8069992
v -3864.21997 156.231003 48.3909988
v -3982.75 205.822998 -154.994003
v -3992.33594 212.25 -144.220993
v -3989.32104 215.511002 -144.048996
v -3992.33594 212.25 -144.220993
v -3982.75 205.822998 -154.994003
v -3992.09595 191.378998 -169.936996
v -3881.00195 33.8370018 -189.772003
v -3861.81909 42.480999 -185.188004
v -3876.80103 30.3169994 -187.020004
v -3886.88501 26.0170002 -188.272995
v -3881.00195 33.8370018 -189.772003
v -3876.80103 30.3169994 -187.020004
v -4059.04492 257.028992 -39.5180016
v -4051.396 255.709 -48.4690018
v -4057.18188 252.643005 -41.5250015
v -4051.396 255.709 -48.4690018
v -4055.19092 245.348007 -48.9599991
v -4059.60107 247.578003 -43.4690018
v -3953.27002 219.783997 -166.332001
v -3957.36011 212.570007 -168.087006
v -3961.51904 234.248993 -156.940002
v -3952.87305 200.994995 -177.884995
v -3957.36011 212.570007 -168.087006
v -3953.27002 219.783997 -166.332001
v -3906.41895 252.794006 56.6619987
v -3884.05493 251.591995 37.5940018
v -3907.8291 257.315002 59.4339981
v -3906.57495 230.729004 52.0499992
v -3906.41895 252.794006 56.6619987
v -3907.8291 257.315002 59.4339981
v -3974.15698 275.088013 55.269001
v -3992.85205 274.529999 52.3709984
v -3988.07593 264.234985 56.6300011
v -3976.62891 263.981995 59.5970001
v -3974.15698 275.088013 55.269001
v -3988.07593 264.234985 56.6300011
v -4057.89795 248.225006 -39.8030014
v -4059.60107 247.578003 -43.4690018
v -4065.86304 238.671005 -32.8170013
v -4059.60107 247.578003 -43.4690018
v -4057.18188 252.643005 -41.5250015
v -4051.396 255.709 -48.4690018
v -3979.82202 378.751007 -19.8549995
v -3978.33301 360.763 -39.2050018
v -3981.83789 375.638 -24.8239994
v -3981.83789 375.638 -24.8239994
v -3988.15991 381.25 -18.0039997
v -3979.82202 378.751007 -19.8549995
v -4057.16504 -68.4150009 -45.0359993
v -4063.01099 -65.060997 -35.7169991
v -4073.20996 -56.0379982 -28.1270008
v -4063.01099 -65.060997 -35.7169991
v -4057.16504 -68.4150009 -45.0359993
v -4050.22412 -70.9339981 -39.3089981
v -3967.41309 210.391006 -165.873001
v -3963.33105 200.041 -174.022003
v -3976.56396 210.365005 -159.938995
v -3963.33105 200.041 -174.022003
v -3967.41309 210.391006 -165.873001
v -3957.36011 212.570007 -168.087006
v -4064.53906 271.390991 -28.7590008
v -4066.57495 254.839005 -34.1889992
v -4071.19312 250.675003 -30.198
v -4066.57495 254.839005 -34.1889992
v -4065.86304 238.671005 -32.8170013
v -4071.19312 250.675003 -30.198
v -3847.46094 -20.9890003 23.5219994
v -3836.99194 -15.7130003 19.7959995
v -3844.51392 -17.2940006 26.1599998
v -3847.46094 -20.9890003 23.5219994
v -3844.51392 -17.2940006 26.1599998
v -3860.90991 -17.7609997 32.25
v -3787.54712 87.3700027 -61.8779984
v -3792.68506 93.9169998 -67.8330002
v -3787.30908 104.106003 -62.9039993
v -3792.68506 93.9169998 -67.8330002
v -3787.54712 87.3700027 -61.8779984
v -3791.66089 70.2689972 -61.0880013
v -3823.39307 -33.9780006 -93.4800034
v -3830.08496 -42.1780014 -93.0289993
v -3827.48291 -32.7700005 -111.167999
v -3830.08496 -42.1780014 -93.0289993
v -3823.39307 -33.9780006 -93.4800034
v -3818.69995 -31.8419991 -80.4250031
v -3944.68799 239.070999 -143.153
v -3938.50488 221.201004 -148.348999
v -3946.16797 230.242004 -149.018005
v -3946.16797 230.242004 -149.018005
v -3938.50488 221.201004 -148.348999
v -3944.85596 220.537003 -158.738998
v -3866.52002 178.813995 -130.283997
v -3871.0769 173.962006 -136.156006
v -3879.62598 179.113998 -135.091003
v -3871.0769 173.962006 -136.156006
v -3866.52002 178.813995 -130.283997
v -3863.84009 170.468994 -136.007996
v -3980.82593 384.420013 -8.33100033
v -3984.26904 385.404999 -8.90100002
v -3996.59106 386.229004 10.5150003
v -3979.82202 378.751007 -19.8549995
v -3984.26904 385.404999 -8.90100002
v -3980.82593 384.420013 -8.33100033
v -3952.15503 355.498993 -2.648
v -3957.18506 347.17099 -9.01000023
v -3957.13696 358.156006 2.32399988
v -3952.15503 355.498993 -2.648
v -3936.1499 346.566986 -7.04099989
v -3957.18506 347.17099 -9.01000023
v -4032.61597 75.3789978 58.9539986
v -4031.60596 81.4950027 56.4020004
v -4040.66406 78.0759964 57.1189995
v -4033.68994 64.3710022 60.3839989
v -4040.66406 78.0759964 57.1189995
v -4047.17407 64.6559982 57.5970001
v -4018.31689 192.153 -163.214996
v -4033.01099 193.214005 -150.509003
v -4020.35303 195.904999 -157.445999
v -4009.53906 200.895996 -153.882004
v -4003.03809 192.050995 -166.962997
v -4018.31689 192.153 -163.214996
v -3986.62988 -45.5270004 28.5599995
v -3989.75293 -36.7750015 36.8349991
v -4002.323 -47.7840004 21.1210003
v -3993.09595 -54.9980011 15.5790005
v -3963.43188 -61.2589989 20.6070004
v -3986.62988 -45.5270004 28.5599995
v -3965.28711 338.529999 -14.3249998
v -3967.13403 337.859009 -16.3530006
v -3965.08911 347.662994 -7.2249999
v -3957.18506 347.17099 -9.01000023
v -3965.28711 338.529999 -14.3249998
v -3965.08911 347.662994 -7.2249999
v -3976.91699 -28.4799995 -123.702003
v -3947.51904 -21.4750004 -130.899002
v -3944.88306 -30.5760002 -124.041
v -3947.51904 -21.4750004 -130.899002
v -3907.39795 -14.9540005 -135.488007
v -3929.38696 -25.5300007 -127.056999
v -4047.57397 98.4769974 52.6920013
v -4052.2229 98.0899963 52.5719986
v -4049.40991 86.8980026 54.0439987
v -4047.17407 64.6559982 57.5970001
v -4047.57397 98.4769974 52.6920013
v -4049.40991 86.8980026 54.0439987
v -3930.4939 23.4160004 -181.039001
v -3952.65796 20.526001 -177.039993
v -3930.80908 25.9160004 -185.154007
v -3952.65796 20.526001 -177.039993
v -3930.4939 23.4160004 -181.039001
v -3932.87891 16.0170002 -171.623993
v -3805.08594 -31.7800007 -23.6459999
v -3806.79004 -17.2439995 -10.0229998
v -3809.44604 -16.9869995 -3.89499998
v -3809.44604 -16.9869995 -3.89499998
v -3806.79004 -17.2439995 -10.0229998
v -3807.68701 -6.65600014 -7.19299984
v -3959.51001 287.988007 54.0579987
v -3949.90796 283.209991 56.598999
v -3958.11206 300.533997 50.4760017
v -3984.89893 283.563995 51.4830017
v -3959.51001 287.988007 54.0579987
v -3958.11206 300.533997 50.4760017
v -4008.63403 -59.1660004 3.25099993
v -3993.09595 -54.9980011 15.5790005
v -4002.323 -47.7840004 21.1210003
v -3993.09595 -54.9980011 15.5790005
v -3986.62988 -45.5270004 28.5599995
v -4002.323 -47.7840004 21.1210003
v -3944.88306 -30.5760002 -124.041
v -3929.38696 -25.5300007 -127.056999
v -3923.33008 -37.2610016 -119.053001
v -3944.88306 -30.5760002 -124.041
v -3947.51904 -21.4750004 -130.899002
v -3929.38696 -25.5300007 -127.056999
v -4079.98804 223.671997 -32.0769997
v -4076.08105 224.817001 -17.6329994
v -4065.86304 238.671005 -32.8170013
v -4075.08203 230.119995 -17.2709999
v -4076.08105 224.817001 -17.6329994
v -4078.69092 222.837006 -15.4119997
v -3927.74292 212.223007 -152.619995
v -3922.19702 208.406006 -150.261002
v -3929.01294 209.337006 -156.862
v -3929.01294 209.337006 -156.862
v -3922.19702 208.406006 -150.261002
v -3923.82397 200.261002 -149.281006
v -3931.04297 270.806 61.4000015
v -3942.46289 300.205994 51.5750008
v -3949.90796 283.209991 56.598999
v -3942.46289 300.205994 51.5750008
v -3958.11206 300.533997 50.4760017
v -3949.90796 283.209991 56.598999
v -3859.29297 -88.5400009 -70.5670013
v -3870.87695 -90.8399963 -83.0999985
v -3862.41992 -89.0619965 -79.0289993
v -3850.0481 -85.0780029 -64.1139984
v -3859.29297 -88.5400009 -70.5670013
v -3862.41992 -89.0619965 -79.0289993
v -3801.448 -11.967 -52.4249992
v -3804.48901 -26.3360004 -43.0279999
v -3801.78711 -17.4939995 -55.1599998
v -3801.448 -11.967 -52.4249992
v -3801.78711 -17.4939995 -55.1599998
v -3802.3291 -12.408 -58.9350014
v -3912.22607 207.811996 -142.214005
v -3898.33203 206.044998 -128.557007
v -3915.42993 201.373001 -145.537994
v -3912.22607 207.811996 -142.214005
v -3915.42993 201.373001 -145.537994
v -3922.19702 208.406006 -150.261002
v -4093.95093 211.841003 -51.605999
v -4078.69092 222.837006 -15.4119997
v -4079.98804 223.671997 -32.0769997
v -4079.98804 223.671997 -32.0769997
v -4078.69092 222.837006 -15.4119997
v -4076.08105 224.817001 -17.6329994
v -3994.53394 -87.5250015 -57.6199989
v -4002.80103 -86.4329987 -55.4650002
v -4019.73999 -83.5739975 -69.0670013
v -4002.80103 -86.4329987 -55.4650002
v -3994.53394 -87.5250015 -57.6199989
v -3993.29492 -84.9560013 -40.1040001
v -4009.11304 34.151001 -163.248993
v -4017.87793 35.8069992 -153.787003
v -4008.49512 38.9220009 -164.710999
v -4036.92603 41.0540009 -135.796997
v -4008.49512 38.9220009 -164.710999
v -4017.87793 35.8069992 -153.787003
v -4052.45605 129.912003 -111.473999
v -4056.12207 123.846001 -106.024002
v -4069.64209 134.240005 -88.2440033
v -4057.03394 143.365005 -108.361
v -4052.45605 129.912003 -111.473999
v -4069.11694 141.639008 -90.125
v -3923.21094 72.5130005 -221.348007
v -3904.41602 82.9069977 -224.132004
v -3916.99902 66.8550034 -219.962997
v -3923.21094 72.5130005 -221.348007
v -3916.99902 66.8550034 -219.962997
v -3937.94409 54.8880005 -217.503998
v -3911.23096 297.984985 26.2830009
v -3895.38501 303.713989 -7.80900002
v -3903.46606 308.798004 -1.523
v -3895.38501 303.713989 -7.80900002
v -3900.26392 309.950012 -10.868
v -3903.46606 308.798004 -1.523
v -3889.25098 14.3319998 -163.908997
v -3930.4939 23.4160004 -181.039001
v -3886.53198 16.2989998 -167.408997
v -3862.32202 16.2539997 -173.447998
v -3889.25098 14.3319998 -163.908997
v -3886.53198 16.2989998 -167.408997
v -3892.51709 -86.9290009 -74.2710037
v -3913.66211 -85.6050034 -72.1589966
v -3907.2041 -87.5049973 -84.4069977
v -3913.66211 -85.6050034 -72.1589966
v -3892.51709 -86.9290009 -74.2710037
v -3882.07397 -82.3909988 -57.1790009
v -4081.44312 146.451996 -68.8180008
v -4080.88989 134.796997 -68.5920029
v -4087.95288 144.626007 -55.4620018
v -4069.11694 141.639008 -90.125
v -4080.88989 134.796997 -68.5920029
v -4081.44312 146.451996 -68.8180008
v -3926.93604 176.600006 103.251999
v -3923.74805 170.613007 103.446999
v -3912.33203 168.647995 92.8259964
v -3923.74805 170.613007 103.446999
v -3926.93604 176.600006 103.251999
v -3930.6189 176.352005 104.241997
v -3893.78296 88.8410034 -223.531006
v -3893.48096 75.7369995 -218.574005
v -3904.41602 82.9069977 -224.132004
v -3904.31909 94.0250015 -227.311005
v -3903.4021 97.8310013 -226.423996
v -3893.78296 88.8410034 -223.531006
v -4081.36108 259.721985 6.65700006
v -4081.69092 264.695007 3.92799997
v -4081.41992 253.061996 1.73399997
v -4081.69092 264.695007 3.92799997
v -4081.36108 259.721985 6.65700006
v -4079.80103 280.856995 3.29099989
v -3911.23096 297.984985 26.2830009
v -3903.46606 308.798004 -1.523
v -3906.10303 316.152008 -5.94099998
v -3900.26392 309.950012 -10.868
v -3906.10303 316.152008 -5.94099998
v -3903.46606 308.798004 -1.523
v -4084.89697 -23.1620007 -64.2229996
v -4085.10107 -27.802 -59.2029991
v -4095.7229 -22.0890007 -47.5489998
v -4095.7229 -22.0890007 -47.5489998
v -4085.10107 -27.802 -59.2029991
v -4094.12695 -30.3260002 -36.4350014
v -3957.51904 333.04599 40.7369995
v -3966.65503 347.533997 35.7890015
v -3967.45288 336.972992 41.7280006
v -3957.51904 333.04599 40.7369995
v -3950.0459 340.549011 24.6450005
v -3966.65503 347.533997 35.7890015
v -4096.59717 35.4539986 7.85099983
v -4113.11377 28.7310009 -19.6359997
v -4106.55176 26.2269993 -8.3739996
v -4114.62402 18.2700005 -20.6700001
v -4106.55176 26.2269993 -8.3739996
v -4113.11377 28.7310009 -19.6359997
v -3808.21802 161.694 -34.9910011
v -3820.58203 167.429001 -39.9300003
v -3811.27002 170.932999 -33.7210007
v -3808.21802 161.694 -34.9910011
v -3811.27002 170.932999 -33.7210007
v -3805.40796 164.453003 -29.3349991
v -4104.41113 -16.0699997 -36.1100006
v -4102.40576 -14.1300001 -42.7669983
v -4095.7229 -22.0890007 -47.5489998
v -4102.40576 -14.1300001 -42.7669983
v -4104.41113 -16.0699997 -36.1100006
v -4111.60107 -1.25999999 -26.7670002
v -3904.31909 94.0250015 -227.311005
v -3893.78296 88.8410034 -223.531006
v -3904.41602 82.9069977 -224.132004
v -3923.21094 72.5130005 -221.348007
v -3904.31909 94.0250015 -227.311005
v -3904.41602 82.9069977 -224.132004
v -3829.37402 61.0029984 -139.492004
v -3842.36792 68.8249969 -153.701004
v -3837.88892 72.0899963 -143.682999
v -3848.80591 76.197998 -159.772995
v -3837.88892 72.0899963 -143.682999
v -3842.36792 68.8249969 -153.701004
v -3920.91895 25.6949997 -187.154999
v -3930.80908 25.9160004 -185.154007
v -3938.84497 31.1450005 -197.447998
v -3930.80908 25.9160004 -185.154007
v -3920.91895 25.6949997 -187.154999
v -3892.33594 20.6119995 -178.705002
v -4040.15308 -59.9339981 -10.0220003
v -4027.28198 -67.7369995 -20.2210007
v -4025.38501 -61.0839996 -7.11899996
v -4025.38501 -61.0839996 -7.11899996
v -4027.28198 -67.7369995 -20.2210007
v -4010.65503 -68.2580032 -12.4540005
v -3881.79712 -1.93400002 82.3290024
v -3893.43799 5.09700012 91.9779968
v -3895.74805 -2.79999995 71.1110001
v -3880.12012 2.55999994 91.3730011
v -3883.51099 0.398000002 90.6460037
v -3882.44897 -1.76600003 85.5429993
v -4058.09595 217.679001 48.6720009
v -4055.94092 207.190002 49.8089981
v -4057.81909 225.112 52.0859985
v -4055.94092 207.190002 49.8089981
v -4058.09595 217.679001 48.6720009
v -4059.68604 191.173004 46.0800018
v -4036.29199 225.845001 -114.658997
v -4051.90308 232.593994 -99.8909988
v -4047.35791 241.085999 -87.5849991
v -4051.90308 232.593994 -99.8909988
v -4054.62988 234.811996 -91.2360001
v -4052.08789 241.401001 -85.7009964
v -3972.48706 257.971008 -140.522003
v -3969.06592 260.86499 -140.410995
v -3963.79297 260.059998 -142.360001
v -3971.06494 272.015015 -132.231003
v -3969.06592 260.86499 -140.410995
v -3972.48706 257.971008 -140.522003
v -4078.8269 -45.4560013 -0.321999997
v -4070.03491 -47.368 1.08899999
v -4076.27588 -34.8670006 18.4500008
v -4068.91699 -55.7540016 -13.7530003
v -4070.03491 -47.368 1.08899999
v -4078.8269 -45.4560013 -0.321999997
v -3839.34302 50.9280014 -163.328995
v -3840.79297 57.0239983 -160.975998
v -3829.72192 54.0299988 -147.748001
v -3839.34302 50.9280014 -163.328995
v -3837.0061 43.0929985 -169.556
v -3840.79297 57.0239983 -160.975998
v -3798.30005 31.2950001 -117.086998
v -3797.68091 40.0569992 -117.003998
v -3794.85205 30.3190002 -111.013
v -3802.46191 46.0820007 -121.615997
v -3797.68091 40.0569992 -117.003998
v -3798.30005 31.2950001 -117.086998
v -4049.13306 220.179993 -118.641998
v -4057.93799 217.343002 -120.524002
v -4043.87012 222.932999 -116.362
v -4034.24902 216.048996 -129.037994
v -4049.13306 220.179993 -118.641998
v -4043.87012 222.932999 -116.362
v -4068.91699 -55.7540016 -13.7530003
v -4082.87695 -47.6030006 -12.9169998
v -4079.05103 -51.8359985 -19.0949993
v -4079.05103 -51.8359985 -19.0949993
v -4082.87695 -47.6030006 -12.9169998
v -4102.89111 -21.7779999 -28.434
v -3895.44897 247.876007 -58.632
v -3893.4021 236.738007 -72.6829987
v -3897.46997 242.837006 -67.5410004
v -3893.4021 236.738007 -72.6829987
v -3904.73804 248.009995 -70.0299988
v -3897.46997 242.837006 -67.5410004
v -3806.08105 149.110992 -3.3440001
v -3813.3689 165.098007 -0.91900003
v -3817.23291 163.701996 0.755999982
v -3806.08105 149.110992 -3.3440001
v -3808.89893 165.459 -6.63899994
v -3813.3689 165.098007 -0.91900003
v -3813.56396 197.835007 -30.2950001
v -3816.46191 203.869003 -35.9959984
v -3814.85889 214.354004 -37.4510002
v -3814.85889 214.354004 -37.4510002
v -3816.46191 203.869003 -35.9959984
v -3820.97803 212.031006 -41.7070007
v -3987.09204 -67.7539978 -95.6689987
v -3949.96704 -69.0479965 -96.75
v -3969.23901 -75.447998 -90.5970001
v -3951.43506 -84.3960037 -85.7900009
v -3969.23901 -75.447998 -90.5970001
v -3949.96704 -69.0479965 -96.75
v -3870.51392 213.574005 -102.174004
v -3875.18994 218.089996 -93.9000015
v -3855.38306 198.121002 -106.975998
v -3855.38306 198.121002 -106.975998
v -3864.073 205.996994 -111.008003
v -3870.51392 213.574005 -102.174004
v -3787.49194 15.677 -56.8429985
v -3790.59204 6.50699997 -56.0779991
v -3794.48706 11.0209999 -63.5519981
v -3794.48706 11.0209999 -63.5519981
v -3792.5 23.9120007 -58.2319984
v -3787.49194 15.677 -56.8429985
v -3897.94409 240.787003 -77.1760025
v -3894.52905 238.712006 -87.276001
v -3904.73804 248.009995 -70.0299988
v -3893.4021 236.738007 -72.6829987
v -3897.94409 240.787003 -77.1760025
v -3904.73804 248.009995 -70.0299988
v -3790.58496 6.19299984 -98.7480011
v -3792.73804 2.65700006 -102.612
v -3790.41309 7.83400011 -103.755997
v -3801.11401 -8.8220005 -85.3799973
v -3792.73804 2.65700006 -102.612
v -3790.58496 6.19299984 -98.7480011
v -4032.41406 197.673004 -147.147995
v -4020.35303 195.904999 -157.445999
v -4033.01099 193.214005 -150.509003
v -4036.84009 201.977005 -144.764008
v -4032.41406 197.673004 -147.147995
v -4033.01099 193.214005 -150.509003
v -3911.64893 194.5 -143.475006
v -3909.53906 184.169006 -148.606003
v -3915.13403 182.753006 -151.692001
v -3909.53906 184.169006 -148.606003
v -3907.01294 175.462006 -149.910995
v -3915.13403 182.753006 -151.692001
v -3856.52905 -0.952000022 -153.445007
v -3889.25098 14.3319998 -163.908997
v -3872.30298 12.5190001 -165.608994
v -3872.30298 12.5190001 -165.608994
v -3862.32202 16.2539997 -173.447998
v -3848.77393 -0.114 -156.701004
v -4106.88086 70.4960022 -22.6889992
v -4100.45117 108.969002 -19.7180004
v -4101.15186 109.450996 -23.8430004
v -4097.28418 122.475998 -22.1329994
v -4101.15186 109.450996 -23.8430004
v -4100.45117 108.969002 -19.7180004
v -3805.83398 -1.34500003 -31.9330006
v -3802.50195 -1.80400002 -42.257
v -3798.66089 2.375 -42.612999
v -3805.83398 -1.34500003 -31.9330006
v -3807.323 -3.58299994 -17.073
v -3805.125 -6.39099979 -39.3089981
v -3991.92798 321.619995 -78.1569977
v -3990.80811 311.335999 -87.9049988
v -3999.45288 315.27301 -79.9629974
v -3983.3999 308.54599 -86.973999
v -3990.80811 311.335999 -87.9049988
v -3991.92798 321.619995 -78.1569977
v -3829.74512 240.634003 -45.2939987
v -3834.29004 248.574997 -41.5400009
v -3825.62793 246.910995 -39.9550018
v -3834.29004 248.574997 -41.5400009
v -3829.74512 240.634003 -45.2939987
v -3843.48608 247.089996 -42.1479988
v -3892.97803 -48.4790001 21.6499996
v -3886.46997 -45.0550003 23.5809994
v -3898.65308 -37.1380005 45.4440002
v -3892.97803 -48.4790001 21.6499996
v -3871.18506 -50.0489998 10.2930002
v -3886.46997 -45.0550003 23.5809994
v -3822.42993 240.007004 -41.8110008
v -3825.62793 246.910995 -39.9550018
v -3818.66504 239.468994 -34.2639999
v -3822.42993 240.007004 -41.8110008
v -3829.74512 240.634003 -45.2939987
v -3825.62793 246.910995 -39.9550018
v -3879.38208 202.612 -115.769997
v -3875.20288 195.563004 -117.753998
v -3890.67407 202.067993 -122.790001
v -3879.38208 202.612 -115.769997
v -3870.88989 201.259995 -113.796997
v -3875.20288 195.563004 -117.753998
v -3815.20508 -3.35699987 23.5230007
v -3797.44897 18.0259991 26.3419991
v -3790.41797 31.6889992 35.7540016
v -3797.44897 18.0259991 26.3419991
v -3785.10107 33.2299995 26.7070007
v -3790.41797 31.6889992 35.7540016
v -3872.30298 12.5190001 -165.608994
v -3848.77393 -0.114 -156.701004
v -3856.52905 -0.952000022 -153.445007
v -3847.02905 -10.2930002 -147.039993
v -3856.52905 -0.952000022 -153.445007
v -3848.77393 -0.114 -156.701004
v -3805.95093 -10.0539999 -116.628998
v -3795.93091 1.19499993 -117.998001
v -3810.8291 -18.4529991 -98.0210037
v -3810.8291 -18.4529991 -98.0210037
v -3819.71802 -23.9080009 -113.607002
v -3805.95093 -10.0539999 -116.628998
v -3959.47192 20.0429993 89.3290024
v -3970.92896 27.9349995 92.8669968
v -3970.88501 26.1970005 90.3799973
v -3959.47192 20.0429993 89.3290024
v -3968.38892 11.8599997 81.3089981
v -3970.84399 -3.68900013 69.0920029
v -3927.06689 280.096985 -88.0410004
v -3927.44312 278.023987 -98.3089981
v -3930.42993 281.095001 -91.2679977
v -3930.42993 281.095001 -91.2679977
v -3927.44312 278.023987 -98.3089981
v -3933.72095 273.404999 -101.172997
v -4085.10107 -27.802 -59.2029991
v -4076.08911 -29.6819992 -70.1689987
v -4073.52393 -39.0009995 -61.7919998
v -4052.96411 -64.987999 -60.4300003
v -4073.52393 -39.0009995 -61.7919998
v -4076.08911 -29.6819992 -70.1689987
v -3968.38892 11.8599997 81.3089981
v -3959.47192 20.0429993 89.3290024
v -3970.88501 26.1970005 90.3799973
v -3974.63989 34.118 94.112999
v -3981.62988 15.4820004 81.5670013
v -3970.88501 26.1970005 90.3799973
v -3873.854 -57.1220016 -1.11599994
v -3883.38989 -62.2270012 -7.99100018
v -3864.61499 -64.689003 -19.5639992
v -3873.854 -57.1220016 -1.11599994
v -3864.61499 -64.689003 -19.5639992
v -3871.18506 -50.0489998 10.2930002
v -3809.31494 3.96399999 -143.322006
v -3808.02295 -9.44699955 -132.929993
v -3811.84912 -10.3199997 -137.505997
v -3811.84912 -10.3199997 -137.505997
v -3820.87695 -21.2320004 -131.522003
v -3827.72412 -21.6919994 -139.373993
v -3930.42993 281.095001 -91.2679977
v -3935.04297 285.738007 -86.2929993
v -3932.89307 285.381012 -82.7979965
v -3935.04297 285.738007 -86.2929993
v -3930.42993 281.095001 -91.2679977
v -3939.19092 280.175995 -92.2070007
v -4013.4729 107.330002 -161.531998
v -4019.87305 92.2919998 -154.035004
v -4029.55005 106.843002 -141.080994
v -4019.87305 92.2919998 -154.035004
v -4032.16211 83.4649963 -140.289001
v -4029.55005 106.843002 -141.080994
v -3809.77588 68.1139984 -123.623001
v -3799.16992 86.9449997 -120.848999
v -3789.73804 76.8290024 -116.327003
v -3799.16992 86.9449997 -120.848999
v -3793.53101 96.2630005 -118.322998
v -3789.73804 76.8290024 -116.327003
v -3828.11011 225.095993 -53.5670013
v -3822.53198 223.085999 -46.4780006
v -3826.34009 203.179993 -43.3149986
v -3822.53198 223.085999 -46.4780006
v -3828.11011 225.095993 -53.5670013
v -3818.54492 232.835999 -41.9990005
v -3878.8479 -77.5510025 -43.6889992
v -3882.07397 -82.3909988 -57.1790009
v -3862.48096 -82.2699966 -55.8359985
v -3862.48096 -82.2699966 -55.8359985
v -3857.69189 -77.0780029 -45.8279991
v -3878.8479 -77.5510025 -43.6889992
v -3899.04395 172.686996 -147.373993
v -3897.37012 160.641998 -156.052002
v -3907.01294 175.462006 -149.910995
v -3899.04395 172.686996 -147.373993
v -3907.01294 175.462006 -149.910995
v -3909.53906 184.169006 -148.606003
v -3811.84912 -10.3199997 -137.505997
v -3808.02295 -9.44699955 -132.929993
v -3820.87695 -21.2320004 -131.522003
v -3808.02295 -9.44699955 -132.929993
v -3805.95093 -10.0539999 -116.628998
v -3820.87695 -21.2320004 -131.522003
v -3911.81909 221.608994 62.5489998
v -3908.09302 228.817993 56.0470009
v -3919.56592 227.171005 65.8909988
v -3908.09302 228.817993 56.0470009
v -3911.81909 221.608994 62.5489998
v -3897.25293 219.584 49.262001
v -3794.35498 106.394997 -8
v -3782.57397 90.3529968 -10.3629999
v -3787.11792 99.776001 -11.7679996
v -3787.11792 99.776001 -11.7679996
v -3787.77393 111.199997 -10.4130001
v -3794.35498 106.394997 -8
v -3804.54297 14.8809996 -142.296005
v -3809.74194 20.5960007 -147.871002
v -3804.16895 28.9799995 -131.679001
v -3804.54297 14.8809996 -142.296005
v -3810.68994 14.0790005 -148.542999
v -3809.74194 20.5960007 -147.871002
v -3817.78711 -15.4980001 3.37800002
v -3830.61401 -20.973999 13.559
v -3816.83398 -23.0189991 3.79999995
v -3834.6499 -17.2530003 15.8360004
v -3828.82495 -14.8059998 10.3149996
v -3829.07007 -12.1859999 14.0819998
v -3924.43506 214.151993 -144.578003
v -3914.03906 211.360992 -141.503006
v -3927.74292 212.223007 -152.619995
v -3913.646 225.106995 -126.488998
v -3914.03906 211.360992 -141.503006
v -3924.43506 214.151993 -144.578003
v -3856.75903 232.164001 -59.2169991
v -3855.42896 224.417999 -66.8119965
v -3866.271 223.561005 -69.2770004
v -3866.271 223.561005 -69.2770004
v -3855.42896 224.417999 -66.8119965
v -3863.43311 214.998993 -74.8479996
v -3795.07007 104.342003 -1.87800002
v -3789.11401 69.447998 9.09599972
v -3786.18506 77.0849991 0.75999999
v -3789.11401 69.447998 9.09599972
v -3775.4231 51.5349998 -1.91199994
v -3786.18506 77.0849991 0.75999999
v -3830.61401 -20.973999 13.559
v -3817.78711 -15.4980001 3.37800002
v -3828.82495 -14.8059998 10.3149996
v -3828.82495 -14.8059998 10.3149996
v -3817.78711 -15.4980001 3.37800002
v -3822.95288 -8.375 6.5539999
v -3803.08911 131.862 -59.7589989
v -3800.16699 126.045998 -63.6559982
v -3816.38501 146.057999 -58.6459999
v -3795.21606 128.772995 -56.8209991
v -3792.35303 112.740997 -67.4240036
v -3800.16699 126.045998 -63.6559982
v -3782.0271 103.634003 -14.8719997
v -3765.49805 111.797997 -38.8100014
v -3787.77393 111.199997 -10.4130001
v -3782.0271 103.634003 -14.8719997
v -3787.77393 111.199997 -10.4130001
v -3787.11792 99.776001 -11.7679996
v -3996.64307 0.34799999 -149.447998
v -4004.21997 -9.65400028 -139.962006
v -4014.78198 -21.0030003 -130.209
v -4014.78198 -21.0030003 -130.209
v -4004.21997 -9.65400028 -139.962006
v -4011.85498 -29.5340004 -124.293999
v -4032.76807 -79.8030014 -66.7210007
v -4030.42993 -75.1800003 -76.4960022
v -4022.04907 -78.1449966 -80.810997
v -4046.65405 -74.5650024 -55.0629997
v -4038.95508 -74.1500015 -67.5439987
v -4032.76807 -79.8030014 -66.7210007
v -4039.46411 348.933014 -9.09700012
v -4023.56006 342.083008 -30.6200008
v -4030.43408 332.653992 -26.7689991
v -4023.56006 342.083008 -30.6200008
v -4016.39404 332.518005 -44.7319984
v -4030.43408 332.653992 -26.7689991
v -3974.3811 371.242004 21.7880001
v -3972.2251 376.102997 1.13199997
v -3983.19409 376.384003 20.2049999
v -3983.19409 376.384003 20.2049999
v -3985.23193 375.213013 22.6930008
v -3974.3811 371.242004 21.7880001
v -3824.98096 141.348999 -121.932999
v -3815.4519 143.016006 -122.643997
v -3812.63989 133.296005 -121.405998
v -3808.39795 132.429993 -120.472
v -3815.4519 143.016006 -122.643997
v -3810.14502 139.309998 -118.069
v -3795.21606 128.772995 -56.8209991
v -3807.20508 141.884995 -56.7019997
v -3804.21704 145.052994 -50.5579987
v -3803.08911 131.862 -59.7589989
v -3816.38501 146.057999 -58.6459999
v -3807.20508 141.884995 -56.7019997
v -3893.43799 5.09700012 91.9779968
v -3881.79712 -1.93400002 82.3290024
v -3882.44897 -1.76600003 85.5429993
v -3871.18896 -5.55200005 76.875
v -3882.44897 -1.76600003 85.5429993
v -3881.79712 -1.93400002 82.3290024
v -3838.37207 194.414993 -57.9280014
v -3826.34009 203.179993 -43.3149986
v -3825.53809 200.845001 -43.4760017
v -3825.53809 200.845001 -43.4760017
v -3826.34009 203.179993 -43.3149986
v -3820.41797 200.876999 -39.8300018
v -4012.92603 347.589996 -44.0789986
v -4018.67407 359.665985 -30.2630005
v -4012.67993 359.666992 -35.8779984
v -4018.67407 359.665985 -30.2630005
v -4012.92603 347.589996 -44.0789986
v -4024.04004 352.425995 -26.2630005
v -3938.052 228.248001 75.6060028
v -3937.98804 217.403 83.887001
v -3933.4519 213.929993 82.4869995
v -3929.78296 204.347 89.5059967
v -3933.4519 213.929993 82.4869995
v -3937.98804 217.403 83.887001
v -3795.21606 128.772995 -56.8209991
v -3803.08911 131.862 -59.7589989
v -3807.20508 141.884995 -56.7019997
v -3800.16699 126.045998 -63.6559982
v -3803.08911 131.862 -59.7589989
v -3795.21606 128.772995 -56.8209991
v -3985.23193 375.213013 22.6930008
v -4014.76709 370.990997 23.4080009
v -3983.40308 370.584991 25.9249992
v -3985.23193 375.213013 22.6930008
v -3983.40308 370.584991 25.9249992
v -3974.3811 371.242004 21.7880001
v -3812.35498 142.457001 -2.67000008
v -3818.23389 146.792999 -0.839999974
v -3803.36499 118.213997 -5.86999989
v -3812.35498 142.457001 -2.67000008
v -3817.23291 163.701996 0.755999982
v -3820.44702 153.757004 -1.37
v -3798.20605 20.0839996 -68.3059998
v -3796.89893 19.7220001 -64.3399963
v -3797.40894 14.0209999 -68.4960022
v -3798.20605 20.0839996 -68.3059998
v -3807.03711 33.1640015 -70.6660004
v -3796.89893 19.7220001 -64.3399963
v -3957.46997 35.4760017 -198.473999
v -3966.88794 35.0110016 -194.998993
v -3959.5791 39.8520012 -201.531006
v -3966.88794 35.0110016 -194.998993
v -3957.46997 35.4760017 -198.473999
v -3967.90698 27.4039993 -187.119995
v -3790.59204 6.50699997 -56.0779991
v -3785.94092 8.11600018 -48.9150009
v -3792.71704 3.22300005 -52.1539993
v -3787.38208 6.32700014 -45.7599983
v -3798.66089 2.375 -42.612999
v -3792.71704 3.22300005 -52.1539993
v -3830.17603 200.360992 3.60599995
v -3848.29102 217.223999 14.7989998
v -3849.92798 215.570999 16.6270008
v -3849.92798 215.570999 16.6270008
v -3848.29102 217.223999 14.7989998
v -3855.30688 227.738007 23.9750004
v -3970.84399 -3.68900013 69.0920029
v -3981.90308 -13.1999998 59.7830009
v -3967.74609 -22.3029995 55.0960007
v -3970.84399 -3.68900013 69.0920029
v -4012.21289 -13.9940004 55.0480003
v -3981.90308 -13.1999998 59.7830009
v -3844.22803 221.703003 -69.276001
v -3839.12207 228.557007 -60.112999
v -3837.15088 224.022995 -62.3139992
v -3856.75903 232.164001 -59.2169991
v -3839.12207 228.557007 -60.112999
v -3844.22803 221.703003 -69.276001
v -3803.12305 -13.0500002 -76.5749969
v -3799.36792 -5.96299982 -79.598999
v -3802.60205 -12.5909996 -68.6709976
v -3802.60205 -12.5909996 -68.6709976
v -3799.36792 -5.96299982 -79.598999
v -3803.17505 -8.18000031 -67.7259979
v -3943.55005 253.692001 66.6640015
v -3959.35205 242.173996 69.7770004
v -3939.48389 248.544006 68.5270004
v -3943.55005 253.692001 66.6640015
v -3939.48389 248.544006 68.5270004
v -3939.7771 251.285995 65.6740036
v -4064.34912 44.6590004 55.8380013
v -4061.479 62.2050018 52.9700012
v -4077.47095 26.2530003 43.2929993
v -4056.47705 67.4449997 54.480999
v -4061.479 62.2050018 52.9700012
v -4064.34912 44.6590004 55.8380013
v -3786.89795 28.9780006 -4.71500015
v -3797.08105 16.1739998 -12.158
v -3788.91406 29.5639992 -8.53199959
v -3802.25098 3.16700006 -1.02600002
v -3797.08105 16.1739998 -12.158
v -3786.89795 28.9780006 -4.71500015
v -3952.94897 182.347 -184.796997
v -3960.36694 189.429993 -181.354004
v -3952.30591 188.959 -184.151993
v -3960.36694 189.429993 -181.354004
v -3969.02808 196.645004 -170.229004
v -3960.19897 192.615997 -178.610992
v -4006.104 63.2070007 72.0530014
v -4004.10693 72.151001 70.0690002
v -4018.98999 69.5790024 64.0350037
v -4006.104 63.2070007 72.0530014
v -3989.57495 66.1399994 80.947998
v -4004.10693 72.151001 70.0690002
v -3934.53394 226.225006 75.6740036
v -3933.16992 238.828003 69.0009995
v -3938.052 228.248001 75.6060028
v -3934.53394 226.225006 75.6740036
v -3938.052 228.248001 75.6060028
v -3933.4519 213.929993 82.4869995
v -4070.5791 26.4529991 55.262001
v -4077.47095 26.2530003 43.2929993
v -4072.36499 17.6599998 53.8619995
v -4064.98291 20 58.4970016
v -4070.5791 26.4529991 55.262001
v -4072.36499 17.6599998 53.8619995
v -3799.74707 -0.133000001 -75.3619995
v -3799.36792 -5.96299982 -79.598999
v -3793.53809 18.4330006 -80.086998
v -3803.17505 -8.18000031 -67.7259979
v -3799.36792 -5.96299982 -79.598999
v -3799.74707 -0.133000001 -75.3619995
v -3782.10596 37.9150009 -8.55500031
v -3786.89795 28.9780006 -4.71500015
v -3788.91406 29.5639992 -8.53199959
v -3789.5791 21.1870003 -18.5960007
v -3788.91406 29.5639992 -8.53199959
v -3797.08105 16.1739998 -12.158
v -3871.18896 -5.55200005 76.875
v -3865.5769 -7.18599987 67.3349991
v -3870.09497 -3.81999993 82.4039993
v -3882.44897 -1.76600003 85.5429993
v -3871.18896 -5.55200005 76.875
v -3870.09497 -3.81999993 82.4039993
v -4062.979 190.783005 -115.878998
v -4039.06006 174.270004 -141.371994
v -4046.57007 172.167999 -131.509995
v -4046.57007 172.167999 -131.509995
v -4039.06006 174.270004 -141.371994
v -4035.96997 142.513 -137.494995
v -3907.13306 68.5270004 -219.119995
v -3901.32788 64.5449982 -213.436996
v -3909.27393 63.9399986 -216.684998
v -3916.99902 66.8550034 -219.962997
v -3907.13306 68.5270004 -219.119995
v -3909.27393 63.9399986 -216.684998
v -4080.67896 54.0400009 -67.6149979
v -4067.14111 43.855999 -91.6179962
v -4073.91406 42.5550003 -79.5510025
v -4067.14111 43.855999 -91.6179962
v -4054.24609 26.1389999 -112.665001
v -4073.91406 42.5550003 -79.5510025
v -4110.54004 49.4920006 -27.4430008
v -4109.51709 15.1059999 -32.1650009
v -4114.1958 16.0179996 -23.9699993
v -4109.51709 15.1059999 -32.1650009
v -4111.60107 -1.25999999 -26.7670002
v -4114.1958 16.0179996 -23.9699993
v -3786.24097 24.8999996 -17.4939995
v -3774.53711 37.9000015 -18.2980003
v -3782.10596 37.9150009 -8.55500031
v -3788.91406 29.5639992 -8.53199959
v -3786.24097 24.8999996 -17.4939995
v -3782.10596 37.9150009 -8.55500031
v -3820.26709 37.3050003 -151.020996
v -3809.74194 20.5960007 -147.871002
v -3824.89307 36.6199989 -159.820007
v -3820.26709 37.3050003 -151.020996
v -3824.89307 36.6199989 -159.820007
v -3829.72192 54.0299988 -147.748001
v -3937.55493 145.427994 105.420998
v -3920.55908 140.162994 117.160004
v -3929.23999 155.121002 108.848999
v -3937.55493 145.427994 105.420998
v -3929.23999 155.121002 108.848999
v -3951.04907 166.673004 95.4639969
v -3980.70801 214.561996 74.2369995
v -3969.52588 213.856995 77.0790024
v -3975.89111 217.686005 71.5410004
v -3978.85107 198.809006 78.3470001
v -3969.52588 213.856995 77.0790024
v -3980.70801 214.561996 74.2369995
v -4082.70703 -0.254999995 -71.9560013
v -4088.4541 24.243 -62.8699989
v -4080.49097 3.06500006 -75.1579971
v -4082.70703 -0.254999995 -71.9560013
v -4080.49097 3.06500006 -75.1579971
v -4077.81299 -17.0979996 -75.8740005
v -3849.89404 263.872986 -9.0710001
v -3855.66406 272.669006 -15.4799995
v -3862.9209 269.407013 1.18900001
v -3855.66406 272.669006 -15.4799995
v -3849.89404 263.872986 -9.0710001
v -3844.86792 267.320007 -28.6130009
v -3786.24097 24.8999996 -17.4939995
v -3775.36108 29.5289993 -24.8869991
v -3774.53711 37.9000015 -18.2980003
v -3774.53711 37.9000015 -18.2980003
v -3775.36108 29.5289993 -24.8869991
v -3770.23608 48.1870003 -19.0540009
v -3936.05811 124.452003 109.309998
v -3931.32593 129.921005 112.380997
v -3937.55493 145.427994 105.420998
v -3936.05811 124.452003 109.309998
v -3928.82202 113.009003 117.867996
v -3931.32593 129.921005 112.380997
v -3937.01099 115.703003 -228.860992
v -3930.2749 108.726997 -229.630005
v -3936.10498 107.490997 -229.774002
v -3918.11011 107.688004 -226.597
v -3930.2749 108.726997 -229.630005
v -3937.01099 115.703003 -228.860992
v -4063.01099 -65.060997 -35.7169991
v -4050.22412 -70.9339981 -39.3089981
v -4059.77588 -65.2310028 -29.2119999
v -4059.77588 -65.2310028 -29.2119999
v -4050.22412 -70.9339981 -39.3089981
v -4032.46509 -72.862999 -34.7050018
v -4010.07593 229.621002 -111.561996
v -4022.04395 222.248001 -122.445
v -4036.29199 225.845001 -114.658997
v -4022.04395 222.248001 -122.445
v -4034.24902 216.048996 -129.037994
v -4036.29199 225.845001 -114.658997
v -4078.69092 222.837006 -15.4119997
v -4093.95093 211.841003 -51.605999
v -4083.23389 217.873993 -17.3670006
v -4078.69092 222.837006 -15.4119997
v -4083.23389 217.873993 -17.3670006
v -4082.35889 216.789001 -13.085
v -4094.37305 142.621994 -24.0960007
v -4094.40503 136.602997 -30.8990002
v -4096.83984 127.632004 -24.9069996
v -4094.08691 150.585007 -31.0209999
v -4094.40503 136.602997 -30.8990002
v -4094.37305 142.621994 -24.0960007
v -3959.5791 39.8520012 -201.531006
v -3963.88794 46.3110008 -209.807007
v -3958.73608 47.4490013 -214.223007
v -3970.30811 55.0159988 -207.714996
v -3958.73608 47.4490013 -214.223007
v -3963.88794 46.3110008 -209.807007
v -4075.54492 222.442993 -82.8160019
v -4071.11694 230.481003 -65.5309982
v -4065.44312 229.462997 -88.0579987
v -4071.11694 230.481003 -65.5309982
v -4075.54492 222.442993 -82.8160019
v -4077.21899 225.490005 -76.5090027
v -4065.3811 149.546997 -98.5910034
v -4053.48291 154.955994 -117.170998
v -4057.03394 143.365005 -108.361
v -4057.03394 143.365005 -108.361
v -4069.11694 141.639008 -90.125
v -4065.3811 149.546997 -98.5910034
v -4064.34912 44.6590004 55.8380013
v -4052.25488 41.0950012 61.0660019
v -4058.40308 47.2080002 58.243
v -4058.40308 47.2080002 58.243
v -4052.25488 41.0950012 61.0660019
v -4047.17407 64.6559982 57.5970001
v -3907.2041 -87.5049973 -84.4069977
v -3924.63599 -83.7089996 -89.552002
v -3908.68604 -85.0849991 -90.25
v -3949.96704 -69.0479965 -96.75
v -3908.68604 -85.0849991 -90.25
v -3924.63599 -83.7089996 -89.552002
v -3941.38794 223.311996 79.7789993
v -3950.05493 221.024994 76.6910019
v -3937.98804 217.403 83.887001
v -3937.98804 217.403 83.887001
v -3938.052 228.248001 75.6060028
v -3941.38794 223.311996 79.7789993
v -3879.62598 179.113998 -135.091003
v -3871.0769 173.962006 -136.156006
v -3885.34912 172.524994 -143.738998
v -3894.73901 180.464005 -141.731995
v -3879.62598 179.113998 -135.091003
v -3885.34912 172.524994 -143.738998
v -3831.07104 243.279007 -17.0400009
v -3832.37695 232.429993 -1.972
v -3822.81201 227.528 -15.2580004
v -3832.37695 232.429993 -1.972
v -3841.33203 237.404999 6.23199987
v -3832.24805 227.141998 -1.81599998
v -3963.40088 333.006012 -48.7509995
v -3967.29199 338.29599 -52.8170013
v -3967.51611 341.131012 -37.6310005
v -3962.11694 328.657013 -31.1340008
v -3963.40088 333.006012 -48.7509995
v -3967.51611 341.131012 -37.6310005
v -4050.18701 203.145004 52
v -4059.68604 191.173004 46.0800018
v -4048.96191 187.811005 53.1020012
v -4050.18701 203.145004 52
v -4047.2771 195.688004 52.9189987
v -4045.06909 211.613998 54.4039993
v -3806.1731 133.518997 -92.9820023
v -3811.9209 141.682999 -103.097
v -3815.15698 145.856003 -92.7360001
v -3811.9209 141.682999 -103.097
v -3825.98511 162.671005 -95.2040024
v -3815.15698 145.856003 -92.7360001
v -3899.65088 186.686005 -140.729004
v -3894.73901 180.464005 -141.731995
v -3909.53906 184.169006 -148.606003
v -3879.62598 179.113998 -135.091003
v -3894.73901 180.464005 -141.731995
v -3899.65088 186.686005 -140.729004
v -3861.5791 112.502998 -161.785004
v -3873.46997 124.884003 -169.770996
v -3861.87695 115.892998 -158.130005
v -3858.88403 112.759003 -149.983994
v -3852.39893 100.240997 -155.401993
v -3861.87695 115.892998 -158.130005
v -3828.4541 225.988007 -3.30299997
v -3832.24805 227.141998 -1.81599998
v -3833.68091 219.904007 -5.42999983
v -3832.37695 232.429993 -1.972
v -3832.24805 227.141998 -1.81599998
v -3828.4541 225.988007 -3.30299997
v -3978.29492 -37.2919998 39.1640015
v -3985.3269 -27.0620003 47.1930008
v -3989.75293 -36.7750015 36.8349991
v -3986.62988 -45.5270004 28.5599995
v -3978.29492 -37.2919998 39.1640015
v -3989.75293 -36.7750015 36.8349991
v -4048.96191 187.811005 53.1020012
v -4047.2771 195.688004 52.9189987
v -4050.18701 203.145004 52
v -4047.2771 195.688004 52.9189987
v -4048.96191 187.811005 53.1020012
v -4040.41211 196.634995 57.7039986
v -4012.67993 359.666992 -35.8779984
v -4018.67407 359.665985 -30.2630005
v -4012.896 367.347992 -28.8630009
v -4012.896 367.347992 -28.8630009
v -4001.521 350.181 -48.0629997
v -4012.67993 359.666992 -35.8779984
v -4006.91602 264.90799 -98.0049973
v -4019.98096 266.846985 -79.6279984
v -4022.99609 282.937012 -66.4700012
v -4006.91602 264.90799 -98.0049973
v -4013.32495 244.910004 -98.9329987
v -4019.98096 266.846985 -79.6279984
v -4026.17603 -50.6949997 -104.867996
v -4024.76392 -39.7179985 -113.903999
v -4022.47192 -45.8339996 -110.82
v -4022.47192 -45.8339996 -110.82
v -4024.76392 -39.7179985 -113.903999
v -4014.78198 -21.0030003 -130.209
v -3963.79297 260.059998 -142.360001
v -3963.92798 266.889008 -136.123993
v -3959.00293 268.127014 -131.451004
v -3959.00293 268.127014 -131.451004
v -3963.92798 266.889008 -136.123993
v -3969.6499 275.01001 -128.610992
v -4018.98999 69.5790024 64.0350037
v -4005.94604 84.6910019 64.8899994
v -4018.06104 79.9919968 61.7529984
v -4022.7041 85.4199982 57.7639999
v -4018.06104 79.9919968 61.7529984
v -4005.94604 84.6910019 64.8899994
v -3817.14404 64.2689972 46.0309982
v -3824.83398 86.5680008 41.5139999
v -3840.78589 71.6340027 62.1920013
v -3817.14404 64.2689972 46.0309982
v -3816.54907 92.2979965 30.7999992
v -3824.83398 86.5680008 41.5139999
v -3970.84009 372.126007 9.89799976
v -3974.3811 371.242004 21.7880001
v -3969.68701 367.437012 20.8990002
v -3974.8269 365.140991 29.302
v -3969.68701 367.437012 20.8990002
v -3974.3811 371.242004 21.7880001
v -3823.01904 163.524002 -124.956001
v -3826.77295 167.738998 -114.274002
v -3820.56592 156.975006 -108.894997
v -3820.56592 156.975006 -108.894997
v -3826.77295 167.738998 -114.274002
v -3825.98511 162.671005 -95.2040024
v -3993.7749 175.598999 -184.856003
v -3998.73096 173.643997 -184.177002
v -4012.04492 186.434998 -171.018005
v -3998.73096 173.643997 -184.177002
v -3982.51904 153.384003 -200.013
v -4010.90991 171.511002 -171.487
v -4042.07397 258.971985 -60.4399986
v -4046.24609 256.523987 -57.2070007
v -4046.021 259.868011 -55.7980003
v -4046.021 259.868011 -55.7980003
v -4046.24609 256.523987 -57.2070007
v -4048.59692 253.141006 -53.2029991
v -4018.6731 221.535995 63.5079994
v -4013.23193 226.438995 63.2229996
v -4031.19604 228.412994 59.7400017
v -4040.41211 196.634995 57.7039986
v -4018.6731 221.535995 63.5079994
v -4038.68701 217.128998 57.5690002
v -3810.14502 139.309998 -118.069
v -3816.67505 152.272003 -120.208
v -3820.56592 156.975006 -108.894997
v -3816.67505 152.272003 -120.208
v -3810.14502 139.309998 -118.069
v -3815.4519 143.016006 -122.643997
v -3803.60596 48.8339996 42.2190018
v -3805.25 64.2529984 34.7140007
v -3817.14404 64.2689972 46.0309982
v -3796.99707 56.3499985 30.0389996
v -3805.25 64.2529984 34.7140007
v -3803.60596 48.8339996 42.2190018
v -3967.45288 336.972992 41.7280006
v -3974.8269 365.140991 29.302
v -3984.38794 344.167999 37.2989998
v -3984.38794 344.167999 37.2989998
v -3992.0791 331.196991 40.2970009
v -3967.45288 336.972992 41.7280006
v -4073.61304 230.764008 26.6149998
v -4075.54907 237.781006 22.6070004
v -4085.38696 205.386002 5.50300026
v -4065.96802 234.796005 41.7890015
v -4075.54907 237.781006 22.6070004
v -4073.61304 230.764008 26.6149998
v -3934.88696 207.320999 -166.613007
v -3930.84399 201.253998 -161.824005
v -3939.37012 200.227997 -174.449997
v -3929.01294 209.337006 -156.862
v -3930.84399 201.253998 -161.824005
v -3934.88696 207.320999 -166.613007
v -3907.8291 257.315002 59.4339981
v -3920.05005 233.384995 63.2350006
v -3917.6001 230.612 60.9599991
v -3920.05005 233.384995 63.2350006
v -3919.56592 227.171005 65.8909988
v -3917.6001 230.612 60.9599991
v -4003.65308 216.738007 67.4329987
v -3993.48901 211.496994 70.9250031
v -3992.83105 220.505997 68.2160034
v -4011.74707 195.498993 66.6809998
v -3997.81299 198.791 71.0970001
v -4003.65308 216.738007 67.4329987
v -4019.49097 370.253998 -20.4370003
v -4028.62891 363.049011 -14.9680004
v -4031.48804 364.97699 -8.99499989
v -4028.62891 363.049011 -14.9680004
v -4039.46411 348.933014 -9.09700012
v -4031.48804 364.97699 -8.99499989
v -3894.52197 269.203003 -44.0849991
v -3891.75293 256.479004 -51.0519981
v -3903.90991 263.785004 -49.2779999
v -3895.44897 247.876007 -58.632
v -3902.81494 256.552002 -53.6699982
v -3891.75293 256.479004 -51.0519981
v -3922.7439 232.261002 65.6760025
v -3919.56592 227.171005 65.8909988
v -3920.05005 233.384995 63.2350006
v -3919.56592 227.171005 65.8909988
v -3922.7439 232.261002 65.6760025
v -3934.53394 226.225006 75.6740036
v -4037.05005 339.207001 29.8850002
v -4031.34497 332.071991 35.0909996
v -4027.13794 343.154999 33.1459999
v -4027.13794 343.154999 33.1459999
v -4031.34497 332.071991 35.0909996
v -4021.03491 316.312988 40.9150009
v -4061.479 62.2050018 52.9700012
v -4080.18311 57.6160011 28.4260006
v -4087.71704 55.3190002 17.9869995
v -4097.04395 58.25 1.13100004
v -4087.71704 55.3190002 17.9869995
v -4082.00903 81.3190002 20.257
v -3820.62402 -39.8590012 -67.697998
v -3837.06201 -51.2999992 -92.401001
v -3830.08496 -42.1780014 -93.0289993
v -3836.9021 -44.4199982 -107.130997
v -3837.06201 -51.2999992 -92.401001
v -3845.17407 -48.0649986 -118.765999
v -3873.30005 249.658997 -50.4230003
v -3881.46899 242.057007 -58.5419998
v -3891.75293 256.479004 -51.0519981
v -3855.79395 242.313995 -49.1699982
v -3881.46899 242.057007 -58.5419998
v -3873.30005 249.658997 -50.4230003
v -3830.61401 -20.973999 13.559
v -3834.6499 -17.2530003 15.8360004
v -3838.73706 -26.3260002 15.0819998
v -3828.82495 -14.8059998 10.3149996
v -3834.6499 -17.2530003 15.8360004
v -3830.61401 -20.973999 13.559
v -3785.88208 148.516006 -29.7849998
v -3796.28711 136.998001 -7.72200012
v -3790.94312 130.626007 -12.9069996
v -3796.11401 128.238007 -6.67399979
v -3790.94312 130.626007 -12.9069996
v -3796.28711 136.998001 -7.72200012
v -4003.65308 216.738007 67.4329987
v -4003.36499 222.231003 65.0279999
v -4013.23193 226.438995 63.2229996
v -4013.23193 226.438995 63.2229996
v -4003.36499 222.231003 65.0279999
v -3991.04712 232.841995 69.6139984
v -3866.63892 -22.2709999 30.3470001
v -3860.90991 -17.7609997 32.25
v -3869.54492 -18.0540009 36.2910004
v -3874.24194 -22.6000004 34.0699997
v -3866.63892 -22.2709999 30.3470001
v -3869.54492 -18.0540009 36.2910004
v -4082.00903 81.3190002 20.257
v -4087.71704 55.3190002 17.9869995
v -4080.18311 57.6160011 28.4260006
v -4059.75488 82.2419968 49.5740013
v -4082.00903 81.3190002 20.257
v -4080.18311 57.6160011 28.4260006
v -3838.37207 194.414993 -57.9280014
v -3841.62598 197.501007 -61.8530006
v -3833.05811 207.192001 -52.7809982
v -3841.62598 197.501007 -61.8530006
v -3838.37207 194.414993 -57.9280014
v -3844.90503 188.397995 -61.4469986
v -3940.19312 51.2480011 109.067001
v -3930.09106 75.0550003 119.080002
v -3950.87988 53.1049995 106.867996
v -3940.19312 51.2480011 109.067001
v -3950.87988 53.1049995 106.867996
v -3951.2041 35.6240005 102.494003
v -3809.77588 68.1139984 -123.623001
v -3811.28711 86.5810013 -126.721001
v -3799.16992 86.9449997 -120.848999
v -3806.31494 98.7190018 -125.113998
v -3799.16992 86.9449997 -120.848999
v -3811.28711 86.5810013 -126.721001
v -3843.00903 -38.0180016 -127.391998
v -3836.98389 -28.8209991 -134.802002
v -3832.8811 -32.4189987 -127.869003
v -3843.00903 -38.0180016 -127.391998
v -3853.81909 -26.6350002 -130.774994
v -3836.98389 -28.8209991 -134.802002
v -3984.12988 378.833008 13.7110004
v -3983.19409 376.384003 20.2049999
v -3972.2251 376.102997 1.13199997
v -3983.19409 376.384003 20.2049999
v -3984.12988 378.833008 13.7110004
v -3985.23193 375.213013 22.6930008
v -3847.7251 -14.1859999 37.8569984
v -3842.21899 -9.48699951 44.7210007
v -3846.74292 -12.401 43.0579987
v -3860.90991 -17.7609997 32.25
v -3847.7251 -14.1859999 37.8569984
v -3853.58203 -12.6490002 45.7599983
v -3828.67603 81.3990021 -133.794006
v -3831.68896 102.119003 -136.612
v -3811.28711 86.5810013 -126.721001
v -3842.4729 95.2570038 -141.501007
v -3840.4751 107.259003 -140.304993
v -3831.68896 102.119003 -136.612
v -3875.20288 195.563004 -117.753998
v -3870.88989 201.259995 -113.796997
v -3862.49707 195.998993 -114.897003
v -3862.49707 195.998993 -114.897003
v -3870.88989 201.259995 -113.796997
v -3867.05493 204.406998 -113.774002
v -3832.8811 -32.4189987 -127.869003
v -3836.98389 -28.8209991 -134.802002
v -3830.38794 -28.8980007 -132.326996
v -3820.87695 -21.2320004 -131.522003
v -3832.8811 -32.4189987 -127.869003
v -3830.38794 -28.8980007 -132.326996
v -4089.73999 204.753998 -19.316
v -4096.68506 197.636002 -29.1280003
v -4089.64502 199.238007 -20.8069992
v -4088.36792 198.992004 -14.6440001
v -4089.73999 204.753998 -19.316
v -4089.64502 199.238007 -20.8069992
v -4079.41602 216.352997 -9.55799961
v -4080.09204 206.470993 -9.6260004
v -4081.677 221.871002 -3.22200012
v -4082.9231 237.087006 2.34700012
v -4078.08496 224.483002 -11.2290001
v -4081.677 221.871002 -3.22200012
v -3828.67603 81.3990021 -133.794006
v -3842.4729 95.2570038 -141.501007
v -3831.68896 102.119003 -136.612
v -3826.79102 66.4440002 -132.315002
v -3842.4729 95.2570038 -141.501007
v -3828.67603 81.3990021 -133.794006
v -3867.66699 189.121994 34.118
v -3880.00903 204.535004 36.2929993
v -3889.70801 204.899002 47.368
v -3889.70801 204.899002 47.368
v -3880.00903 204.535004 36.2929993
v -3886.646 206.580994 45.651001
v -3884.80396 -6.96000004 57.4300003
v -3876.93408 -6.31099987 65.4680023
v -3888.26489 -5.27899981 65.526001
v -3887.51294 -7.36600018 60.6520004
v -3886.80493 -15.1090002 58.1220016
v -3884.80396 -6.96000004 57.4300003
v -4094.86694 138.167007 -21.1650009
v -4084.58301 150.873001 -12.5509996
v -4094.37305 142.621994 -24.0960007
v -4094.86694 138.167007 -21.1650009
v -4094.37305 142.621994 -24.0960007
v -4096.83984 127.632004 -24.9069996
v -3872.11499 -70.5309982 -29.0990009
v -3878.8479 -77.5510025 -43.6889992
v -3857.69189 -77.0780029 -45.8279991
v -3872.11499 -70.5309982 -29.0990009
v -3857.69189 -77.0780029 -45.8279991
v -3864.61499 -64.689003 -19.5639992
v -4086.90991 220.367996 -76.2860031
v -4085.26807 216.382004 -82.7979965
v -4090.40601 211.024002 -71.9189987
v -4085.26807 216.382004 -82.7979965
v -4087.573 193.824997 -76.7109985
v -4090.40601 211.024002 -71.9189987
v -3761.96802 88.3619995 -36.0950012
v -3762.76904 100.761002 -37.9090004
v -3767.46289 97.1719971 -32.4039993
v -3767.46289 97.1719971 -32.4039993
v -3763.68408 65.9599991 -25.2749996
v -3761.96802 88.3619995 -36.0950012
v -3829.71191 54.4760017 62.1710014
v -3848.09204 49.3460007 81.5770035
v -3842.24609 37.5289993 83.413002
v -3858.49292 54.2029991 91.3990021
v -3849.99609 40.2109985 89.8550034
v -3848.09204 49.3460007 81.5770035
v -3799.16309 1.273 -50.9819984
v -3800.82202 -1.29400003 -52.0740013
v -3798.4541 4.17600012 -59.5330009
v -3802.50195 -1.80400002 -42.257
v -3800.82202 -1.29400003 -52.0740013
v -3799.16309 1.273 -50.9819984
v -3794.31006 23.598999 -110.866997
v -3798.30005 31.2950001 -117.086998
v -3794.85205 30.3190002 -111.013
v -3794.31006 23.598999 -110.866997
v -3795.46509 28.0119991 -106.781998
v -3793.25098 26.2450008 -103.454002
v -3927.06689 280.096985 -88.0410004
v -3932.89307 285.381012 -82.7979965
v -3914.2561 261.43399 -72.4729996
v -3927.06689 280.096985 -88.0410004
v -3930.42993 281.095001 -91.2679977
v -3932.89307 285.381012 -82.7979965
v -3960.99097 348.328003 29.5440006
v -3966.65503 347.533997 35.7890015
v -3950.0459 340.549011 24.6450005
v -3950.0459 340.549011 24.6450005
v -3943.3999 350.102997 1.98000002
v -3960.99097 348.328003 29.5440006
v -3873.95703 215.776001 -111.925003
v -3880.12891 221.279999 -114.795998
v -3890.83911 235.520004 -102.102997
v -3873.95703 215.776001 -111.925003
v -3881.53809 219.910004 -116.586998
v -3880.12891 221.279999 -114.795998
v -3877.25708 -29.9799995 30.0610008
v -3872.52905 -26.8630009 27.2080002
v -3879.00098 -26.4780006 31.6830006
v -3879.00098 -26.4780006 31.6830006
v -3880.52002 -38.6940002 28.7579994
v -3877.25708 -29.9799995 30.0610008
v -3883.20996 145.557999 -157.626007
v -3882.18701 153.410004 -155.126999
v -3879.86597 142.169006 -153.453003
v -3877.68701 132.389999 -154.294006
v -3883.20996 145.557999 -157.626007
v -3879.86597 142.169006 -153.453003
v -3964.70508 292.979004 -90.4509964
v -3958.08301 280.320007 -105.763
v -3958.26001 274.355988 -114.748001
v -3958.08301 280.320007 -105.763
v -3953.60596 274.436005 -108.940002
v -3958.26001 274.355988 -114.748001
v -3798.62598 30.3880005 -93.4029999
v -3795.46509 28.0119991 -106.781998
v -3794.85205 30.3190002 -111.013
v -3795.46509 28.0119991 -106.781998
v -3794.31006 23.598999 -110.866997
v -3794.85205 30.3190002 -111.013
v -3846.72095 201.334 -70.5469971
v -3849.125 210.091003 -80.9280014
v -3844.95703 208.526993 -69.2519989
v -3846.72095 201.334 -70.5469971
v -3844.95703 208.526993 -69.2519989
v -3846.61597 193.574997 -63.598999
v -3944.85596 220.537003 -158.738998
v -3943.19995 215.882004 -162.436996
v -3948.34912 216.320007 -167.738007
v -3944.85596 220.537003 -158.738998
v -3941.03101 217.895004 -153.104004
v -3943.19995 215.882004 -162.436996
v -3856.26294 -25.1100006 24.4349995
v -3863.66089 -30.7150002 24.8369999
v -3864.41895 -34.7649994 24.0699997
v -3863.66089 -30.7150002 24.8369999
v -3877.25708 -29.9799995 30.0610008
v -3864.41895 -34.7649994 24.0699997
v -4081.44312 146.451996 -68.8180008
v -4087.95288 144.626007 -55.4620018
v -4090.24609 151.703003 -51.5979996
v -4090.24609 151.703003 -51.5979996
v -4087.95288 144.626007 -55.4620018
v -4091.521 141.695999 -45.7490005
v -3844.90503 188.397995 -61.4469986
v -3851.16406 190.714005 -82.6930008
v -3849.03809 193.617996 -68.552002
v -3846.72095 201.334 -70.5469971
v -3846.61597 193.574997 -63.598999
v -3849.03809 193.617996 -68.552002
v -3872.40601 270.440002 10.7290001
v -3862.9209 269.407013 1.18900001
v -3887.69897 285.51001 11.0220003
v -3872.40601 270.440002 10.7290001
v -3887.69897 285.51001 11.0220003
v -3889.2041 279.731995 19.9370003
v -4057.89795 248.225006 -39.8030014
v -4059.04492 257.028992 -39.5180016
v -4057.18188 252.643005 -41.5250015
v -4057.18188 252.643005 -41.5250015
v -4059.60107 247.578003 -43.4690018
v -4057.89795 248.225006 -39.8030014
v -3890.42993 -87.1240005 -91.526001
v -3908.68604 -85.0849991 -90.25
v -3879.99805 -76.8970032 -99.3180008
v -3890.42993 -87.1240005 -91.526001
v -3879.99805 -76.8970032 -99.3180008
v -3865.29907 -71.3789978 -106.087997
v -3955.81201 -72.8909988 -12.6160002
v -3938.32202 -74.6110001 -23.6870003
v -3943.4939 -66.0400009 -0.986999989
v -3951.01709 -64.5419998 8.83100033
v -3955.81201 -72.8909988 -12.6160002
v -3943.4939 -66.0400009 -0.986999989
v -4092.66211 150.302002 -42.394001
v -4090.24609 151.703003 -51.5979996
v -4091.521 141.695999 -45.7490005
v -4091.521 141.695999 -45.7490005
v -4094.08691 150.585007 -31.0209999
v -4092.66211 150.302002 -42.394001
v -3844.90503 188.397995 -61.4469986
v -3849.03809 193.617996 -68.552002
v -3846.61597 193.574997 -63.598999
v -3844.90503 188.397995 -61.4469986
v -3846.61597 193.574997 -63.598999
v -3841.62598 197.501007 -61.8530006
v -3869.65088 29.6690006 99.7659988
v -3851.77393 32.3149986 95.6969986
v -3882.552 50.5330009 109.611
v -3869.80396 5.56099987 91.6869965
v -3844.875 22.0709991 90.5739975
v -3869.65088 29.6690006 99.7659988
v -3992.22095 22.3980007 -171.472
v -3980.0979 29.3519993 -184.945007
v -3994.8269 17.9619999 -165.587997
v -4005.25806 25.5270004 -162.248001
v -3992.22095 22.3980007 -171.472
v -3994.8269 17.9619999 -165.587997
v -3938.32202 -74.6110001 -23.6870003
v -3933.44702 -70.0690002 -11.21
v -3934.54492 -68.7529984 -9.72200012
v -3943.4939 -66.0400009 -0.986999989
v -3938.32202 -74.6110001 -23.6870003
v -3934.54492 -68.7529984 -9.72200012
v -3879.16504 -53.8639984 -112.641998
v -3875.95605 -46.5180016 -117.790001
v -3860.01392 -25.0540009 -130.783997
v -3882.54712 -54.9389992 -112.570999
v -3875.95605 -46.5180016 -117.790001
v -3879.16504 -53.8639984 -112.641998
v -3843.94507 161.007004 -128.908997
v -3834.14111 155.973999 -127.193001
v -3835.67212 150.498993 -126.573997
v -3835.67212 150.498993 -126.573997
v -3834.14111 155.973999 -127.193001
v -3824.98096 141.348999 -121.932999
v -3866.93408 209.556 -91.8470001
v -3860.47412 203.949005 -92.8570023
v -3856.69604 199.311996 -95.7320023
v -3852.38403 193.697006 -87.0319977
v -3856.69604 199.311996 -95.7320023
v -3855.67505 200.544998 -91.0660019
v -3869.65088 29.6690006 99.7659988
v -3844.875 22.0709991 90.5739975
v -3851.77393 32.3149986 95.6969986
v -3844.875 22.0709991 90.5739975
v -3843.83301 33.4410019 92.2509995
v -3851.77393 32.3149986 95.6969986
v -4005.25806 25.5270004 -162.248001
v -3994.8269 17.9619999 -165.587997
v -4006.75195 18.0890007 -155.996994
v -4006.75195 18.0890007 -155.996994
v -4009.11304 34.151001 -163.248993
v -4005.25806 25.5270004 -162.248001
v -4093.95093 211.841003 -51.605999
v -4097.94922 203.824005 -33.9580002
v -4092.99805 209.429993 -31.934
v -4083.23389 217.873993 -17.3670006
v -4092.99805 209.429993 -31.934
v -4094.98511 203.787994 -29.1690006
v -3784.16797 32.3199997 20.3309994
v -3782.98193 40.7560005 24.2749996
v -3784.08496 37.5419998 27.5979996
v -3791.79907 35.6310005 39.4049988
v -3784.08496 37.5419998 27.5979996
v -3782.98193 40.7560005 24.2749996
v -4039.60205 213.565002 -129.742996
v -4038.56494 208.175003 -134.878998
v -4044.01904 212.237 -133.307999
v -4039.60205 213.565002 -129.742996
v -4032.41406 197.673004 -147.147995
v -4038.56494 208.175003 -134.878998
v -3840.14502 32.269001 87.9990005
v -3849.99609 40.2109985 89.8550034
v -3843.83301 33.4410019 92.2509995
v -3844.875 22.0709991 90.5739975
v -3840.14502 32.269001 87.9990005
v -3843.83301 33.4410019 92.2509995
v -3943.05298 108.741997 104.143997
v -3933.79297 103.024002 112.064003
v -3936.05811 124.452003 109.309998
v -3955.62207 86.8649979 96.6299973
v -3940.11694 95.7949982 107.225998
v -3943.05298 108.741997 104.143997
v -3937.83105 290.115997 -41.487999
v -3945.31689 303.90799 -36.0089989
v -3944.09497 301.308014 -35.1160011
v -3932.3501 281.593994 -43.5419998
v -3937.83105 290.115997 -41.487999
v -3944.09497 301.308014 -35.1160011
v -3953.2749 268.766998 -123.392998
v -3935.61694 263.074005 -124.155998
v -3953.06299 265.425995 -126.759003
v -3953.2749 268.766998 -123.392998
v -3953.06299 265.425995 -126.759003
v -3959.00293 268.127014 -131.451004
v -3848.09204 49.3460007 81.5770035
v -3849.99609 40.2109985 89.8550034
v -3842.24609 37.5289993 83.413002
v -3849.99609 40.2109985 89.8550034
v -3840.14502 32.269001 87.9990005
v -3842.24609 37.5289993 83.413002
v -4092.99805 209.429993 -31.934
v -4097.94922 203.824005 -33.9580002
v -4094.98511 203.787994 -29.1690006
v -4094.98511 203.787994 -29.1690006
v -4097.94922 203.824005 -33.9580002
v -4096.68506 197.636002 -29.1280003
v -3972.19604 342.835999 -57.769001
v -3970.50391 332.911011 -70.1139984
v -3975.13599 342.243988 -59.6040001
v -3975.13599 342.243988 -59.6040001
v -3970.50391 332.911011 -70.1139984
v -3980.23511 330.748993 -71.5770035
v -3929.59595 181.548996 -167.195007
v -3932.35791 185.820007 -170.335999
v -3925.32495 186.149002 -157.593002
v -3929.24805 182.595001 -177.574005
v -3932.35791 185.820007 -170.335999
v -3929.59595 181.548996 -167.195007
v -3975.48096 182.091003 -183.667999
v -3993.7749 175.598999 -184.856003
v -3983.09106 186.923004 -176.970993
v -3960.36694 189.429993 -181.354004
v -3975.48096 182.091003 -183.667999
v -3983.09106 186.923004 -176.970993
v -4016.90601 332.950989 37.3450012
v -3992.0791 331.196991 40.2970009
v -3984.38794 344.167999 37.2989998
v -4016.90601 332.950989 37.3450012
v -4021.03491 316.312988 40.9150009
v -3992.0791 331.196991 40.2970009
v -3970.84009 372.126007 9.89799976
v -3969.68701 367.437012 20.8990002
v -3967.25903 366.460999 11.3030005
v -3967.25903 366.460999 11.3030005
v -3967.35498 364.863007 3.67700005
v -3970.84009 372.126007 9.89799976
v -3794.64502 111.254997 -70.7850037
v -3806.12793 131.830002 -66.9100037
v -3792.35303 112.740997 -67.4240036
v -3787.30908 104.106003 -62.9039993
v -3794.64502 111.254997 -70.7850037
v -3792.35303 112.740997 -67.4240036
v -4043.66992 300.588013 -31.0779991
v -4031.34204 270.453003 -64.072998
v -4038.69092 273.576996 -54.5299988
v -4038.69092 273.576996 -54.5299988
v -4031.34204 270.453003 -64.072998
v -4044.2229 262.359009 -54.1329994
v -4063.45996 -5.07999992 -94.8759995
v -4055.12695 -17.8509998 -96.8430023
v -4059.46191 -22.2900009 -90.9120026
v -4055.12695 -17.8509998 -96.8430023
v -4024.76392 -39.7179985 -113.903999
v -4059.46191 -22.2900009 -90.9120026
v -3817.21094 154.048996 -44.5060005
v -3803.35596 156.677002 -35.2179985
v -3804.68994 151.934998 -42.9949989
v -3794.6709 152.432999 -35.6520004
v -3804.68994 151.934998 -42.9949989
v -3803.35596 156.677002 -35.2179985
v -3939.57007 150.287003 -201.307999
v -3938.68896 145.858994 -205.042007
v -3956.5979 144.035004 -208.737
v -3924.9231 149.466995 -195.966003
v -3938.68896 145.858994 -205.042007
v -3933.98999 155.281006 -195.406998
v -3911.39795 77.6709976 122.070999
v -3901.86206 80.737999 123.815002
v -3913.19995 91.064003 128.748001
v -3911.39795 77.6709976 122.070999
v -3908.41992 56.3590012 113.934998
v -3901.86206 80.737999 123.815002
v -3852.20898 72.7900009 -173.781006
v -3853.36304 83.6750031 -166.371994
v -3848.80591 76.197998 -159.772995
v -3852.20898 72.7900009 -173.781006
v -3860.88306 80.8440018 -186.664001
v -3853.36304 83.6750031 -166.371994
v -3822.81201 227.528 -15.2580004
v -3828.4541 225.988007 -3.30299997
v -3816.38599 222.632004 -25.7189999
v -3828.4541 225.988007 -3.30299997
v -3822.81201 227.528 -15.2580004
v -3832.37695 232.429993 -1.972
v -4095.03101 163.382996 -43.9720001
v -4096.59277 166.384003 -40.2220001
v -4099.69482 182.335999 -43.2879982
v -4095.03101 163.382996 -43.9720001
v -4094.08691 150.585007 -31.0209999
v -4096.59277 166.384003 -40.2220001
v -3936.1499 346.566986 -7.04099989
v -3928.50488 335.079987 -11.9279995
v -3946.38599 338.583008 -13.3479996
v -3936.1499 346.566986 -7.04099989
v -3946.38599 338.583008 -13.3479996
v -3957.18506 347.17099 -9.01000023
v -3882.44897 -1.76600003 85.5429993
v -3883.51099 0.398000002 90.6460037
v -3893.43799 5.09700012 91.9779968
v -3906.354 14.9949999 96.8909988
v -3883.51099 0.398000002 90.6460037
v -3880.12012 2.55999994 91.3730011
v -3794.7749 156.709 -28.4419994
v -3794.6709 152.432999 -35.6520004
v -3803.35596 156.677002 -35.2179985
v -3795.68701 151.294006 -18.3299999
v -3790.63403 154.580994 -31.2439995
v -3794.7749 156.709 -28.4419994
v -3924.46606 271.687988 -52.8740005
v -3920.41895 267.027008 -61.8699989
v -3932.33594 279.932007 -64.0240021
v -3913.30396 257.876007 -57.4239998
v -3920.41895 267.027008 -61.8699989
v -3924.46606 271.687988 -52.8740005
v -3823.92212 192.826004 3.41100001
v -3828.08301 197.251007 5.29400015
v -3826.14697 187.533005 6.03999996
v -3823.92212 192.826004 3.41100001
v -3819.82007 194.498993 -5.37900019
v -3828.08301 197.251007 5.29400015
v -3922.66211 316.868988 -19.6110001
v -3922.81494 304.972992 -27.632
v -3924.51294 318.908997 -20.7830009
v -3914.36694 310.338013 -19.2390003
v -3922.81494 304.972992 -27.632
v -3922.66211 316.868988 -19.6110001
v -3906.354 14.9949999 96.8909988
v -3937.73706 33.1949997 104.185997
v -3893.43799 5.09700012 91.9779968
v -3883.51099 0.398000002 90.6460037
v -3906.354 14.9949999 96.8909988
v -3893.43799 5.09700012 91.9779968
v -4095.87305 177.410004 -31.323
v -4084.53589 170.763 -16.6800003
v -4090.24292 180.979004 -24.8439999
v -4095.87305 177.410004 -31.323
v -4090.24292 180.979004 -24.8439999
v -4095.979 182.158997 -29.4309998
v -3765.771 109.193001 -42.3289986
v -3770.84399 109.641998 -46.5429993
v -3769.09595 116.174004 -40.7869987
v -3765.771 109.193001 -42.3289986
v -3769.09595 116.174004 -40.7869987
v -3765.49805 111.797997 -38.8100014
v -3853.58203 -12.6490002 45.7599983
v -3846.74292 -12.401 43.0579987
v -3854.66406 -9.45800018 52.8359985
v -3847.7251 -14.1859999 37.8569984
v -3846.74292 -12.401 43.0579987
v -3853.58203 -12.6490002 45.7599983
v -3967.13403 337.859009 -16.3530006
v -3971.64795 348.290985 -28.1919994
v -3968.18799 351.449005 -8.72000027
v -3967.13403 337.859009 -16.3530006
v -3968.18799 351.449005 -8.72000027
v -3965.08911 347.662994 -7.2249999
v -4015.271 -55.9339981 -103.861
v -4022.47192 -45.8339996 -110.82
v -4012.24194 -46.7249985 -111.125
v -4015.271 -55.9339981 -103.861
v -4012.24194 -46.7249985 -111.125
v -3984.59302 -52.8800011 -106.954002
v -3864.69409 244.016998 28.0650005
v -3855.80908 237.332001 22.2469997
v -3850.94604 238.662994 15.7449999
v -3855.30688 227.738007 23.9750004
v -3855.80908 237.332001 22.2469997
v -3857.23511 235.419998 25.3169994
v -3779.53101 110.105003 -54.9290009
v -3770.84399 109.641998 -46.5429993
v -3765.771 109.193001 -42.3289986
v -3770.84399 109.641998 -46.5429993
v -3779.53101 110.105003 -54.9290009
v -3795.21606 128.772995 -56.8209991
v -4071.01294 254.074997 -20.6100006
v -4075.16699 240.470993 -14.2440004
v -4070.84399 261.032013 -17.9290009
v -4063.16602 277.975006 -24.3430004
v -4071.01294 254.074997 -20.6100006
v -4070.84399 261.032013 -17.9290009
v -3960.75806 327.283997 -25.7360001
v -3962.11694 328.657013 -31.1340008
v -3967.13403 337.859009 -16.3530006
v -3955.64697 318.122986 -43.7540016
v -3962.11694 328.657013 -31.1340008
v -3954.71289 315.596008 -32.0330009
v -3933.79297 103.024002 112.064003
v -3940.11694 95.7949982 107.225998
v -3938.79199 95.1849976 110.822998
v -3933.79297 103.024002 112.064003
v -3943.05298 108.741997 104.143997
v -3940.11694 95.7949982 107.225998
v -4036.42505 -14.2770004 52.223999
v -4012.21289 -13.9940004 55.0480003
v -4038.12207 -2.58299994 62.1459999
v -4028.11108 -23.3719997 44.3769989
v -4012.21289 -13.9940004 55.0480003
v -4036.42505 -14.2770004 52.223999
v -3815.76904 228.947998 -38.4070015
v -3818.54492 232.835999 -41.9990005
v -3815.9939 233.886002 -34.4099998
v -3818.54492 232.835999 -41.9990005
v -3815.76904 228.947998 -38.4070015
v -3822.53198 223.085999 -46.4780006
v -3874.33398 83.8539963 -208.363007
v -3877.57495 83.9560013 -211.278
v -3892.81201 94.1159973 -215.729996
v -3866.79712 74.3130035 -201.675003
v -3874.33398 83.8539963 -208.363007
v -3861.3479 74.1539993 -197.628998
v -3954.71289 315.596008 -32.0330009
v -3962.11694 328.657013 -31.1340008
v -3960.75806 327.283997 -25.7360001
v -3956.59912 324.375 -26.0179996
v -3954.71289 315.596008 -32.0330009
v -3960.75806 327.283997 -25.7360001
v -4048.59692 253.141006 -53.2029991
v -4049.42603 248.320999 -56.4780006
v -4055.19092 245.348007 -48.9599991
v -4046.24609 256.523987 -57.2070007
v -4049.42603 248.320999 -56.4780006
v -4048.59692 253.141006 -53.2029991
v -4047.69604 240.951996 59.6419983
v -4036.3291 248.550995 60.9169998
v -4047.14307 246.128006 59.1599998
v -4055.96899 246.962006 52.980999
v -4047.69604 240.951996 59.6419983
v -4047.14307 246.128006 59.1599998
v -3913.19995 91.064003 128.748001
v -3909.91895 91.8949966 127.917999
v -3915.36304 101.607002 128.748993
v -3901.86206 80.737999 123.815002
v -3909.91895 91.8949966 127.917999
v -3913.19995 91.064003 128.748001
v -4038.12207 -2.58299994 62.1459999
v -4069.02905 -9.63199997 49.8639984
v -4048.44604 -9.53999996 55.6809998
v -4038.12207 -2.58299994 62.1459999
v -4048.44604 -9.53999996 55.6809998
v -4036.42505 -14.2770004 52.223999
v -3871.4231 85.7549973 -200.569
v -3878.79102 96.3040009 -200.399994
v -3875.53003 103.664001 -187.990005
v -3871.4231 85.7549973 -200.569
v -3874.33398 83.8539963 -208.363007
v -3878.79102 96.3040009 -200.399994
v -3799.43188 35.9729996 -86.737999
v -3803.56909 40.3219986 -81.1299973
v -3802.16602 32.6279984 -85.3899994
v -3798.62598 30.3880005 -93.4029999
v -3797.69312 39.7169991 -91.413002
v -3799.43188 35.9729996 -86.737999
v -3800.99194 154.834 -20.1240005
v -3808.89893 165.459 -6.63899994
v -3804.56689 156.214005 -8.42399979
v -3806.08105 149.110992 -3.3440001
v -3804.56689 156.214005 -8.42399979
v -3808.89893 165.459 -6.63899994
v -3808.39795 132.429993 -120.472
v -3812.63989 133.296005 -121.405998
v -3815.4519 143.016006 -122.643997
v -3812.63989 133.296005 -121.405998
v -3808.39795 132.429993 -120.472
v -3811.47607 113.845001 -120.995003
v -3994.53394 -87.5250015 -57.6199989
v -3955.56494 -86.9319992 -78.8809967
v -3980.85693 -86.3379974 -57.9659996
v -3993.29492 -84.9560013 -40.1040001
v -3994.53394 -87.5250015 -57.6199989
v -3980.85693 -86.3379974 -57.9659996
v -3851.50098 60.7639999 -186.697998
v -3861.3479 74.1539993 -197.628998
v -3860.88306 80.8440018 -186.664001
v -3861.57495 66.5370026 -195.285995
v -3861.3479 74.1539993 -197.628998
v -3851.50098 60.7639999 -186.697998
v -3882.51709 134.490997 -174.397995
v -3888.12988 140.878006 -172.376999
v -3883.83691 138.675003 -169.313004
v -3882.51709 134.490997 -174.397995
v -3883.83691 138.675003 -169.313004
v -3877.68701 132.389999 -154.294006
v -3925.18091 336.681 -2.78299999
v -3926.88989 335.256012 -9.55000019
v -3929.35107 339.140991 -5.61499977
v -3925.3689 326.027008 11.0629997
v -3925.18091 336.681 -2.78299999
v -3931.52393 341.14801 -0.994000018
v -4060.20508 240.227997 -58.7519989
v -4064.46509 239.934006 -49.3909988
v -4055.19092 245.348007 -48.9599991
v -4071.11694 230.481003 -65.5309982
v -4064.46509 239.934006 -49.3909988
v -4060.20508 240.227997 -58.7519989
v -3971.49707 33.3209991 96.3150024
v -3970.92896 27.9349995 92.8669968
v -3942.7981 25.0739994 96.685997
v -3971.49707 33.3209991 96.3150024
v -3974.63989 34.118 94.112999
v -3970.92896 27.9349995 92.8669968
v -3861.81909 42.480999 -185.188004
v -3861.57495 66.5370026 -195.285995
v -3849.69897 55.3790016 -184.789001
v -3861.57495 66.5370026 -195.285995
v -3851.50098 60.7639999 -186.697998
v -3849.69897 55.3790016 -184.789001
v -3793.53809 18.4330006 -80.086998
v -3798.62598 30.3880005 -93.4029999
v -3802.16602 32.6279984 -85.3899994
v -3799.43188 35.9729996 -86.737999
v -3802.16602 32.6279984 -85.3899994
v -3798.62598 30.3880005 -93.4029999
v -3933.44702 -70.0690002 -11.21
v -3884.66797 -67.0410004 -18.1490002
v -3928.5061 -65.197998 -1.58099997
v -3934.54492 -68.7529984 -9.72200012
v -3933.44702 -70.0690002 -11.21
v -3928.5061 -65.197998 -1.58099997
v -3929.42407 264.753998 -120.32
v -3935.61694 263.074005 -124.155998
v -3939.46606 268.558014 -108.311996
v -3930.06396 261.841003 -122.482002
v -3935.61694 263.074005 -124.155998
v -3929.42407 264.753998 -120.32
v -3800.66406 3.61299992 -133.046997
v -3795.93091 1.19499993 -117.998001
v -3799.94702 -1.85699999 -128.251007
v -3808.02295 -9.44699955 -132.929993
v -3800.66406 3.61299992 -133.046997
v -3799.94702 -1.85699999 -128.251007
v -4056.12207 98.7699966 50.5919991
v -4049.125 130.345001 52.5769997
v -4054.53711 113.949997 50.362999
v -4056.33911 104.452003 48.2120018
v -4079.76392 99.098999 19.7439995
v -4056.12207 98.7699966 50.5919991
v -3899.04395 172.686996 -147.373993
v -3893.94604 164.511002 -151.139008
v -3897.37012 160.641998 -156.052002
v -3893.94604 164.511002 -151.139008
v -3886.38208 152.371994 -158.022995
v -3897.37012 160.641998 -156.052002
v -3842.82007 185.647003 -118.987999
v -3852.99194 188.617004 -120.311996
v -3848.54395 191.231003 -117.755997
v -3848.54395 191.231003 -117.755997
v -3843.89893 185.287003 -100.664001
v -3842.82007 185.647003 -118.987999
v -4082.9231 237.087006 2.34700012
v -4076.43408 254.371994 -8.39900017
v -4078.08496 224.483002 -11.2290001
v -4076.43408 254.371994 -8.39900017
v -4081.41992 253.061996 1.73399997
v -4078.31494 272.932007 -4.11000013
v -3880.52002 -38.6940002 28.7579994
v -3882.53491 -31.2660007 37.7190018
v -3883.99707 -30.0030003 42.8030014
v -3883.99707 -30.0030003 42.8030014
v -3882.53491 -31.2660007 37.7190018
v -3877.28491 -21.7220001 41.2470016
v -4083.40503 169.479004 6.28000021
v -4083.82007 173.412003 2.14599991
v -4083.13306 157.979996 1.45300007
v -4080.53906 154.425003 -6.42399979
v -4083.13306 157.979996 1.45300007
v -4083.82007 173.412003 2.14599991
v -3898.94092 -76.2070007 -38.9900017
v -3920.27905 -80.6240005 -51.0169983
v -3905.18408 -80.6529999 -52.5680008
v -3905.18408 -80.6529999 -52.5680008
v -3920.27905 -80.6240005 -51.0169983
v -3913.66211 -85.6050034 -72.1589966
v -4054.53711 113.949997 50.362999
v -4064.31689 116.540001 38.3790016
v -4056.33911 104.452003 48.2120018
v -4054.53711 113.949997 50.362999
v -4056.33911 104.452003 48.2120018
v -4056.12207 98.7699966 50.5919991
v -3996.59106 386.229004 10.5150003
v -4013.12988 376.790985 14.9639997
v -4011.57397 376.28299 19.1189995
v -4011.57397 376.28299 19.1189995
v -4013.12988 376.790985 14.9639997
v -4014.76709 370.990997 23.4080009
v -3959.51001 287.988007 54.0579987
v -3976.62891 263.981995 59.5970001
v -3961.80908 263.105988 62.0789986
v -3978.91504 251.554993 64.3310013
v -3961.80908 263.105988 62.0789986
v -3976.62891 263.981995 59.5970001
v -3953.39111 14.5179996 -168.875
v -3932.87891 16.0170002 -171.623993
v -3945.39502 3.56900001 -156.779007
v -3952.65796 20.526001 -177.039993
v -3932.87891 16.0170002 -171.623993
v -3953.39111 14.5179996 -168.875
v -3857.23511 235.419998 25.3169994
v -3864.69409 244.016998 28.0650005
v -3875.36108 252.257996 33.0740013
v -3864.69409 244.016998 28.0650005
v -3857.23511 235.419998 25.3169994
v -3855.80908 237.332001 22.2469997
v -3963.43188 -61.2589989 20.6070004
v -3947.03003 -53.362999 32.5089989
v -3955.15796 -54.3359985 30.7380009
v -3955.15796 -54.3359985 30.7380009
v -3947.03003 -53.362999 32.5089989
v -3942.78296 -42.769001 43.9290009
v -3945.18188 28.8999996 -191.126007
v -3959.927 27.4619999 -188.074005
v -3949.80005 29.9559994 -193.063004
v -3945.18188 28.8999996 -191.126007
v -3949.80005 29.9559994 -193.063004
v -3959.5791 39.8520012 -201.531006
v -3805.06299 94.237999 16.3799992
v -3800.21509 81.9069977 17.6590004
v -3789.11401 69.447998 9.09599972
v -3805.25 64.2529984 34.7140007
v -3800.21509 81.9069977 17.6590004
v -3805.06299 94.237999 16.3799992
v -3823.35596 122.538002 -123.254997
v -3822.79102 131.074005 -120.695
v -3815.64795 125.095001 -122.067001
v -3823.35596 122.538002 -123.254997
v -3815.64795 125.095001 -122.067001
v -3811.47607 113.845001 -120.995003
v -3909.45703 -40.5099983 43.6790009
v -3892.97803 -48.4790001 21.6499996
v -3898.65308 -37.1380005 45.4440002
v -3909.45703 -40.5099983 43.6790009
v -3898.65308 -37.1380005 45.4440002
v -3917.66211 -16.4349995 68.8310013
v -3852.39893 100.240997 -155.401993
v -3872.82104 110.260002 -179.151993
v -3861.5791 112.502998 -161.785004
v -3852.39893 100.240997 -155.401993
v -3861.5791 112.502998 -161.785004
v -3861.87695 115.892998 -158.130005
v -3816.56104 146.345993 -65.4909973
v -3827.7439 161.535995 -67.4339981
v -3826.23389 156.929001 -61.7140007
v -3816.56104 146.345993 -65.4909973
v -3826.23389 156.929001 -61.7140007
v -3829.33496 159.623993 -55.0130005
v -3971.04297 230.75 -153.507996
v -3976.56396 210.365005 -159.938995
v -3980.16406 217.709 -152.988007
v -3976.56396 210.365005 -159.938995
v -3969.02808 196.645004 -170.229004
v -3984.50708 212.628006 -151.395996
v -3805.125 -6.39099979 -39.3089981
v -3800.82202 -1.29400003 -52.0740013
v -3802.50195 -1.80400002 -42.257
v -3805.125 -6.39099979 -39.3089981
v -3802.50195 -1.80400002 -42.257
v -3805.83398 -1.34500003 -31.9330006
v -3886.53198 16.2989998 -167.408997
v -3869.73193 19.0039997 -176.048996
v -3862.32202 16.2539997 -173.447998
v -3862.771 20.1270008 -176.345993
v -3862.32202 16.2539997 -173.447998
v -3869.73193 19.0039997 -176.048996
v -3999.86401 19.9370003 80.5139999
v -3996.11206 26.7719994 85.7129974
v -4006.25 27.0769997 79.6090012
v -4002.61499 5.32000017 70.6409988
v -3996.11206 26.7719994 85.7129974
v -3999.86401 19.9370003 80.5139999
v -3931.27588 95.4589996 118.346001
v -3928.82202 113.009003 117.867996
v -3931.12891 103.808998 116.726997
v -3938.97412 79.2580032 115.447998
v -3931.27588 95.4589996 118.346001
v -3938.79199 95.1849976 110.822998
v -3806.1731 133.518997 -92.9820023
v -3815.15698 145.856003 -92.7360001
v -3817.77002 150.621994 -89.6279984
v -3815.15698 145.856003 -92.7360001
v -3825.98511 162.671005 -95.2040024
v -3817.77002 150.621994 -89.6279984
v -3852.99194 188.617004 -120.311996
v -3862.49707 195.998993 -114.897003
v -3856.6311 194.867004 -116.916
v -3852.99194 188.617004 -120.311996
v -3856.6311 194.867004 -116.916
v -3848.54395 191.231003 -117.755997
v -3960.08691 316.330994 46.1069984
v -3996.14893 290.987 48.262001
v -3984.89893 283.563995 51.4830017
v -3992.85205 274.529999 52.3709984
v -3984.89893 283.563995 51.4830017
v -3996.14893 290.987 48.262001
v -3926.71094 120.482002 118.502998
v -3931.32593 129.921005 112.380997
v -3928.82202 113.009003 117.867996
v -3931.27588 95.4589996 118.346001
v -3926.71094 120.482002 118.502998
v -3928.82202 113.009003 117.867996
v -4023.67212 242.720001 -87.7460022
v -4033.36792 246.945007 -82.4250031
v -4027.21289 247.973999 -80.4639969
v -4033.36792 246.945007 -82.4250031
v -4042.07397 258.971985 -60.4399986
v -4027.21289 247.973999 -80.4639969
v -3972.48706 257.971008 -140.522003
v -3969.79907 247.358994 -147.098007
v -3980.98096 236.589996 -142.848999
v -3972.48706 257.971008 -140.522003
v -3963.79297 260.059998 -142.360001
v -3969.79907 247.358994 -147.098007
v -3996.14893 290.987 48.262001
v -3960.08691 316.330994 46.1069984
v -3979.50293 311.731995 45.0950012
v -3979.50293 311.731995 45.0950012
v -3960.08691 316.330994 46.1069984
v -3967.45288 336.972992 41.7280006
v -4071.19995 81.3960037 -89.7050018
v -4060.1311 83.7220001 -108.950996
v -4066.21509 62.7200012 -96.6869965
v -4071.19995 81.3960037 -89.7050018
v -4066.21509 62.7200012 -96.6869965
v -4067.14111 43.855999 -91.6179962
v -3777.96997 52.0060005 5.12099981
v -3779.73706 53.7550011 3.62300014
v -3784.56494 63.2560005 8.60400009
v -3779.73706 53.7550011 3.62300014
v -3777.96997 52.0060005 5.12099981
v -3775.4231 51.5349998 -1.91199994
v -4104.41113 -16.0699997 -36.1100006
v -4102.89111 -21.7779999 -28.434
v -4105.86523 -18.0699997 -24.3729992
v -4102.89111 -21.7779999 -28.434
v -4082.87695 -47.6030006 -12.9169998
v -4105.86523 -18.0699997 -24.3729992
v -3967.45288 336.972992 41.7280006
v -3976.05103 323.484985 43.4049988
v -3979.50293 311.731995 45.0950012
v -3996.14893 290.987 48.262001
v -3979.50293 311.731995 45.0950012
v -3976.05103 323.484985 43.4049988
v -3948.06299 51.2050018 -217.080002
v -3949.27905 46.4790001 -215.037003
v -3958.73608 47.4490013 -214.223007
v -3949.27905 46.4790001 -215.037003
v -3937.94409 54.8880005 -217.503998
v -3927.52295 34.5460014 -206.421997
v -3851.17603 177.173004 20.5620003
v -3867.66699 189.121994 34.118
v -3839.16089 159.755005 17.4750004
v -3851.17603 177.173004 20.5620003
v -3839.16089 159.755005 17.4750004
v -3823.83594 151.110001 2.45799994
v -3767.07104 43.9360008 -37.3790016
v -3769.53101 40.0320015 -39.3139992
v -3764.24097 54.2709999 -38.1399994
v -3769.53101 40.0320015 -39.3139992
v -3767.07104 43.9360008 -37.3790016
v -3774.81592 20.3560009 -39.9519997
v -3859.95605 93.9759979 70.2649994
v -3855.38892 79.0650024 72.4639969
v -3840.78589 71.6340027 62.1920013
v -3859.95605 93.9759979 70.2649994
v -3874.84106 94.9250031 86.3259964
v -3855.38892 79.0650024 72.4639969
v -3939.7771 251.285995 65.6740036
v -3932.95898 258.174988 64.4660034
v -3943.55005 253.692001 66.6640015
v -3939.7771 251.285995 65.6740036
v -3927.38208 263.088013 63.8460007
v -3932.95898 258.174988 64.4660034
v -3883.54004 83.6549988 -217.447006
v -3884.52905 86.9469986 -215.847
v -3877.57495 83.9560013 -211.278
v -3884.52905 86.9469986 -215.847
v -3883.54004 83.6549988 -217.447006
v -3888.30005 90.2819977 -220.278
v -3948.06299 51.2050018 -217.080002
v -3937.94409 54.8880005 -217.503998
v -3949.27905 46.4790001 -215.037003
v -3958.33398 58.0530014 -217.335999
v -3937.94409 54.8880005 -217.503998
v -3948.06299 51.2050018 -217.080002
v -3820.62402 -39.8590012 -67.697998
v -3816.97803 -44.4539986 -46.2480011
v -3825.21802 -52.9720001 -56.3310013
v -3833.44409 -68.2229996 -53.8549995
v -3825.21802 -52.9720001 -56.3310013
v -3816.97803 -44.4539986 -46.2480011
v -3929.35107 339.140991 -5.61499977
v -3936.1499 346.566986 -7.04099989
v -3931.52393 341.14801 -0.994000018
v -3929.35107 339.140991 -5.61499977
v -3931.52393 341.14801 -0.994000018
v -3925.18091 336.681 -2.78299999
v -3899.51099 104.278 111.292999
v -3890.99707 110.957001 98.7300034
v -3889.96606 124.304001 91.4079971
v -3889.96606 124.304001 91.4079971
v -3890.99707 110.957001 98.7300034
v -3877.10791 106.185997 83.4209976
v -3931.27588 95.4589996 118.346001
v -3931.12891 103.808998 116.726997
v -3938.79199 95.1849976 110.822998
v -3931.12891 103.808998 116.726997
v -3933.79297 103.024002 112.064003
v -3938.79199 95.1849976 110.822998
v -3915.80811 164.582993 -166.470001
v -3920.43506 170.141006 -165.927002
v -3923.35889 181.389999 -160.113007
v -3915.80811 164.582993 -166.470001
v -3920.66797 168.505005 -179.973999
v -3920.43506 170.141006 -165.927002
v -3809.77588 68.1139984 -123.623001
v -3803.29004 60.4420013 -121.769997
v -3813.11304 60.9039993 -125.992996
v -3813.11304 60.9039993 -125.992996
v -3803.29004 60.4420013 -121.769997
v -3802.46191 46.0820007 -121.615997
v -3900.97095 113.891998 -206.746002
v -3905.31689 128.018005 -199.421005
v -3885.02588 107.476997 -197.360992
v -3905.31689 128.018005 -199.421005
v -3900.97095 113.891998 -206.746002
v -3904.43994 123.615997 -204.393997
v -3989.07397 335.156006 -65.4049988
v -3998.08789 331.5 -68.2320023
v -4001.521 350.181 -48.0629997
v -3989.07397 335.156006 -65.4049988
v -3989.71094 328.994995 -70.9499969
v -3998.08789 331.5 -68.2320023
v -3843.12207 124.546997 39.2229996
v -3833.75391 113.411003 35.6549988
v -3806.38989 119.484001 2.08500004
v -3843.12207 124.546997 39.2229996
v -3842.14307 104.834 48.2369995
v -3833.75391 113.411003 35.6549988
v -3902.81494 256.552002 -53.6699982
v -3908.62988 266.829987 -49.8530006
v -3903.90991 263.785004 -49.2779999
v -3891.75293 256.479004 -51.0519981
v -3902.81494 256.552002 -53.6699982
v -3903.90991 263.785004 -49.2779999
v -3883.54004 83.6549988 -217.447006
v -3897.37988 71.5110016 -217.218002
v -3893.48096 75.7369995 -218.574005
v -3897.37988 71.5110016 -217.218002
v -3904.41602 82.9069977 -224.132004
v -3893.48096 75.7369995 -218.574005
v -3904.354 116.695 -210.253006
v -3917.26099 125.847 -211.451004
v -3904.43994 123.615997 -204.393997
v -3904.354 116.695 -210.253006
v -3904.43994 123.615997 -204.393997
v -3900.97095 113.891998 -206.746002
v -3776.05493 45.2929993 9.30500031
v -3778.92212 36.8730011 10.4329996
v -3777.06909 39.6800003 6.04099989
v -3778.92212 36.8730011 10.4329996
v -3802.25098 3.16700006 -1.02600002
v -3777.06909 39.6800003 6.04099989
v -3901.1521 244.466995 -107.153999
v -3896.33301 238.179001 -108.362999
v -3905.06909 240.007004 -110.583
v -3896.33301 238.179001 -108.362999
v -3901.1521 244.466995 -107.153999
v -3895.73389 241.873001 -102.531998
v -3874.84106 94.9250031 86.3259964
v -3877.10791 106.185997 83.4209976
v -3890.99707 110.957001 98.7300034
v -3859.95605 93.9759979 70.2649994
v -3877.10791 106.185997 83.4209976
v -3874.84106 94.9250031 86.3259964
v -3803.56909 40.3219986 -81.1299973
v -3797.69312 39.7169991 -91.413002
v -3800.66895 51.7599983 -80.9649963
v -3803.56909 40.3219986 -81.1299973
v -3800.66895 51.7599983 -80.9649963
v -3808.54199 45.9129982 -73.4749985
v -3900.97095 113.891998 -206.746002
v -3899.87695 111.843002 -210.233994
v -3904.354 116.695 -210.253006
v -3902.45801 103.959999 -219.348999
v -3904.354 116.695 -210.253006
v -3899.87695 111.843002 -210.233994
v -3853.81909 -26.6350002 -130.774994
v -3859.21094 -16.434 -137.009995
v -3841.86304 -23 -136.475006
v -3836.98389 -28.8209991 -134.802002
v -3853.81909 -26.6350002 -130.774994
v -3841.86304 -23 -136.475006
v -3831.34692 182.690002 4.32399988
v -3826.14697 187.533005 6.03999996
v -3833.00195 195.544006 7.81599998
v -3850.59497 188.147003 7.80599976
v -3831.34692 182.690002 4.32399988
v -3833.00195 195.544006 7.81599998
v -3819.71802 -23.9080009 -113.607002
v -3823.39307 -33.9780006 -93.4800034
v -3827.48291 -32.7700005 -111.167999
v -3827.48291 -32.7700005 -111.167999
v -3832.8811 -32.4189987 -127.869003
v -3819.71802 -23.9080009 -113.607002
v -4019.05688 109.714996 61.3110008
v -4023.7749 121.394997 61.4459991
v -4030.45605 110.387001 57.2589989
v -4030.45605 110.387001 57.2589989
v -4025.74194 103.972 56.9080009
v -4019.05688 109.714996 61.3110008
v -3953.57202 30.2280006 97.9589996
v -3942.7981 25.0739994 96.685997
v -3943.61597 28.2049999 97.064003
v -3937.73706 33.1949997 104.185997
v -3953.57202 30.2280006 97.9589996
v -3943.61597 28.2049999 97.064003
v -3834.48901 257.592987 -35.6119995
v -3835.69897 254.028 -40.3600006
v -3840.03296 259.477997 -36.5719986
v -3840.03296 259.477997 -36.5719986
v -3835.69897 254.028 -40.3600006
v -3843.48608 247.089996 -42.1479988
v -3909.59204 303.542999 -22.7080002
v -3918.86108 294.951996 -33.7509995
v -3914.36694 310.338013 -19.2390003
v -3909.59204 303.542999 -22.7080002
v -3914.36694 310.338013 -19.2390003
v -3905.91602 314.686005 -13.0410004
v -4025.74194 103.972 56.9080009
v -4017.90796 95.973999 59.8160019
v -4019.05688 109.714996 61.3110008
v -4022.7041 85.4199982 57.7639999
v -4017.90796 95.973999 59.8160019
v -4025.74194 103.972 56.9080009
v -4085.26807 216.382004 -82.7979965
v -4077.86011 197.841003 -95.5390015
v -4082.73096 195.175003 -86.685997
v -4082.73096 195.175003 -86.685997
v -4077.86011 197.841003 -95.5390015
v -4070.43506 183.863998 -103.509003
v -4089.30298 15.2779999 20.2119999
v -4091.97607 24.9169998 16.2129993
v -4099.96387 11.493 0.995000005
v -4076.35303 9.44499969 44.9090004
v -4091.97607 24.9169998 16.2129993
v -4089.30298 15.2779999 20.2119999
v -4050.28906 60.8810005 -121.775002
v -4042.5481 57.7970009 -129.716003
v -4045.58203 45.7739983 -128.039001
v -4050.28906 60.8810005 -121.775002
v -4045.58203 45.7739983 -128.039001
v -4053.81104 43.7550011 -115.417999
v -3994.8269 17.9619999 -165.587997
v -3977.72705 16.0970001 -169.761002
v -3986.37891 10.8629999 -161.791
v -3977.72705 16.0970001 -169.761002
v -3953.39111 14.5179996 -168.875
v -3986.37891 10.8629999 -161.791
v -3929.38696 -25.5300007 -127.056999
v -3907.39795 -14.9540005 -135.488007
v -3906.15796 -20.2619991 -131.281998
v -3906.15796 -20.2619991 -131.281998
v -3907.39795 -14.9540005 -135.488007
v -3872.50903 -15.6630001 -139.085999
v -3914.27197 107.778 126.436996
v -3920.55908 140.162994 117.160004
v -3921.48096 122.112 122.738998
v -3926.71094 120.482002 118.502998
v -3921.48096 122.112 122.738998
v -3920.55908 140.162994 117.160004
v -3923.35889 181.389999 -160.113007
v -3929.59595 181.548996 -167.195007
v -3925.32495 186.149002 -157.593002
v -3925.32495 186.149002 -157.593002
v -3915.13403 182.753006 -151.692001
v -3923.35889 181.389999 -160.113007
v -3874.63306 -16.4829998 37.9160004
v -3869.54492 -18.0540009 36.2910004
v -3877.302 -13.5299997 42.7080002
v -3877.28491 -21.7220001 41.2470016
v -3874.63306 -16.4829998 37.9160004
v -3877.302 -13.5299997 42.7080002
v -3954.12988 95.1460037 -223.804001
v -3949.26099 112.752998 -227.973007
v -3945.896 107.981003 -228.697006
v -3945.896 107.981003 -228.697006
v -3945.25708 116.011002 -229.255997
v -3936.10498 107.490997 -229.774002
v -3878.44409 -4.87199974 -147.335007
v -3907.39795 -14.9540005 -135.488007
v -3882.9209 2.41799998 -153.983002
v -3882.9209 2.41799998 -153.983002
v -3889.25098 14.3319998 -163.908997
v -3878.44409 -4.87199974 -147.335007
v -3829.07007 -12.1859999 14.0819998
v -3824.354 -8.89000034 14.9899998
v -3836.99194 -15.7130003 19.7959995
v -3836.99194 -15.7130003 19.7959995
v -3834.6499 -17.2530003 15.8360004
v -3829.07007 -12.1859999 14.0819998
v -3809.9729 184.132004 -22.5569992
v -3808.11011 171.968994 -16.5890007
v -3807.18799 176.867004 -25.4920006
v -3808.11011 171.968994 -16.5890007
v -3809.9729 184.132004 -22.5569992
v -3814.6001 193.910995 -16.0709991
v -3851.91992 259.449005 0.643999994
v -3862.9209 269.407013 1.18900001
v -3872.40601 270.440002 10.7290001
v -3849.89404 263.872986 -9.0710001
v -3862.9209 269.407013 1.18900001
v -3851.91992 259.449005 0.643999994
v -3949.26099 112.752998 -227.973007
v -3945.25708 116.011002 -229.255997
v -3945.896 107.981003 -228.697006
v -3950.78491 114.459999 -230.320999
v -3945.25708 116.011002 -229.255997
v -3949.26099 112.752998 -227.973007
v -3882.07397 -82.3909988 -57.1790009
v -3871.07593 -85.4499969 -64.7389984
v -3862.48096 -82.2699966 -55.8359985
v -3892.51709 -86.9290009 -74.2710037
v -3871.07593 -85.4499969 -64.7389984
v -3882.07397 -82.3909988 -57.1790009
v -3821.88794 52.1090012 -138.162994
v -3829.72192 54.0299988 -147.748001
v -3829.37402 61.0029984 -139.492004
v -3821.88794 52.1090012 -138.162994
v -3829.37402 61.0029984 -139.492004
v -3828.94189 65.3270035 -137.054993
v -3774.81592 20.3560009 -39.9519997
v -3787.38208 6.32700014 -45.7599983
v -3785.94092 8.11600018 -48.9150009
v -3785.94092 8.11600018 -48.9150009
v -3787.38208 6.32700014 -45.7599983
v -3792.71704 3.22300005 -52.1539993
v -3822.0249 -5.96000004 20.6919994
v -3836.99194 -15.7130003 19.7959995
v -3824.354 -8.89000034 14.9899998
v -3822.0249 -5.96000004 20.6919994
v -3824.354 -8.89000034 14.9899998
v -3807.43506 -3.1329999 5.27299976
v -3991.92798 321.619995 -78.1569977
v -3999.45288 315.27301 -79.9629974
v -4002.91211 325.709991 -69.473999
v -4002.91211 325.709991 -69.473999
v -3999.45288 315.27301 -79.9629974
v -4016.39404 332.518005 -44.7319984
v -3789.5791 21.1870003 -18.5960007
v -3786.24097 24.8999996 -17.4939995
v -3788.91406 29.5639992 -8.53199959
v -3789.5791 21.1870003 -18.5960007
v -3794.5979 9.75500011 -24.3770008
v -3786.24097 24.8999996 -17.4939995
v -3957.13696 358.156006 2.32399988
v -3964.13208 361.825012 7.7670002
v -3960.62305 359.781006 13.2030001
v -3965.08911 347.662994 -7.2249999
v -3964.13208 361.825012 7.7670002
v -3957.13696 358.156006 2.32399988
v -3843.89893 185.287003 -100.664001
v -3856.69604 199.311996 -95.7320023
v -3844.771 185.496002 -89.1090012
v -3826.77295 167.738998 -114.274002
v -3843.89893 185.287003 -100.664001
v -3844.771 185.496002 -89.1090012
v -4091.90503 132.419006 -9.7840004
v -4094.58398 129.313004 -14.4440002
v -4095.03809 121.357002 -12.8769999
v -4091.90503 132.419006 -9.7840004
v -4088.77808 142.220993 -10.3979998
v -4094.58398 129.313004 -14.4440002
v -3770.03003 56.4360008 -12.3809996
v -3770.23608 48.1870003 -19.0540009
v -3765.979 58.5330009 -21.0349998
v -3770.03003 56.4360008 -12.3809996
v -3766.80908 66.802002 -21.7830009
v -3786.18506 77.0849991 0.75999999
v -4042.42993 348.188995 4.40299988
v -4057.37793 329.667999 3.15299988
v -4044.24097 342.205994 12.2069998
v -4042.42993 348.188995 4.40299988
v -4044.24097 342.205994 12.2069998
v -4032.20801 358.540985 17.7849998
v -4075.96997 293.38501 -1.53100002
v -4062.74097 289.375 -18.7630005
v -4078.24805 286.540009 -1.63300002
v -4075.96997 293.38501 -1.53100002
v -4078.24805 286.540009 -1.63300002
v -4073.26099 302.326996 3.78299999
v -4077.36499 -22.2900009 31.4540005
v -4086.01099 -29.1280003 7.74399996
v -4080.9021 -31.2579994 17.2759991
v -4076.27588 -34.8670006 18.4500008
v -4077.36499 -22.2900009 31.4540005
v -4080.9021 -31.2579994 17.2759991
v -3804.76489 63.5540009 -70.0660019
v -3792.68506 93.9169998 -67.8330002
v -3791.66089 70.2689972 -61.0880013
v -3791.66089 70.2689972 -61.0880013
v -3786.27905 45.8460007 -53.1949997
v -3804.76489 63.5540009 -70.0660019
v -3800.82202 -1.29400003 -52.0740013
v -3800.04102 -3.95300007 -59.1660004
v -3798.4541 4.17600012 -59.5330009
v -3798.4541 4.17600012 -59.5330009
v -3800.04102 -3.95300007 -59.1660004
v -3799.86011 3.19700003 -62.5079994
v -3825.27905 -63.3310013 -34.1069984
v -3816.97803 -44.4539986 -46.2480011
v -3812.71411 -47.6290016 -23.4669991
v -3825.27905 -63.3310013 -34.1069984
v -3817.66504 -56.2200012 -22.7169991
v -3826.25903 -63.5250015 -30.8220005
v -4080.10889 78.927002 -69.3270035
v -4073.98096 65.7959976 -80.1090012
v -4080.67896 54.0400009 -67.6149979
v -4076.53491 97.2310028 -77.2630005
v -4073.98096 65.7959976 -80.1090012
v -4080.10889 78.927002 -69.3270035
v -3992.33594 212.25 -144.220993
v -4029.26904 209.085007 -139.276001
v -4034.24902 216.048996 -129.037994
v -4029.26904 209.085007 -139.276001
v -4039.60205 213.565002 -129.742996
v -4034.24902 216.048996 -129.037994
v -3911.42993 149.873001 101.806999
v -3912.33203 168.647995 92.8259964
v -3918.65503 155.789001 106.807999
v -3923.74805 170.613007 103.446999
v -3918.65503 155.789001 106.807999
v -3912.33203 168.647995 92.8259964
v -3774.53711 37.9000015 -18.2980003
v -3770.23608 48.1870003 -19.0540009
v -3771.47192 49.5279999 -14.6470003
v -3771.47192 49.5279999 -14.6470003
v -3770.23608 48.1870003 -19.0540009
v -3770.03003 56.4360008 -12.3809996
v -4076.24097 90.4290009 -78.0410004
v -4076.53491 97.2310028 -77.2630005
v -4073.9231 111.400002 -83.8430023
v -4076.53491 97.2310028 -77.2630005
v -4076.24097 90.4290009 -78.0410004
v -4073.98096 65.7959976 -80.1090012
v -3799.86011 3.19700003 -62.5079994
v -3802.42798 -1.24300003 -62.0079994
v -3799.89111 6.55200005 -67.4300003
v -3800.04102 -3.95300007 -59.1660004
v -3802.42798 -1.24300003 -62.0079994
v -3799.86011 3.19700003 -62.5079994
v -3959.35205 242.173996 69.7770004
v -3996.03101 239.645004 68.2949982
v -3970.35791 230.843002 72.9290009
v -3991.04712 232.841995 69.6139984
v -3970.35791 230.843002 72.9290009
v -3996.03101 239.645004 68.2949982
v -4070.48999 306.657013 5.58599997
v -4070.89502 305.889008 0.303000003
v -4073.26099 302.326996 3.78299999
v -4070.48999 306.657013 5.58599997
v -4073.26099 302.326996 3.78299999
v -4062.3999 296.756989 26.7070007
v -3770.03003 56.4360008 -12.3809996
v -3765.979 58.5330009 -21.0349998
v -3766.80908 66.802002 -21.7830009
v -3765.979 58.5330009 -21.0349998
v -3770.23608 48.1870003 -19.0540009
v -3763.68408 65.9599991 -25.2749996
v -4003.48291 73.3769989 68.651001
v -3996.78906 79.6940002 71.723999
v -4005.94604 84.6910019 64.8899994
v -4003.48291 73.3769989 68.651001
v -3983.52905 76.060997 80.0800018
v -3996.78906 79.6940002 71.723999
v -3889.2041 279.731995 19.9370003
v -3911.23096 297.984985 26.2830009
v -3908.91992 288.708008 34.4799995
v -3911.23096 297.984985 26.2830009
v -3924.3999 311.460999 27.0319996
v -3908.91992 288.708008 34.4799995
v -3799.86011 3.19700003 -62.5079994
v -3799.89111 6.55200005 -67.4300003
v -3797.40894 14.0209999 -68.4960022
v -3799.89111 6.55200005 -67.4300003
v -3793.53809 18.4330006 -80.086998
v -3797.40894 14.0209999 -68.4960022
v -3974.94507 141.216003 -209.220001
v -3960.55298 123.693001 -225.328995
v -3984.1311 136.914993 -199.048996
v -3974.94507 141.216003 -209.220001
v -3984.1311 136.914993 -199.048996
v -3982.51904 153.384003 -200.013
v -3763.68408 65.9599991 -25.2749996
v -3766.80908 66.802002 -21.7830009
v -3765.979 58.5330009 -21.0349998
v -3763.68408 65.9599991 -25.2749996
v -3776.28296 84.9059982 -16.2390003
v -3766.80908 66.802002 -21.7830009
v -3968.61597 223.266006 73.8099976
v -3956.3479 220.459 76.7799988
v -3970.35791 230.843002 72.9290009
v -3968.61597 223.266006 73.8099976
v -3975.89111 217.686005 71.5410004
v -3956.3479 220.459 76.7799988
v -3849.13208 44.1769981 -179.856003
v -3862.771 20.1270008 -176.345993
v -3861.81909 42.480999 -185.188004
v -3861.81909 42.480999 -185.188004
v -3849.69897 55.3790016 -184.789001
v -3849.13208 44.1769981 -179.856003
v -3850.03906 1.92000008 69.1230011
v -3834.81006 -6.6329999 40.5099983
v -3843.70508 12.0439997 75.8160019
v -3848.948 15.5780001 88.1449966
v -3850.03906 1.92000008 69.1230011
v -3843.70508 12.0439997 75.8160019
v -4047.14307 246.128006 59.1599998
v -4055.74805 260.171997 51.6310005
v -4055.96899 246.962006 52.980999
v -4055.74805 260.171997 51.6310005
v -4061.10205 259.037994 48.6559982
v -4055.96899 246.962006 52.980999
v -3927.44312 278.023987 -98.3089981
v -3922.39307 274.182007 -103.961998
v -3924.97998 270.575989 -108.455002
v -3927.06689 280.096985 -88.0410004
v -3922.39307 274.182007 -103.961998
v -3927.44312 278.023987 -98.3089981
v -3849.125 210.091003 -80.9280014
v -3846.72095 201.334 -70.5469971
v -3849.53296 201.473999 -79.6839981
v -3849.125 210.091003 -80.9280014
v -3849.53296 201.473999 -79.6839981
v -3852.54712 208.315002 -84.401001
v -3862.74097 67.8610001 88.4369965
v -3863.25391 52.0040016 100.542
v -3858.49292 54.2029991 91.3990021
v -3848.09204 49.3460007 81.5770035
v -3862.74097 67.8610001 88.4369965
v -3858.49292 54.2029991 91.3990021
v -3922.39307 274.182007 -103.961998
v -3918.76392 269.346985 -113.191002
v -3924.97998 270.575989 -108.455002
v -3924.97998 270.575989 -108.455002
v -3918.76392 269.346985 -113.191002
v -3929.42407 264.753998 -120.32
v -3834.81006 -6.6329999 40.5099983
v -3831.05908 -4.57800007 39.8209991
v -3843.70508 12.0439997 75.8160019
v -3831.05908 -4.57800007 39.8209991
v -3834.81006 -6.6329999 40.5099983
v -3815.20508 -3.35699987 23.5230007
v -3796.77905 106.084999 -115.802002
v -3800.5769 104.209999 -121.943001
v -3799.66406 110.566002 -116.693001
v -3796.77905 106.084999 -115.802002
v -3799.66406 110.566002 -116.693001
v -3803.36304 124.289001 -116.348999
v -3956.63794 317.61499 -70.0999985
v -3960.80908 324.226013 -70.112999
v -3967.29199 338.29599 -52.8170013
v -3956.63794 317.61499 -70.0999985
v -3963.96899 318.240997 -71.663002
v -3960.80908 324.226013 -70.112999
v -4022.39307 -83.0400009 -61.7270012
v -4037.28394 -77.7659988 -54.7750015
v -4032.76807 -79.8030014 -66.7210007
v -4037.28394 -77.7659988 -54.7750015
v -4022.39307 -83.0400009 -61.7270012
v -4021.60693 -79.7809982 -48.2280006
v -4044.24097 342.205994 12.2069998
v -4039.13306 344.097992 21.3850002
v -4032.20801 358.540985 17.7849998
v -4032.20801 358.540985 17.7849998
v -4039.13306 344.097992 21.3850002
v -4037.05005 339.207001 29.8850002
v -4054.62988 234.811996 -91.2360001
v -4063.71704 231.192001 -91.7269974
v -4055.83496 236.914001 -83.935997
v -4052.08789 241.401001 -85.7009964
v -4054.62988 234.811996 -91.2360001
v -4055.83496 236.914001 -83.935997
v -3804.21704 145.052994 -50.5579987
v -3816.38501 146.057999 -58.6459999
v -3811.07788 148.279007 -50.1699982
v -3804.68994 151.934998 -42.9949989
v -3804.21704 145.052994 -50.5579987
v -3811.07788 148.279007 -50.1699982
v -3869.54492 -18.0540009 36.2910004
v -3860.90991 -17.7609997 32.25
v -3867.06104 -15.1009998 39.0849991
v -3860.90991 -17.7609997 32.25
v -3853.58203 -12.6490002 45.7599983
v -3867.06104 -15.1009998 39.0849991
v -3792.81201 91.1119995 -84.7770004
v -3795.65601 99.2289963 -73.7959976
v -3794.49512 90.4690018 -79.3610001
v -3794.49512 90.4690018 -79.3610001
v -3789.84399 74.5059967 -90.7710037
v -3792.81201 91.1119995 -84.7770004
v -4079.41602 216.352997 -9.55799961
v -4082.35889 216.789001 -13.085
v -4083.80811 209.606003 -13.4020004
v -4083.80811 209.606003 -13.4020004
v -4082.35889 216.789001 -13.085
v -4083.23389 217.873993 -17.3670006
v -3841.69702 216.169006 -70.8679962
v -3837.15088 224.022995 -62.3139992
v -3831.17407 220.968002 -57.6959991
v -3841.69702 216.169006 -70.8679962
v -3844.22803 221.703003 -69.276001
v -3837.15088 224.022995 -62.3139992
v -4099.96387 11.493 0.995000005
v -4091.97607 24.9169998 16.2129993
v -4108.2832 12.8900003 -12.2530003
v -4088.69897 -0.43900001 17.0370007
v -4099.96387 11.493 0.995000005
v -4108.2832 12.8900003 -12.2530003
v -4086.87012 127.291 -4.42299986
v -4091.90503 132.419006 -9.7840004
v -4089.45801 118.463997 -5.49800014
v -4089.50488 118.255997 -0.713
v -4086.87012 127.291 -4.42299986
v -4089.45801 118.463997 -5.49800014
v -3890.50391 276.489014 -38.2400017
v -3894.52197 269.203003 -44.0849991
v -3908.62988 266.829987 -49.8530006
v -3890.50391 276.489014 -38.2400017
v -3891.75293 256.479004 -51.0519981
v -3894.52197 269.203003 -44.0849991
v -3782.57397 90.3529968 -10.3629999
v -3786.18506 77.0849991 0.75999999
v -3776.28296 84.9059982 -16.2390003
v -3782.57104 92.711998 -14.4840002
v -3782.57397 90.3529968 -10.3629999
v -3776.28296 84.9059982 -16.2390003
v -3818.23389 146.792999 -0.839999974
v -3812.35498 142.457001 -2.67000008
v -3820.44702 153.757004 -1.37
v -3823.83594 151.110001 2.45799994
v -3818.23389 146.792999 -0.839999974
v -3820.44702 153.757004 -1.37
v -3977.59204 19.4680004 -174.694
v -3959.927 27.4619999 -188.074005
v -3977.72705 16.0970001 -169.761002
v -3977.72705 16.0970001 -169.761002
v -3994.8269 17.9619999 -165.587997
v -3977.59204 19.4680004 -174.694
v -3967.51611 341.131012 -37.6310005
v -3974.53711 351.773987 -47.7960014
v -3978.33301 360.763 -39.2050018
v -3972.19604 342.835999 -57.769001
v -3978.85205 357.221985 -43.4949989
v -3974.53711 351.773987 -47.7960014
v -3999.45288 315.27301 -79.9629974
v -3995.26099 291.634003 -98.4899979
v -4002.96802 304.61499 -80.6399994
v -4002.96802 304.61499 -80.6399994
v -3995.26099 291.634003 -98.4899979
v -4022.99609 282.937012 -66.4700012
v -3931.073 -48.7270012 -112.735001
v -3909.27808 -54.894001 -109.838997
v -3920.77588 -62.0289993 -104.768997
v -3882.54712 -54.9389992 -112.570999
v -3920.77588 -62.0289993 -104.768997
v -3909.27808 -54.894001 -109.838997
v -3790.63403 154.580994 -31.2439995
v -3794.6709 152.432999 -35.6520004
v -3794.7749 156.709 -28.4419994
v -3790.63403 154.580994 -31.2439995
v -3787.70288 148.169006 -33.526001
v -3794.6709 152.432999 -35.6520004
v -3782.57397 90.3529968 -10.3629999
v -3782.57104 92.711998 -14.4840002
v -3787.11792 99.776001 -11.7679996
v -3787.11792 99.776001 -11.7679996
v -3782.57104 92.711998 -14.4840002
v -3777.03198 92.6920013 -18.0400009
v -3959.04004 246.25 -148.994003
v -3956.59692 236.050003 -155.188004
v -3961.51904 234.248993 -156.940002
v -3949.82104 240.501999 -145.679001
v -3956.59692 236.050003 -155.188004
v -3959.04004 246.25 -148.994003
v -3923.82397 200.261002 -149.281006
v -3922.59595 193.666 -150.274002
v -3927.58105 200.352005 -154.731995
v -3923.82397 200.261002 -149.281006
v -3927.58105 200.352005 -154.731995
v -3929.01294 209.337006 -156.862
v -3959.5791 39.8520012 -201.531006
v -3964.68896 42.2039986 -202.865005
v -3963.88794 46.3110008 -209.807007
v -3973.2041 41.25 -199.309998
v -3964.68896 42.2039986 -202.865005
v -3959.5791 39.8520012 -201.531006
v -4033.01099 193.214005 -150.509003
v -4012.04492 186.434998 -171.018005
v -4010.90991 171.511002 -171.487
v -4012.04492 186.434998 -171.018005
v -3998.73096 173.643997 -184.177002
v -4010.90991 171.511002 -171.487
v -3933.72095 273.404999 -101.172997
v -3924.97998 270.575989 -108.455002
v -3932.09009 271.492004 -103.075996
v -3933.72095 273.404999 -101.172997
v -3932.09009 271.492004 -103.075996
v -3940.70288 275.234009 -98.9280014
v -3855.30908 178.119003 -129.356003
v -3846.37695 178.580994 -129.050003
v -3847.72607 171.311005 -134.031006
v -3851.41797 183.307007 -124.969002
v -3845.12891 177.921005 -125.242996
v -3846.37695 178.580994 -129.050003
v -3831.18188 127.592003 -123.627998
v -3844.96509 132.462997 -130.117996
v -3839.34204 138.479004 -126.757004
v -3831.18188 127.592003 -123.627998
v -3839.34204 138.479004 -126.757004
v -3822.79102 131.074005 -120.695
v -3966.13403 105.555 -218.067001
v -3961.74292 109.816002 -221.923996
v -3966.62988 89.0630035 -216.595001
v -3960.55298 123.693001 -225.328995
v -3961.74292 109.816002 -221.923996
v -3966.13403 105.555 -218.067001
v -3920.57104 258.643005 -116.371002
v -3928.16309 255.291 -121.790001
v -3930.06396 261.841003 -122.482002
v -3917.04395 266.076996 -115.835999
v -3920.57104 258.643005 -116.371002
v -3930.06396 261.841003 -122.482002
v -3836.9021 -44.4199982 -107.130997
v -3830.08496 -42.1780014 -93.0289993
v -3837.06201 -51.2999992 -92.401001
v -3827.48291 -32.7700005 -111.167999
v -3830.08496 -42.1780014 -93.0289993
v -3836.9021 -44.4199982 -107.130997
v -3917.08008 25.5139999 102.541
v -3927.40503 29.302 103.778
v -3937.73706 33.1949997 104.185997
v -3927.40503 29.302 103.778
v -3917.08008 25.5139999 102.541
v -3908.41992 56.3590012 113.934998
v -3866.91504 -18.3269997 -135.623001
v -3863.75391 -13.0939999 -140.746994
v -3859.21094 -16.434 -137.009995
v -3866.91504 -18.3269997 -135.623001
v -3877.5 0.587000012 -150.591995
v -3863.75391 -13.0939999 -140.746994
v -4014.40405 46.0569992 72.2200012
v -4019.36694 35.6419983 71.3010025
v -4012.5979 33.0340004 75.1470032
v -4014.70605 17.2150002 73.3249969
v -4012.5979 33.0340004 75.1470032
v -4017.93408 23.118 72.5309982
v -3884.66797 -67.0410004 -18.1490002
v -3883.38989 -62.2270012 -7.99100018
v -3928.5061 -65.197998 -1.58099997
v -3883.38989 -62.2270012 -7.99100018
v -3884.66797 -67.0410004 -18.1490002
v -3872.11499 -70.5309982 -29.0990009
v -3928.38696 20.625 91.3339996
v -3933.90698 15.2709999 91.064003
v -3929.41504 19.9249992 90.6940002
v -3928.38696 20.625 91.3339996
v -3929.41504 19.9249992 90.6940002
v -3904.27295 3.84899998 80.2419968
v -3803.12305 -13.0500002 -76.5749969
v -3810.8291 -18.4529991 -98.0210037
v -3801.11401 -8.8220005 -85.3799973
v -3801.11401 -8.8220005 -85.3799973
v -3799.36792 -5.96299982 -79.598999
v -3803.12305 -13.0500002 -76.5749969
v -4047.64893 325.632996 23.6679993
v -4037.05005 339.207001 29.8850002
v -4048.74512 333.527008 14.3830004
v -4048.74512 333.527008 14.3830004
v -4070.48999 306.657013 5.58599997
v -4047.64893 325.632996 23.6679993
v -3924.3999 311.460999 27.0319996
v -3925.3689 326.027008 11.0629997
v -3935.81104 328.940002 21.1079998
v -3925.3689 326.027008 11.0629997
v -3931.52393 341.14801 -0.994000018
v -3935.81104 328.940002 21.1079998
v -4008.49512 38.9220009 -164.710999
v -3997.93896 36.75 -174.779999
v -4009.11304 34.151001 -163.248993
v -4009.11304 34.151001 -163.248993
v -3997.93896 36.75 -174.779999
v -4005.25806 25.5270004 -162.248001
v -3871.18896 -5.55200005 76.875
v -3876.93408 -6.31099987 65.4680023
v -3865.5769 -7.18599987 67.3349991
v -3865.5769 -7.18599987 67.3349991
v -3876.93408 -6.31099987 65.4680023
v -3874.21094 -10.9449997 51.2229996
v -3854.66089 244.552002 15.9060001
v -3864.69409 244.016998 28.0650005
v -3850.94604 238.662994 15.7449999
v -3854.66089 244.552002 15.9060001
v -3875.36108 252.257996 33.0740013
v -3864.69409 244.016998 28.0650005
v -3942.45288 -80.5800018 -44.5830002
v -3898.94092 -76.2070007 -38.9900017
v -3899.03589 -74.3359985 -33.6349983
v -3899.03589 -74.3359985 -33.6349983
v -3898.94092 -76.2070007 -38.9900017
v -3878.8479 -77.5510025 -43.6889992
v -4105.86523 -18.0699997 -24.3729992
v -4107.13818 -13.552 -21.2070007
v -4108.854 -10.6970005 -27.1299992
v -4107.13818 -13.552 -21.2070007
v -4113.00879 7.17399979 -20.5330009
v -4110.92285 -4.72599983 -23.1259995
v -3934.76294 82.3980026 -223.171005
v -3957.54395 83.9469986 -221.229004
v -3954.12988 95.1460037 -223.804001
v -3957.54395 83.9469986 -221.229004
v -3961.74292 109.816002 -221.923996
v -3954.12988 95.1460037 -223.804001
v -3806.21997 38.5320015 -69.6350021
v -3792.5 23.9120007 -58.2319984
v -3807.03711 33.1640015 -70.6660004
v -3807.03711 33.1640015 -70.6660004
v -3808.55005 37.5029984 -73.961998
v -3806.21997 38.5320015 -69.6350021
v -3866.79712 74.3130035 -201.675003
v -3877.57495 83.9560013 -211.278
v -3874.33398 83.8539963 -208.363007
v -3877.57495 83.9560013 -211.278
v -3866.79712 74.3130035 -201.675003
v -3880.51807 78.362999 -209.554993
v -4096.68506 197.636002 -29.1280003
v -4095.76489 188.020996 -28.6229992
v -4089.64502 199.238007 -20.8069992
v -4096.68506 197.636002 -29.1280003
v -4097.94922 203.824005 -33.9580002
v -4098.92383 190.651993 -32.4169998
v -3923.95801 28.2479992 -201.108994
v -3938.84497 31.1450005 -197.447998
v -3929.98291 33.1020012 -205.108002
v -3929.98291 33.1020012 -205.108002
v -3916.49805 29.3509998 -202.320007
v -3923.95801 28.2479992 -201.108994
v -3857.34009 273.035004 -29
v -3866.98291 281.230011 -25.2180004
v -3859.10693 277.807007 -20.7689991
v -3857.34009 273.035004 -29
v -3865.53003 269.803009 -33.8429985
v -3866.98291 281.230011 -25.2180004
v -3976.62891 263.981995 59.5970001
v -3990.63989 255.496994 60.8030014
v -3978.91504 251.554993 64.3310013
v -3978.91504 251.554993 64.3310013
v -3990.63989 255.496994 60.8030014
v -4006.41309 258.157013 57.7389984
v -4040.15308 -59.9339981 -10.0220003
v -4033.38794 -53.9939995 3.20900011
v -4070.03491 -47.368 1.08899999
v -4025.38501 -61.0839996 -7.11899996
v -4033.38794 -53.9939995 3.20900011
v -4040.15308 -59.9339981 -10.0220003
v -4040.66406 78.0759964 57.1189995
v -4031.60596 81.4950027 56.4020004
v -4036.54004 88.2279968 54.3030014
v -4036.54004 88.2279968 54.3030014
v -4031.60596 81.4950027 56.4020004
v -4022.7041 85.4199982 57.7639999
v -3827.05493 168.813995 -125.710999
v -3832.04712 171.628006 -133.084
v -3830.74194 172.449005 -125.505997
v -3836.70508 179.815002 -122.675003
v -3827.05493 168.813995 -125.710999
v -3830.74194 172.449005 -125.505997
v -4096.68506 197.636002 -29.1280003
v -4098.92383 190.651993 -32.4169998
v -4095.76489 188.020996 -28.6229992
v -4100.41113 188.037003 -38.1389999
v -4095.76489 188.020996 -28.6229992
v -4098.92383 190.651993 -32.4169998
v -4059.68604 191.173004 46.0800018
v -4058.09595 217.679001 48.6720009
v -4064.92505 186.811005 39.3619995
v -4058.26196 181.072998 48.0149994
v -4059.68604 191.173004 46.0800018
v -4064.92505 186.811005 39.3619995
v -3812.24097 46.8279991 -130.992004
v -3826.79102 66.4440002 -132.315002
v -3813.33496 53.3720016 -128.014008
v -3810.24707 46.8040009 -125.635002
v -3812.24097 46.8279991 -130.992004
v -3813.33496 53.3720016 -128.014008
v -3906.65894 27.7779999 -199.048996
v -3899.78296 37.4280014 -200.513
v -3897.96802 30.4120007 -195.485992
v -3916.49805 29.3509998 -202.320007
v -3904.94189 44.6100006 -205.695007
v -3906.65894 27.7779999 -199.048996
v -3968.38892 11.8599997 81.3089981
v -3970.88501 26.1970005 90.3799973
v -3981.62988 15.4820004 81.5670013
v -3970.84399 -3.68900013 69.0920029
v -3968.38892 11.8599997 81.3089981
v -3981.62988 15.4820004 81.5670013
v -3820.19995 192.25 -39.1150017
v -3820.41797 200.876999 -39.8300018
v -3816.46191 203.869003 -35.9959984
v -3825.53809 200.845001 -43.4760017
v -3820.41797 200.876999 -39.8300018
v -3820.19995 192.25 -39.1150017
v -3904.94189 44.6100006 -205.695007
v -3901.32788 64.5449982 -213.436996
v -3899.78296 37.4280014 -200.513
v -3904.94189 44.6100006 -205.695007
v -3899.78296 37.4280014 -200.513
v -3906.65894 27.7779999 -199.048996
v -4076.30908 119.032997 -79.2480011
v -4076.53491 97.2310028 -77.2630005
v -4081.89697 117.148003 -69.8379974
v -4076.30908 119.032997 -79.2480011
v -4081.89697 117.148003 -69.8379974
v -4080.88989 134.796997 -68.5920029
v -3864.1001 113.663002 65.9990005
v -3859.79492 124.642998 56.3689995
v -3872.5481 120.123001 72.7109985
v -3864.1001 113.663002 65.9990005
v -3843.12207 124.546997 39.2229996
v -3859.79492 124.642998 56.3689995
v -3856.69604 199.311996 -95.7320023
v -3860.47412 203.949005 -92.8570023
v -3855.67505 200.544998 -91.0660019
v -3855.67505 200.544998 -91.0660019
v -3860.47412 203.949005 -92.8570023
v -3852.54712 208.315002 -84.401001
v -3865.84692 -84.9899979 -93.7030029
v -3863.13501 -76.2770004 -101.142998
v -3861.90796 -85.9580002 -86.3560028
v -3865.84692 -84.9899979 -93.7030029
v -3861.90796 -85.9580002 -86.3560028
v -3870.87695 -90.8399963 -83.0999985
v -4074.53198 168.600998 25.757
v -4075.50903 187.393005 24.2999992
v -4083.70996 187.147995 7.47800016
v -4069.80688 170.399994 33.4869995
v -4075.50903 187.393005 24.2999992
v -4074.53198 168.600998 25.757
v -4046.04492 244.466995 -84.6839981
v -4052.08789 241.401001 -85.7009964
v -4049.13696 248.070007 -78.5930023
v -4033.36792 246.945007 -82.4250031
v -4047.35791 241.085999 -87.5849991
v -4046.04492 244.466995 -84.6839981
v -4070.48999 306.657013 5.58599997
v -4062.3999 296.756989 26.7070007
v -4060.25488 309.967987 18.6930008
v -4047.49292 315.618988 32.137001
v -4060.25488 309.967987 18.6930008
v -4062.3999 296.756989 26.7070007
v -3951.89795 355.348999 5.19199991
v -3957.13696 358.156006 2.32399988
v -3960.62305 359.781006 13.2030001
v -3954.46411 353.410004 13.4560003
v -3951.89795 355.348999 5.19199991
v -3960.62305 359.781006 13.2030001
v -3891.37305 -88.8909988 -85.0329971
v -3907.2041 -87.5049973 -84.4069977
v -3908.68604 -85.0849991 -90.25
v -3907.2041 -87.5049973 -84.4069977
v -3891.37305 -88.8909988 -85.0329971
v -3892.51709 -86.9290009 -74.2710037
v -4022.64893 151.119003 64.1070023
v -3987.78394 146.783997 79.0319977
v -4020.48804 161.496002 65.2129974
v -4022.64893 151.119003 64.1070023
v -4020.48804 161.496002 65.2129974
v -4038.91406 157.897003 58.7029991
v -4047.35791 241.085999 -87.5849991
v -4051.90308 232.593994 -99.8909988
v -4052.08789 241.401001 -85.7009964
v -4046.04492 244.466995 -84.6839981
v -4047.35791 241.085999 -87.5849991
v -4052.08789 241.401001 -85.7009964
v -3844.00293 -75.0680008 -67.2399979
v -3850.0481 -85.0780029 -64.1139984
v -3854.83008 -83.0350037 -77.7779999
v -3844.00293 -75.0680008 -67.2399979
v -3835.75293 -74.9309998 -50.1980019
v -3850.0481 -85.0780029 -64.1139984
v -4096.83984 127.632004 -24.9069996
v -4097.28418 122.475998 -22.1329994
v -4095.03809 121.357002 -12.8769999
v -4098.44922 115.178001 -29.7040005
v -4097.28418 122.475998 -22.1329994
v -4096.83984 127.632004 -24.9069996
v -4073.47803 -2.24099994 48.8800011
v -4076.35303 9.44499969 44.9090004
v -4089.30298 15.2779999 20.2119999
v -4072.36499 17.6599998 53.8619995
v -4076.35303 9.44499969 44.9090004
v -4073.47803 -2.24099994 48.8800011
v -3951.06592 248.026993 -141.856995
v -3944.68799 239.070999 -143.153
v -3949.82104 240.501999 -145.679001
v -3951.06592 248.026993 -141.856995
v -3949.82104 240.501999 -145.679001
v -3959.04004 246.25 -148.994003
v -3968.31299 159.199005 87.8180008
v -3963.83691 169.121994 88.8909988
v -3979.39502 174.016006 81.5319977
v -3968.31299 159.199005 87.8180008
v -3951.04907 166.673004 95.4639969
v -3963.83691 169.121994 88.8909988
v -3932.3501 281.593994 -43.5419998
v -3919.70703 276.729004 -43.9869995
v -3924.2229 271.214996 -48.5810013
v -3924.2229 271.214996 -48.5810013
v -3924.46606 271.687988 -52.8740005
v -3932.3501 281.593994 -43.5419998
v -3857.64893 212.630997 -83.9919968
v -3874.47192 213.897995 -83.7699966
v -3872.99292 216.979996 -75.8430023
v -3866.271 223.561005 -69.2770004
v -3872.99292 216.979996 -75.8430023
v -3879.83496 217.893997 -77.4840012
v -4083.40503 169.479004 6.28000021
v -4083.13306 157.979996 1.45300007
v -4083.19312 153.981995 6.34000015
v -4077.31689 141.005997 19.1459999
v -4083.40503 169.479004 6.28000021
v -4083.19312 153.981995 6.34000015
v -3880.26196 29.9139996 101.611
v -3882.552 50.5330009 109.611
v -3895.78101 62.8440018 116.017998
v -3880.26196 29.9139996 101.611
v -3869.65088 29.6690006 99.7659988
v -3882.552 50.5330009 109.611
v -3865.29907 -71.3789978 -106.087997
v -3858.48804 -62.1279984 -112.709
v -3863.13501 -76.2770004 -101.142998
v -3879.99805 -76.8970032 -99.3180008
v -3858.48804 -62.1279984 -112.709
v -3865.29907 -71.3789978 -106.087997
v -3964.90894 77.7310028 93.4720001
v -3985.83008 73.3960037 80.8180008
v -3989.57495 66.1399994 80.947998
v -3985.83008 73.3960037 80.8180008
v -4004.10693 72.151001 70.0690002
v -3989.57495 66.1399994 80.947998
v -4077.47095 26.2530003 43.2929993
v -4082.81494 32.2890015 33.223999
v -4091.97607 24.9169998 16.2129993
v -4077.47095 26.2530003 43.2929993
v -4061.479 62.2050018 52.9700012
v -4082.81494 32.2890015 33.223999
v -3874.47192 213.897995 -83.7699966
v -3879.83496 217.893997 -77.4840012
v -3872.99292 216.979996 -75.8430023
v -3882.27588 222.214996 -79.9209976
v -3879.83496 217.893997 -77.4840012
v -3874.47192 213.897995 -83.7699966
v -3789.30005 16.4890003 -97.0780029
v -3790.43994 19.8449993 -95.3659973
v -3793.53809 18.4330006 -80.086998
v -3789.30005 16.4890003 -97.0780029
v -3789.93604 18.2029991 -102.179001
v -3790.43994 19.8449993 -95.3659973
v -4063.60596 220.613007 -113.077003
v -4057.93799 217.343002 -120.524002
v -4054.16089 209.649002 -130.192001
v -4043.87012 222.932999 -116.362
v -4057.93799 217.343002 -120.524002
v -4063.60596 220.613007 -113.077003
v -3992.09595 191.378998 -169.936996
v -4003.03809 192.050995 -166.962997
v -4009.53906 200.895996 -153.882004
v -3983.09106 186.923004 -176.970993
v -4003.03809 192.050995 -166.962997
v -3992.09595 191.378998 -169.936996
v -3875.18994 218.089996 -93.9000015
v -3882.27588 222.214996 -79.9209976
v -3874.07788 216.266998 -86.939003
v -3875.18994 218.089996 -93.9000015
v -3866.93408 209.556 -91.8470001
v -3856.69604 199.311996 -95.7320023
v -3875.62695 -88.7809982 -93.1579971
v -3890.42993 -87.1240005 -91.526001
v -3871.22705 -86.1800003 -95.4499969
v -3871.22705 -86.1800003 -95.4499969
v -3865.84692 -84.9899979 -93.7030029
v -3875.62695 -88.7809982 -93.1579971
v -3979.98389 276.010986 -124.646004
v -3991.04492 258.790009 -122.041
v -3984.68311 287.869995 -113.472
v -3979.98389 276.010986 -124.646004
v -3984.68311 287.869995 -113.472
v -3971.06494 272.015015 -132.231003
v -4083.73608 227.626007 4.3210001
v -4081.41992 253.061996 1.73399997
v -4082.9231 237.087006 2.34700012
v -4081.41992 253.061996 1.73399997
v -4076.43408 254.371994 -8.39900017
v -4082.9231 237.087006 2.34700012
v -3957.54395 83.9469986 -221.229004
v -3934.76294 82.3980026 -223.171005
v -3945.81909 74.7959976 -220.679001
v -3945.81909 74.7959976 -220.679001
v -3934.76294 82.3980026 -223.171005
v -3923.21094 72.5130005 -221.348007
v -3875.18994 218.089996 -93.9000015
v -3874.07788 216.266998 -86.939003
v -3866.93408 209.556 -91.8470001
v -3866.93408 209.556 -91.8470001
v -3874.07788 216.266998 -86.939003
v -3874.47192 213.897995 -83.7699966
v -4029.46191 24.8120003 68.4700012
v -4017.93408 23.118 72.5309982
v -4019.36694 35.6419983 71.3010025
v -4019.36694 35.6419983 71.3010025
v -4017.93408 23.118 72.5309982
v -4012.5979 33.0340004 75.1470032
v -4111.60107 -1.25999999 -26.7670002
v -4108.854 -10.6970005 -27.1299992
v -4110.92285 -4.72599983 -23.1259995
v -4110.92285 -4.72599983 -23.1259995
v -4108.854 -10.6970005 -27.1299992
v -4107.13818 -13.552 -21.2070007
v -4049.71094 1.80400002 -108.914001
v -4029.21094 27.7709999 -138.774994
v -4036.94995 -5.88800001 -118.223
v -4049.71094 1.80400002 -108.914001
v -4036.94995 -5.88800001 -118.223
v -4055.12695 -17.8509998 -96.8430023
v -3976.56396 210.365005 -159.938995
v -3984.50708 212.628006 -151.395996
v -3980.16406 217.709 -152.988007
v -3989.32104 215.511002 -144.048996
v -3980.16406 217.709 -152.988007
v -3984.50708 212.628006 -151.395996
v -4064.31689 116.540001 38.3790016
v -4078.10205 116.386002 18.9099998
v -4068.73999 107.082001 32.7400017
v -4056.33911 104.452003 48.2120018
v -4064.31689 116.540001 38.3790016
v -4068.73999 107.082001 32.7400017
v -4095.7959 108.164001 -41.0820007
v -4099.13916 93.1050034 -37.9160004
v -4098.44922 115.178001 -29.7040005
v -4095.7959 108.164001 -41.0820007
v -4091.88599 132.085007 -47.1300011
v -4095.75488 96.2020035 -43.7999992
v -4033.01099 193.214005 -150.509003
v -4030.32007 184.070999 -152.218002
v -4042.15088 201.516006 -142.554001
v -4033.01099 193.214005 -150.509003
v -4010.90991 171.511002 -171.487
v -4030.32007 184.070999 -152.218002
v -3865.5791 -27.4750004 24.6429996
v -3866.63892 -22.2709999 30.3470001
v -3872.52905 -26.8630009 27.2080002
v -3865.5791 -27.4750004 24.6429996
v -3872.52905 -26.8630009 27.2080002
v -3863.66089 -30.7150002 24.8369999
v -4024.36792 370.946991 -8.4119997
v -4022.25195 372.114014 -12.4860001
v -4031.48804 364.97699 -8.99499989
v -4024.36792 370.946991 -8.4119997
v -4031.48804 364.97699 -8.99499989
v -4036.8269 357.895996 1.59399998
v -4085.96802 197.231995 1.07599998
v -4083.70996 187.147995 7.47800016
v -4085.38696 205.386002 5.50300026
v -4075.50903 187.393005 24.2999992
v -4085.38696 205.386002 5.50300026
v -4083.70996 187.147995 7.47800016
v -3980.16406 217.709 -152.988007
v -3989.32104 215.511002 -144.048996
v -3991.46191 219.854004 -140.535995
v -3989.32104 215.511002 -144.048996
v -3992.33594 212.25 -144.220993
v -3991.46191 219.854004 -140.535995
v -3947.07104 270.72699 -108.574997
v -3953.2749 268.766998 -123.392998
v -3953.60596 274.436005 -108.940002
v -3948.40991 283.910004 -92.3030014
v -3946.85107 276.341003 -100.268997
v -3953.60596 274.436005 -108.940002
v -4099.13916 93.1050034 -37.9160004
v -4095.75488 96.2020035 -43.7999992
v -4096.9502 72.052002 -40.7319984
v -4095.75488 96.2020035 -43.7999992
v -4099.13916 93.1050034 -37.9160004
v -4095.7959 108.164001 -41.0820007
v -4009.67505 381.087006 1.972
v -4024.36792 370.946991 -8.4119997
v -4014.61304 377.63501 1.80900002
v -4009.67505 381.087006 1.972
v -4014.61304 377.63501 1.80900002
v -4013.12988 376.790985 14.9639997
v -3880.51807 78.362999 -209.554993
v -3879.77295 61.4029999 -201.764999
v -3901.32788 64.5449982 -213.436996
v -3880.51807 78.362999 -209.554993
v -3861.57495 66.5370026 -195.285995
v -3879.77295 61.4029999 -201.764999
v -3946.85107 276.341003 -100.268997
v -3947.07104 270.72699 -108.574997
v -3953.60596 274.436005 -108.940002
v -3940.70288 275.234009 -98.9280014
v -3947.07104 270.72699 -108.574997
v -3946.85107 276.341003 -100.268997
v -3974.27197 37.4609985 96.5449982
v -3984.53296 37.7369995 93.3600006
v -3974.63989 34.118 94.112999
v -3974.27197 37.4609985 96.5449982
v -3974.63989 34.118 94.112999
v -3971.49707 33.3209991 96.3150024
v -4038.95508 -74.1500015 -67.5439987
v -4034.03711 -64.3679962 -85.5650024
v -4030.42993 -75.1800003 -76.4960022
v -4038.95508 -74.1500015 -67.5439987
v -4030.42993 -75.1800003 -76.4960022
v -4032.76807 -79.8030014 -66.7210007
v -4071.3269 232.979996 -60.375
v -4071.11694 230.481003 -65.5309982
v -4077.21899 225.490005 -76.5090027
v -4079.38794 228.794006 -62.9430008
v -4071.3269 232.979996 -60.375
v -4077.21899 225.490005 -76.5090027
v -4059.33496 99.2389984 -106.059998
v -4057.31909 108.932999 -107.031998
v -4048.73901 96.4660034 -118.258003
v -4069.83911 123.033997 -88.5589981
v -4057.31909 108.932999 -107.031998
v -4059.33496 99.2389984 -106.059998
v -3794.60693 118.742996 -7.36600018
v -3796.11401 128.238007 -6.67399979
v -3803.36499 118.213997 -5.86999989
v -3794.60693 118.742996 -7.36600018
v -3790.94312 130.626007 -12.9069996
v -3796.11401 128.238007 -6.67399979
v -4065.61694 1.24800003 -94.1679993
v -4054.24609 26.1389999 -112.665001
v -4052.5791 18.1760006 -111.838997
v -4052.5791 18.1760006 -111.838997
v -4054.24609 26.1389999 -112.665001
v -4029.21094 27.7709999 -138.774994
v -3984.53296 37.7369995 93.3600006
v -3999.65405 39.2840004 82.1210022
v -3992.3689 32.7319984 89.0309982
v -3984.53296 37.7369995 93.3600006
v -3992.3689 32.7319984 89.0309982
v -3974.63989 34.118 94.112999
v -3964.67212 327.640991 -72.7480011
v -3972.07007 322.48999 -70.711998
v -3971.58203 327.984009 -71.7919998
v -3970.50391 332.911011 -70.1139984
v -3964.67212 327.640991 -72.7480011
v -3971.58203 327.984009 -71.7919998
v -3891.29492 300.057007 -19.9150009
v -3896.61011 290.631012 -30.0499992
v -3899.28809 307.536011 -16.1949997
v -3899.28809 307.536011 -16.1949997
v -3880.91504 294.09201 -14.6370001
v -3891.29492 300.057007 -19.9150009
v -4086.01099 -29.1280003 7.74399996
v -4093.31689 -17.2199993 1.22000003
v -4099.90723 -17.5240002 -11.3149996
v -4099.90723 -17.5240002 -11.3149996
v -4093.31689 -17.2199993 1.22000003
v -4105.93506 0.0689999983 -12.8319998
v -3906.65894 27.7779999 -199.048996
v -3897.96802 30.4120007 -195.485992
v -3904.78101 25.8479996 -195.520004
v -3897.96802 30.4120007 -195.485992
v -3886.88501 26.0170002 -188.272995
v -3904.78101 25.8479996 -195.520004
v -3952.94897 182.347 -184.796997
v -3960.93188 182.572998 -184.121994
v -3960.36694 189.429993 -181.354004
v -3944.80005 178.470993 -184.535995
v -3960.93188 182.572998 -184.121994
v -3952.94897 182.347 -184.796997
v -3939.19092 280.175995 -92.2070007
v -3933.72095 273.404999 -101.172997
v -3940.70288 275.234009 -98.9280014
v -3939.19092 280.175995 -92.2070007
v -3940.70288 275.234009 -98.9280014
v -3946.85107 276.341003 -100.268997
v -3837.77588 184.544006 -54.0029984
v -3838.37207 194.414993 -57.9280014
v -3829.91895 177.335999 -45.9799995
v -3837.77588 184.544006 -54.0029984
v -3829.91895 177.335999 -45.9799995
v -3831.96509 176.572006 -47.2270012
v -3933.98999 155.281006 -195.406998
v -3939.57007 150.287003 -201.307999
v -3947.84912 153.143005 -199.007004
v -3933.98999 155.281006 -195.406998
v -3938.68896 145.858994 -205.042007
v -3939.57007 150.287003 -201.307999
v -3952.30591 188.959 -184.151993
v -3960.19897 192.615997 -178.610992
v -3953.8269 194.847 -182.089996
v -3952.30591 188.959 -184.151993
v -3960.36694 189.429993 -181.354004
v -3960.19897 192.615997 -178.610992
v -3834.15894 209.378006 -57.6870003
v -3831.17407 220.968002 -57.6959991
v -3828.11011 225.095993 -53.5670013
v -3831.17407 220.968002 -57.6959991
v -3837.15088 224.022995 -62.3139992
v -3828.11011 225.095993 -53.5670013
v -3858.49292 54.2029991 91.3990021
v -3863.25391 52.0040016 100.542
v -3854.71509 39.3889999 97.5550003
v -3854.71509 39.3889999 97.5550003
v -3863.25391 52.0040016 100.542
v -3876.36499 62.7729988 111.250999
v -3997.44092 118.575996 69.5019989
v -3986.05688 120.672997 75.848999
v -3992.25708 130.132996 74.2429962
v -4003.88501 126.944 69.0199966
v -3992.25708 130.132996 74.2429962
v -4005.07007 142.867996 71.2060013
v -3947.84912 153.143005 -199.007004
v -3966.85107 172.841995 -189.108994
v -3944.81909 158.134995 -195.757996
v -3944.81909 158.134995 -195.757996
v -3933.98999 155.281006 -195.406998
v -3947.84912 153.143005 -199.007004
v -3838.34912 179.266006 -56.9570007
v -3837.77588 184.544006 -54.0029984
v -3831.96509 176.572006 -47.2270012
v -3832.60693 172.207001 -51.1959991
v -3831.96509 176.572006 -47.2270012
v -3829.91895 177.335999 -45.9799995
v -4069.11694 141.639008 -90.125
v -4069.64209 134.240005 -88.2440033
v -4080.88989 134.796997 -68.5920029
v -4052.45605 129.912003 -111.473999
v -4069.64209 134.240005 -88.2440033
v -4069.11694 141.639008 -90.125
v -4038.68701 217.128998 57.5690002
v -4018.6731 221.535995 63.5079994
v -4031.19604 228.412994 59.7400017
v -4038.68701 217.128998 57.5690002
v -4031.19604 228.412994 59.7400017
v -4045.01904 219.447006 55.4350014
v -3844.96509 132.462997 -130.117996
v -3852.87891 134.356995 -135.334
v -3854.49609 147.962006 -134.244995
v -3840.9231 125.542 -130.074997
v -3852.87891 134.356995 -135.334
v -3844.96509 132.462997 -130.117996
v -4011.81104 120.148003 65.5370026
v -3997.44092 118.575996 69.5019989
v -4003.88501 126.944 69.0199966
v -3997.44092 118.575996 69.5019989
v -3992.25708 130.132996 74.2429962
v -4003.88501 126.944 69.0199966
v -3844.771 185.496002 -89.1090012
v -3843.65405 184.240997 -83.7070007
v -3836.20898 175.582001 -90.9940033
v -3826.77295 167.738998 -114.274002
v -3844.771 185.496002 -89.1090012
v -3836.20898 175.582001 -90.9940033
v -4045.06909 211.613998 54.4039993
v -4038.68701 217.128998 57.5690002
v -4045.01904 219.447006 55.4350014
v -4045.06909 211.613998 54.4039993
v -4045.01904 219.447006 55.4350014
v -4050.18701 203.145004 52
v -3852.87891 134.356995 -135.334
v -3849.48389 127.811996 -136.518005
v -3853.46802 126.305 -139.203003
v -3853.46802 126.305 -139.203003
v -3849.48389 127.811996 -136.518005
v -3838.86011 119.084 -136.410004
v -3832.60693 172.207001 -51.1959991
v -3843.62305 184.242996 -66.7269974
v -3838.34912 179.266006 -56.9570007
v -3832.60693 172.207001 -51.1959991
v -3838.34912 179.266006 -56.9570007
v -3831.96509 176.572006 -47.2270012
v -3944.09497 301.308014 -35.1160011
v -3945.31689 303.90799 -36.0089989
v -3945.47095 307.083008 -32.0909996
v -3933.48804 299.725006 -33.605999
v -3944.09497 301.308014 -35.1160011
v -3945.47095 307.083008 -32.0909996
v -3967.74292 45.9309998 99.7180023
v -3961.54712 54.7550011 103.124001
v -3969.26196 52.5209999 98.9820023
v -3967.74292 45.9309998 99.7180023
v -3950.87988 53.1049995 106.867996
v -3961.54712 54.7550011 103.124001
v -4033.26904 260.319 -65.8270035
v -4038.73608 259.985992 -59.6329994
v -4044.2229 262.359009 -54.1329994
v -4027.21289 247.973999 -80.4639969
v -4038.73608 259.985992 -59.6329994
v -4033.26904 260.319 -65.8270035
v -3959.927 27.4619999 -188.074005
v -3967.90698 27.4039993 -187.119995
v -3957.46997 35.4760017 -198.473999
v -3967.90698 27.4039993 -187.119995
v -3959.927 27.4619999 -188.074005
v -3977.59204 19.4680004 -174.694
v -3838.94995 175.050995 -125.375
v -3845.12891 177.921005 -125.242996
v -3852.99194 188.617004 -120.311996
v -3838.94995 175.050995 -125.375
v -3839.21411 176.179993 -131.438995
v -3845.12891 177.921005 -125.242996
v -4033.68994 64.3710022 60.3839989
v -4032.61597 75.3789978 58.9539986
v -4040.66406 78.0759964 57.1189995
v -4033.68994 64.3710022 60.3839989
v -4018.98999 69.5790024 64.0350037
v -4032.61597 75.3789978 58.9539986
v -3825.27905 -63.3310013 -34.1069984
v -3812.71411 -47.6290016 -23.4669991
v -3817.66504 -56.2200012 -22.7169991
v -3820.55811 -55.8499985 -17.2549992
v -3817.66504 -56.2200012 -22.7169991
v -3812.71411 -47.6290016 -23.4669991
v -3795.65601 99.2289963 -73.7959976
v -3799.50293 79.8580017 -70.7770004
v -3798.42993 82.2969971 -73.3970032
v -3798.42993 82.2969971 -73.3970032
v -3799.50293 79.8580017 -70.7770004
v -3804.76489 63.5540009 -70.0660019
v -4081.677 221.871002 -3.22200012
v -4078.08496 224.483002 -11.2290001
v -4079.41602 216.352997 -9.55799961
v -4079.41602 216.352997 -9.55799961
v -4078.08496 224.483002 -11.2290001
v -4082.35889 216.789001 -13.085
v -3852.99194 188.617004 -120.311996
v -3851.41797 183.307007 -124.969002
v -3855.30908 178.119003 -129.356003
v -3846.37695 178.580994 -129.050003
v -3855.30908 178.119003 -129.356003
v -3851.41797 183.307007 -124.969002
v -4052.06494 -18.9169998 45.8730011
v -4064.24292 -15.9960003 48.1020012
v -4068.31104 -19.1790009 43.1489983
v -4068.31104 -19.1790009 43.1489983
v -4028.11108 -23.3719997 44.3769989
v -4052.06494 -18.9169998 45.8730011
v -3969.52588 213.856995 77.0790024
v -3978.85107 198.809006 78.3470001
v -3968.03101 199.365005 82.4899979
v -3979.39502 174.016006 81.5319977
v -3968.03101 199.365005 82.4899979
v -3978.85107 198.809006 78.3470001
v -3804.76489 63.5540009 -70.0660019
v -3786.27905 45.8460007 -53.1949997
v -3799.2771 48.2369995 -64.2450027
v -3799.2771 48.2369995 -64.2450027
v -3786.27905 45.8460007 -53.1949997
v -3776.7959 22.8810005 -44.4570007
v -3844.70288 255.238007 -37.6040001
v -3849.427 261.769012 -35.0769997
v -3840.03296 259.477997 -36.5719986
v -3849.427 261.769012 -35.0769997
v -3844.70288 255.238007 -37.6040001
v -3854.979 259.800995 -36.4690018
v -3974.53711 351.773987 -47.7960014
v -3978.85205 357.221985 -43.4949989
v -3978.33301 360.763 -39.2050018
v -3978.33301 360.763 -39.2050018
v -3978.85205 357.221985 -43.4949989
v -3981.83789 375.638 -24.8239994
v -3993.48901 211.496994 70.9250031
v -3997.81299 198.791 71.0970001
v -3978.85107 198.809006 78.3470001
v -4003.65308 216.738007 67.4329987
v -3997.81299 198.791 71.0970001
v -3993.48901 211.496994 70.9250031
v -3867.05493 204.406998 -113.774002
v -3881.13696 210.192993 -114.053001
v -3872.63696 210.089005 -113.983002
v -3864.073 205.996994 -111.008003
v -3867.05493 204.406998 -113.774002
v -3872.63696 210.089005 -113.983002
v -3992.85205 274.529999 52.3709984
v -3996.14893 290.987 48.262001
v -4003.03809 280.408997 49.5379982
v -4003.03809 280.408997 49.5379982
v -4013.03101 267.23999 53.112999
v -3992.85205 274.529999 52.3709984
v -4059.60107 247.578003 -43.4690018
v -4064.66089 238.709 -45.3470001
v -4070.29395 235.009995 -40.855999
v -4064.66089 238.709 -45.3470001
v -4068.25806 238.580994 -49.8100014
v -4070.29395 235.009995 -40.855999
v -3887.51294 -7.36600018 60.6520004
v -3884.80396 -6.96000004 57.4300003
v -3888.26489 -5.27899981 65.526001
v -3887.51294 -7.36600018 60.6520004
v -3888.26489 -5.27899981 65.526001
v -3895.74805 -2.79999995 71.1110001
v -3910.53003 149.179993 99.6230011
v -3913.59595 141.352005 108.519997
v -3912.2771 136.910004 107.190002
v -3910.53003 149.179993 99.6230011
v -3900.35498 161.397003 83.3270035
v -3911.42993 149.873001 101.806999
v -4009.53906 200.895996 -153.882004
v -4020.35303 195.904999 -157.445999
v -4029.26904 209.085007 -139.276001
v -4020.35303 195.904999 -157.445999
v -4009.53906 200.895996 -153.882004
v -4018.31689 192.153 -163.214996
v -3806.95605 135.684998 -90.802002
v -3806.1731 133.518997 -92.9820023
v -3817.77002 150.621994 -89.6279984
v -3806.1731 133.518997 -92.9820023
v -3806.95605 135.684998 -90.802002
v -3803.48706 129 -80.1709976
v -3843.65405 184.240997 -83.7070007
v -3851.16406 190.714005 -82.6930008
v -3843.53198 180.929001 -79.6480026
v -3839.02197 177.830994 -78.5350037
v -3843.53198 180.929001 -79.6480026
v -3840.28491 176.475006 -74.4430008
v -3911.42993 149.873001 101.806999
v -3913.59595 141.352005 108.519997
v -3910.53003 149.179993 99.6230011
v -3918.65503 155.789001 106.807999
v -3913.59595 141.352005 108.519997
v -3911.42993 149.873001 101.806999
v -4067.18408 280.475006 27.4430008
v -4071.90698 272.384003 21.6520004
v -4061.10205 259.037994 48.6559982
v -4067.18408 280.475006 27.4430008
v -4079.80103 280.856995 3.29099989
v -4071.90698 272.384003 21.6520004
v -4050.65796 157.257004 53.1899986
v -4050.3689 172.606003 53.4059982
v -4058.26196 181.072998 48.0149994
v -4050.65796 157.257004 53.1899986
v -4038.91406 157.897003 58.7029991
v -4050.3689 172.606003 53.4059982
v -3862.15088 215.227997 -76.7750015
v -3872.99292 216.979996 -75.8430023
v -3863.43311 214.998993 -74.8479996
v -3863.43311 214.998993 -74.8479996
v -3851.69507 217.740997 -73.3889999
v -3862.15088 215.227997 -76.7750015
v -3807.3269 135.345993 -100.293999
v -3811.9209 141.682999 -103.097
v -3806.1731 133.518997 -92.9820023
v -3811.9209 141.682999 -103.097
v -3807.3269 135.345993 -100.293999
v -3799.86499 118.086998 -102.091003
v -3796.08008 14.9729996 14.4029999
v -3784.16797 32.3199997 20.3309994
v -3785.10107 33.2299995 26.7070007
v -3784.16797 32.3199997 20.3309994
v -3784.08496 37.5419998 27.5979996
v -3785.10107 33.2299995 26.7070007
v -3836.20898 175.582001 -90.9940033
v -3843.65405 184.240997 -83.7070007
v -3839.02197 177.830994 -78.5350037
v -3839.02197 177.830994 -78.5350037
v -3843.65405 184.240997 -83.7070007
v -3843.53198 180.929001 -79.6480026
v -3880.70801 212.912003 32.4529991
v -3888.81812 219.75 38.5209999
v -3884.48608 209.125 41.7410011
v -3888.81812 219.75 38.5209999
v -3880.70801 212.912003 32.4529991
v -3885.27393 226.503998 31.9200001

# 1999 UV coordinates
vt 0.782000005 0.800999999 0
vt 0.731999993 0.773000002 0
vt 0.773000002 0.764999986 0
vt 0.85799998 0.171999991 0
vt 0.839999974 0.190999985 0
vt 0.822000027 0.157000005 0
vt 0.513999999 0.715000033 0
vt 0.476999998 0.712000012 0
vt 0.49000001 0.676999986 0
vt 0.223000005 0.672999978 0
vt 0.247999996 0.664999962 0
vt 0.25 0.67900002 0
vt 0.50999999 0.273999989 0
vt 0.546999991 0.268999994 0
vt 0.523999989 0.300999999 0
vt 0.261999995 0.181999981 0
vt 0.282999992 0.203000009 0
vt 0.697000027 0.883000016 0
vt 0.675999999 0.476999998 0
vt 0.640999973 0.492999971 0
vt 0.629999995 0.472000003 0
vt 0.967999995 0.230000019 0
vt 0.950999975 0.234000027 0
vt 0.967000008 0.218999982 0
vt 0.226999998 0.375 0
vt 0.252999991 0.399999976 0
vt 0.228 0.399999976 0
vt 0.681999981 0.743999958 0
vt 0.680999994 0.723999977 0
vt 0.734000027 0.740999997 0
vt 0.865999997 0.416999996 0
vt 0.827000022 0.406000018 0
vt 0.846000016 0.40200001 0
vt 0.81099999 0.244000018 0
vt 0.783999979 0.241999984 0
vt 0.785000026 0.188000023 0
vt 0.492000014 0.101999998 0
vt 0.209000006 0.0370000005 0
vt 0.465999991 0.07099998 0
vt 0.888000011 0.773999989 0
vt 0.933000028 0.80400002 0
vt 0.882000029 0.791999996 0
vt 0.178000003 0.422999978 0
vt 0.153999999 0.425000012 0
vt 0.156000003 0.40200001 0
vt 0.367000014 0.754000008 0
vt 0.354000002 0.75999999 0
vt 0.342000008 0.735000014 0
vt 0.377999991 0.516000032 0
vt 0.38499999 0.498000026 0
vt 0.407999992 0.52700001 0
vt 0.930999994 0.355000019 0
vt 0.959999979 0.394999981 0
vt 0.903999984 0.393999994 0
vt 0.694999993 0.0889999866 0
vt 0.666999996 0.109000027 0
vt 0.670000017 0.0920000076 0
vt 0.901000023 0.861999989 0
vt 0.632000029 0.0189999938 0
vt 0.941999972 0.885999978 0
vt 0.0799999982 0.231000006 0
vt 0.0529999994 0.24000001 0
vt 0.648999989 0.725000024 0
vt 0.286000013 0.20599997 0
vt 0.254999995 0.218999982 0
vt 0.792999983 0.498000026 0
vt 0.726999998 0.504999995 0
vt 0.727999985 0.463999987 0
vt 0.135000005 0.778999984 0
vt 0.148000002 0.795000017 0
vt 0.133000001 0.796999991 0
vt 0.925999999 0.777999997 0
vt 0.515999973 0.751999974 0
vt 0.572000027 0.745999992 0
vt 0.583999991 0.789000034 0
vt 0.0810000002 0.60800004 0
vt 0.0579999983 0.613000035 0
vt 0.061999999 0.59799999 0
vt 0.0930000022 0.787 0
vt 0.108000003 0.773000002 0
vt 0.126000002 0.82099998 0
vt 0.737999976 0.848999977 0
vt 0.764999986 0.85799998 0
vt 0.739000022 0.876999974 0
vt 0.846000016 0.88499999 0
vt 0.848999977 0.916000009 0
vt 0.822000027 0.888999999 0
vt 0.277999997 0.470000029 0
vt 0.301999986 0.454999983 0
vt 0.298000008 0.48299998 0
vt 0.321999997 0.416000009 0
vt 0.293000013 0.367999971 0
vt 0.319999993 0.378000021 0
vt 0.460999995 0.311999977 0
vt 0.395000011 0.310000002 0
vt 0.444000006 0.25 0
vt 0.393999994 0.421000004 0
vt 0.375999987 0.440999985 0
vt 0.349000007 0.433000028 0
vt 0.745999992 0.106000006 0
vt 0.693000019 0.124000013 0
vt 0.763999999 0.101000011 0
vt 0.748000026 0.0749999881 0
vt 0.758000016 0.0519999862 0
vt 0.196999997 0.562999964 0
vt 0.172999993 0.583999991 0
vt 0.180000007 0.555999994 0
vt 0.204999998 0.590999961 0
vt 0.217999995 0.58099997 0
vt 0.229000002 0.595999956 0
vt 0.108000003 0.524999976 0
vt 0.129999995 0.52700001 0
vt 0.107000001 0.546999991 0
vt 0.126000002 0.394999981 0
vt 0.104999997 0.436999977 0
vt 0.0979999974 0.403999984 0
vt 0.621999979 0.0370000005 0
vt 0.610000014 0.0669999719 0
vt 0.601000011 0.0519999862 0
vt 0.51700002 0.0350000262 0
vt 0.519999981 0.050999999 0
vt 0.501999974 0.050999999 0
vt 0.713999987 0.590999961 0
vt 0.481999993 0.917999983 0
vt 0.514999986 0.893000007 0
vt 0.381999999 0.932999969 0
vt 0.583000004 0.590000033 0
vt 0.584999979 0.574999988 0
vt 0.582000017 0.453999996 0
vt 0.616999984 0.412999988 0
vt 0.623000026 0.430999994 0
vt 0.753000021 0.42900002 0
vt 0.792999983 0.427999973 0
vt 0.782999992 0.443000019 0
vt 0.075000003 0.531000018 0
vt 0.0939999968 0.55400002 0
vt 0.0719999969 0.54400003 0
vt 0.388999999 0.902999997 0
vt 0.361999989 0.898999989 0
vt 0.629999995 0.341000021 0
vt 0.589999974 0.325999975 0
vt 0.609000027 0.305000007 0
vt 0.702000022 0.36500001 0
vt 0.693000019 0.351999998 0
vt 0.703999996 0.334999979 0
vt 0.0109999999 0.496999979 0
vt 0.0189999994 0.439999998 0
vt 0.0450000018 0.475000024 0
vt 0.0520000011 0.415000021 0
vt 0.0219999999 0.403999984 0
vt 0.0549999997 0.39200002 0
vt 0.662 0.288999975 0
vt 0.684000015 0.278999984 0
vt 0.676999986 0.30400002 0
vt 0.779999971 0.26700002 0
vt 0.800999999 0.255999982 0
vt 0.796000004 0.290000021 0
vt 0.105999999 0.359000027 0
vt 0.128000006 0.213 0
vt 0.0970000029 0.221000016 0
vt 0.100000001 0.199999988 0
vt 0.529999971 0.730000019 0
vt 0.838 0.0720000267 0
vt 0.846000016 0.05400002 0
vt 0.875999987 0.0720000267 0
vt 0.52700001 0.438000023 0
vt 0.518999994 0.416999996 0
vt 0.550999999 0.424000025 0
vt 0.316000015 0.501999974 0
vt 0.337000012 0.50999999 0
vt 0.30399999 0.537999988 0
vt 0.497000009 0.601000011 0
vt 0.470999986 0.592000008 0
vt 0.477999985 0.56400001 0
vt 0.467000008 0.694000006 0
vt 0.148000002 0.316999972 0
vt 0.112000003 0.292999983 0
vt 0.133000001 0.281000018 0
vt 0.291999996 0.406000018 0
vt 0.266000003 0.375999987 0
vt 0.667999983 0.272000015 0
vt 0.677999973 0.264999986 0
vt 0.671000004 0.218999982 0
vt 0.648000002 0.200999975 0
vt 0.652999997 0.181999981 0
vt 0.115000002 0.682999969 0
vt 0.104000002 0.667999983 0
vt 0.114 0.661000013 0
vt 0.147 0.657999992 0
vt 0.166999996 0.654000044 0
vt 0.179000005 0.675999999 0
vt 0.796999991 0.162 0
vt 0.742999971 0.0849999785 0
vt 0.754000008 0.109000027 0
vt 0.231999993 0.684000015 0
vt 0.238999993 0.697000027 0
vt 0.145999998 0.700999975 0
vt 0.182999998 0.700999975 0
vt 0.175999999 0.717999995 0
vt 0.725000024 0.649999976 0
vt 0.69599998 0.648000002 0
vt 0.73299998 0.618999958 0
vt 0.832000017 0.613999963 0
vt 0.80400002 0.634000003 0
vt 0.819999993 0.60800004 0
vt 0.426999986 0.258000016 0
vt 0.405999988 0.282000005 0
vt 0.414000005 0.241999984 0
vt 0.395999998 0.140999973 0
vt 0.393000007 0.102999985 0
vt 0.326999992 0.361999989 0
vt 0.730000019 0.366999984 0
vt 0.73299998 0.343999982 0
vt 0.711000025 0.291000009 0
vt 0.730000019 0.285000026 0
vt 0.731999993 0.305999994 0
vt 0.916000009 0.0550000072 0
vt 0.90200001 0.0720000267 0
vt 0.861999989 0.0419999957 0
vt 0.874000013 0.588 0
vt 0.852999985 0.629999995 0
vt 0.811999977 0.643000007 0
vt 0.0460000001 0.35799998 0
vt 0.586000025 0.60800004 0
vt 0.115000002 0.333999991 0
vt 0.109999999 0.34799999 0
vt 0.0960000008 0.327000022 0
vt 0.842000008 0.433000028 0
vt 0.860000014 0.430999994 0
vt 0.123000003 0.866999984 0
vt 0.163000003 0.852999985 0
vt 0.144999996 0.878000021 0
vt 0.577000022 0.20599997 0
vt 0.547999978 0.191999972 0
vt 0.583999991 0.185000002 0
vt 0.640999973 0.0440000296 0
vt 0.681999981 0.0289999843 0
vt 0.654999971 0.0619999766 0
vt 0.197999999 0.388999999 0
vt 0.210999995 0.410000026 0
vt 0.187999994 0.398000002 0
vt 0.128000006 0.314999998 0
vt 0.0829999968 0.879000008 0
vt 0.425000012 0.489000022 0
vt 0.0839999989 0.861999989 0
vt 0.108000003 0.88499999 0
vt 0.119999997 0.883000016 0
vt 0.0970000029 0.896000028 0
vt 0.472000003 0.160000026 0
vt 0.446999997 0.208000004 0
vt 0.254999995 0.0249999762 0
vt 0.575999975 0.157000005 0
vt 0.561999977 0.181999981 0
vt 0.537999988 0.137000024 0
vt 0.625 0.648000002 0
vt 0.625999987 0.631000042 0
vt 0.638999999 0.638000011 0
vt 0.712000012 0.597000003 0
vt 0.818000019 0.305000007 0
vt 0.828999996 0.286000013 0
vt 0.824999988 0.310000002 0
vt 0.930999994 0.25 0
vt 0.941999972 0.254000008 0
vt 0.91900003 0.273999989 0
vt 0.428000003 0.202000022 0
vt 0.330000013 0.138999999 0
vt 0.337000012 0.0929999948 0
vt 0.356000006 0.139999986 0
vt 0.792999983 0.689999998 0
vt 0.77700001 0.684000015 0
vt 0.791000009 0.680999994 0
vt 0.828000009 0.738000035 0
vt 0.799000025 0.735000014 0
vt 0.832000017 0.703999996 0
vt 0.458000004 0.443000019 0
vt 0.505999982 0.413999975 0
vt 0.495000005 0.440999985 0
vt 0.275999993 0.666999996 0
vt 0.537999988 0.486999989 0
vt 0.546000004 0.476000011 0
vt 0.925999999 0.494000018 0
vt 0.912 0.475000024 0
vt 0.926999986 0.485000014 0
vt 0.910000026 0.415000021 0
vt 0.950999975 0.425999999 0
vt 0.897000015 0.42900002 0
vt 0.639999986 0.61500001 0
vt 0.629999995 0.605000019 0
vt 0.644999981 0.592999995 0
vt 0.428000003 0.93599999 0
vt 0.430000007 0.91900003 0
vt 0.646000028 0.585000038 0
vt 0.411000013 0.353999972 0
vt 0.393000007 0.328999996 0
vt 0.474999994 0.329999983 0
vt 0.536000013 0.394999981 0
vt 0.48300001 0.367999971 0
vt 0.527999997 0.371999979 0
vt 0.813000023 0.805999994 0
vt 0.797999978 0.81099999 0
vt 0.801999986 0.771000028 0
vt 0.833999991 0.841000021 0
vt 0.873000026 0.84799999 0
vt 0.862999976 0.868000031 0
vt 0.36500001 0.758000016 0
vt 0.375999987 0.779999971 0
vt 0.342999995 0.879000008 0
vt 0.347000003 0.863999963 0
vt 0.208000004 0.708999991 0
vt 0.216999993 0.690999985 0
vt 0.231999993 0.708999991 0
vt 0.214000002 0.828999996 0
vt 0.758000016 0.51699996 0
vt 0.808000028 0.511999965 0
vt 0.263999999 0.346000016 0
vt 0.247999996 0.376999974 0
vt 0.391000003 0.213 0
vt 0.354999989 0.176999986 0
vt 0.342999995 0.189999998 0
vt 0.323000014 0.151000023 0
vt 0.0320000015 0.511000037 0
vt 0.0450000018 0.50999999 0
vt 0.0419999994 0.523000002 0
vt 0.0309999995 0.550999999 0
vt 0.0329999998 0.573000014 0
vt 0.338999987 0.773999989 0
vt 0.797999978 0.35799998 0
vt 0.786000013 0.33099997 0
vt 0.82099998 0.339999974 0
vt 0.772000015 0.379999995 0
vt 0.763999999 0.353999972 0
vt 0.777999997 0.364000022 0
vt 0.774999976 0.67900002 0
vt 0.788999975 0.667999983 0
vt 0.827000022 0.651000023 0
vt 0.893999994 0.652999997 0
vt 0.871999979 0.664999962 0
vt 0.352999985 0.625999987 0
vt 0.361999989 0.58099997 0
vt 0.384000003 0.606999993 0
vt 0.437999994 0.675999999 0
vt 0.432000011 0.664999962 0
vt 0.449999988 0.66900003 0
vt 0.675999999 0.385999978 0
vt 0.700999975 0.375 0
vt 0.713 0.388999999 0
vt 0.76700002 0.401000023 0
vt 0.745000005 0.397000015 0
vt 0.751999974 0.387000024 0
vt 0.691999972 0.0279999971 0
vt 0.963 0.782999992 0
vt 0.708999991 0.0440000296 0
vt 0.703000009 0.0749999881 0
vt 0.694999993 0.0550000072 0
vt 0.634000003 0.656000018 0
vt 0.625 0.669999957 0
vt 0.0529999994 0.290000021 0
vt 0.0590000004 0.319999993 0
vt 0.061999999 0.33099997 0
vt 0.0359999985 0.325999975 0
vt 0.432000011 0.692000031 0
vt 0.40200001 0.689999998 0
vt 0.428000003 0.725000024 0
vt 0.430000007 0.751999974 0
vt 0.412 0.741999984 0
vt 0.531000018 0.0799999833 0
vt 0.578999996 0.120000005 0
vt 0.549000025 0.128000021 0
vt 0.578999996 0.0939999819 0
vt 0.871999979 0.491999984 0
vt 0.88499999 0.45599997 0
vt 0.894999981 0.491999984 0
vt 0.166999996 0.84799999 0
vt 0.173999995 0.893999994 0
vt 0.150999993 0.875 0
vt 0.147 0.562000036 0
vt 0.150000006 0.590999961 0
vt 0.137999997 0.578999996 0
vt 0.136999995 0.662999988 0
vt 0.142000005 0.638999999 0
vt 0.162 0.643999994 0
vt 0.65200001 0.166999996 0
vt 0.694000006 0.189999998 0
vt 0.67900002 0.20599997 0
vt 0.74000001 0.281000018 0
vt 0.731999993 0.263000011 0
vt 0.746999979 0.263999999 0
vt 0.721000016 0.840000033 0
vt 0.714999974 0.866999984 0
vt 0.693000019 0.828000009 0
vt 0.122000001 0.190999985 0
vt 0.159999996 0.212000012 0
vt 0.448000014 0.726999998 0
vt 0.474999994 0.763000011 0
vt 0.495000005 0.799000025 0
vt 0.462000012 0.795000017 0
vt 0.368999988 0.412999988 0
vt 0.342000008 0.424000025 0
vt 0.35800001 0.380999982 0
vt 0.398000002 0.0759999752 0
vt 0.397000015 0.0469999909 0
vt 0.361000001 0.379000008 0
vt 0.104000002 0.823000014 0
vt 0.109999999 0.840000033 0
vt 0.143999994 0.841000021 0
vt 0.0689999983 0.199000001 0
vt 0.665000021 0.778999984 0
vt 0.104999997 0.181999981 0
vt 0.703999996 0.772000015 0
vt 0.185000002 0.511999965 0
vt 0.167999998 0.495000005 0
vt 0.177000001 0.49000001 0
vt 0.108000003 0.459999979 0
vt 0.129999995 0.486999989 0
vt 0.112000003 0.491999984 0
vt 0.449999988 0.424000025 0
vt 0.441000015 0.444999993 0
vt 0.42899999 0.407000005 0
vt 0.419 0.818000019 0
vt 0.416000009 0.903999984 0
vt 0.386999995 0.930000007 0
vt 0.878000021 0.207000017 0
vt 0.907000005 0.194999993 0
vt 0.894999981 0.234000027 0
vt 0.888999999 0.274999976 0
vt 0.883000016 0.295000017 0
vt 0.869000018 0.283999979 0
vt 0.158000007 0.578000009 0
vt 0.167999998 0.549000025 0
vt 0.175999999 0.513000011 0
vt 0.160999998 0.506999969 0
vt 0.150000006 0.492999971 0
vt 0.637000024 0.407999992 0
vt 0.644999981 0.38499999 0
vt 0.657000005 0.401000023 0
vt 0.619000018 0.387000024 0
vt 0.577000022 0.366999984 0
vt 0.620999992 0.356999993 0
vt 0.178000003 0.774999976 0
vt 0.234999999 0.74000001 0
vt 0.238999993 0.763999999 0
vt 0.219999999 0.769999981 0
vt 0.194000006 0.0569999814 0
vt 0.207000002 0.0920000076 0
vt 0.174999997 0.07099998 0
vt 0.799000025 0.879000008 0
vt 0.796000004 0.898999989 0
vt 0.768000007 0.888999999 0
vt 0.379000008 0.751999974 0
vt 0.386000007 0.657999992 0
vt 0.412999988 0.651000023 0
vt 0.386000007 0.672999978 0
vt 0.921999991 0.713999987 0
vt 0.934000015 0.745000005 0
vt 0.894999981 0.730000019 0
vt 0.206 0.438000023 0
vt 0.215000004 0.452000022 0
vt 0.211999997 0.471000016 0
vt 0.25999999 0.518000007 0
vt 0.275999993 0.544999957 0
vt 0.256999999 0.547999978 0
vt 0.702000022 0.274999976 0
vt 0.72299999 0.271000028 0
vt 0.707000017 0.287 0
vt 0.711000025 0.236000001 0
vt 0.716000021 0.246999979 0
vt 0.694999993 0.239000022 0
vt 0.180999994 0.824999988 0
vt 0.202000007 0.825999975 0
vt 0.194999993 0.858999968 0
vt 0.197999999 0.812999964 0
vt 0.194999993 0.799000025 0
vt 0.209000006 0.818000019 0
vt 0.601999998 0.634000003 0
vt 0.625 0.625 0
vt 0.60799998 0.647000015 0
vt 0.224999994 0.503000021 0
vt 0.245000005 0.511000037 0
vt 0.230000004 0.521000028 0
vt 0.224000007 0.516000032 0
vt 0.210999995 0.529999971 0
vt 0.210999995 0.518000007 0
vt 0.209999993 0.0529999733 0
vt 0.230000004 0.0860000253 0
vt 0.282999992 0.0360000134 0
vt 0.301999986 0.0379999876 0
vt 0.272000015 0.0600000024 0
vt 0.542999983 0.713 0
vt 0.510999978 0.666000009 0
vt 0.532999992 0.664000034 0
vt 0.933000028 0.220000029 0
vt 0.924000025 0.180000007 0
vt 0.95599997 0.208999991 0
vt 0.150000006 0.887000024 0
vt 0.90200001 0.495999992 0
vt 0.135000005 0.888999999 0
vt 0.115000002 0.903999984 0
vt 0.201000005 0.605000019 0
vt 0.231999993 0.606000006 0
vt 0.280999988 0.611000001 0
vt 0.294999987 0.620000005 0
vt 0.272000015 0.625 0
vt 0.711000025 0.677999973 0
vt 0.698000014 0.657000005 0
vt 0.736999989 0.671999991 0
vt 0.676999986 0.687000036 0
vt 0.68900001 0.708999991 0
vt 0.131999999 0.477999985 0
vt 0.127000004 0.449999988 0
vt 0.142000005 0.458000004 0
vt 0.187999994 0.486000001 0
vt 0.174999997 0.481000006 0
vt 0.180000007 0.471000016 0
vt 0.254999995 0.590000033 0
vt 0.261000007 0.610000014 0
vt 0.280000001 0.562000036 0
vt 0.268999994 0.578999996 0
vt 0.263000011 0.567999959 0
vt 0.869000018 0.498000026 0
vt 0.363999993 0.0339999795 0
vt 0.370000005 0.0479999781 0
vt 0.349000007 0.0440000296 0
vt 0.312999994 0.0590000153 0
vt 0.305000007 0.0830000043 0
vt 0.569999993 0.698000014 0
vt 0.93900001 0.170000017 0
vt 0.962000012 0.143000007 0
vt 0.867999971 0.135999978 0
vt 0.888999999 0.128000021 0
vt 0.887000024 0.147000015 0
vt 0.0419999994 0.70599997 0
vt 0.0529999994 0.738999963 0
vt 0.0839999989 0.761999965 0
vt 0.0810000002 0.738000035 0
vt 0.104000002 0.754000008 0
vt 0.709999979 0.707000017 0
vt 0.73299998 0.697000027 0
vt 0.739000022 0.713 0
vt 0.699000001 0.685000002 0
vt 0.686999977 0.699000001 0
vt 0.277999997 0.453000009 0
vt 0.615999997 0.773000002 0
vt 0.952000022 0.09799999 0
vt 0.934000015 0.07099998 0
vt 0.869000018 0.103999972 0
vt 0.894999981 0.0929999948 0
vt 0.075000003 0.796000004 0
vt 0.0850000009 0.773000002 0
vt 0.0909999982 0.784999967 0
vt 0.365999997 0.560000002 0
vt 0.367000014 0.539999962 0
vt 0.409999996 0.577000022 0
vt 0.674000025 0.138000011 0
vt 0.638999999 0.146000028 0
vt 0.629999995 0.121999979 0
vt 0.157000005 0.276000023 0
vt 0.181999996 0.263999999 0
vt 0.179000005 0.285000026 0
vt 0.264999986 0.237999976 0
vt 0.178000003 0.236999989 0
vt 0.744000018 0.592999995 0
vt 0.574999988 0.870000005 0
vt 0.578999996 0.835999966 0
vt 0.588999987 0.84799999 0
vt 0.596000016 0.486000001 0
vt 0.532000005 0.462000012 0
vt 0.541999996 0.434000015 0
vt 0.56099999 0.458000004 0
vt 0.0350000001 0.443000019 0
vt 0.0579999983 0.450999975 0
vt 0.101000004 0.444999993 0
vt 0.0799999982 0.476000011 0
vt 0.0710000023 0.449000001 0
vt 0.180999994 0.795000017 0
vt 0.175999999 0.824000001 0
vt 0.167999998 0.819000006 0
vt 0.289000005 0.577000022 0
vt 0.301999986 0.555000007 0
vt 0.486000001 0.468999982 0
vt 0.298999995 0.511000037 0
vt 0.790000021 0.723999977 0
vt 0.776000023 0.710999966 0
vt 0.805000007 0.703999996 0
vt 0.764999986 0.745999992 0
vt 0.204999998 0.773999989 0
vt 0.210999995 0.792999983 0
vt 0.186000004 0.710999966 0
vt 0.194999993 0.699000001 0
vt 0.195999995 0.712000012 0
vt 0.428000003 0.703999996 0
vt 0.398999989 0.708999991 0
vt 0.386999995 0.694000006 0
vt 0.395000011 0.708000004 0
vt 0.846000016 0.384000003 0
vt 0.822000027 0.402999997 0
vt 0.836000025 0.365999997 0
vt 0.870999992 0.328000009 0
vt 0.904999971 0.328999996 0
vt 0.875999987 0.353999972 0
vt 0.131999999 0.378000021 0
vt 0.130999997 0.361999989 0
vt 0.149000004 0.39200002 0
vt 0.128999993 0.408999979 0
vt 0.129999995 0.393999994 0
vt 0.180000007 0.615999997 0
vt 0.224999994 0.611999989 0
vt 0.153999999 0.562000036 0
vt 0.234999999 0.213 0
vt 0.662999988 0.85799998 0
vt 0.683000028 0.86500001 0
vt 0.140000001 0.180000007 0
vt 0.894999981 0.666000009 0
vt 0.91900003 0.601000011 0
vt 0.910000026 0.63499999 0
vt 0.897000015 0.624000013 0
vt 0.388999999 0.789000034 0
vt 0.382999986 0.790000021 0
vt 0.386000007 0.755999982 0
vt 0.347000003 0.88499999 0
vt 0.379999995 0.853999972 0
vt 0.388000011 0.865999997 0
vt 0.779999971 0.337000012 0
vt 0.764999986 0.324000001 0
vt 0.776000023 0.324999988 0
vt 0.758000016 0.291999996 0
vt 0.128000006 0.322000027 0
vt 0.144999996 0.339999974 0
vt 0.123999998 0.343999982 0
vt 0.128000006 0.34799999 0
vt 0.196999997 0.66900003 0
vt 0.184 0.652999997 0
vt 0.207000002 0.654999971 0
vt 0.209000006 0.636999965 0
vt 0.224999994 0.616999984 0
vt 0.81099999 0.907999992 0
vt 0.832000017 0.936999977 0
vt 0.787 0.915000021 0
vt 0.888000011 0.922999978 0
vt 0.861999989 0.931999981 0
vt 0.686999977 0.162 0
vt 0.755999982 0.129999995 0
vt 0.725000024 0.170000017 0
vt 0.713999987 0.149999976 0
vt 0.523999989 0.651000023 0
vt 0.495000005 0.606999993 0
vt 0.495000005 0.624000013 0
vt 0.474000007 0.602999985 0
vt 0.856000006 0.703000009 0
vt 0.875 0.751999974 0
vt 0.833000004 0.758000016 0
vt 0.903999984 0.68900001 0
vt 0.616999984 0.677999973 0
vt 0.0719999969 0.277999997 0
vt 0.0659999996 0.290000021 0
vt 0.103 0.296000004 0
vt 0.123000003 0.319000006 0
vt 0.180000007 0.641000032 0
vt 0.144999996 0.60800004 0
vt 0.158999994 0.60800004 0
vt 0.643000007 0.379999995 0
vt 0.66900003 0.365999997 0
vt 0.683000028 0.356000006 0
vt 0.837000012 0.823000014 0
vt 0.870999992 0.782999992 0
vt 0.833999991 0.783999979 0
vt 0.981000006 0.249000013 0
vt 0.5 0.625 0
vt 0.499000013 0.610000014 0
vt 0.967999995 0.246999979 0
vt 0.961000025 0.274999976 0
vt 0.943000019 0.263999999 0
vt 0.698000014 0.671999991 0
vt 0.685000002 0.66900003 0
vt 0.694999993 0.664999962 0
vt 0.671000004 0.654000044 0
vt 0.660000026 0.648000002 0
vt 0.651000023 0.593999982 0
vt 0.405999988 0.144999981 0
vt 0.388000011 0.171999991 0
vt 0.379000008 0.15200001 0
vt 0.402999997 0.17900002 0
vt 0.138999999 0.620999992 0
vt 0.0829999968 0.641000032 0
vt 0.0939999968 0.615999997 0
vt 0.0900000036 0.628000021 0
vt 0.248999998 0.731000006 0
vt 0.248999998 0.754000008 0
vt 0.257999986 0.733999968 0
vt 0.268999994 0.703999996 0
vt 0.620999992 0.503000021 0
vt 0.875999987 0.887000024 0
vt 0.898999989 0.881999969 0
vt 0.565999985 0.0189999938 0
vt 0.55400002 0.0360000134 0
vt 0.569999993 0.0339999795 0
vt 0.572000027 0.0720000267 0
vt 0.876999974 0.236999989 0
vt 0.897000015 0.258000016 0
vt 0.880999982 0.271000028 0
vt 0.808000028 0.212000012 0
vt 0.723999977 0.680999994 0
vt 0.745000005 0.687999964 0
vt 0.74000001 0.708000004 0
vt 0.742999971 0.705000043 0
vt 0.231999993 0.529999971 0
vt 0.250999987 0.514999986 0
vt 0.252000004 0.529000044 0
vt 0.210999995 0.555999994 0
vt 0.191 0.551999986 0
vt 0.219999999 0.536000013 0
vt 0.432000011 0.544999957 0
vt 0.416000009 0.504999995 0
vt 0.439999998 0.509000003 0
vt 0.381000012 0.633000016 0
vt 0.218999997 0.495999992 0
vt 0.211999997 0.486000001 0
vt 0.240999997 0.487999976 0
vt 0.206 0.473999977 0
vt 0.194000006 0.486000001 0
vt 0.351999998 0.898000002 0
vt 0.384000003 0.879000008 0
vt 0.050999999 0.436999977 0
vt 0.34799999 0.898999989 0
vt 0.354999989 0.915000021 0
vt 0.256999999 0.638000011 0
vt 0.268000007 0.634000003 0
vt 0.27700001 0.636000037 0
vt 0.768999994 0.713 0
vt 0.759000003 0.723999977 0
vt 0.75999999 0.708000004 0
vt 0.75999999 0.736999989 0
vt 0.195999995 0.36500001 0
vt 0.181999996 0.38499999 0
vt 0.172000006 0.362999976 0
vt 0.202999994 0.338999987 0
vt 0.416999996 0.641000032 0
vt 0.419999987 0.588999987 0
vt 0.437999994 0.624000013 0
vt 0.456999987 0.629000008 0
vt 0.196999997 0.708999991 0
vt 0.208000004 0.689999998 0
vt 0.175999999 0.657000005 0
vt 0.182999998 0.675000012 0
vt 0.458000004 0.863999963 0
vt 0.411000013 0.843999982 0
vt 0.463999987 0.829999983 0
vt 0.476000011 0.863999963 0
vt 0.485000014 0.832000017 0
vt 0.513999999 0.866999984 0
vt 0.683000028 0.343999982 0
vt 0.666999996 0.329999983 0
vt 0.703000009 0.313000023 0
vt 0.662999988 0.366999984 0
vt 0.648999989 0.34799999 0
vt 0.675000012 0.356000006 0
vt 0.023 0.541999996 0
vt 0.352999985 0.801999986 0
vt 0.360000014 0.787999988 0
vt 0.375 0.792999983 0
vt 0.293000013 0.588999987 0
vt 0.280999988 0.583999991 0
vt 0.287999988 0.601000011 0
vt 0.273999989 0.592000008 0
vt 0.435000002 0.486999989 0
vt 0.902999997 0.44599998 0
vt 0.962000012 0.45599997 0
vt 0.182999998 0.322000027 0
vt 0.179000005 0.30400002 0
vt 0.194000006 0.283999979 0
vt 0.177000001 0.336000025 0
vt 0.0489999987 0.629000008 0
vt 0.050999999 0.616999984 0
vt 0.0680000037 0.618000031 0
vt 0.338 0.690999985 0
vt 0.0299999993 0.654999971 0
vt 0.361999989 0.671999991 0
vt 0.875 0.675000012 0
vt 0.89200002 0.66900003 0
vt 0.809000015 0.689999998 0
vt 0.81400001 0.675999999 0
vt 0.474999994 0.259000003 0
vt 0.596000016 0.228999972 0
vt 0.575999975 0.227999985 0
vt 0.0790000036 0.295000017 0
vt 0.0890000015 0.287999988 0
vt 0.0820000023 0.308000028 0
vt 0.061999999 0.308000028 0
vt 0.0729999989 0.301999986 0
vt 0.0729999989 0.314999998 0
vt 0.555999994 0.853999972 0
vt 0.549000025 0.776000023 0
vt 0.521000028 0.79400003 0
vt 0.179000005 0.537 0
vt 0.158999994 0.524999976 0
vt 0.166999996 0.521000028 0
vt 0.150000006 0.539000034 0
vt 0.143999994 0.552999973 0
vt 0.370000005 0.68900001 0
vt 0.386000007 0.680999994 0
vt 0.358999997 0.700999975 0
vt 0.488000005 0.223999977 0
vt 0.508000016 0.236000001 0
vt 0.504000008 0.17900002 0
vt 0.470999986 0.213 0
vt 0.495000005 0.160000026 0
vt 0.82099998 0.43599999 0
vt 0.82099998 0.408999979 0
vt 0.841000021 0.448000014 0
vt 0.833000004 0.495000005 0
vt 0.818000019 0.490999997 0
vt 0.847000003 0.467999995 0
vt 0.964999974 0.305999994 0
vt 0.916000009 0.283999979 0
vt 0.940999985 0.295000017 0
vt 0.0410000011 0.500999987 0
vt 0.0170000009 0.506000042 0
vt 0.363000005 0.819999993 0
vt 0.361000001 0.812000036 0
vt 0.375999987 0.805999994 0
vt 0.0989999995 0.348999977 0
vt 0.0790000036 0.328000009 0
vt 0.0729999989 0.383000016 0
vt 0.0900000036 0.371999979 0
vt 0.0879999995 0.402999997 0
vt 0.749000013 0.257000029 0
vt 0.773000002 0.244000018 0
vt 0.75999999 0.27700001 0
vt 0.72299999 0.199999988 0
vt 0.354000002 0.481999993 0
vt 0.321999997 0.45599997 0
vt 0.317000002 0.425000012 0
vt 0.293000013 0.42900002 0
vt 0.875 0.396000028 0
vt 0.888999999 0.384000003 0
vt 0.89200002 0.416000009 0
vt 0.867999971 0.373000026 0
vt 0.856999993 0.352999985 0
vt 0.191 0.726000011 0
vt 0.180000007 0.761999965 0
vt 0.180000007 0.731000006 0
vt 0.174999997 0.730000019 0
vt 0.175999999 0.759000003 0
vt 0.150999993 0.735000014 0
vt 0.746999979 0.0400000215 0
vt 0.785000026 0.0199999809 0
vt 0.944000006 0.723999977 0
vt 0.799000025 0.0329999924 0
vt 0.666999996 0.585000038 0
vt 0.666000009 0.597000003 0
vt 0.670000017 0.624000013 0
vt 0.472000003 0.387000024 0
vt 0.425999999 0.398000002 0
vt 0.421999991 0.373000026 0
vt 0.360000014 0.449000001 0
vt 0.0860000029 0.422999978 0
vt 0.0729999989 0.408999979 0
vt 0.0790000036 0.421000004 0
vt 0.827000022 0.273000002 0
vt 0.850000024 0.291999996 0
vt 0.836000025 0.292999983 0
vt 0.116999999 0.768000007 0
vt 0.126000002 0.782999992 0
vt 0.115000002 0.713999987 0
vt 0.0860000029 0.715999961 0
vt 0.363999993 0.717999995 0
vt 0.370999992 0.707000017 0
vt 0.379999995 0.74000001 0
vt 0.779999971 0.814999998 0
vt 0.727999985 0.81400001 0
vt 0.725000024 0.786000013 0
vt 0.699999988 0.81099999 0
vt 0.75 0.310000002 0
vt 0.745999992 0.328000009 0
vt 0.72299999 0.314999998 0
vt 0.735000014 0.311999977 0
vt 0.518000007 0.208999991 0
vt 0.555000007 0.213999987 0
vt 0.50999999 0.188000023 0
vt 0.518999994 0.147000015 0
vt 0.765999973 0.299000025 0
vt 0.94599998 0.712000012 0
vt 0.885999978 0.0320000052 0
vt 0.874000013 0.0400000215 0
vt 0.150000006 0.374000013 0
vt 0.136999995 0.375999987 0
vt 0.167999998 0.375999987 0
vt 0.152999997 0.356999993 0
vt 0.65200001 0.306999981 0
vt 0.629000008 0.302999973 0
vt 0.565999985 0.25999999 0
vt 0.55400002 0.245000005 0
vt 0.602999985 0.254999995 0
vt 0.361000001 0.707000017 0
vt 0.354000002 0.72299999 0
vt 0.331 0.725000024 0
vt 0.35800001 0.710000038 0
vt 0.342000008 0.0469999909 0
vt 0.375 0.0569999814 0
vt 0.363999993 0.0720000267 0
vt 0.386000007 0.0920000076 0
vt 0.38499999 0.152999997 0
vt 0.381000012 0.0950000286 0
vt 0.791999996 0.397000015 0
vt 0.795000017 0.379000008 0
vt 0.612999976 0.792999983 0
vt 0.601999998 0.822000027 0
vt 0.90200001 0.583999991 0
vt 0.64200002 0.111000001 0
vt 0.624000013 0.0559999943 0
vt 0.620999992 0.0870000124 0
vt 0.535000026 0.352999985 0
vt 0.536000013 0.316999972 0
vt 0.497000009 0.319999993 0
vt 0.579999983 0.287 0
vt 0.741999984 0.369000018 0
vt 0.75999999 0.362999976 0
vt 0.748000026 0.359000027 0
vt 0.754000008 0.345000029 0
vt 0.270000011 0.500999987 0
vt 0.294 0.503000021 0
vt 0.229000002 0.444999993 0
vt 0.754999995 0.903999984 0
vt 0.224999994 0.13499999 0
vt 0.400999993 0.848999977 0
vt 0.386999995 0.842000008 0
vt 0.397000015 0.815999985 0
vt 0.43599999 0.870999992 0
vt 0.405999988 0.869000018 0
vt 0.776000023 0.649999976 0
vt 0.739000022 0.659000039 0
vt 0.76700002 0.638000011 0
vt 0.757000029 0.662 0
vt 0.778999984 0.657000005 0
vt 0.246999994 0.623000026 0
vt 0.252000004 0.60800004 0
vt 0.252999991 0.618999958 0
vt 0.754000008 0.378000021 0
vt 0.765999973 0.375 0
vt 0.0879999995 0.55400002 0
vt 0.0810000002 0.565999985 0
vt 0.0439999998 0.564999998 0
vt 0.0659999996 0.578999996 0
vt 0.0410000011 0.585000038 0
vt 0.634000003 0.148000002 0
vt 0.60799998 0.115999997 0
vt 0.0729999989 0.200999975 0
vt 0.0979999974 0.189999998 0
vt 0.959999979 0.0960000157 0
vt 0.930000007 0.151000023 0
vt 0.925999999 0.125 0
vt 0.947000027 0.135999978 0
vt 0.527999997 0.470000029 0
vt 0.57099998 0.462000012 0
vt 0.574999988 0.148000002 0
vt 0.577000022 0.133000016 0
vt 0.60799998 0.138999999 0
vt 0.057 0.550000012 0
vt 0.0240000002 0.527999997 0
vt 0.0379999988 0.541000009 0
vt 0.64200002 0.703999996 0
vt 0.0659999996 0.255999982 0
vt 0.625999987 0.680999994 0
vt 0.772000015 0.129000008 0
vt 0.768999994 0.148000002 0
vt 0.314999998 0.111000001 0
vt 0.231999993 0.133000016 0
vt 0.252000004 0.0950000286 0
vt 0.264999986 0.143999994 0
vt 0.170000002 0.615999997 0
vt 0.160999998 0.600000024 0
vt 0.172000006 0.603999972 0
vt 0.882000029 0.82099998 0
vt 0.898999989 0.818000019 0
vt 0.906000018 0.847000003 0
vt 0.865999997 0.824000001 0
vt 0.676999986 0.677999973 0
vt 0.666999996 0.664999962 0
vt 0.656000018 0.682000041 0
vt 0.57099998 0.388000011 0
vt 0.601000011 0.412 0
vt 0.573000014 0.425999999 0
vt 0.921000004 0.574000001 0
vt 0.94599998 0.0630000234 0
vt 0.84799999 0.279999971 0
vt 0.832000017 0.264999986 0
vt 0.825999975 0.246999979 0
vt 0.816999972 0.230000019 0
vt 0.842000008 0.251999974 0
vt 0.178000003 0.448000014 0
vt 0.143999994 0.438000023 0
vt 0.157000005 0.454999983 0
vt 0.136000007 0.447000027 0
vt 0.116999999 0.730000019 0
vt 0.456 0.552999973 0
vt 0.442999989 0.555000007 0
vt 0.451999992 0.534000039 0
vt 0.978999972 0.382000029 0
vt 0.943000019 0.342000008 0
vt 0.469999999 0.539999962 0
vt 0.68599999 0.430000007 0
vt 0.694000006 0.412 0
vt 0.720000029 0.422999978 0
vt 0.726999998 0.393999994 0
vt 0.703999996 0.399999976 0
vt 0.179000005 0.403999984 0
vt 0.782999992 0.0749999881 0
vt 0.796999991 0.0609999895 0
vt 0.814999998 0.0780000091 0
vt 0.806999981 0.148000002 0
vt 0.870999992 0.907000005 0
vt 0.906000018 0.916999996 0
vt 0.425000012 0.646000028 0
vt 0.456999987 0.623000026 0
vt 0.103 0.575999975 0
vt 0.0979999974 0.590000033 0
vt 0.0860000029 0.588999987 0
vt 0.128000006 0.60800004 0
vt 0.125 0.623000026 0
vt 0.109999999 0.60800004 0
vt 0.842999995 0.296999991 0
vt 0.856999993 0.305000007 0
vt 0.84799999 0.315999985 0
vt 0.839999974 0.319999993 0
vt 0.802999973 0.324999988 0
vt 0.287999988 0.234000027 0
vt 0.328999996 0.237999976 0
vt 0.363000005 0.175000012 0
vt 0.375 0.199000001 0
vt 0.351000011 0.199000001 0
vt 0.589999974 0.0759999752 0
vt 0.605000019 0.0970000029 0
vt 0.586000025 0.0870000124 0
vt 0.598999977 0.0870000124 0
vt 0.123000003 0.560000002 0
vt 0.109999999 0.578999996 0
vt 0.116999999 0.588999987 0
vt 0.105999999 0.598999977 0
vt 0.801999986 0.833000004 0
vt 0.731999993 0.231000006 0
vt 0.721000016 0.236000001 0
vt 0.712000012 0.217000008 0
vt 0.749000013 0.217000008 0
vt 0.075000003 0.81400001 0
vt 0.39199999 0.537 0
vt 0.43599999 0.58099997 0
vt 0.414000005 0.55400002 0
vt 0.186000004 0.271000028 0
vt 0.345999986 0.239000022 0
vt 0.349999994 0.230000019 0
vt 0.36500001 0.235000014 0
vt 0.204999998 0.499000013 0
vt 0.218999997 0.809000015 0
vt 0.781000018 0.02700001 0
vt 0.779999971 0.0350000262 0
vt 0.76700002 0.0429999828 0
vt 0.0869999975 0.672999978 0
vt 0.103 0.692000031 0
vt 0.023 0.636000037 0
vt 0.0340000018 0.644999981 0
vt 0.194999993 0.756999969 0
vt 0.199000001 0.736999989 0
vt 0.218999997 0.73300004 0
vt 0.209999993 0.756999969 0
vt 0.609000027 0.157999992 0
vt 0.624000013 0.144999981 0
vt 0.625 0.152999997 0
vt 0.584999979 0.147000015 0
vt 0.254999995 0.427999973 0
vt 0.263000011 0.462000012 0
vt 0.246999994 0.440999985 0
vt 0.252000004 0.470000029 0
vt 0.82099998 0.140999973 0
vt 0.832000017 0.126999974 0
vt 0.836000025 0.148999989 0
vt 0.662 0.454999983 0
vt 0.713 0.43599999 0
vt 0.700999975 0.458999991 0
vt 0.135000005 0.342999995 0
vt 0.123999998 0.333999991 0
vt 0.118000001 0.329999983 0
vt 0.483999997 0.0680000186 0
vt 0.529999971 0.0960000157 0
vt 0.545000017 0.0989999771 0
vt 0.768999994 0.699000001 0
vt 0.749000013 0.697000027 0
vt 0.268999994 0.666000009 0
vt 0.280000001 0.643999994 0
vt 0.264999986 0.641000032 0
vt 0.256000012 0.654999971 0
vt 0.513000011 0.140999973 0
vt 0.532999992 0.112999976 0
vt 0.523999989 0.106999993 0
vt 0.136000007 0.255999982 0
vt 0.101999998 0.285000026 0
vt 0.158999994 0.260999978 0
vt 0.159999996 0.241999984 0
vt 0.661000013 0.249000013 0
vt 0.653999984 0.220000029 0
vt 0.684000015 0.228999972 0
vt 0.694999993 0.214999974 0
vt 0.374000013 0.119000018 0
vt 0.374000013 0.146000028 0
vt 0.497999996 0.129000008 0
vt 0.446999997 0.120000005 0
vt 0.224999994 0.0500000119 0
vt 0.25 0.0400000215 0
vt 0.254999995 0.0630000234 0
vt 0.0309999995 0.322000027 0
vt 0.609000027 0.616999984 0
vt 0.683000028 0.242999971 0
vt 0.689999998 0.279999971 0
vt 0.690999985 0.258000016 0
vt 0.219999999 0.421000004 0
vt 0.229000002 0.430999994 0
vt 0.237000003 0.416999996 0
vt 0.335999995 0.218999982 0
vt 0.340999991 0.199000001 0
vt 0.0209999997 0.628000021 0
vt 0.342000008 0.713999987 0
vt 0.0410000011 0.588 0
vt 0.0560000017 0.593999982 0
vt 0.910000026 0.466000021 0
vt 0.884000003 0.426999986 0
vt 0.870000005 0.399999976 0
vt 0.763000011 0.175999999 0
vt 0.75999999 0.208000004 0
vt 0.25 0.504000008 0
vt 0.0839999989 0.272000015 0
vt 0.118000001 0.257000029 0
vt 0.0799999982 0.279999971 0
vt 0.245000005 0.598999977 0
vt 0.261000007 0.560000002 0
vt 0.256999999 0.583999991 0
vt 0.241999999 0.583000004 0
vt 0.388000011 0.454999983 0
vt 0.40200001 0.276000023 0
vt 0.851999998 0.139999986 0
vt 0.848999977 0.152999997 0
vt 0.367000014 0.216000021 0
vt 0.381999999 0.207000017 0
vt 0.254999995 0.718999982 0
vt 0.259000003 0.699000001 0
vt 0.52700001 0.251999974 0
vt 0.522000015 0.231999993 0
vt 0.57099998 0.410000026 0
vt 0.587000012 0.399999976 0
vt 0.617999971 0.390999973 0
vt 0.634000003 0.388999999 0
vt 0.63499999 0.399999976 0
vt 0.777999997 0.114000022 0
vt 0.787999988 0.125 0
vt 0.779999971 0.143000007 0
vt 0.805999994 0.106000006 0
vt 0.802999973 0.11500001 0
vt 0.787 0.106999993 0
vt 0.462000012 0.916000009 0
vt 0.430000007 0.908999979 0
vt 0.200000003 0.67900002 0
vt 0.193000004 0.883000016 0
vt 0.141000003 0.36500001 0
vt 0.593999982 0.398000002 0
vt 0.60799998 0.402999997 0
vt 0.59799999 0.393000007 0
vt 0.953000009 0.328000009 0
vt 0.947000027 0.311999977 0
vt 0.975000024 0.341000021 0
vt 0.910000026 0.31400001 0
vt 0.419 0.382000029 0
vt 0.368000001 0.492999971 0
vt 0.400000006 0.370999992 0
vt 0.0810000002 0.361999989 0
vt 0.582000017 0.0339999795 0
vt 0.597000003 0.0780000091 0
vt 0.778999984 0.459999979 0
vt 0.813000023 0.476000011 0
vt 0.805999994 0.453000009 0
vt 0.0410000011 0.657999992 0
vt 0.0430000015 0.651000023 0
vt 0.0540000014 0.654999971 0
vt 0.0670000017 0.625 0
vt 0.063000001 0.638000011 0
vt 0.657000005 0.338999987 0
vt 0.621999979 0.316999972 0
vt 0.122000001 0.513000011 0
vt 0.141000003 0.508000016 0
vt 0.150000006 0.519999981 0
vt 0.141000003 0.518000007 0
vt 0.462000012 0.694000006 0
vt 0.465000004 0.672999978 0
vt 0.492000014 0.647000015 0
vt 0.513000011 0.440999985 0
vt 0.490999997 0.473999977 0
vt 0.495999992 0.463999987 0
vt 0.503000021 0.470000029 0
vt 0.188999996 0.125999987 0
vt 0.202999994 0.143000007 0
vt 0.635999978 0.26700002 0
vt 0.603999972 0.271000028 0
vt 0.612999976 0.259000003 0
vt 0.643000007 0.208999991 0
vt 0.598999977 0.211000025 0
vt 0.806999981 0.380999982 0
vt 0.788999975 0.412999988 0
vt 0.81099999 0.397000015 0
vt 0.123000003 0.430000007 0
vt 0.135000005 0.443000019 0
vt 0.128000006 0.431999981 0
vt 0.163000003 0.759000003 0
vt 0.136999995 0.754000008 0
vt 0.133000001 0.727999985 0
vt 0.298000008 0.495999992 0
vt 0.330000013 0.424000025 0
vt 0.324999988 0.441999972 0
vt 0.680999994 0.648000002 0
vt 0.683000028 0.615999997 0
vt 0.727999985 0.654000044 0
vt 0.824000001 0.207000017 0
vt 0.851000011 0.221000016 0
vt 0.125 0.444000006 0
vt 0.126000002 0.467000008 0
vt 0.513000011 0.806999981 0
vt 0.523999989 0.829999983 0
vt 0.574000001 0.814999998 0
vt 0.547999978 0.818000019 0
vt 0.736000001 0.72299999 0
vt 0.192000002 0.0479999781 0
vt 0.451999992 0.050999999 0
vt 0.167999998 0.07099998 0
vt 0.827000022 0.77700001 0
vt 0.809000015 0.75 0
vt 0.465000004 0.0519999862 0
vt 0.165999994 0.536000013 0
vt 0.158999994 0.54400003 0
vt 0.158999994 0.536000013 0
vt 0.143999994 0.531000018 0
vt 0.155000001 0.536000013 0
vt 0.643999994 0.667999983 0
vt 0.657000005 0.667999983 0
vt 0.600000024 0.15200001 0
vt 0.368999988 0.496999979 0
vt 0.423000008 0.417999983 0
vt 0.402999997 0.776000023 0
vt 0.393999994 0.759000003 0
vt 0.416000009 0.727999985 0
vt 0.0489999987 0.30400002 0
vt 0.236000001 0.57099998 0
vt 0.237000003 0.546999991 0
vt 0.0410000011 0.666999996 0
vt 0.0489999987 0.666000009 0
vt 0.323000014 0.656000018 0
vt 0.342000008 0.64199996 0
vt 0.907000005 0.478999972 0
vt 0.897000015 0.458999991 0
vt 0.700999975 0.323000014 0
vt 0.704999983 0.301999986 0
vt 0.216000006 0.57099998 0
vt 0.228 0.56400001 0
vt 0.233999997 0.582000017 0
vt 0.229000002 0.550999999 0
vt 0.728999972 0.07099998 0
vt 0.735000014 0.0849999785 0
vt 0.717999995 0.0669999719 0
vt 0.721000016 0.0569999814 0
vt 0.0480000004 0.694999993 0
vt 0.0520000011 0.710999966 0
vt 0.0590000004 0.731000006 0
vt 0.48300001 0.406000018 0
vt 0.460000008 0.407999992 0
vt 0.476000011 0.412999988 0
vt 0.460999995 0.425999999 0
vt 0.411000013 0.738999963 0
vt 0.386000007 0.74000001 0
vt 0.893000007 0.297999978 0
vt 0.164000005 0.352999985 0
vt 0.186000004 0.342999995 0
vt 0.949999988 0.797999978 0
vt 0.966000021 0.800999999 0
vt 0.975000024 0.823000014 0
vt 0.456999987 0.236000001 0
vt 0.433999985 0.221000016 0
vt 0.495999992 0.0370000005 0
vt 0.472000003 0.0389999747 0
vt 0.72299999 0.416000009 0
vt 0.700999975 0.406000018 0
vt 0.662 0.403999984 0
vt 0.949999988 0.764999986 0
vt 0.750999987 0.0230000019 0
vt 0.720000029 0.404999971 0
vt 0.727999985 0.378000021 0
vt 0.734000027 0.388999999 0
vt 0.694000006 0.245000005 0
vt 0.172999993 0.647000015 0
vt 0.173999995 0.628000021 0
vt 0.730000019 0.421999991 0
vt 0.736000001 0.436999977 0
vt 0.73299998 0.407000005 0
vt 0.726999998 0.41900003 0
vt 0.726000011 0.408999979 0
vt 0.160999998 0.375999987 0
vt 0.143000007 0.353999972 0
vt 0.128000006 0.662999988 0
vt 0.602999985 0.0799999833 0
vt 0.465000004 0.620000005 0
vt 0.448000014 0.618000031 0
vt 0.605000019 0.459999979 0
vt 0.635999978 0.448000014 0
vt 0.638000011 0.416999996 0
vt 0.674000025 0.439999998 0
vt 0.800999999 0.858999968 0
vt 0.776000023 0.833000004 0
vt 0.126000002 0.675000012 0
vt 0.125 0.692999959 0
vt 0.0960000008 0.708999991 0
vt 0.111000001 0.708000004 0
vt 0.50999999 0.473999977 0
vt 0.515999973 0.466000021 0
vt 0.426999986 0.778999984 0
vt 0.458000004 0.743999958 0
vt 0.407000005 0.799000025 0
vt 0.204999998 0.117999971 0
vt 0.135000005 0.913999975 0
vt 0.832000017 0.669999957 0
vt 0.871999979 0.666999996 0
vt 0.841000021 0.676999986 0
vt 0.391000003 0.852999985 0
vt 0.398000002 0.866999984 0
vt 0.25999999 0.0310000181 0
vt 0.331 0.02700001 0
vt 0.921000004 0.0960000157 0
vt 0.921999991 0.0759999752 0
vt 0.749000013 0.59799999 0
vt 0.799000025 0.595000029 0
vt 0.573000014 0.888999999 0
vt 0.598999977 0.838 0
vt 0.123999998 0.595999956 0
vt 0.218999997 0.72299999 0
vt 0.228 0.72299999 0
vt 0.25 0.722000003 0
vt 0.240999997 0.726999998 0
vt 0.456 0.694000006 0
vt 0.449999988 0.680000007 0
vt 0.89200002 0.177999973 0
vt 0.904999971 0.157000005 0
vt 0.893999994 0.370999992 0
vt 0.920000017 0.342999995 0
vt 0.0340000018 0.598999977 0
vt 0.0390000008 0.613999963 0
vt 0.0240000002 0.60800004 0
vt 0.0250000004 0.587000012 0
vt 0.0179999992 0.578000009 0
vt 0.483999997 0.646000028 0
vt 0.467999995 0.654999971 0
vt 0.486999989 0.659000039 0
vt 0.448000014 0.449000001 0
vt 0.462000012 0.450999975 0
vt 0.284000009 0.146000028 0
vt 0.296999991 0.132000029 0
vt 0.316000015 0.156000018 0
vt 0.294 0.180999994 0
vt 0.263999999 0.680000007 0
vt 0.586000025 0.508000016 0
vt 0.0489999987 0.532000005 0
vt 0.0489999987 0.555999994 0
vt 0.614000022 0.291000009 0
vt 0.643000007 0.278999984 0
vt 0.592000008 0.308000028 0
vt 0.578000009 0.297999978 0
vt 0.193000004 0.689999998 0
vt 0.187999994 0.700999975 0
vt 0.194999993 0.68599999 0
vt 0.0850000009 0.523999989 0
vt 0.0979999974 0.508000016 0
vt 0.282000005 0.116999984 0
vt 0.268000007 0.172999978 0
vt 0.275000006 0.436999977 0
vt 0.268000007 0.408999979 0
vt 0.275000006 0.421000004 0
vt 0.268000007 0.41900003 0
vt 0.84799999 0.648999989 0
vt 0.791999996 0.652999997 0
vt 0.806999981 0.654999971 0
vt 0.486999989 0.89200002 0
vt 0.529999971 0.848999977 0
vt 0.0599999987 0.534000039 0
vt 0.0579999983 0.509000003 0
vt 0.050999999 0.518000007 0
vt 0.165999994 0.322000027 0
vt 0.171000004 0.305000007 0
vt 0.151999995 0.299000025 0
vt 0.160999998 0.314999998 0
vt 0.856000006 0.49000001 0
vt 0.853999972 0.462000012 0
vt 0.860000014 0.453999996 0
vt 0.597000003 0.241999984 0
vt 0.365999997 0.09799999 0
vt 0.351999998 0.0759999752 0
vt 0.0689999983 0.720000029 0
vt 0.0560000017 0.676999986 0
vt 0.0610000007 0.694999993 0
vt 0.0489999987 0.675999999 0
vt 0.229000002 0.79400003 0
vt 0.697000027 0.519999981 0
vt 0.736999989 0.516000032 0
vt 0.694999993 0.509000003 0
vt 0.560000002 0.73300004 0
vt 0.0250000004 0.601999998 0
vt 0.397000015 0.893000007 0
vt 0.0430000015 0.638999999 0
vt 0.0879999995 0.827000022 0
vt 0.0829999968 0.810000002 0
vt 0.397000015 0.406000018 0
vt 0.397000015 0.0400000215 0
vt 0.393000007 0.300999999 0
vt 0.407000005 0.0370000005 0
vt 0.064000003 0.48299998 0
vt 0.064000003 0.449999988 0
vt 0.657999992 0.02700001 0
vt 0.925000012 0.822000027 0
vt 0.971000016 0.846000016 0
vt 0.0309999995 0.625999987 0
vt 0.0260000005 0.620999992 0
vt 0.661000013 0.382000029 0
vt 0.677999973 0.370999992 0
vt 0.788999975 0.143999994 0
vt 0.773999989 0.144999981 0
vt 0.795000017 0.180999994 0
vt 0.187999994 0.789000034 0
vt 0.179000005 0.784999967 0
vt 0.061999999 0.424000025 0
vt 0.0700000003 0.433000028 0
vt 0.0700000003 0.404999971 0
vt 0.0810000002 0.319000006 0
vt 0.0729999989 0.327000022 0
vt 0.0769999996 0.301999986 0
vt 0.805999994 0.389999986 0
vt 0.063000001 0.29400003 0
vt 0.0599999987 0.301999986 0
vt 0.611999989 0.674000025 0
vt 0.150000006 0.481000006 0
vt 0.136999995 0.481000006 0
vt 0.143000007 0.472000003 0
vt 0.778999984 0.165000021 0
vt 0.943000019 0.68900001 0
vt 0.81400001 0.0440000296 0
vt 0.933000028 0.680000007 0
vt 0.908999979 0.661000013 0
vt 0.861000001 0.0329999924 0
vt 0.160999998 0.480000019 0
vt 0.152999997 0.472000003 0
vt 0.158000007 0.468999982 0
vt 0.552999973 0.674000025 0
vt 0.558000028 0.694000006 0
vt 0.537 0.659000039 0
vt 0.458000004 0.406000018 0
vt 0.412999988 0.407999992 0
vt 0.361999989 0.496999979 0
vt 0.635999978 0.647000015 0
vt 0.648000002 0.651000023 0
vt 0.156000003 0.590000033 0
vt 0.163000003 0.588999987 0
vt 0.950999975 0.893000007 0
vt 0.633000016 0.02700001 0
vt 0.597000003 0.0329999924 0
vt 0.787999988 0.588999987 0
vt 0.561999977 0.89200002 0
vt 0.704999983 0.226000011 0
vt 0.0700000003 0.499000013 0
vt 0.728999972 0.891000032 0
vt 0.699999988 0.875 0
vt 0.358999997 0.569999993 0
vt 0.0700000003 0.774999976 0
vt 0.0850000009 0.578999996 0
vt 0.063000001 0.565999985 0
vt 0.075000003 0.572000027 0
vt 0.658999979 0.26700002 0
vt 0.624000013 0.25 0
vt 0.639999986 0.230000019 0
vt 0.442000002 0.692999959 0
vt 0.781000018 0.692999959 0
vt 0.323000014 0.202000022 0
vt 0.335000008 0.211000025 0
vt 0.298000008 0.204999983 0
vt 0.143000007 0.526000023 0
vt 0.151999995 0.529000044 0
vt 0.785000026 0.613000035 0
vt 0.799000025 0.641000032 0
vt 0.810000002 0.65200001 0
vt 0.795000017 0.647000015 0
vt 0.93900001 0.110000014 0
vt 0.135000005 0.504000008 0
vt 0.148000002 0.504000008 0
vt 0.137999997 0.492999971 0
vt 0.39199999 0.0529999733 0
vt 0.386999995 0.0649999976 0
vt 0.745999992 0.296999991 0
vt 0.745999992 0.315999985 0
vt 0.737999976 0.302999973 0
vt 0.197999999 0.426999986 0
vt 0.185000002 0.402999997 0
vt 0.196999997 0.413999975 0
vt 0.199000001 0.440999985 0
vt 0.194000006 0.444000006 0
vt 0.68599999 0.592999995 0
vt 0.718999982 0.308000028 0
vt 0.717000008 0.316999972 0
vt 0.712000012 0.301999986 0
vt 0.662999988 0.680999994 0
vt 0.676999986 0.119000018 0
vt 0.691999972 0.853999972 0
vt 0.157000005 0.162999988 0
vt 0.675999999 0.828999996 0
vt 0.147 0.170000017 0
vt 0.153999999 0.175999999 0
vt 0.833000004 0.0939999819 0
vt 0.89200002 0.0780000091 0
vt 0.82099998 0.0899999738 0
vt 0.823000014 0.106000006 0
vt 0.800999999 0.0929999948 0
vt 0.187999994 0.457000017 0
vt 0.340000004 0.397000015 0
vt 0.331999987 0.417999983 0
vt 0.326999992 0.389999986 0
vt 0.136000007 0.167999983 0
vt 0.674000025 0.812999964 0
vt 0.676999986 0.797999978 0
vt 0.381999999 0.745000005 0
vt 0.388000011 0.743999958 0
vt 0.723999977 0.687999964 0
vt 0.708000004 0.692999959 0
vt 0.856999993 0.374000013 0
vt 0.880999982 0.648000002 0
vt 0.882000029 0.605000019 0
vt 0.867999971 0.644999981 0
vt 0.181999996 0.720000029 0
vt 0.829999983 0.86500001 0
vt 0.342999995 0.371999979 0
vt 0.352999985 0.370000005 0
vt 0.671999991 0.389999986 0
vt 0.674000025 0.401000023 0
vt 0.975000024 0.832000017 0
vt 0.703999996 0.789000034 0
vt 0.727999985 0.756999969 0
vt 0.0759999976 0.291000009 0
vt 0.569999993 0.271000028 0
vt 0.587000012 0.601999998 0
vt 0.609000027 0.592000008 0
vt 0.418000013 0.938000023 0
vt 0.402999997 0.938000023 0
vt 0.921999991 0.687999964 0
vt 0.930999994 0.685000002 0
vt 0.920000017 0.692000031 0
vt 0.84799999 0.200999975 0
vt 0.185000002 0.893000007 0
vt 0.196999997 0.893000007 0
vt 0.859000027 0.504999995 0
vt 0.614000022 0.605000019 0
vt 0.61500001 0.588999987 0
vt 0.0359999985 0.662 0
vt 0.381000012 0.832000017 0
vt 0.386000007 0.812000036 0
vt 0.0949999988 0.484000027 0
vt 0.0979999974 0.481000006 0
vt 0.107000001 0.48299998 0
vt 0.351999998 0.492999971 0
vt 0.347000003 0.481999993 0
vt 0.229000002 0.657999992 0
vt 0.237000003 0.625999987 0
vt 0.236000001 0.638999999 0
vt 0.625999987 0.588999987 0
vt 0.349000007 0.656000018 0
vt 0.361999989 0.659000039 0
vt 0.75999999 0.613000035 0
vt 0.772000015 0.598999977 0
vt 0.768999994 0.620000005 0
vt 0.823000014 0.361999989 0
vt 0.837000012 0.301999986 0
vt 0.189999998 0.59799999 0
vt 0.173999995 0.593999982 0
vt 0.629000008 0.100000024 0
vt 0.623000026 0.111999989 0
vt 0.779999971 0.0939999819 0
vt 0.170000002 0.172999978 0
vt 0.272000015 0.231999993 0
vt 0.171000004 0.166000009 0
vt 0.165000007 0.177999973 0
vt 0.865999997 0.467000008 0
vt 0.876999974 0.438000023 0
vt 0.104999997 0.241999984 0
vt 0.976999998 0.231000006 0
vt 0.609000027 0.81099999 0
vt 0.699999988 0.258000016 0
vt 0.404000014 0.16900003 0
vt 0.286000013 0.361999989 0
vt 0.143999994 0.228999972 0
vt 0.233999997 0.374000013 0
vt 0.0979999974 0.847000003 0
vt 0.0909999982 0.853999972 0
vt 0.0989999995 0.856999993 0
vt 0.116999999 0.846000016 0
vt 0.848999977 0.0820000172 0
vt 0.917999983 0.0789999962 0
vt 0.0829999968 0.352999985 0
vt 0.0930000022 0.35799998 0
vt 0.0780000016 0.352999985 0
vt 0.0649999976 0.364000022 0
vt 0.188999996 0.68599999 0
vt 0.757000029 0.68599999 0
vt 0.101999998 0.879000008 0
vt 0.0939999968 0.888999999 0
vt 0.0920000002 0.870000005 0
vt 0.606999993 0.773000002 0
vt 0.187999994 0.334999979 0
vt 0.206 0.356000006 0
vt 0.103 0.634000003 0
vt 0.108000003 0.618999958 0
vt 0.115999997 0.629999995 0
vt 0.82099998 0.0879999995 0
vt 0.846000016 0.0789999962 0
vt 0.859000027 0.31099999 0
vt 0.852999985 0.33099997 0
vt 0.871999979 0.310000002 0
vt 0.529999971 0.908999979 0
vt 0.551999986 0.901000023 0
vt 0.768999994 0.592000008 0
vt 0.549000025 0.884000003 0
vt 0.536000013 0.869000018 0
vt 0.123000003 0.634000003 0
vt 0.125 0.652999997 0
vt 0.119999997 0.65200001 0
vt 0.566999972 0.0889999866 0
vt 0.949000001 0.112999976 0
vt 0.967000008 0.119000018 0
vt 0.294 0.109000027 0
vt 0.349999994 0.810000002 0
vt 0.00800000038 0.513999999 0
vt 0.0219999999 0.518000007 0
vt 0.0149999997 0.531000018 0
vt 0.34799999 0.784999967 0
vt 0.150999993 0.828000009 0
vt 0.167999998 0.838 0
vt 0.400000006 0.680000007 0
vt 0.419999987 0.656000018 0
vt 0.395999998 0.67900002 0
vt 0.91900003 0.225000024 0
vt 0.924000025 0.245999992 0
vt 0.907000005 0.248000026 0
vt 0.521000028 0.410000026 0
vt 0.340000004 0.756999969 0
vt 0.326999992 0.741999984 0
vt 0.439999998 0.887000024 0
vt 0.0860000029 0.810000002 0
vt 0.0810000002 0.817000031 0
vt 0.601000011 0.236000001 0
vt 0.81400001 0.125 0
vt 0.129999995 0.758000016 0
vt 0.129999995 0.777999997 0
vt 0.776000023 0.404999971 0
vt 0.778999984 0.416999996 0
vt 0.643999994 0.158999979 0
vt 0.178000003 0.527999997 0
vt 0.189999998 0.529000044 0
vt 0.398999989 0.797999978 0
vt 0.400999993 0.807999969 0
vt 0.123999998 0.833999991 0
vt 0.486999989 0.736000001 0
vt 0.674000025 0.208999991 0
vt 0.123999998 0.587000012 0
vt 0.108999997 0.56400001 0
vt 0.69599998 0.299000025 0
vt 0.162 0.393999994 0
vt 0.165000007 0.38499999 0
vt 0.713999987 0.687999964 0
vt 0.654999971 0.375 0
vt 0.912999988 0.171000004 0
vt 0.865999997 0.149999976 0
vt 0.882000029 0.166999996 0
vt 0.662 0.733999968 0
vt 0.66900003 0.258000016 0
vt 0.68599999 0.369000018 0
vt 0.240999997 0.615999997 0
vt 0.244000003 0.606999993 0
vt 0.377000004 0.843999982 0
vt 0.34799999 0.832000017 0
vt 0.203999996 0.463 0
vt 0.222000003 0.473999977 0
vt 0.104000002 0.909999967 0
vt 0.0340000018 0.63499999 0
vt 0.839999974 0.111000001 0
vt 0.254000008 0.66900003 0
vt 0.532999992 0.0310000181 0
vt 0.959999979 0.818000019 0
vt 0.219999999 0.0379999876 0
vt 0.194000006 0.539000034 0
vt 0.185000002 0.542999983 0
vt 0.266000003 0.489000022 0
vt 0.268000007 0.0799999833 0
vt 0.186000004 0.800000012 0
vt 0.442999989 0.523999989 0
vt 0.97299999 0.412 0
vt 0.940999985 0.408999979 0
vt 0.166999996 0.616999984 0
vt 0.312000006 0.447000027 0
vt 0.30399999 0.447000027 0
vt 0.300000012 0.43900001 0
vt 0.305000007 0.463 0
vt 0.684000015 0.222000003 0
vt 0.833999991 0.801999986 0
vt 0.870000005 0.801999986 0
vt 0.298000008 0.443000019 0
vt 0.289999992 0.43599999 0
vt 0.735000014 0.18900001 0
vt 0.65200001 0.657000005 0
vt 0.222000003 0.786000013 0
vt 0.587000012 0.355000019 0
vt 0.555000007 0.333000004 0
vt 0.0670000017 0.508000016 0
vt 0.234999999 0.703999996 0
vt 0.244000003 0.708000004 0
vt 0.575999975 0.490999997 0
vt 0.57099998 0.471000016 0
vt 0.591000021 0.462000012 0
vt 0.740999997 0.664999962 0
vt 0.0329999998 0.583999991 0
vt 0.273999989 0.68900001 0
vt 0.683000028 0.407000005 0
vt 0.683000028 0.398999989 0
vt 0.685000002 0.415000021 0
vt 0.714999974 0.296999991 0
vt 0.813000023 0.257000029 0
vt 0.0780000016 0.578000009 0
vt 0.0820000023 0.59799999 0
vt 0.0719999969 0.583000004 0
vt 0.158000007 0.513000011 0
vt 0.199000001 0.720000029 0
vt 0.72299999 0.380999982 0
vt 0.707000017 0.374000013 0
vt 0.123000003 0.175999999 0
vt 0.120999999 0.171999991 0
vt 0.61500001 0.449000001 0
vt 0.388000011 0.0320000052 0
vt 0.382999986 0.0429999828 0
vt 0.133000001 0.351999998 0
vt 0.128999993 0.810000002 0
vt 0.130999997 0.814999998 0
vt 0.127000004 0.833000004 0
vt 0.137999997 0.814999998 0
vt 0.386999995 0.0720000267 0
vt 0.938000023 0.0809999704 0
vt 0.944999993 0.0899999738 0
vt 0.930999994 0.0830000043 0
vt 0.0719999969 0.654999971 0
vt 0.947000027 0.702000022 0
vt 0.785000026 0.050999999 0
vt 0.934000015 0.316999972 0
vt 0.930999994 0.333000004 0
vt 0.916000009 0.316999972 0
vt 0.927999973 0.305000007 0
vt 0.379000008 0.699000001 0
vt 0.792999983 0.0440000296 0
vt 0.252999991 0.708000004 0
vt 0.263000011 0.703999996 0
vt 0.513000011 0.636999965 0
vt 0.490999997 0.639999986 0
vt 0.486000001 0.639999986 0
vt 0.709999979 0.0590000153 0
vt 0.693000019 0.0389999747 0
vt 0.259000003 0.513000011 0
vt 0.808000028 0.138000011 0
vt 0.788999975 0.355000019 0
vt 0.797999978 0.36500001 0
vt 0.219999999 0.172999978 0
vt 0.850000024 0.353999972 0
vt 0.846000016 0.332000017 0
vt 0.911000013 0.259000003 0
vt 0.95599997 0.245000005 0
vt 0.708999991 0.119000018 0
vt 0.224999994 0.529999971 0
vt 0.721000016 0.375999987 0
vt 0.101999998 0.869000018 0
vt 0.108999997 0.871999979 0
vt 0.152999997 0.572000027 0
vt 0.629999995 0.183000028 0
vt 0.643999994 0.0879999995 0
vt 0.667999983 0.0780000091 0
vt 0.75 0.339999974 0
vt 0.791999996 0.791999996 0
vt 0.782000005 0.81400001 0
vt 0.0989999995 0.601000011 0
vt 0.72299999 0.444999993 0
vt 0.541000009 0.80400002 0
vt 0.616999984 0.406000018 0
vt 0.100000001 0.606000006 0
vt 0.0810000002 0.615999997 0
vt 0.137999997 0.89200002 0
vt 0.137999997 0.422999978 0
vt 0.0500000007 0.498000026 0
vt 0.801999986 0.675999999 0
vt 0.389999986 0.592000008 0
vt 0.397000015 0.611999989 0
vt 0.547999978 0.408999979 0
vt 0.319999993 0.459999979 0
vt 0.757000029 0.712000012 0
vt 0.218999997 0.393999994 0
vt 0.221000001 0.385999978 0
vt 0.209000006 0.364000022 0
vt 0.723999977 0.819999993 0
vt 0.975000024 0.240999997 0
vt 0.751999974 0.707000017 0
vt 0.709999979 0.203999996 0
vt 0.704999983 0.208000004 0
vt 0.588 0.75999999 0
vt 0.58099997 0.731999993 0
vt 0.588999987 0.763999999 0
vt 0.697000027 0.225000024 0
vt 0.537999988 0.654000044 0
vt 0.572000027 0.74000001 0
vt 0.699000001 0.397000015 0
vt 0.556999981 0.467999995 0
vt 0.558000028 0.735000014 0
vt 0.25 0.641000032 0
vt 0.575999975 0.32099998 0
vt 0.170000002 0.459999979 0
vt 0.566999972 0.720999956 0
vt 0.565999985 0.70599997 0
vt 0.467999995 0.901000023 0
vt 0.280000001 0.574999988 0
vt 0.120999999 0.851000011 0
vt 0.312999994 0.430999994 0
vt 0.159999996 0.812999964 0
vt 0.425000012 0.932999969 0
vt 0.497000009 0.296999991 0
vt 0.333000004 0.476999998 0
vt 0.592999995 0.156000018 0
vt 0.326000005 0.0410000086 0
vt 0.0670000017 0.560000002 0
vt 0.467999995 0.812000036 0
vt 0.128000006 0.705000043 0
vt 0.128000006 0.728999972 0
vt 0.138999999 0.715999961 0
vt 0.134000003 0.682999969 0
vt 0.546999991 0.0899999738 0
vt 0.537999988 0.0630000234 0
vt 0.210999995 0.67900002 0
vt 0.460999995 0.40200001 0
vt 0.128000006 0.745999992 0
vt 0.128000006 0.774999976 0
vt 0.479999989 0.0469999909 0
vt 0.0810000002 0.891000032 0
vt 0.737999976 0.388999999 0
vt 0.363999993 0.166999996 0
vt 0.757000029 0.692000031 0
vt 0.057 0.47299999 0
vt 0.0689999983 0.761999965 0
vt 0.72299999 0.323000014 0
vt 0.384000003 0.894999981 0
vt 0.393000007 0.879999995 0
vt 0.0960000008 0.560000002 0
vt 0.796999991 0.680999994 0
vt 0.358999997 0.912 0
vt 0.58099997 0.562000036 0
vt 0.574999988 0.56099999 0
vt 0.577000022 0.577000022 0
vt 0.153999999 0.544999957 0
vt 0.158999994 0.552999973 0
vt 0.191 0.80400002 0
vt 0.822000027 0.912 0
vt 0.839999974 0.930999994 0
vt 0.862999976 0.484000027 0
vt 0.546000004 0.134000003 0
vt 0.690999985 0.588 0
vt 0.672999978 0.588 0
vt 0.528999984 0.129000008 0
vt 0.680000007 0.412 0
vt 0.252000004 0.163999975 0
vt 0.349000007 0.774999976 0
vt 0.115999997 0.698000014 0
vt 0.0810000002 0.347000003 0
vt 0.686999977 0.438000023 0
vt 0.720000029 0.427999973 0
vt 0.75 0.66900003 0
vt 0.616999984 0.101000011 0
vt 0.740999997 0.239000022 0
vt 0.736999989 0.246999979 0
vt 0.726000011 0.246999979 0
vt 0.268000007 0.618000031 0
vt 0.365999997 0.486000001 0
vt 0.312999994 0.468999982 0
vt 0.616999984 0.791999996 0
vt 0.611999989 0.778999984 0
vt 0.0920000002 0.282999992 0
vt 0.783999979 0.602999985 0
vt 0.449999988 0.703000009 0
vt 0.0109999999 0.438000023 0
vt 0.561999977 0.690999985 0
vt 0.884000003 0.870000005 0
vt 0.888000011 0.840000033 0
vt 0.717999995 0.286000013 0
vt 0.00800000038 0.506000042 0
vt 0.754999995 0.322000027 0
vt 0.225999996 0.470000029 0
vt 0.757000029 0.333999991 0
vt 0.750999987 0.334999979 0
vt 0.832000017 0.254999995 0
vt 0.842999995 0.272000015 0
vt 0.853999972 0.274999976 0
vt 0.284999996 0.435000002 0
vt 0.0769999996 0.272000015 0
vt 0.596000016 0.454999983 0
vt 0.672999978 0.592999995 0
vt 0.749000013 0.16900003 0
vt 0.474000007 0.654999971 0
vt 0.769999981 0.154999971 0
vt 0.240999997 0.636000037 0
vt 0.391000003 0.891000032 0
vt 0.143999994 0.541999996 0
vt 0.187999994 0.495000005 0
vt 0.187000006 0.624000013 0
vt 0.510999978 0.462000012 0
vt 0.503000021 0.45599997 0
vt 0.149000004 0.34799999 0
vt 0.897000015 0.751999974 0
vt 0.384000003 0.403999984 0
vt 0.381999999 0.410000026 0
vt 0.214000002 0.715999961 0
vt 0.864000022 0.441999972 0
vt 0.558000028 0.907999992 0
vt 0.100000001 0.768999994 0
vt 0.936999977 0.24000001 0
vt 0.0949999988 0.301999986 0
vt 0.451000005 0.459999979 0
vt 0.317000002 0.366999984 0
vt 0.300999999 0.35799998 0
vt 0.136999995 0.667999983 0
vt 0.926999986 0.682000041 0
vt 0.165000007 0.476999998 0
vt 0.907000005 0.671000004 0
vt 0.0670000017 0.52700001 0
vt 0.563000023 0.789000034 0
vt 0.504000008 0.120000005 0
vt 0.694000006 0.676999986 0
vt 0.704999983 0.680000007 0
vt 0.963999987 0.242999971 0
vt 0.172999993 0.467999995 0
vt 0.561999977 0.870999992 0
vt 0.187000006 0.809000015 0
vt 0.206 0.725000024 0
vt 0.210999995 0.687000036 0
vt 0.128000006 0.638000011 0
vt 0.129999995 0.623000026 0
vt 0.330000013 0.366999984 0
vt 0.790000021 0.11500001 0
vt 0.0659999996 0.748000026 0
vt 0.101999998 0.562999964 0
vt 0.347000003 0.207000017 0
vt 0.898999989 0.265999973 0
vt 0.36500001 0.641000032 0
vt 0.850000024 0.592999995 0
vt 0.101000004 0.353999972 0
vt 0.107000001 0.621999979 0
vt 0.0769999996 0.362999976 0
vt 0.614000022 0.398999989 0
vt 0.58099997 0.394999981 0
vt 0.442000002 0.242999971 0
vt 0.432999998 0.235000014 0
vt 0.0960000008 0.908999979 0
vt 0.805000007 0.31400001 0
vt 0.560000002 0.702000022 0
vt 0.611000001 0.282000005 0
vt 0.48300001 0.603999972 0
vt 0.050999999 0.308000028 0
vt 0.119000003 0.73300004 0
vt 0.180000007 0.631000042 0
vt 0.654999971 0.736000001 0
vt 0.606999993 0.0910000205 0
vt 0.617999971 0.111999989 0
vt 0.75 0.324999988 0
vt 0.301999986 0.478999972 0
vt 0.305000007 0.486000001 0
vt 0.561999977 0.407999992 0
vt 0.769999981 0.689999998 0
vt 0.759000003 0.700999975 0
vt 0.763000011 0.692999959 0
vt 0.268999994 0.585999966 0
vt 0.504000008 0.221000016 0
vt 0.25 0.393000007 0
vt 0.140000001 0.242999971 0
vt 0.583000004 0.459999979 0
vt 0.739000022 0.394999981 0
vt 0.372000009 0.569999993 0
vt 0.81400001 0.648000002 0
vt 0.906000018 0.708000004 0
vt 0.0529999994 0.48299998 0
vt 0.105999999 0.906000018 0
vt 0.63499999 0.618000031 0
vt 0.100000001 0.500999987 0
vt 0.404000014 0.666000009 0
vt 0.953999996 0.379999995 0
vt 0.391000003 0.939999998 0
vt 0.0529999994 0.555000007 0

# 1999 vertex normals
vn 1.79400003 -89.0469971 45.4690018
vn 13.5500002 -89.0739975 43.3849983
vn 13.8360004 -89.1009979 43.237999
vn -36.1479988 -12.1999998 92.435997
vn -36.2579994 -5.17299986 93.0510025
vn -33.5620003 -12.4869995 93.3679962
vn 66.810997 34.5579987 65.8939972
vn 67.7269974 39.2649994 62.2200012
vn 67.5979996 27.5699997 68.3399963
vn 54.3959999 38.4770012 -74.5699997
vn 56.3880005 41.8979988 -71.1679993
vn 51.0760002 53.9039993 -66.973999
vn -75.1409988 4.12400007 -65.8539963
vn -75.6289978 9.35200024 -64.7519989
vn -77.6169968 5.69899988 -62.7939987
vn -4.90399981 -66.2740021 -74.723999
vn -0.289999992 -57.0890007 -82.1019974
vn -7.31799984 -71.8710022 -69.1449966
vn -76.3610001 30.0529995 -57.1459999
vn -71.3759995 31.7679996 -62.4199982
vn -72.697998 30.8309994 -61.3549995
vn -26.1000004 58.9959984 76.4079971
vn -23.1399994 51.098999 82.7860031
vn -32.7159996 52.625 78.4869995
vn 85.5559998 35.4900017 -37.6910019
vn 81.1709976 15.0740004 -56.4280014
vn 85.8010025 33.0820007 -39.2900009
vn 16.2089996 -86.3710022 47.7210007
vn 22.3920002 -79.7720032 55.9910011
vn 21.0330009 -82.7559967 52.0489998
vn -76.5220032 42.9749985 47.9319992
vn -81.6790009 46.6769981 33.9099998
vn -74.8440018 43.5099983 50.0519981
vn -66.0319977 1.87899995 75.0749969
vn -81.0739975 -0.601999998 58.5369987
vn -66.8209991 -1.31299996 74.3860016
vn -63.0149994 -46.0979996 -62.4830017
vn -46.4939995 -56.1819992 -68.4250031
vn -58.1580009 -58.2360001 -56.7999992
vn -13.2980003 -66.9179993 73.1100006
vn -10.3599997 -71.5719986 69.0670013
vn -15.066 -71.9469986 67.7990036
vn 43.2830009 -6.0710001 -89.9430008
vn 41.5750008 -8.14000034 -90.5830002
vn 40.6839981 -1.25 -91.3420029
vn 73.9840012 50.7299995 44.1910019
vn 88.8219986 33.9889984 30.9099998
vn 80.6119995 47.4090004 35.4140015
vn 64.0699997 71.7350006 27.3700008
vn 62.0050011 69.5699997 36.269001
vn 62.1430016 61.4469986 48.605999
vn -9.61299992 20.3700008 97.4300003
vn -6.25199986 17.8339996 98.197998
vn -15.0349998 21.7999992 96.4300003
vn -85.1279984 11.0299997 51.2989998
vn -86.711998 4.49399996 49.6080017
vn -87.2040024 -2.58500004 48.875
vn -16.5669994 -84.3130035 51.1549988
vn -41.1409988 -74.1039963 53.0670013
vn -21.3929996 -84.5429993 48.9370003
vn 82.314003 -51.5309982 -23.8530006
vn 88.2610016 -45.2739983 -12.6610003
vn 86.5690002 -47.1930008 16.6930008
vn -2.26800013 -54.2220001 -83.9929962
vn -18.4820004 -47.4129982 -86.0839996
vn -78.3690033 28.8099995 -55.0299988
vn -77.4100037 31.5300007 -54.8959999
vn -74.5110016 34.2700005 -57.2159996
vn 80.8889999 55.9650002 -18.0249996
vn 87.4179993 48.5600014 0.0780000016
vn 72.3199997 59.9529991 -34.2859993
vn -8.9090004 -63.2459984 76.9449997
vn 68.9570007 30.9909992 65.4560013
vn 84.0920029 24.4239998 48.2910004
vn 67.5579987 34.1310005 65.3529968
vn 72.1920013 5.26999998 -68.9970016
vn 78.7149963 2.99699998 -61.6030006
vn 84.5800018 -27.7520008 -45.5639992
vn 50.6780014 47.7779999 -71.7570038
vn 21.3199997 50.2029991 -83.8160019
vn 28.7159996 60.6399994 -74.1500015
vn 3.72200012 -96.973999 24.1270008
vn 7.41499996 -96.822998 23.8799992
vn 3.6329999 -98.1520004 18.7880001
vn -26.2849998 -89.9889984 34.7999992
vn -22.7290001 -93.5390015 27.0900002
vn -7.7579999 -97.2210007 22.0900002
vn 62.3709984 50.6619987 -59.5250015
vn 71.3099976 60.8689995 -34.7820015
vn 82.6039963 47.4749985 -30.3740005
vn 39.0169983 -46.4059982 -79.5250015
vn 36.1030006 -38.8419991 -84.7809982
vn 37.7949982 -41.2939987 -82.862999
vn -75.1070023 -3.1500001 -65.9469986
vn -66.7139969 -17.7810001 -72.3399963
vn -71.973999 -10.4910002 -68.6269989
vn -18.8920002 -17.1170006 -96.6959991
vn -6.5630002 -18.2959995 -98.0930023
vn -2.70300007 -22.9330006 -97.2969971
vn -72.2099991 8.39099979 68.6679993
vn -82.8990021 2.79900002 55.855999
vn -21.1560001 15.7150002 96.4649963
vn -26.5979996 14.5629997 95.2910004
vn -23.3250008 10.434 96.6800003
vn 35.2459984 60.1030006 -71.7310028
vn 31.6560001 54.612999 -77.5589981
vn 20.3120003 62.9860001 -74.9680023
vn 47.3950005 53.9379997 -69.6019974
vn 45.4290009 51.1240005 -72.9560013
vn 53.4650002 34.5550003 -77.1200027
vn 82.7330017 55.9860001 4.56400013
vn 78.4950027 61.4770012 7.6880002
vn 77.6740036 62.7000008 5.95599985
vn 99.0449982 -1.09000003 -13.7410002
vn 96.887001 24.7380009 -0.958000004
vn 96.9209976 -1.15100002 24.5960007
vn -85.1240005 -33.019001 40.7879982
vn -84.052002 -28.7199993 45.9399986
vn -83.0139999 -45.0369987 32.868
vn -63.8129997 -75.1569977 -16.7099991
vn -72.9100037 -60.473999 -32.0470009
vn -67.8089981 -61.0340004 -40.9480019
vn 71.2850037 3.37700009 70.0500031
vn 63.7000008 39.8610001 65.9800034
vn 61.4840012 39.7630005 68.1070023
vn 91.7689972 -4.0710001 39.5200005
vn 89.0490036 -20.6429996 -40.5489998
vn 97.9459991 -18.6539993 -7.65399981
vn -28.6119995 71.3929977 -63.9090004
vn -17.7649994 78.5970001 -59.2190018
vn -8.93900013 84.5419998 -52.6570015
vn -65.1200027 37.4410019 -66.012001
vn -65.9950027 42.1720009 -62.1780014
vn -62.7989998 43.137001 -64.7730026
vn 73.5559998 62.8720016 25.2320004
vn 63.0880013 71.7470016 29.5349998
vn 80.3560028 59.2550011 5.63500023
vn 75.2330017 28.3139992 59.4830017
vn 76.697998 16.5939999 61.9850006
vn -82.1719971 -17.4459991 -54.2540016
vn -79.2509995 -20.0319996 -57.6020012
vn -83.8560028 -17.5919991 -51.5620003
vn -56.5589981 81.6110001 -11.8619995
vn -80.4449997 59.2680016 -3.9920001
vn -76.7440033 63.5830002 8.21800041
vn 65.0759964 52.0550003 -55.276001
vn 55.9140015 57.9099998 -59.3300018
vn 57.6310005 51.9119987 -63.1170006
vn 66.0790024 -13.0480003 -73.9140015
vn 59.8240013 -11.6999998 -79.2730026
vn 62.2929993 -16.0499992 -76.564003
vn -88.8440018 -18.7129993 -41.9119987
vn -93.939003 -20.8029995 -27.2520008
vn -90.5650024 -17.7059994 -38.5279999
vn -86.189003 0.344000012 50.7080002
vn -80.5049973 0.85799998 59.3139992
vn -84.1900024 0.749000013 53.9580002
vn 93.0370026 -16.2329998 32.8720016
vn 77.9589996 -54.4589996 -30.9290009
vn 81.6080017 -50.4669991 -28.1630001
vn 81.0780029 -50.2220001 -30.0699997
vn 73.6829987 24.2889996 63.0940018
vn -51.0730019 25.5090008 82.1029968
vn -54.3390007 25.6369991 79.9369965
vn -57.6850014 35.0610008 73.7779999
vn -18.3209991 70.5479965 -68.4639969
vn -21.7490005 62.2260017 -75.1989975
vn -14.132 74.2070007 -65.526001
vn 44.2799988 57.8149986 -68.5329971
vn 33.1969986 59.2120018 -73.4300003
vn 38.7120018 56.6500015 -72.7470016
vn 13.4610004 30.7250004 94.2060013
vn 8.7130003 32.2989998 94.237999
vn -7.30200005 30.9580002 94.8069992
vn 73.1549988 9.81499958 67.4690018
vn 90.6230011 -36.4029999 -21.5
vn 80.4990005 -59.1730003 -4.28900003
vn 74.1149979 -65.9430008 -12.5889997
vn 39.5130005 -37.1689987 -84.0070038
vn 38.9140015 -34.9370003 -85.2360001
vn -92.6949997 -11.0270004 -35.8619995
vn -97.2590027 -12.7089996 -19.4710007
vn -96.3600006 16.8710003 -20.7369995
vn -89.5139999 7.53800011 -43.9370003
vn -92.6800003 9.14400005 -36.4249992
vn 32.7150002 68.3219986 -65.2819977
vn 25.6089993 61.0849991 -74.9179993
vn 38.5400009 64.5070038 -65.9820023
vn 85.2949982 50.25 14.1359997
vn 74.7279968 61.7029991 -24.6679993
vn 81.6220016 52 -25.1779995
vn -27.1480007 -9.27200031 95.7969971
vn -33.473999 15.9250002 92.8759995
vn -39.8959999 18.7539997 89.7590027
vn 41.0239983 46.1119995 -78.6809998
vn 46.9710007 51.9570007 -71.3740005
vn 76.6039963 62.9230003 13.1330004
vn 69.2259979 72.0459976 -4.13100004
vn 58.4059982 80.6289978 -9.36999989
vn 53.7340012 -68.810997 48.762001
vn 55.1619987 -74.4069977 37.6930008
vn 58.2299995 -62.762001 51.6749992
vn 12.7180004 -34.0229988 93.1699982
vn 24.1679993 -46.348999 85.2509995
vn 21.2299995 -30.8139992 92.7350006
vn -65.1480026 -30.2810001 -69.560997
vn -62.4609985 -34.4099998 -70.1039963
vn -52.7369995 -49.993 -68.6989975
vn -4.11100006 -94.5189972 -32.3930016
vn -11.5080004 -96.598999 -23.1539993
vn 12.8979998 -85.9800034 -49.4080009
vn -70.0199966 71.2580032 4.41400003
vn -68.8450012 71.8359985 9.99699974
vn -77.8430023 -20.4470005 59.3499985
vn -86.8659973 -20.1480007 45.2589989
vn -84.3789978 -11.8889999 52.3339996
vn -59.4570007 9.2159996 79.875
vn -67.2590027 37.2869987 63.9210014
vn -54.0550003 17.598999 82.2699966
vn 9.04899979 -36.0009995 92.8550034
vn 3.45700002 -38.5250015 92.2170029
vn 12.2779999 -53.4840012 83.598999
vn 62.5379982 -7.79099989 -77.6419983
vn 71.3519974 -15.7679996 -68.2659988
vn 89.8519974 42.2739983 11.816
vn 93.362999 26.5389996 24.0650005
vn 95.6699982 9.70300007 27.4430008
vn -83.2720032 54.7649994 8.1590004
vn -77.8190002 46.3409996 42.3880005
vn 92.288002 28.2670002 -26.1509991
vn 72.7440033 57.0470009 -38.1300011
vn 56.3549995 70.2529984 -43.4589996
vn -96.7350006 -5.34499979 -24.7749996
vn -88.6709976 -5.19700003 -45.9389992
vn -86.1029968 0.307000011 -50.8549995
vn -87.9069977 -22.5510006 41.9980011
vn -72.2990036 -38.0620003 57.6549988
vn -87.2109985 -15.9490004 46.2589989
vn 75.487999 40.8499985 -51.3120003
vn 79.2320023 42.2659988 -43.9980011
vn 71.1470032 42.0050011 -56.3349991
vn 84.762001 -52.5050011 -7.65399981
vn 71.0739975 55.0839996 43.7519989
vn 64.802002 55.8250008 51.8110008
vn 66.6119995 63.5079994 39.1100006
vn 78.8539963 60.4259987 11.4309998
vn 74.6780014 66.3899994 3.93900013
vn 46.5289993 74.6269989 47.6010017
vn -66.0800018 -26.9090004 -70.0670013
vn -63.6489983 -31.1790009 -70.5459976
vn -54.8689995 -37.2210007 -74.8600006
vn -75.9059982 18.2460003 -62.4920006
vn -85.9309998 0.358999997 -51.144001
vn -69.1100006 20.0699997 -69.4329987
vn 56.0880013 -67.6880035 47.6710014
vn 60.3899994 -58.4720001 54.1669998
vn 85.0039978 -51.8300018 9.38300037
vn 65.2369995 -49.8849983 57.0589981
vn -84.0770035 -11.224 52.9640007
vn -80.7429962 -14.948 57.0709991
vn -88.8130035 -14.5439997 43.5979996
vn -21.2870007 37.2120018 90.3440018
vn -21.2199993 -0.671999991 97.7200012
vn -20.4360008 -2.53200006 97.8570023
vn -41.2369995 -49.4700012 -76.5
vn 1.35699999 -73.0569992 -68.2710037
vn -1.73900008 -74.9189987 -66.2129974
vn 2.30999994 -75.8759995 -65.0960007
vn 63.0340004 -34.1520004 69.7160034
vn 51.6409988 -65.1449966 55.5810013
vn 33.612999 -79.8150024 49.9970016
vn 2.84100008 -70.6090012 70.7549973
vn 13.8039999 -80.336998 57.9259987
vn 4.61100006 -66.4449997 74.5910034
vn 6.32000017 56.8740005 -82.0090027
vn -13.9460001 51.0330009 -84.8600006
vn 2.94700003 47.3699989 -88.0199966
vn -16.9790001 46.480999 -86.8980026
vn -33.9910011 45.9510002 -82.0559998
vn -40.4440002 42.5139999 -80.973999
vn -7.90600014 96.7870026 23.8719997
vn -42.8230019 79.6360016 42.7109985
vn 0.537999988 80.1740036 59.7649994
vn -11.0819998 26.1130009 95.8919983
vn -9.4989996 32.7019997 94.0230026
vn -23.0330009 30.7840004 92.314003
vn 79.9420013 -50.5299988 -32.4949989
vn 80.8300018 -57.0340004 14.6140003
vn 89.1819992 -44.5299988 -7.9749999
vn 81.6999969 56.4620018 11.7110004
vn 83.4459991 50.6570015 21.6930008
vn 96.5049973 7.25899982 25.1809998
vn -69.4749985 -6.86000013 -71.5979996
vn -61.1049995 -12.4709997 -78.1709976
vn -76.776001 -7.3130002 -63.6549988
vn -72.1139984 -4.35500002 -69.1419983
vn -74.9830017 -3.44799995 -66.072998
vn -73.8539963 -5.98500013 -67.1549988
vn 17.1060009 -91.822998 35.7210007
vn 16.3180008 -91.9749985 35.6990013
vn 16.6889992 -91.1559982 37.5779991
vn -4.82399988 -90.6449966 41.9550018
vn -24.4309998 -79.9089966 54.9329987
vn -25.7670002 -85.4079971 45.1829987
vn 78.9749985 47.0480003 39.362999
vn 85.4000015 25.1089993 45.5670013
vn 72.7699966 50.0540009 -46.8959999
vn 88.7539978 43.7830009 14.3479996
vn 12.6680002 91.0350037 -39.3969994
vn 26.7910004 57.6349983 -77.2040024
vn 38.5950012 84.814003 -36.2900009
vn -26.0160007 63.8419991 -72.439003
vn -60.4249992 44.3470001 -66.197998
vn -71.5630035 34.4300003 -60.7729988
vn 25.9029999 -55.0009995 -79.3970032
vn 43.9539986 -33.2200012 -83.4540024
vn 29.9060001 -46.875 -83.1169968
vn 21.2560005 -55.1599998 -80.6569977
vn 4.84399986 -57.5359993 -81.6460037
vn -2.33599997 -66.6289978 -74.5319977
vn 29.4200001 76.0390015 -57.9000015
vn 27.3220005 80.8499985 -52.1230011
vn 42.1040001 62.2070007 -66.012001
vn 61.382 6.00099993 -78.7170029
vn 70.1169968 -1.33899999 -71.2870026
vn 86.5599976 19.8889999 -45.9529991
vn -97.0329971 7.58199978 22.9570007
vn -93.9179993 6.43400002 33.7360001
vn -89.4140015 11.573 43.2579994
vn -86.7170029 13.2010002 -48.019001
vn -93.2389984 11.717 -34.1940002
vn -89.6449966 6.4829998 -43.8370018
vn -9.31499958 -95.7570038 27.2719994
vn -11.8520002 -97.4629974 18.9890003
vn -33.6559982 -82.8769989 44.7070007
vn -20.2840004 -63.7330017 74.3420029
vn 5.74800014 -71.3539963 69.8259964
vn 62.1110001 69.7559967 35.7260017
vn 63.5940018 66.9319992 38.4179993
vn 58.9589996 65.276001 47.5690002
vn 69.4749985 5.17399979 71.7389984
vn 42.6150017 -24.8409996 86.987999
vn 71.3259964 13.2930002 68.8180008
vn -61.2150002 78.137001 -12.1389999
vn -33.3339996 88.1520004 -33.4379997
vn -56.6419983 79.8079987 -20.5499992
vn -81.9580002 32.5559998 -47.1489983
vn -70.3669968 12.7799997 -69.8939972
vn -64.9179993 10.5480003 -75.3290024
vn -41.2770004 -39.3769989 82.1320038
vn -18.3339996 -42.6640015 88.564003
vn -41.7729988 -18.9610004 88.8570023
vn -86.2900009 11.1090002 49.3019981
vn -89.1539993 -4.43300009 45.0769997
vn 76.7860031 -63.9659996 3.49699998
vn 90.7770004 -35.5359993 22.2889996
vn 48.6349983 -84.3420029 22.8250008
vn 75.4329987 -8.70699978 -65.0690002
vn 67.4909973 15.9390001 -72.0479965
vn 71.2779999 -4.29300022 -70.0070038
vn 56.7840004 2.68000007 82.2699966
vn 61.7589989 -10.3310003 77.9680023
vn 75.6039963 36.6759987 54.2120018
vn 75.0449982 44.5800018 48.7939987
vn 54.6489983 28.0720005 78.901001
vn -70.1620026 -59.0289993 -39.9119987
vn -83.3990021 -2.44499993 -55.1240005
vn -79.6709976 -5.03200006 -60.2260017
vn -85.1200027 -19.9349995 -48.5499992
vn -62.2610016 78.0439987 5.72200012
vn -75.0999985 59.9679985 27.6380005
vn -63.3810005 76.6230011 10.5710001
vn 15.0690002 73.197998 -66.4449997
vn -20.9729996 81.0660019 -54.6669998
vn 15.9119997 74.3550034 -64.9469986
vn 52.019001 70.7269974 -47.8720016
vn 55.2439995 64.9160004 -52.2869987
vn 71.5009995 69.9049988 -0.917999983
vn 88.9980011 45.5200005 -2.704
vn 71.3669968 69.052002 11.7729998
vn 79.5159988 60.4589996 4.67799997
vn -96.9919968 15.8199997 18.4979992
vn -89.1190033 16.8530006 42.1160011
vn -93.3690033 18.6539993 30.566
vn -98.8430023 -8.89900017 12.2840004
vn -99.6279984 -4.15299988 7.54899979
vn -98.2429962 -6.51000023 -17.493
vn 0.51700002 -96.1110001 27.6119995
vn -1.11599994 -97.8860016 20.4209995
vn -2.11999989 -95.0690002 30.9430008
vn 76.2969971 -54.2089996 -35.2150002
vn 72.8730011 -59.2809982 -34.2830009
vn 70.8580017 43.3470001 55.6790009
vn 70.5790024 28.9790001 64.6429977
vn 70.3040009 28.3850002 65.2050018
vn 70.3740005 28.5860004 65.0400009
vn 5.55700016 -29.3490009 -95.4339981
vn 12.2600002 -37.8590012 -91.7409973
vn 9.18900013 -49.8790016 -86.1839981
vn -19.0300007 -89.3410034 -40.6949997
vn -13.8929996 -73.9899979 -65.8219986
vn -14.6400003 -73.9349976 -65.7210007
vn 13.7030001 52.4580002 -84.026001
vn -5.21400023 62.1570015 -78.1620026
vn 93.6490021 33.8699989 -9.09399986
vn 38.7849998 -86.2539978 32.4959984
vn 14.4250002 -86.586998 47.901001
vn 28.8250008 -89.4079971 34.2849998
vn 15.7700005 -87.7089996 45.3699989
vn 50.4070015 12.5950003 -85.4430008
vn 39.5789986 0.245000005 -91.8339996
vn 51.3610001 17.6720009 -83.9629974
vn 91.0009995 39.3959999 -12.9160004
vn 88.1100006 42.1580009 -21.4309998
vn 85.1910019 52.3030014 -2.63100004
vn 4.02400017 78.2549973 -62.1279984
vn 20.0839996 65.7750015 -72.5970001
vn -2.39300013 58.3810005 -81.1529999
vn 71.7529984 33.4860001 61.0750008
vn 77.9899979 27.6580009 56.1479988
vn 79.7750015 19.4020004 57.0929985
vn -36.5060005 7.06400013 92.8300018
vn -38.1599998 10.4530001 91.8399963
vn -33.3479996 11.0290003 93.6289978
vn -17.0550003 6.17299986 98.3410034
vn -17.2910004 -6.77600002 98.2600021
vn -22.0039997 -5.68499994 97.3830032
vn -2.36199999 42.2750015 -90.5940018
vn 4.34700012 62.4239998 -78.0019989
vn 37.151001 3.52600002 -92.776001
vn 25.5839996 -9.23600006 -96.2300034
vn 15.9069996 -15.4189997 -97.5149994
vn -20.632 79.1309967 -57.5550003
vn -42.7270012 71.9690018 -54.7260017
vn -37.9650002 79.2190018 -47.7799988
vn -71.3789978 20.007 -67.1169968
vn -75.9329987 -12.6549997 -63.8279991
vn -79.4520035 -12.7510004 -59.3699989
vn 69.8270035 57.0289993 -43.2649994
vn 47.4510002 72.6640015 -49.6819992
vn 24.4939995 76.4599991 -59.6150017
vn 45.8740005 70.8000031 -53.6930008
vn -14.8109999 -65.6060028 -74.0039978
vn -4.85400009 -63.0750008 -77.4469986
vn -17.0760002 -70.7819977 -68.5449982
vn 10.3640003 -97.4690018 19.8069992
vn 8.59700012 -98.625 14.1140003
vn 5.87400007 -98.6699982 15.158
vn 71.5009995 31.8540001 62.2330017
vn 62.3909988 52.4790001 57.9080009
vn 58.6559982 40.6780014 70.0329971
vn 66.5360031 45.7449989 58.9949989
vn -15.7270002 -54.5369987 82.3310013
vn -15.5670004 -54.3129997 82.5090027
vn -14.1169996 -60.1479988 78.6320038
vn 87.4899979 33.1469994 -35.3100014
vn 83.1380005 40.7200012 -37.8149986
vn 79.2340012 50.0979996 -34.8170013
vn 50.9799995 73.5240021 -44.6679993
vn 62.6699982 63.0900002 -45.737999
vn 59.4490013 70.5999985 -38.4889984
vn -92.3690033 -3.06999993 38.1920013
vn -84.6460037 5.47599983 52.9640007
vn -79.9759979 -6.3920002 59.6899986
vn -79.9540024 36.2820015 47.8650017
vn -81.9219971 30.1560001 48.7789993
vn -93.1399994 25.1070004 26.3540001
vn 2.24799991 74.6589966 -66.4909973
vn -9.43099976 70.6350021 -70.1549988
vn -12.1029997 70.5979996 -69.7819977
vn -6.97100019 39.0299988 -91.8050003
vn 4.87900019 16.4720001 -98.5130005
vn 4.40299988 55.8190002 -82.8539963
vn 69.0800018 -59.0760002 41.6910019
vn 58.9710007 -57.6209984 56.5880013
vn 57.0740013 -77.3050003 27.6849995
vn 83.6019974 35.5270004 -41.8160019
vn 78.0319977 54.3050003 -31.0170002
vn 79.4680023 32.1990013 -51.4589996
vn 76.3909988 13.2189999 -63.1640015
vn 70.1549988 4.46700001 -71.1220016
vn 61.2080002 16.4309998 -77.3529968
vn -12.6929998 -62.6090012 -76.9349976
vn -2.50900006 -59.012001 -80.6930008
vn 6.58400011 -68.0820007 -72.947998
vn -3.42199993 -69.3190002 -71.9940033
vn -0.00300000003 -64.8939972 -76.0839996
vn 67.6900024 35.8499985 64.288002
vn 59.8269997 42.8769989 67.6930008
vn 63.4189987 50.4529991 58.5870018
vn -36.0859985 22.2740002 90.5630035
vn -41.2350006 13.1739998 90.1449966
vn -37.2869987 28.3260002 88.3590012
vn -11.316 88.6569977 -44.8540001
vn -43.737999 89.5940018 -7.7420001
vn 48.8110008 87.2630005 1.59599996
vn 33.3499985 87.2099991 35.8079987
vn 66.7699966 8.01399994 -74.0110016
vn 56.5169983 5.22700024 -82.3320007
vn 63.0139999 33.776001 -69.9169998
vn 3.12599993 54.5130005 -83.7770004
vn 46.0699997 66.2190018 -59.0979996
vn 55.2809982 -70.2710037 44.7879982
vn 46.8769989 -84.1589966 26.8279991
vn 35.0410004 -89.1579971 28.6870003
vn 73.0800018 -17.691 65.927002
vn 53.5909996 -49.2939987 68.5429993
vn 58.1430016 15.75 -79.8209991
vn 56.5730019 31.7070007 -76.1200027
vn 34.6300011 27.2849998 -89.7570038
vn 50.0299988 48.9700012 -71.4069977
vn 52.3769989 47.9850006 -70.3860016
vn 35.0040016 52.5410004 -77.5510025
vn 76.0719986 33.7480011 -55.4449997
vn 85.5780029 16.9599991 -48.875
vn 68.3349991 61.4119987 -39.4830017
vn 78.8840027 58.5470009 -18.6959991
vn 75.4700012 55.8660011 -34.3989983
vn -49.9710007 83.3270035 -23.6529999
vn -32.5540009 -64.6610031 -68.9869995
vn -16.4160004 -74.4280014 -64.737999
vn -16.9449997 -78.4039993 -59.7140007
vn -4.43400002 -72.9069977 -68.3000031
vn -3.65400004 -70.0680008 -71.2539978
vn -28.2819996 27.007 92.0370026
vn -45.3209991 13.2320004 88.1529999
vn -49.8699989 14.6750002 85.4260025
vn -50.7680016 -5.12599993 86.0019989
vn -52.8520012 -1.94599998 84.8700027
vn -48.5919991 -8.6590004 86.9700012
vn 58.3199997 80.8960037 -7.38800001
vn 61.9830017 78.4499969 -1.92400002
vn 26.2600002 61.1599998 -74.6309967
vn 28.3889999 61.1459999 -73.8600006
vn 23.1749992 56.3989983 -79.2590027
vn 41.5270004 -34.887001 84.0139999
vn 27.2560005 -38.5569992 88.1500015
vn 30.8910007 -35.8079987 88.1110001
vn 50.8899994 0.38499999 86.0810013
vn 52.6380005 -26.7099991 80.7210007
vn 66.6549988 53.0870018 -52.3339996
vn -31.7369995 13.8599997 93.8119965
vn -65.7330017 17.9279995 73.1969986
vn -72.2919998 15.5889997 67.3119965
vn -52.6110001 5.48600006 84.8639984
vn -54.8670006 4.55000019 83.4800034
vn 54.1699982 64.7519989 -53.598999
vn 35.4760017 53.4090004 -76.7399979
vn 54.9770012 46.7350006 -69.2340012
vn 76.2720032 55.4070015 33.355999
vn 72.9410019 67.3570023 11.9429998
vn 67.2839966 59.0209999 44.6030006
vn -86.9749985 15.2980003 46.9179993
vn -96.7070007 15.8950005 19.8799992
vn -92.8310013 11.1110001 35.480999
vn 69.3840027 -69.6920013 -18.132
vn 52.7910004 -74.9779968 -39.8909988
vn 62.9449997 -72.487999 -27.9909992
vn 50.9300003 -64.8099976 -56.6199989
vn 59.4650002 -67.0039978 -44.4339981
vn 72.6790009 -3.05500007 68.6179962
vn 76.4700012 37.8380013 52.1599998
vn 71.1969986 38.5159988 58.7150002
vn 63.8849983 23.2810001 73.3259964
vn -64.2779999 32.5589981 -69.3410034
vn -47.3549995 47.9169998 -73.9020004
vn -15.6280003 76.0469971 -63.0289993
vn -50.375 50.0089989 -70.4380035
vn 65.0780029 39.1329994 -65.0660019
vn 70.0849991 37.8190002 -60.4799995
vn 93.6039963 34.7410011 -5.59800005
vn 90.2429962 43.0040016 2.61199999
vn 96.5039978 25.5119991 -6.0079999
vn 71.4250031 42.5410004 -55.5760002
vn 52.8660011 71.1070023 -46.355999
vn 82.6650009 54.2200012 -15.052
vn 40.1619987 14.3380003 -90.4509964
vn 31.9510002 52.1889992 -79.0910034
vn 10.0159998 8.40999985 -99.1409988
vn 53.0229988 57.25 -62.5379982
vn 27.3129997 -75.1660004 60.0340004
vn 58.9230003 -59.6539993 54.4920006
vn 32.1329994 -65.0979996 68.7730026
vn 19.8670006 -85.5650024 47.7890015
vn 35.9300003 59.7830009 -71.6589966
vn 31.8759995 60.6629982 -72.8290024
vn 4.39300013 88.8779984 -45.6230011
vn -24.6650009 78.1080017 -57.3650017
vn -21.3770008 71.6009979 -66.4560013
vn 55.368 -5.44700003 83.0940018
vn 46.3450012 -19.2150002 86.5039978
vn 85.6470032 -8.25300026 50.9550018
vn 77.2939987 28.1380005 56.8670006
vn -77.4290009 34.848999 52.8230019
vn -91.8349991 35.6739998 17.1380005
vn -83.4599991 25.0359993 49.0670013
vn -13.8590002 37.3600006 91.7180023
vn -3.95599985 35.3650017 93.4540024
vn -13.9820004 32.2820015 93.6080017
vn 94.8259964 -22.6560001 -22.2450008
vn 92.3180008 -30.3059998 -23.6399994
vn 36.5289993 3.55900002 -93.0210037
vn 61.2459984 3.94700003 -78.9509964
vn 67.5329971 -2.91100001 -73.6940002
vn 47.1660004 35.2010002 -80.8470001
vn 64.3560028 18.7870007 -74.197998
vn 15.8430004 56.6459999 -80.8710022
vn -16.6889992 -73.112999 -66.151001
vn 5.46500015 -95.9599991 -27.6019993
vn -11.4989996 -98.8820038 -9.49499989
vn 69.3590012 -62.7470016 -35.3860016
vn 4.82600021 -45.9140015 88.7050018
vn -27.8449993 -26.5949993 92.2890015
vn -18.5200005 -28.2000008 94.137001
vn -9.55500031 -32.1279984 94.2149963
vn 14.6700001 -12.4390001 98.1330032
vn 63.3330002 12.3509998 76.3960037
vn 26.8789997 -4.58899975 96.2099991
vn 91.2939987 35.6300011 19.8999996
vn 73.0370026 22.2900009 64.5660019
vn 59.8149986 9.26000023 79.6019974
vn -95.2149963 6.98699999 -29.7539997
vn -92.7300034 6.93400002 -36.7840004
vn -99.6050034 7.54099989 -4.6960001
vn -99.0439987 1.19400001 -13.7419996
vn 96.3809967 -12.8830004 -23.3409996
vn 90.5830002 17.4050007 -38.625
vn 84.3389969 53.1720009 -7.72000027
vn 91.6419983 39.9109993 2.96899986
vn 54.8950005 24.5020008 -79.913002
vn 44.9459991 40.6809998 -79.5289993
vn 53.7039986 39.2919998 -74.6460037
vn 42.9869995 59.6749992 -67.7570038
vn 47.8440018 60.243 -63.8880005
vn -2.25 -99.836998 5.24499989
vn -19.0529995 -97.6050034 -10.4980001
vn -6.02799988 -99.1999969 -11.0930004
vn -30.3959999 -93.1110001 20.1599998
vn -28.2600002 -94.8899994 14.0439997
vn -86.6060028 12.0120001 48.5289993
vn -63.4980011 12.8509998 76.177002
vn -80.9789963 11.9919996 57.4339981
vn -82.7939987 13.2729998 54.4889984
vn 48.3810005 53.0499992 69.6060028
vn 32.9659996 35.2130013 87.5970001
vn 49.5909996 40.5639992 76.7809982
vn 11.4460001 28.7989998 95.0770035
vn -13.9099998 -60.6360016 78.2929993
vn -16.5760002 -63.3139992 75.6080017
vn -7.60200024 -67.8399963 73.0749969
vn -20.9909992 -62.1739998 75.4570007
vn 96.4899979 -15.2150002 21.4069996
vn 99.0930023 -8.99800014 9.98499966
vn 94.1309967 -31.2590008 12.7329998
vn 93.6679993 -30.007 18.0510006
vn 93.3119965 -34.9389992 8.49499989
vn 26.8029995 47.5769997 -83.7740021
vn 71.7679977 69.4850006 -4.59700012
vn 68.5690002 56.5289993 -45.855999
vn -77.810997 19.3789997 -59.7480011
vn -39.6809998 81.1389999 -42.9179993
vn -84.0979996 47.3419991 -26.1959991
vn -22.1359997 -79.4110031 56.6040001
vn -18.6539993 -67.4540024 71.4290009
vn -16.2479992 -70.1920013 69.3470001
vn 20.8990002 50.4379997 83.7809982
vn 54.5699997 52.6150017 65.2210007
vn 39.8540001 47.4889984 78.4629974
vn -11.6260004 33.1329994 93.6330032
vn -6.84800005 33.3759995 94.0169983
vn -12.4239998 18.5599995 97.473999
vn 65.9729996 -66.5650024 34.8800011
vn 64.4410019 -63.7019997 42.3009987
vn 48.1419983 -86.3759995 14.8839998
vn 53.7739983 -83.8089981 9.18500042
vn 76.9680023 -62.2140007 -14.3310003
vn 86.689003 -46.2150002 18.6849995
vn 10.342 -84.7829971 -52.0079994
vn -16.3059998 -77.5699997 -60.9679985
vn 11.0830002 -67.776001 -72.6880035
vn -2.45600009 -73.8219986 -67.4110031
vn 70.0179977 70.9919968 7.58699989
vn 13.6389999 71.0970001 -68.9869995
vn -5.75600004 84.3659973 -53.3779984
vn 4.17500019 66.8180008 -74.2829971
vn 31.0489998 81.1689987 -49.4729996
vn -35.6969986 61.5340004 -70.2799988
vn -56.644001 41.8499985 -70.9929962
vn -46.7290001 40.4860001 -78.5960007
vn -65.3850021 33.0639992 -68.0559998
vn -19.4099998 -88.163002 43.0180016
vn -17.4769993 -86.7570038 46.5589981
vn -32.1030006 -86.7429962 38.0130005
vn -73.0780029 -64.3809967 -22.6879997
vn -64.8089981 -76.0709991 3.60400009
vn -74.0690002 -61.6710014 -26.6550007
vn -30.5699997 6.50500011 94.9899979
vn -19.8869991 23.0830002 95.2450027
vn -24.1679993 10.1879997 96.4990005
vn -50.9900017 -2.37800002 85.9909973
vn 35.7350006 -81.9749985 44.7560005
vn 21.1490002 -83.0589981 51.5169983
vn 26.4290009 2.99099994 96.3980026
vn 21.1779995 -30.9529991 92.6999969
vn 47.1959991 55.3580017 -68.6149979
vn 58.9399986 68.8359985 -42.2820015
vn 44.6269989 73.038002 -51.7099991
vn 27.948 59.0620003 -75.7009964
vn 32.9109993 56.6139984 -75.5759964
vn 34.901001 44.6819992 -82.3740005
vn 61.6949997 60.1409988 50.762001
vn 61.7830009 57.6889992 53.4309998
vn 50.0429993 56.7060013 65.4219971
vn 60.2229996 59.1269989 53.6389999
vn 71.4960022 48.651001 -50.2130013
vn 70.2480011 50.9129982 -49.7299995
vn 74.2649994 58.5060005 -32.5859985
vn 53.4169998 47.7910004 -69.7330017
vn 44.8759995 29.7819996 -84.2570038
vn 90.0469971 14.342 41.0589981
vn 70.7389984 9.56700039 70.0319977
vn 70.5139999 1.63700008 -70.8880005
vn 90.7679977 13.099 -39.8709984
vn 81.5999985 -1.41999996 -57.7879982
vn 61.1570015 66.560997 -42.7719994
vn 59.8839989 70.7740021 -37.4819984
vn 37.5019989 63.4770012 -67.5599976
vn 89.151001 -34.9350014 28.8379993
vn 54.5709991 -45.5200005 70.3560028
vn 60.6389999 -54.4049988 57.9920006
vn 30.1289997 -77.6050034 55.4049988
vn 75.3529968 46.1209984 -46.8479996
vn 68.5100021 45.6349983 -56.7799988
vn 78.7829971 42.1269989 -44.9280014
vn 46.0379982 -28.0189991 -84.2350006
vn 64.0699997 40.7270012 65.086998
vn 64.3939972 58.6609993 49.1150017
vn 64.3199997 37.1310005 66.9639969
vn 66.0530014 -17.0900002 73.1090012
vn -17.0470009 77.6589966 -60.651001
vn 4.94199991 81.7259979 -57.4150009
vn 59.6889992 39.7750015 -69.6790009
vn 69.8150024 20.8099995 -68.5039978
vn 66.2360001 36.9669991 65.163002
vn 74.1230011 41.6650009 52.6279984
vn 66.413002 37.1570015 64.8740005
vn 62.4199982 34.7480011 69.973999
vn 65.0930023 33.2290001 68.2549973
vn 63.0909996 35.3370018 69.0709991
vn -92.8610001 5.16599989 -36.7449989
vn -90.3239975 -9.9470005 -41.7439995
vn -99.0680008 0.971000016 -13.5860004
vn -74.2600021 40.5639992 -53.2919998
vn -84.6869965 -6.54199982 -52.7770004
vn -89.3679962 9.46800041 -43.8600006
vn 62.8740005 22.1030006 -74.5540009
vn 91.3399963 39.1679993 11.0880003
vn 91.9150009 28.4759998 27.2159996
vn 86.0830002 29.9400005 41.1500015
vn 43.8530006 21.066 -87.3679962
vn 78.0080032 60.0320015 -17.6340008
vn 63.9939995 54.4410019 -54.2299995
vn 84.788002 47.3709984 -23.8129997
vn 51.3009987 49.7770004 69.9319992
vn -26.7000008 42.1220016 86.677002
vn 20.2719994 53.8170013 81.8089981
vn 59.3530006 -35.8800011 -72.0400009
vn 59.6450005 -56.4070015 -57.1040001
vn 35.8829994 -59.993 -71.5070038
vn 86.487999 2.18700004 -50.151001
vn 42.8460007 53.0760002 -73.1240005
vn 78.0699997 -2.15799999 -62.4529991
vn 57.8400002 40.2709999 -70.9420013
vn 76.6480026 49.7939987 40.5660019
vn 75.348999 64.0299988 14.9230003
vn 70.8089981 49.3230019 50.5299988
vn 22.5690002 -58.2970009 78.052002
vn -2.25699997 -43.5950012 89.9690018
vn 39.7890015 -52.973999 74.9039993
vn 14.927 -81.2799988 56.3089981
vn -73.2969971 -1.88999999 -68
vn -98.9960022 -4.02600002 -13.5500002
vn -90.2149963 -5.1500001 -42.8339996
vn 86.6819992 -29.0790005 -40.5060005
vn 98.8379974 -6.89599991 13.5469999
vn 94.9530029 -31.1849995 3.37199998
vn 67.435997 -55.1689987 -49.0789986
vn 73.9319992 -60.6749992 -29.2000008
vn 76.2809982 -22.2310009 -60.7200012
vn 73.8880005 37.0719986 56.269001
vn 72.302002 28.6070004 62.8810005
vn 72.0940018 27.7070007 63.5200005
vn 21.7049999 -16.8579998 -96.1490021
vn 2.4289999 -31.2409992 -94.9639969
vn 14.7449999 -26.8269997 -95.1989975
vn 25.7049999 76.3539963 -59.2400017
vn 44.5180016 69.2659988 -56.7480011
vn 64.3290024 -16.1889992 74.8310013
vn 74.1620026 17.3570004 64.7979965
vn 73.0950012 32.0750008 60.2360001
vn -70.1019974 -14.8880005 -69.7429962
vn -70.836998 2.50600004 -70.5400009
vn -68.1579971 -21.6669998 -69.8929977
vn -68.3379974 -25.9370003 -68.2440033
vn -65.3170013 -25.8040009 -71.189003
vn -64.7600021 40.012001 -64.8470001
vn -79.9909973 44.8190002 -39.9090004
vn -73.1070023 40.1469994 -55.1689987
vn -77.1740036 25.5890007 -58.2179985
vn -76.9240036 24.382 -59.0620003
vn -75.0920029 33.7589989 -56.7579994
vn -11.8330002 33.3149986 93.5419998
vn -11.0369997 29.7450008 94.8339996
vn -10.448 41.1679993 90.5319977
vn 46.1269989 66.3000031 -58.9630013
vn 38.7540016 71.1200027 -58.6520004
vn 61.0519981 66.5009995 43.0159988
vn 75.6070023 59.0960007 28.1280003
vn 77.8379974 45.3460007 43.4150009
vn 88.1340027 21.5960007 42.0239983
vn 91.177002 40.5660019 6.40999985
vn 93.7740021 -23.1520004 -25.8939991
vn 80.1600037 -22.9220009 55.2169991
vn 86.1949997 -14.5679998 48.5610008
vn -97.3079987 -3.60100007 22.7630005
vn -88.5719986 -1.77699995 46.387001
vn -93.0510025 -3.81500006 36.4269981
vn -86.5370026 8.52000046 49.3829994
vn -4.71399975 -12.2139997 -99.1389999
vn 13.7700005 -9.82499981 -98.5589981
vn 43.7369995 -56.4109993 -70.0350037
vn 42.5970001 -45.9370003 -77.9440002
vn -35.2099991 29.3799992 88.8659973
vn -24.5750008 25.7189999 93.4589996
vn -33.9070015 25.441 90.5709991
vn -34.0740013 35.0379982 87.2429962
vn -42.9350014 35.7290001 82.9459991
vn 15.2139997 72.6740036 -66.9860001
vn 43.3160019 67.2900009 -59.9650002
vn 36.8450012 76.3710022 -53.0079994
vn 67.5749969 73.0800018 -9.64299965
vn 77.4189987 62.5660019 -9.57800007
vn 77.1279984 63.4080009 5.53900003
vn -29.598999 -7.09800005 95.2549973
vn -23.6800003 -36.9210014 89.8669968
vn -34.1349983 -41.6679993 84.2529984
vn -50.0909996 -11.9829998 85.7170029
vn 88.197998 12.5500002 45.4259987
vn 89.5449982 -39.5970001 20.3419991
vn 78.4509964 -58.9980011 19.0970001
vn -75.3880005 0.248999998 -65.7009964
vn -53.0489998 9.39500046 -84.2470016
vn -69.5479965 -6.06799984 -71.5970001
vn -9.05900002 -22.691 -96.9690018
vn 97.9110031 8.38500023 18.526001
vn 91.137001 -16.2980003 37.7949982
vn 92.427002 -3.54500008 38.0089989
vn -57.5460014 -12.1859999 80.8700027
vn -21.6369991 -23.9880009 94.6380005
vn -56.7019997 -32.1520004 75.8359985
vn 9.89000034 46.3110008 -88.0770035
vn 53.3300018 53.9459991 -65.1589966
vn 26.257 50.3100014 -82.3379974
vn 26.2560005 54.6360016 -79.5329971
vn 60.4379997 -7.78900003 79.288002
vn 57.4059982 -4.079 81.7799988
vn 62.9869995 39.7659988 66.7180023
vn -6.46299982 -90.6429977 41.737999
vn 6.31500006 -94.2740021 32.75
vn 9.80700016 -91.4309998 39.2949982
vn 3.96499991 -92.5270004 37.7229996
vn -98.6340027 14.3859997 8.02499962
vn -83.2809982 44.3400002 33.1399994
vn -82.9990005 35.5579987 42.9749985
vn -86.9589996 13.0640001 47.6170006
vn -84.8669968 -5.54400015 -52.6010017
vn -87.1589966 -6.44099998 -48.598999
vn -78.5230026 -13.2539997 -60.4850006
vn -78.6060028 -5.53600025 -61.5670013
vn -93.7779999 1.73799992 34.6809998
vn -30.0480003 -41.0340004 86.1009979
vn -29.4379997 -20.9179993 93.2509995
vn -41.0830002 -7.96500015 90.8219986
vn 51.6419983 -2.671 -85.5920029
vn 60.9720001 -22.698 -75.9420013
vn 77.512001 40.5060005 -48.487999
vn 83.3700027 23.632 -49.9090004
vn -86.814003 -22.7140007 -44.1290016
vn -86.8529968 -20.0219994 -45.3400002
vn -76.4869995 11.7810001 -63.3320007
vn -82.1100006 3.39100003 -56.9780006
vn -89.3050003 5.56799984 -44.6489983
vn 34.1959991 -28.8570004 89.4309998
vn 83.5439987 -5.86100006 54.644001
vn 92.2740021 -10.1899996 37.1710014
vn 67.6119995 -19.6310005 71.0159988
vn -9.89400005 -80.0350037 -59.132
vn -3.88899994 -83.7320023 -54.5320015
vn -0.639999986 -82.413002 -56.6360016
vn -3.02600002 -90.6750031 -42.0589981
vn -5.78900003 -88.4430008 -46.3059998
vn 3.81599998 -80.4840012 -59.2260017
vn -78.2170029 19.8579998 -59.0569992
vn -89.8600006 7.17799997 -43.2859993
vn 52.1829987 16.0310001 83.7850037
vn 57.7299995 21.6219997 78.7389984
vn -6.44799995 -40.2159996 91.3290024
vn -85.1480026 0.744000018 52.4329987
vn -85.5839996 -24.3589993 45.6279984
vn -83.3919983 -21.9589996 50.6329994
vn -76.8389969 -9.29800034 -63.3190002
vn -80.7229996 -10.9499998 -57.9990005
vn -79.3050003 -5.32700014 -60.6819992
vn -79.197998 1.88999999 -61.0250015
vn -86.8669968 38.6809998 -30.9510002
vn -94.0660019 2.92600012 -33.8079987
vn -89.4869995 3.99499989 -44.4539986
vn -87.1989975 16.4440002 -46.1080017
vn 51.2369995 52.401001 -68.0360031
vn 67.677002 52.5779991 -51.5299988
vn 80.7190018 32.6230011 -49.1959991
vn 3.023 -99.7939987 -5.65299988
vn -6.65100002 -58.9630013 -80.4929962
vn 56.2900009 22.8040009 79.4440002
vn 44.8429985 1.80699992 89.3639984
vn 20.4099998 -4.00299978 97.8130035
vn 73.211998 35.8219986 57.9379997
vn 78.2689972 42.7540016 45.2340012
vn 36.730999 -83.4459991 41.0810013
vn 47.5400009 -79.75 37.1469994
vn 53.7220001 -69.1529999 48.2890015
vn 6.91699982 -94.3830032 32.3110008
vn 8.51000023 -96.5159988 24.743
vn 54.4840012 67.6790009 -49.5079994
vn 86.211998 17.3969994 -47.5909996
vn 79.7559967 16.9799995 -57.8849983
vn -91.0139999 2.11899996 -41.3759995
vn -94.9329987 22.5480003 -21.8910007
vn 73.4700012 66.3840027 13.9770002
vn 86.1230011 47.0900002 -19.1130009
vn 65.6289978 -4.12699986 -75.3379974
vn 69.8199997 -10.3610001 -70.8359985
vn 64.2570038 8.52900028 -76.1470032
vn -88.2050018 21.1509991 -42.1010017
vn -87.8249969 -1.05700004 -47.8079987
vn 78.5660019 -60.7680016 -11.6000004
vn 72.9089966 -67.4120026 -11.8269997
vn -29.5620003 29.2250004 90.9509964
vn -47.3330002 6.2249999 87.8679962
vn -53.8089981 2.0539999 84.2639999
vn -53.4020004 10.9549999 83.8349991
vn -47.1759987 39.5340004 -78.8130035
vn -71.0749969 23.5569992 -66.2829971
vn -67.4990005 21.1949997 -70.6729965
vn -78.5019989 6.62099981 -61.5919991
vn -79.8150024 12.8290005 -58.8639984
vn 76.2850037 41.5369987 -49.5499992
vn 55.8969994 41.4440002 -71.8180008
vn 57.4659996 24.8120003 -77.9869995
vn 94.9039993 -22.7259998 21.8360004
vn 97.7659988 -20.7889996 3.10500002
vn 99.6139984 1.023 8.72299957
vn -27.2380009 11.9770002 95.4710007
vn -68.5009995 10.6730003 72.0670013
vn 1.28499997 -70.8809967 -70.5279999
vn -4.33899975 -63.9090004 -76.7900009
vn -3.15499997 -56.1119995 -82.7129974
vn -3.07800007 -53.3709984 -84.5110016
vn 39.7089996 24.0790005 -88.5630035
vn 34.4440002 20.5380001 -91.6070023
vn 32.6819992 2.88599992 -94.4639969
vn -17.5580006 -77.6539993 60.5110016
vn -13.6689997 -76.586998 62.8300018
vn -15.434 -80.8929977 56.7290001
vn -24.9650002 -74.4960022 61.862999
vn 57.0810013 12.368 81.1709976
vn 77.8619995 -34.243 52.5820007
vn 97.5410004 -3.27099991 21.7950001
vn -72.4869995 -7.9369998 -68.4300003
vn -26.5030003 71.2779999 -64.939003
vn -14.724 77.8919983 -60.9589996
vn -20.4580002 -25.4529991 94.5179977
vn -55.9620018 -2.81900001 82.8270035
vn -23.4179993 -12.2089996 96.4499969
vn -32.8909988 -7.38899994 94.1460037
vn -48.1220016 7.34399986 87.3519974
vn -48.9440002 2.6500001 87.1640015
vn -42.2649994 4.21299982 90.5309982
vn 40.7809982 -1.64100003 -91.2919998
vn 42.3120003 5.8130002 -90.4209976
vn 52.5960007 46.7459984 -71.0530014
vn 42.5919991 46.8330002 -77.4120026
vn -5.92999983 47.1110001 -88.0080032
vn 9.51599979 32.9939995 93.9189987
vn 45.0929985 50.1570015 73.8300018
vn 6.40299988 29.2159996 95.4219971
vn -12.6630001 21.5510006 96.8259964
vn -13.5830002 24.6240005 95.9639969
vn -10.8190002 26.2940006 95.8730011
vn -2.0999999 80.5429993 -59.2319984
vn -48.6749992 78.1650009 -39
vn -31.7549992 79.1969986 -52.1479988
vn -67.1060028 65.0530014 -35.5649986
vn -75.4850006 65.4329987 -4.53700018
vn 60.0550003 20.9990005 -77.1520004
vn -38.8450012 18.9150009 90.1849976
vn -43.8569984 15.5690002 88.5110016
vn -44.7659988 24.7019997 85.9410019
vn -29.3640003 -19.9820004 93.4800034
vn -20.5550003 -90.9800034 36.0579987
vn -31.5119991 -89.9950027 30.1310005
vn 53.0849991 -1.76999998 84.7279968
vn 59.9000015 -2.29900002 80.0419998
vn 91.9049988 38.3089981 -9.26799965
vn 89.0090027 -6.71099997 -45.0810013
vn 93.9400024 -19.7250004 -28.0380001
vn 59.0200005 75.8209991 -27.7089996
vn 52 85.4169998 -0.0790000036
vn 16.4090004 84.0630035 -51.6150017
vn -42.3790016 -17.5790005 88.8539963
vn -30.4470005 0.5 95.2509995
vn -52.0890007 12.2390003 84.4800034
vn -79.2979965 7.33599997 60.4819984
vn -89.5419998 2.99600005 44.4220009
vn 6.43900013 -58.1819992 -81.0759964
vn 8.35099983 -59.5060005 -79.9329987
vn 5.8499999 -62.112999 -78.1520004
vn -16.5440006 -71.7109985 -67.7040024
vn -9.52400017 -70.4449997 -70.3330002
vn -79.677002 -58.9920006 -13.099
vn -95.3150024 -17.1700001 -24.9039993
vn -85.8949966 -42.7659988 -28.1620007
vn -93.7429962 -33.9780006 -7.60699987
vn 72.9909973 68.1959991 4.65899992
vn 91.2860031 37.5750008 -15.9709997
vn 77.8970032 39.4339981 -48.7540016
vn 67.9729996 30.1019993 -66.8840027
vn 14.6160002 -93.6600037 31.8449993
vn -98.9300003 12.6820002 7.21299982
vn -86.7210007 29.1599998 40.362999
vn -93.9049988 22.7259998 25.7950001
vn -89.4599991 1.10300004 44.6739998
vn 65.2360001 75.4400024 7.28900003
vn 63.1139984 60.5660019 48.4609985
vn 60.1310005 58.1100006 54.8400002
vn 61.3440018 59.6809998 51.7220001
vn 42.0569992 -76.3679962 -48.980999
vn 0.474999994 -65.1920013 -75.8270035
vn -24.9540005 -54.3790016 -80.1269989
vn -7.84899998 -61.6730003 -78.3249969
vn 52.7929993 20.8349991 -82.3339996
vn -3.02999997 66.2710037 -74.8259964
vn -35.2470016 -13.2530003 92.6389999
vn -35.7779999 0.731999993 93.3779984
vn -34.4210014 9.91499996 93.3639984
vn 27.0569992 54.3860016 -79.435997
vn 22.0370007 54.5789986 -80.8420029
vn 85.5619965 51.7579994 0.503000021
vn 56.2919998 55.7229996 -61.0419998
vn 28.1959991 61.5379982 -73.6080017
vn 38.7080002 71.723999 -57.9430008
vn 43.8120003 74.0370026 -50.980999
vn 40.2190018 73.2789993 -54.887001
vn -75.1119995 26 -60.6809998
vn -61.0449982 45.5629997 -64.788002
vn -67.2969971 27.9790001 -68.4710007
vn -65.5719986 28.5300007 -69.9020004
vn 82.6470032 42.8580017 -36.5050011
vn 73.4280014 46.8230019 -49.1520004
vn 80.0759964 40.0830002 -44.5099983
vn 74.7210007 38.3959999 -54.2449989
vn -37.637001 -16.0429993 91.2470016
vn -39.6780014 -6.80599976 91.5390015
vn -31.5130005 -12.849 94.0309982
vn -74.7829971 31.3619995 -58.5149994
vn -73.8270035 22.75 -63.4980011
vn -74.961998 29.9720001 -59.012001
vn 93.6050034 17.6329994 -30.448
vn 96.112999 21.3659992 -17.4890003
vn 99.6640015 4.78200006 6.64499998
vn -63.9049988 -55.5369987 -53.2150002
vn -67.2269974 -51.7159996 -52.9720001
vn -76.3450012 -33.5789986 -55.1720009
vn 86.2860031 -37.8269997 33.5239983
vn 29.0690002 -68.9150009 66.3759995
vn 41.6450005 56.9599991 -70.8610001
vn -8.2840004 52.382 -84.7789993
vn 71.2890015 50.9420013 -48.1959991
vn 60.355999 48.7070007 -63.125
vn -66.1340027 -25.8129997 -70.427002
vn -75.5830002 -20.5599995 -62.1650009
vn -65.9970016 -37.5050011 -65.0979996
vn 74.7870026 -63.9109993 -17.9529991
vn 83.4209976 -54.3030014 -9.59700012
vn 70.9110031 -66.3580017 -23.8369999
vn 71.6529999 -64.1819992 -27.3239994
vn -95.8300018 7.93599987 -27.4529991
vn -93.3889999 10.0869999 -34.3040009
vn -98.5960007 15.8959999 5.10900021
vn -91.0309982 15.691 38.3030014
vn 9.81900024 -69.5589981 -71.1689987
vn 14.0410004 -63.2140007 -76.2020035
vn -64.0540009 -29.9920006 -70.6940002
vn -53.223999 -44.762001 -71.8570023
vn -2.85699987 -60.2029991 -79.7959976
vn -2.39599991 -60.3520012 -79.6989975
vn 1.24300003 -57.7000008 -81.6650009
vn 86.6399994 -46.1809998 -18.9979992
vn 81.6669998 -43.6020012 37.8069992
vn -98.5090027 11.25 -13.0179996
vn -98.1429977 -19.0440006 -2.30500007
vn -99.6800003 -5.84000015 -5.46500015
vn 86.5550003 27.0259991 -42.1640015
vn 86.0879974 29.6800003 -41.3279991
vn 88.0029984 33.5340004 -33.6290016
vn -19.3939991 -50.4230003 -84.151001
vn 9.30200005 -59.0559998 -80.1620026
vn 95.9599991 27.9279995 3.42199993
vn 82.6650009 36.6640015 42.6879997
vn 67.3980026 -5.94999981 -73.6350021
vn 82.413002 -21.0809994 -52.5709991
vn -27.4909992 60.2610016 74.9189987
vn -64.0780029 42.0239983 64.25
vn -62.0400009 37.2340012 69.026001
vn -79.2740021 -0.986000001 60.9480019
vn -84.9089966 -1.60699999 52.8009987
vn 73.1100006 56.1749992 -38.7210007
vn 86.1539993 -46.5489998 -20.2649994
vn 78.1809998 -59.2960014 -19.2779999
vn 96.473999 -12.5880003 -23.1159992
vn 66.1869965 29.0030003 -69.1240005
vn 63.5620003 61.0499992 -47.2529984
vn 60.8979988 54.1360016 -57.9720001
vn 50.2029991 45.7919998 -73.3669968
vn -26.4440002 -14.1350002 -95.3990021
vn -45.1349983 -55.887001 -69.5670013
vn -38.0400009 -9.49300003 91.9940033
vn -32.1500015 -17.0629997 93.1409988
vn -16.6369991 -71.4680023 -67.9380035
vn -8.68400002 -69.9309998 -70.9520035
vn -14.2419996 67.0650024 -72.7969971
vn 15.7630005 56.1329994 -81.2440033
vn -73.3600006 8.86499977 -67.3779984
vn -76.7770004 1.60899997 -64.0530014
vn -35.5629997 68.5670013 -63.5130005
vn -19.5429993 67.2170029 -71.4140015
vn -41.362999 61.1759987 -67.4290009
vn -35.2849998 70.362999 -61.6769981
vn -12.8760004 81.2519989 -56.8540001
vn -10.3070002 22.2530003 96.9459991
vn -9.35400009 15.7010002 98.3160019
vn -7.08300018 12.651 98.9430008
vn -30.8069992 29.7670002 90.3600006
vn -30.8290005 16.4759998 93.6920013
vn -23.5200005 28.9629993 92.7789993
vn 70.4280014 40.4169998 58.362999
vn 82.8300018 41.0769997 38.1030006
vn 54.875 0.842000008 -83.5940018
vn -43.9399986 58.0849991 -68.5230026
vn 71.0599976 -20.9470005 -67.1689987
vn 8.875 69.4440002 -71.4059982
vn 25.4160004 76.9369965 -58.6069984
vn -57.6339989 22.073 -78.6829987
vn -19.1959991 32.0600014 92.7559967
vn -18.973999 39.0340004 90.0910034
vn -15.257 30.9629993 93.8539963
vn -4.03800011 49.1710014 86.9820023
vn -47.8849983 -20.5440006 -85.3519974
vn -18.1229992 -39.1800003 -90.2020035
vn -25.8710003 -17.6639996 -94.9670029
vn 95.1969986 -14.4700003 26.9829998
vn -69.8529968 -69.314003 17.7779999
vn -87.1350021 -48.9199982 3.78500009
vn -70.9400024 36.9420013 -60.0239983
vn -71.9349976 31.9300003 -61.6920013
vn -67.0189972 37.1759987 -64.2360001
vn 18.677 48.4700012 -85.4509964
vn 12.5179996 36.3269997 -92.3239975
vn 3.4749999 49.2229996 -86.9769974
vn 25.8269997 70.9609985 -65.5559998
vn 14.8000002 70.4110031 -69.4489975
vn -86.9430008 -13.0469999 -47.6520004
vn -85.5039978 -21.8649998 -47.0209999
vn 85.5009995 51.1119995 8.78299999
vn 62.6930008 3.44199991 -77.8320007
vn 46.8590012 -8.62699986 -87.9189987
vn 85.2289963 45.4869995 -25.8260002
vn 73.5940018 -1.17200005 67.6949997
vn 68.9049988 34.6759987 63.637001
vn 55.6790009 42.2840004 71.4970016
vn -11.2510004 55.9309998 -82.1289978
vn 0.409000009 15.0649996 -98.8580017
vn -17.0429993 1.12899995 -98.5309982
vn -28.8540001 27.8309994 -91.612999
vn -5.92799997 -84.7870026 -52.6889992
vn -5.45100021 -81.5289993 -57.6489983
vn -86.6910019 2.13800001 -49.8009987
vn -81.8030014 7.30000019 -57.0530014
vn -86.2289963 4.08400011 -50.4760017
vn -88.7969971 0.973999977 -45.9790001
vn -87.0999985 -2.64100003 -49.0569992
vn -96.2259979 16.9379997 21.2999992
vn -74.0049973 32.3580017 -58.9589996
vn -85.2450027 34.7999992 -39.0149994
vn 92.538002 24.8980007 -28.5799999
vn 53.1769981 34.9669991 -77.1330032
vn 66.25 14.8549995 -73.4189987
vn 83.7409973 54.6459999 1.13699996
vn 78.8069992 60.4539986 -11.6099997
vn 77.9160004 62.6759987 -0.896000028
vn 68.3219986 53.382 -49.8250008
vn 25.4120007 -48.1529999 -83.8779984
vn 14.8780003 -32.7910004 -93.2919998
vn 68.4599991 -68.651001 24.5009995
vn 72.7669983 -60.4679985 32.382
vn 46.5239983 -81.375 34.8359985
vn -37.4420013 -1.81599998 92.7080002
vn -33.6399994 3.30100012 94.1139984
vn 83.8990021 36.6829987 -40.1920013
vn 86.0019989 31.5849991 -40.0750008
vn 69.2779999 30.0890007 65.538002
vn 68.7330017 29.8349991 66.2249985
vn 73.1080017 37.3989983 57.0660019
vn 73.288002 33.4780006 59.2290001
vn 26.3010006 -69.0299988 67.4029999
vn -34.0139999 -64.1589966 -68.7509995
vn -41.0359993 -72.0449982 -55.9059982
vn -22.1389999 -89.2409973 -39.3180008
vn 7.2329998 -84.302002 53.2999992
vn 11.1599998 -82.4509964 55.4729996
vn -54.7140007 -67.2460022 -49.8429985
vn -0.810000002 26.4920006 -96.4240036
vn 14.0290003 83.7990036 -52.7350006
vn 5.52299976 47.6110001 -87.7649994
vn 49.8479996 80.0749969 -33.2150002
vn 36.0229988 92.2350006 -13.9680004
vn 98.6800003 -15.5889997 4.37599993
vn 94.7409973 -2.0999999 31.9330006
vn -53.4239998 43.9249992 -72.2249985
vn -8.79300022 -25.6529999 -96.2529984
vn 22.6630001 61.1040001 -75.8470001
vn 21.691 -1.34599996 97.6100006
vn 0.338 -23.4069996 97.2210007
vn 64.5970001 12.0780001 75.375
vn 58.2509995 -80.961998 7.21000004
vn 46.7060013 43.8149986 -76.8040009
vn 42.0660019 59.7179985 -68.2949982
vn 8.31000042 59.387001 -80.026001
vn -2.11999989 42.2989998 -90.5889969
vn 59.9710007 79.4339981 -9.68500042
vn 64.6760025 68.7490005 33.0239983
vn -56.0970001 79.2710037 23.8570004
vn -61.026001 63.8100014 46.9480019
vn -93.6869965 32.3720016 -13.2180004
vn -95.2829971 -12.1759996 27.7999992
vn 35.7579994 48.487999 -79.814003
vn 37.276001 45.2420006 -81.0159988
vn 42.4189987 37.9539986 -82.2200012
vn 23.8829994 54.1870003 -80.5820007
vn -38.5369987 8.86999989 91.848999
vn -59.0110016 20.8910007 77.9820023
vn -70.8310013 11.0930004 69.7129974
vn -41.9840012 -7.30800009 90.4649963
vn 29.7770004 70.2440033 -64.6460037
vn 38.0550003 70.9970016 -59.2550011
vn 44.8810005 72.7949982 -51.8320007
vn -60.4900017 15.8699999 -78.0329971
vn -16.7420006 80.2269974 -57.2999992
vn -13.7770004 53.5130005 -83.3460007
vn 7.03499985 68.5439987 -72.4720001
vn 18.8390007 10.2679996 97.6709976
vn 21.3999996 33.7639999 91.6620026
vn -10.7279997 26.8339996 95.7330017
vn 87.6650009 36.6419983 -31.1800003
vn 77.564003 23.9570007 -58.3950005
vn -6.61600018 -68.625 72.4349976
vn -14.9169998 -55.9630013 81.5210037
vn -18.4419994 -65.5650024 73.2190018
vn -69.711998 -26.7579994 -66.5159988
vn -63.3839989 -38.3170013 -67.1880035
vn -52.4350014 -83.8610001 -14.7630005
vn -42.4500008 -87.0230026 -24.9990005
vn -83.1740036 48.6549988 -26.7339993
vn -86.0719986 50.8650017 -2.08699989
vn -40.8969994 75.185997 -51.7159996
vn -7.796 -53.7700005 83.9520035
vn -28.2259998 -20.4220009 93.7350006
vn -86.2870026 49.5349998 -10.0430002
vn -56.9640007 81.7310028 -8.66399956
vn -80.2300034 54.4350014 -24.4950008
vn -95.7259979 15.8199997 24.2119999
vn 39.8889999 57.1599998 -71.7050018
vn 16.1259995 54.3440018 -82.3809967
vn -66.8290024 42.9939995 -60.7070007
vn -67.1650009 36.605999 -64.4110031
vn -77.8529968 30.5109997 -54.8450012
vn -77.0680008 42.0359993 -47.8909988
vn -84.9820023 28.0230007 -44.6409988
vn 73.6689987 20.1830006 -64.5400009
vn 80.1589966 4.08500004 -59.6469994
vn 63.394001 58.5890007 -50.4830017
vn -87.3679962 -32.512001 36.1910019
vn 27.5629997 15.3140001 94.8990021
vn 42.3899994 40.4189987 81.052002
vn -73.1819992 31.8040009 -60.2739983
vn -41.2529984 69.7519989 -58.5900002
vn -11.3789997 83.5090027 -53.8219986
vn -28.7700005 72.0090027 -63.1419983
vn 11.4259996 -95.8440018 26.1420002
vn 2.98099995 -94.1449966 33.5830002
vn 50.6170006 76.8700027 -39.1020012
vn 46.2719994 75.4909973 -46.4760017
vn 25.3610001 46.368 -84.8929977
vn 28.1259995 47.1020012 -83.6080017
vn -27.4909992 38.7360001 -87.9990005
vn -46.887001 39.2169991 -79.1429977
vn 73.6969986 38.8530006 55.3100014
vn 70.822998 34.6590004 61.5050011
vn 71.3410034 37.7980003 59.007
vn -6.86199999 -61.4319992 -78.6070023
vn -23.7819996 96.0220032 -14.6350002
vn 10.9729996 -61.1209984 78.3820038
vn 39.0620003 -50.3170013 77.086998
vn 17.198 -44.5289993 87.8710022
vn 48.269001 5.75300026 87.3899994
vn 60.8600006 25.4249992 75.1640015
vn -17.3619995 -58.8059998 -78.9960022
vn -38.7050018 -62.3549995 -67.9250031
vn -61.262001 4.2329998 78.9240036
vn -75.4369965 35.2340012 55.3880005
vn 64.6480026 -52.901001 54.973999
vn 34.4720001 -19.6959991 91.7809982
vn 64.7639999 25.4549999 71.8170013
vn 34.625 -15.349 92.5500031
vn 55.0489998 62.1829987 -55.7029991
vn 48.6930008 74.6969986 -45.2700005
vn 40.0810013 78.4759979 -47.2750015
vn 29.5090008 85.9209976 -41.7939987
vn 45.3639984 82.0820007 -34.7089996
vn 74.4160004 26.3859997 61.3670006
vn 73.288002 33.8129997 59.0379982
vn -40.1100006 3.40100002 91.5400009
vn -45.0400009 -0.180000007 89.2829971
vn -17.1529999 28.4230003 94.3290024
vn -8.04899979 24.0130005 96.7399979
vn 62.1479988 -13.9729996 -77.086998
vn 73.4309998 -12.0959997 -66.7949982
vn 93.2630005 -0.907999992 -36.0719986
vn 73.4199982 -12.901 -66.6559982
vn 93.435997 0.416999996 -35.6310005
vn 63.1030006 29.6340008 71.6930008
vn 67.5049973 19.6030006 71.125
vn 63.2830009 34.9679985 69.0830002
vn 6.9920001 69.5110016 -71.5500031
vn 13.9049997 50.7260017 -85.0500031
vn -1.32500005 -52.4510002 -85.1299973
vn 1.05700004 -59.8250008 -80.1240005
vn -5.67700005 -58.730999 -80.7369995
vn -8.8210001 -51.9669991 -84.9800034
vn 33.6800003 51.651001 -78.7259979
vn -22.677 44.8650017 -86.4459991
vn 69.9209976 40.6220016 -58.8289986
vn 61.5 7.65600014 -78.4800034
vn -84.2050018 -11.2010002 -52.7639999
vn -88.2040024 -8.97399998 -46.2560005
vn -80.0319977 -16.7479992 -57.5709991
vn -80.7990036 -9.49800014 -58.1489983
vn 27.6229992 84.762001 -45.3030014
vn 25.4669991 89.5009995 -36.6189995
vn 52.9720001 32.9510002 -78.1549988
vn 79.2170029 60.5680008 7.49700022
vn 81.5449982 57.0499992 -9.7840004
vn -0.638000011 -56.2709999 -82.663002
vn -5.73199987 -48.7509995 -87.1230011
vn 74.4349976 52.0219994 -41.8699989
vn 47.4580002 -30.6159992 -82.5250015
vn 51.7820015 -25.2719994 -81.7310028
vn 75.1360016 16.4169998 -63.9140015
vn -7.83699989 -51.3709984 85.4380035
vn -10.9370003 -97.6309967 18.6669998
vn -33.5229988 -93.0739975 14.6119995
vn 62.1819992 36.8190002 69.1220016
vn 68.6689987 35.1090012 63.6549988
vn 78.3420029 59.1279984 -19.1410007
vn 59.7019997 72.0579987 -35.2610016
vn 53.6199989 73.1200027 -42.1720009
vn 83.5319977 -23.3969994 -49.75
vn 71.637001 -56.9980011 -40.243
vn 70.4810028 -69.9140015 -12.0200005
vn 81.3980026 -50.4529991 -28.7900009
vn -74.151001 39.0219994 -54.5789986
vn -82.9729996 52.7840004 -18.1459999
vn -80.2529984 55.9799995 20.6329994
vn -93.2669983 1.921 -36.0229988
vn -0.386999995 -78.1439972 -62.3969994
vn -3.88400006 -78.5940018 -61.7080002
vn 30.6089993 60.7849998 -73.2679977
vn 19.2189999 48.9939995 -85.0309982
vn 24.8479996 54.9119987 -79.7949982
vn 6.38800001 42.9210014 -90.0940018
vn -1.10300004 72.026001 -69.3610001
vn -41.3129997 59.3699989 -69.0540009
vn -62.3339996 45.6090012 -63.5159988
vn -75.4960022 31.3880005 -57.5779991
vn 81.2870026 17.8990002 55.4269981
vn 98.3190002 5.26300001 -17.4820004
vn 78.5899963 43.0919991 44.3470001
vn 21.4330006 54.9319992 -80.7649994
vn 51.007 78.2129974 -35.7910004
vn 60.3660011 63.2560005 -48.5250015
vn -35.1930008 -49.5089989 -79.4369965
vn -31.6709995 -71.6880035 -62.1100006
vn -54.7210007 -43.4490013 -71.5390015
vn -47.3419991 -60.6520004 -63.875
vn 82.0090027 54.9510002 -15.9689999
vn 80.8000031 19.5130005 -55.5940018
vn -75.2099991 -43.9959984 49.0699997
vn -13.2639999 -77.0390015 62.3619995
vn -33.8580017 -73.598999 58.6240005
vn 79.0289993 26.3180008 -55.3330002
vn 88.9820023 10.783 -44.3380013
vn -56 77.7170029 -28.7070007
vn -31.2700005 90.052002 -30.2140007
vn -15.1689997 -5.45800018 98.6920013
vn -23.6289997 1.92199993 97.1490021
vn -45.3009987 0.671999991 89.1480026
vn 24.5739994 27.2989998 -93.0100021
vn 76.336998 47.8250008 -43.4210014
vn 75.1240005 -14.0389996 -64.4929962
vn 99.6529999 -6.66599989 -4.99300003
vn 94.1999969 -26.5650005 -20.5100002
vn 97.3980026 -12.2150002 -19.0909996
vn 85.0479965 25.4619999 -46.026001
vn 78.473999 -43.0400009 -44.6020012
vn -90.1090012 22.4689999 -37.0870018
vn 62.8889999 -77.6930008 -2.95099998
vn 44.9000015 -88.0279999 -15.3330002
vn 82.6699982 -53.5410004 17.2910004
vn 13.6719999 8.12800026 -98.7269974
vn 7.80599976 -3.96899986 -99.6159973
vn 9.0010004 9.08500004 -99.1790009
vn -73.2949982 4.35500002 67.8889999
vn -40.1640015 -10.493 90.9769974
vn -53.2970009 20.6280003 82.0599976
vn -34.2659988 -30.6800003 88.7949982
vn -23.198 -33.2130013 91.4260025
vn -34.0589981 -10.342 93.4509964
vn 38.6559982 24.8740005 -88.8089981
vn 23.2770004 21.257 -94.9020004
vn 44.9729996 49.3199997 -74.4649963
vn -16.7849998 30.2830009 93.8150024
vn 47.4539986 35.6360016 80.4869995
vn 39.8330002 51.4459991 75.939003
vn -35.6230011 69.6320038 -62.3089981
vn 4.5170002 37.9350014 -92.4150009
vn 2.76999998 -3.0150001 -99.9160004
vn 59.4529991 -77.8330002 20.1830006
vn 76.8089981 -62.7109985 -12.9510002
vn 7.82000017 18.8880005 -97.8880005
vn 13.3439999 25.1700001 -95.8560028
vn -49.4410019 -76.2320023 41.7639999
vn -72.9899979 -52.3330002 43.973999
vn -75.9710007 -55.3699989 34.0979996
vn 62.8639984 22.2719994 74.5130005
vn 67.1190033 54.7000008 50.0299988
vn -77.0849991 18.0690002 61.0849991
vn 81.6269989 56.5369987 11.8529997
vn -0.708999991 -99.9749985 -2.13400006
vn -6.34100008 -98.5410004 -15.7950001
vn 72.7099991 68.6419983 1.22800004
vn 47.0660019 62.5110016 -62.2669983
vn 95.1419983 -3.81500006 -30.552
vn 69.9800034 -7.15399981 -71.0749969
vn 82.3000031 14.7390003 -54.8580017
vn -90.8280029 1.25900006 -41.8170013
vn -86.4280014 2.77999997 -50.223999
vn -89.9970016 1.70899999 -43.5629997
vn 74.6100006 36.6790009 55.5699997
vn 75.0739975 -34.5489998 56.3050003
vn 6.18900013 -55.4620018 -82.9800034
vn 3.82200003 -56.6520004 -82.3160019
vn 7.09499979 -57.3979988 -81.5790024
vn 76.2689972 59.507 -25.3360004
vn 51.8899994 49.9490013 -69.3730011
vn 52.0569992 -64.2959976 56.1790009
vn 29.9349995 -71.8889999 62.7360001
vn -12.8880005 -93.1330032 34.0610008
vn 19.8560009 -88.7020035 41.6860008
vn -64.802002 6.75500011 75.8619995
vn 87.1289978 36.5250015 -32.7789993
vn 10.1520004 -31.6280003 -94.3219986
vn 40.5379982 4.61499977 -91.2979965
vn -7.90899992 -68.6200027 -72.3099976
vn 9.9470005 -68.112999 -72.5370026
vn -92.3040009 13.1090002 36.1679993
vn -76.6669998 18.1679993 61.5810013
vn -87.7180023 2.78399992 47.9350014
vn 83.7959976 25.9629993 -48.0019989
vn 71.5759964 35.8230019 -59.9469986
vn 76.6409988 28.5049992 -57.5639992
vn 80.223999 32.6450005 -49.9840012
vn 50.0480003 4.40600014 -86.4629974
vn 75.913002 -43.3209991 48.5849991
vn -83.0270004 5.37799978 55.4760017
vn -89.6610031 35.4420013 26.5459995
vn -92.3219986 -3.34299994 38.2820015
vn 82.9800034 -10.6490002 54.7799988
vn -86 13.1149998 49.3149986
vn -6.56699991 -97.3399963 21.9500008
vn 11.9790001 -99.2289963 -3.18700004
vn -6.35500002 -94.2750015 32.7400017
vn 45.5349998 -86.3860016 -21.5400009
vn 56.3470001 -74.1070023 -36.5130005
vn -53.1769981 9.23099995 84.1839981
vn -59.1259995 19.8810005 78.1589966
vn -45.0449982 44.2680016 77.5319977
vn -43.2529984 11.6269999 89.4089966
vn -34.3300018 30.1669998 88.9459991
vn 36.3050003 20.9239998 -90.7969971
vn 21.2649994 -41.8759995 -88.2850037
vn 26.7709999 -47.2360001 -83.9769974
vn 29.5830002 -39.5789986 -86.9380035
vn 16.1310005 -97.9840012 11.7860003
vn 1.222 -90.9150009 41.6300011
vn 9.03800011 -88.9660034 44.7589989
vn 48.7820015 47.5330009 73.2180023
vn 6.15700006 20.0750008 97.7710037
vn 38.4840012 -62.6399994 67.788002
vn 46.4350014 -23.5510006 85.3759995
vn -64.9980011 34.8889999 67.5130005
vn -15.2089996 -56.5110016 81.086998
vn -1.03199995 -35.3740005 93.5289993
vn -10.2410002 -60.512001 78.9520035
vn 20.0349998 86.9309998 -45.1839981
vn -7.875 -94.322998 32.2669983
vn 9.90699959 -62.4729996 -77.4530029
vn -11.809 -89.072998 -43.8930016
vn -48.1220016 84.2369995 -24.257
vn -59.5079994 71.1640015 -37.3429985
vn -26.9990005 -69.8259964 66.2969971
vn 10.625 -90.1240005 42.0089989
vn 18.3260002 -86.7369995 46.269001
vn 92.0559998 -23.5550003 -31.1580009
vn -77.1090012 8.72900009 -63.0719986
vn 95.5849991 -29.0580006 -4.37900019
vn 91.4440002 -33.2799988 23.0300007
vn 89.2549973 26.0699997 36.7949982
vn 89.875 -8.72099972 42.9710007
vn -43.0209999 -61.3440018 66.2279968
vn -39.1689987 -49.1930008 77.7549973
vn -35.5579987 -60.8530006 70.9410019
vn -36.8470001 0.550000012 92.961998
vn -38.1430016 65.2509995 -65.4779968
vn -67.4950027 42.6640015 -60.2010002
vn -56.1619987 65.8379974 -50.1110001
vn 76.4810028 -43.4280014 47.5890007
vn 84.2109985 -38.1539993 38.1150017
vn 53.1800003 73.4160004 -42.2140007
vn 72.8059998 25.6919994 63.5540009
vn 53.0760002 11.9759998 83.9020004
vn 84.7699966 52.5750008 -7.05800009
vn 86.1429977 49.987999 -8.97999954
vn 86.586998 47.519001 -15.6420002
vn 18.4669991 36.7739983 -91.1409988
vn 15.1149998 18.7250004 -97.060997
vn 59.3110008 39.9329987 -69.9110031
vn 33.9109993 76.8209991 -54.3009987
vn 48.6049995 46.6689987 -73.8889999
vn 93.2389984 -33.7089996 13.0439997
vn 67.8809967 63.6300011 36.6520004
vn 62.4640007 59.5760002 50.4869995
vn 59.4729996 -63.2639999 49.6049995
vn 65.1679993 -44.6549988 61.3110008
vn 56.8040009 -66.9430008 47.8740005
vn -87.8939972 16.9580002 44.5769997
vn -70.2839966 -11.2609997 70.237999
vn 54.7420006 33.7700005 -76.5690002
vn 37.0730019 36.7019997 -85.3150024
vn -83.7509995 -10.7189999 53.5810013
vn -96.5719986 -0.365999997 25.9559994
vn -25.8880005 15.6169996 95.3199997
vn 13.3809996 -67.4499969 -72.6050034
vn -3.78900003 -55.4350014 -83.1419983
vn 9.03600025 -84.2890015 -53.0439987
vn 40.6769981 -80.9789963 -42.2830009
vn -75.8509979 63.6590004 13.9329996
vn -78.8000031 46.9770012 39.7949982
vn 79.8410034 -54.6699982 -25.2299995
vn 7.89799976 62.2099991 77.8939972
vn 19.5580006 -24.1049995 95.0599976
vn -92.5540009 5.90999985 37.4000015
vn -0.182999998 -83.6330032 -54.8219986
vn 32.7010002 -37.0089989 -86.9540024
vn 74.9899979 -59.7789993 -28.3369999
vn 66.9759979 -1.76699996 -74.2360001
vn 21.9710007 87.552002 -43.0340004
vn 54.8100014 82.3710022 14.5220003
vn 16.4279995 91.0360031 -37.980999
vn 40.1640015 59.9860001 -69.1989975
vn -51.2540016 42.6310005 74.5360031
vn -71.7710037 32.4819984 61.5940018
vn 99.7200012 7.3210001 1.51200008
vn 81.0579987 -11.158 57.4910011
vn 73.0250015 2.07200003 -68.2870026
vn 62.3370018 -3.57200003 -78.1110001
vn 75.3700027 55.1409988 -35.7610016
vn 6.44999981 -90.1940002 42.7019997
vn 78.2149963 62.1399994 -4.579
vn 69.0419998 64.4779968 32.7999992
vn 65.6600037 74.1959991 13.552
vn 58.9140015 22.3129997 77.6610031
vn 56.4220009 -21.5249996 -79.7070007
vn 62.612999 -1.88899994 -77.9489975
vn 21.5890007 60.7949982 -76.4059982
vn -0.294 99.2949982 -11.8459997
vn 19.0839996 88.0820007 -43.3300018
vn -44.6389999 51.5830002 73.1200027
vn -50.3959999 44.2820015 74.1579971
vn -36.3889999 20.5179996 90.8560028
vn -42.1850014 24.7959995 87.2099991
vn -15.2159996 20.4459991 96.697998
vn 60.7169991 46.1380005 64.689003
vn 60.5250015 52.5139999 59.8240013
vn 66.8840027 27.4120007 69.1019974
vn 67.7509995 37.4710007 63.2910004
vn 66.6559982 37.3650017 64.5039978
vn 49.6399994 73.4860001 -46.2120018
vn 70.9649963 60.1969986 -36.6110001
vn 33.3230019 49.8969994 -79.9990005
vn -77.362999 -49.3530006 -39.7400017
vn -61.2260017 15.5019999 77.5319977
vn -28.7929993 26.8600006 91.9209976
vn -0.630999982 -64.9309998 -76.0500031
vn 62.6809998 77.7839966 4.55100012
vn 40.2229996 90.8499985 -11.3269997
vn 42.9059982 71.2750015 -55.487999
vn 78.1480026 41.8639984 -46.2630005
vn 95.3209991 29.4860001 -6.66400003
vn 87.9960022 47.4329987 -2.59399986
vn 68.0940018 63.6150017 -36.2820015
vn 64.0029984 19.0370007 74.439003
vn 35.7360001 -2.34899998 93.3669968
vn 83.8399963 15.5679998 52.2350006
vn -32.4889984 18.5769997 92.7330017
vn -20.3120003 44.8619995 87.0339966
vn -28.059 20.8610001 93.6880035
vn -54.3899994 25.4090004 -79.9749985
vn 98.3570023 17.8360004 2.80599999
vn 94.9929962 27.1240005 15.5089998
vn 76.6569977 41.0379982 49.3919983
vn 44.0839996 59.1759987 -67.4889984
vn 64.7330017 73.0530014 -21.7450008
vn -93.887001 -5.0710001 -34.0519981
vn -41.0670013 -6.84100008 90.9219971
vn 80.7409973 56.9980011 -15.2340002
vn 75.8180008 55.5200005 -34.1920013
vn -85.5339966 27.6289997 -43.8240013
vn -75.7200012 37.8160019 -53.2579994
vn -86.0400009 17.7980003 -47.7529984
vn 39.1629982 -5.94700003 -91.8199997
vn 51.9259987 10.1730003 -84.8539963
vn 32.5279999 9.47999954 94.0849991
vn 49.1829987 15.46 85.685997
vn 16.993 64.9079971 -74.1500015
vn 68.4229965 32.6450005 65.211998
vn -97.7659988 21.0189991 0.291000009
vn 74.2939987 66.0210037 -11.0310001
vn 73.5859985 67.322998 7.26599979
vn -96.8759995 -16.4589996 -18.5540009
vn 50.0979996 10.8830004 -85.8590012
vn 71.6340027 27.6389999 -64.0680008
vn 53.4729996 -40.7680016 74.0169983
vn -69.6569977 59.3370018 -40.3370018
vn -42.7729988 7.00600004 90.1190033
vn -41.4220009 -16.0830002 89.5849991
vn -41.2770004 -6.84100008 90.8259964
vn 46.9780006 -73.2959976 49.2010002
vn -96.6090012 -1.20700002 -25.7940006
vn -7.69000006 92.6989975 -36.7120018
vn 61.8129997 19.2329998 -76.2190018
vn 64.8359985 0.533999979 -76.1309967
vn 77.086998 16.7709999 61.4519997
vn 85.0059967 47.6780014 22.3789997
vn 56.3530006 40.6430016 -71.9199982
vn 80.5049973 55.0330009 -22.1410007
vn 12.6520004 74.5650024 65.4209976
vn 63.0429993 47.4889984 -61.4029999
vn -50.1419983 2.89499998 86.4720001
vn 54.2649994 45.9239998 -70.3300018
vn -55.9059982 -82.8949966 1.71899998
vn -8.06700039 -74.7689972 65.913002
vn -21.7310009 -59.2820015 -77.5459976
vn 52.762001 16.0300007 -83.4219971
vn 19.6299992 43.1269989 -88.060997
vn 64.3759995 45.3250008 -61.6549988
vn -2.03299999 -58.4239998 -81.1330032
vn 25.5400009 27.4009991 -92.7190018
vn 42.8959999 51.9370003 73.9089966
vn 3.76800013 32.1469994 94.6169968
vn -10.0939999 23.9729996 96.5579987
vn 58.6629982 62.5209999 -51.4749985
vn 37.0859985 -10.3649998 -92.2890015
vn 72.5179977 50.7449989 -46.5419998
vn 67.8659973 -14.559 -71.987999
vn 84.7919998 50.6640015 -15.6049995
vn -96.4680023 23.2889996 12.3100004
vn -8.81200027 -82.7060013 55.5169983
vn -22.0510006 -70.7600021 67.1330032
vn 69.7160034 61.3180008 -37.1450005
vn 65.4459991 2.91400003 -75.5530014
vn -83.6119995 4.33300018 54.6839981
vn 86.7340012 -49.7509995 1.47099996
vn 39.1769981 67.8030014 -62.1930008
vn -77.8880005 -16.5049992 -60.507
vn -80.2320023 -16.3920002 -57.394001
vn 77.4720001 61.5060005 14.6669998
vn 44.9280014 54.9490013 -70.4420013
vn 55.9239998 60.1220016 -57.0779991
vn -52.0970001 36.2550011 -77.276001
vn -64.7929993 33.6910019 -68.314003
vn -69.0459976 30.7970009 -65.4540024
vn 22.8299999 -91.8820038 32.1940002
vn 61.8359985 -0.994000018 -78.5830002
vn -48.2470016 38.7159996 -78.5699997
vn -52.3930016 70.6910019 -47.5159988
vn -70.4660034 68.0979996 -19.9300003
vn -14.5769997 74.2860031 -65.3389969
vn -81.4990005 -11.8739996 56.7169991
vn -62.394001 -0.926999986 78.1419983
vn 78.8259964 -21.1800003 -57.7739983
vn 78.9919968 -31.8719997 -52.387001
vn 65.9380035 -28.1340008 -69.7190018
vn 5.45499992 -36.3400002 -93.0029984
vn 13.8260002 78.3679962 -60.5589981
vn -41.4510002 90.0149994 -13.3859997
vn -22.8959999 89.4509964 -38.3969994
vn 58.0820007 -79.9820023 -15.1440001
vn 13.9429998 -94.2160034 30.4769993
vn -34.4179993 72.2519989 -59.9589996
vn -35.9389992 -61.0239983 -70.6009979
vn -26.0200005 -66.2529984 -70.237999
vn 99.3199997 -3.68400002 -11.0410004
vn 49.8339996 65.1959991 -57.1500015
vn 67.7470016 63.401001 -37.2910004
vn 68.6309967 57.519001 -44.512001
vn 88.1709976 47.1669998 1.08099997
vn -0.975000024 -83.4919968 -55.0289993
vn -80.8290024 22.5869999 54.3740005
vn -73.7839966 11.3669996 66.5339966
vn -78.185997 19.7590008 59.132
vn 24.6870003 60.5610008 -75.6500015
vn -44.8790016 -11.7340002 88.5899963
vn -40.4500008 7.73799992 91.1259995
vn -15.9200001 37.1850014 91.4540024
vn -12.7299995 27.309 95.3529968
vn -6.31799984 45.9500008 88.5930023
vn -12.9189997 49.7330017 85.7890015
vn 74.5910034 -6.9829998 66.237999
vn -48.4039993 5.1500001 87.3529968
vn 16.1140003 69.0479965 -70.5179977
vn -21.7779999 53.6689987 -81.5189972
vn 39.2360001 42.2330017 81.7129974
vn 51.6049995 50.8919983 68.8980026
vn 51.6599998 17.9659996 83.7170029
vn -73.9290009 -5.22300005 67.1360016
vn -78.25 -15.6040001 60.2779999
vn 49.2719994 62.0579987 -61.0009995
vn -33.223999 -13.3629999 93.3679962
vn -97.7210007 4.51599979 -20.7409992
vn -99.6019974 6.03900003 -6.55900002
vn -8.44299984 -75.8560028 -64.6110001
vn -70.447998 33.3339996 62.6570015
vn -72.1709976 21.1560001 65.9079971
vn -21.1650009 26.5750008 94.052002
vn -15.2250004 23.7420006 95.9400024
vn -79.1080017 -5.76499987 60.9000015
vn 59.2840004 20.4430008 -77.8939972
vn -43.651001 89.9349976 -2.51300001
vn 60.1920013 73.2450027 -31.8139992
vn 87.4410019 41.8149986 -24.6079998
vn 1.68000007 42.6419983 -90.4369965
vn -84.7990036 0.238000005 -53.0009995
vn -85.5849991 -8.97900009 50.9370003
vn -88.1849976 -8.3380003 46.4099998
vn -79.7910004 55.8450012 -22.6870003
vn 8.33399963 -90.7369995 41.2000008
vn -10.0059996 -88.7770004 44.9269981
vn 82.75 0.816999972 -56.1399994
vn -69.9459991 34.3059998 -62.6940002
vn 73.0319977 28.0240002 62.2980003
vn -15.1719999 73.6269989 -65.9459991
vn 35.9519997 62.2939987 -69.4759979
vn 27.8929996 66.3550034 -69.4189987
vn 10.0570002 96.9499969 -22.3509998
vn 42.5929985 -5.91699982 -90.2819977
vn 47.2639999 52.9370003 -70.4540024
vn 4.8039999 -96.1869965 26.9249992
vn 61.0349998 65.7809982 44.1310005
vn 62.2340012 60.4119987 49.7719994
vn -47.5550003 40.0620003 -78.3170013
vn 39.3790016 36.8339996 -84.2170029
vn 39.2449989 -11.8900003 91.2060013
vn 90.7939987 19.4120007 -37.1430016
vn 81.6190033 44.6469994 -36.6759987
vn 72.5820007 40.526001 -55.5830002
vn 2.81599998 -95.1009979 30.7889996
vn -22.7189999 51.0670013 82.9219971
vn 41.0460014 -24.1620007 87.9290009
vn -95.5579987 19.0440006 22.4950008
vn -88.0739975 20.3250008 42.7779999
vn 94.4860001 14.2189999 29.4990005
vn 61.1170006 35.0519981 70.9649963
vn 92.3099976 12.7650003 36.276001
vn -92.3799973 20.1959991 32.5289993
vn -17.3059998 48.8800011 85.5059967
vn 85.1119995 23.3780003 47.0040016
vn -74.185997 65.8010025 -12.9090004
vn -60.0299988 31.1700001 -73.6529999
vn 87.2269974 8.26500034 48.1990013
vn 68.7699966 35.269001 -63.4580002
vn -79.9189987 -18.2590008 -57.2669983
vn 38.7649994 16.9279995 -90.612999
vn 70.8190002 35.4179993 61.0760002
vn 28.2380009 46.9640007 83.6480026
vn 68.8040009 36.9609985 62.4490013
vn 70.8720016 42.0470009 -56.6500015
vn 88.8690033 28.3589993 -36.0289993
vn 35.4449997 -46.6150017 -81.0599976
vn 87.4290009 48.4360008 -3.17700005
vn 80.1829987 59.7529984 0.509000003
vn -76.3730011 2.42700005 -64.5080032
vn 35.8470001 51.6619987 -77.7570038
vn -49.1599998 42.6710014 -75.9110031
vn -13.743 -72.2720032 -67.7340012
vn 84.2330017 36.4360008 -39.7150002
vn 68.3320007 32.9510002 65.1539993
vn 48.243 70.6910019 -51.7229996
vn 54.2150002 69.9889984 -46.5
vn 76.5719986 64.0999985 5.2750001
vn 73.1559982 68.1299973 -2.57299995
vn -70.8740005 -57.0890007 -41.4440002
vn -71.5449982 -61.8520012 -32.4889984
vn 48.2000008 17.5090008 -85.8499985
vn -62.1819992 34.3889999 -70.3619995
vn 58.9449997 63.1090012 -50.4259987
vn 69.2429962 53.9889984 -47.8610001
vn -60.9539986 -64.723999 -45.7750015
vn 61.2529984 54.4480019 57.3019981
vn -93.2639999 26.3099995 -24.6900005
vn 15.2930002 -64.1330032 -75.1869965
vn 14.2729998 -77.6259995 61.4039993
vn 64.4860001 60.7050018 -46.4379997
vn 45.3959999 72.2750015 -52.1100006
vn -78.4899979 56.5279999 25.375
vn 64.5490036 13.4420004 75.1849976
vn 63.4189987 13.1079998 76.1989975
vn 56.8930016 72.0690002 39.6139984
vn 59.3740005 -54.6959991 59.0180016
vn 95.1869965 15.2200003 26.6019993
vn 97.7519989 1.57599998 21.0240002
vn 92.2910004 -3.99900007 -38.2919998
vn 76.8769989 -12.5889997 -62.7010002
vn 47.7179985 83.5210037 -27.3360004
vn 31.3840008 74.3239975 -59.0839996
vn -6.86600018 7.40399981 -99.4889984
vn -17.8390007 -97.6340027 12.2250004
vn -24.8980007 -96.322998 10.0939999
vn -74.7009964 60.7989998 -26.8939991
vn -71.9639969 9.11100006 -68.8339996
vn 75.8929977 19.3670006 62.1699982
vn 91.4919968 -13.1049995 38.1759987
vn -74.1399994 -0.455000013 -67.1039963
vn -10.6000004 77.5319977 -62.2610016
vn -4.48799992 -63.7579994 -76.9079971
vn 95.5439987 27.8549995 9.77099991
vn 29.8509998 57.3149986 -76.3150024
vn 89.0070038 33.9970016 -30.3630009
vn -40.8530006 66.4039993 -62.6220016
vn -49.5299988 54.7980003 -67.4089966
vn 8.97299957 -92.9909973 35.6669998
vn -93.1529999 -18.6720009 31.2080002
vn -97.387001 2.33999991 22.5900002
vn -99.4290009 1.64100003 -10.5410004
vn -99.5059967 8.96899986 4.26300001
vn 74.3190002 33.2000008 -58.0890007
vn -21.9260006 -12.8699999 -96.7139969
vn 51.6469994 58.1629982 -62.8470001
vn 5.54699993 -17.9869995 98.2129974
vn 48.7000008 13.1719999 86.3410034
vn 98.1159973 -18.9120007 3.93599987
vn 48.0040016 -31.6949997 81.7990036
vn 74.6910019 3.19700003 66.4160004
vn 70.9199982 48.9529991 -50.7350006
vn -5.43300009 20.0650005 97.8160019
vn -19.1529999 -85.0699997 48.9510002
vn -16.2880001 -82.9749985 53.3829994
vn -73.038002 -20.5160007 65.1500015
vn 63.5699997 74.7819977 -19.1420002
vn -94.8170013 13.0539999 28.9699993
vn 79.086998 40.6329994 -45.7630005
vn -95.6880035 21.6229992 -19.3969994
vn -80.6429977 59.0610008 -2.89499998
vn -43.1739998 4.32000017 90.0960007
vn -40.9300003 -4.64599991 91.1220016
vn -34.5379982 -0.284999996 93.8460007
vn 68.1819992 37.6520004 -62.7179985
vn 95.5210037 -23.8789997 -17.4769993
vn -65.3610001 41.1349983 -63.5279999
vn 82.762001 -48.382 28.4540005
vn -79.1259995 4.53700018 60.9799995
vn 57.9580002 51.0709991 63.5029984
vn -81.8570023 7.39499998 56.9630013
vn 51.0999985 51.9459991 -68.4860001
vn 72.3850021 34.019001 60.026001
vn 57.7879982 71.7610016 -38.8709984
vn 56.0349998 29.0669994 -77.5579987
vn 23.632 67.8310013 -69.5739975
vn -21.2840004 52.387001 -82.4779968
vn -3.29699993 29.0139999 -95.6419983
vn 86.2809982 24.6930008 -44.1110001
vn -12.5159998 -63.473999 76.2519989
vn -1.11800003 -52.0649986 -85.3700027
vn -4.53999996 -28.5620003 -95.7269974
vn 34.7929993 83.0390015 -43.519001
vn -79.1060028 52.0670013 32.1119995
vn 69.2870026 29.4290009 65.8280029
vn 43.5009995 50.7270012 -74.3939972
vn -26.1959991 45.5550003 85.0800018
vn 94.038002 -20.6000004 27.0629997
vn 20.2740002 59.9679985 -77.413002
vn 39.5330009 -50.4410019 -76.7649994
vn 27.7709999 -56.1220016 -77.9690018
vn 84.836998 52.9029999 -1.98099995
vn -33.3580017 -48.6030006 80.7779999
vn 42.2350006 61.4529991 -66.6309967
vn -12.0559998 -53.9420013 83.3359985
vn 73.3580017 65.0680008 19.618
vn 73.2959976 31.1450005 60.4790001
vn -63.5289993 -35.737999 -68.4599991
vn 68.9110031 -12.6590004 71.3509979
vn 61.0940018 -34.3339996 71.3359985
vn -22.3549995 39.3149986 89.1880035
vn 34.9550018 53.2770004 -77.0699997
vn 75.4570007 37.8689995 53.5919991
vn 11.4309998 61.3170013 -78.1640015
vn 35.8079987 73.9540024 -56.9970016
vn 40.4539986 19.7819996 -89.2870026
vn 74.0360031 63.9000015 20.868
vn 73.1159973 62.3800011 27.6170006
vn 31.448 -57.0929985 -75.8379974
vn -15.9379997 31.1000004 93.6949997
vn 46.2630005 71.5849991 -52.2999992
vn 66.1380005 70.8379974 24.6520004
vn -11.3450003 -66.1839981 -74.1009979
vn -19.1599998 15.5310001 96.9110031
vn 61.1310005 64.7890015 45.4449997
vn 17.2579994 -33.3979988 92.6650009
vn 85.322998 -17.1690006 49.2470016
vn 5.16800022 86.913002 -49.1870003
vn 82.8789978 -2.12100005 -55.9150009
vn 2.43799996 77.9219971 -62.6269989
vn -53.5369987 31.8470001 -78.2279968
vn -69.9889984 -27.2010002 -66.0429993
vn -61.0299988 -42.4160004 -66.9049988
vn 10.0970001 60.8919983 78.6780014
vn -86.4550018 -5.82999992 49.9150009
vn 42.7579994 37.2350006 82.3730011
vn -82.9789963 -2.72300005 -55.7410011
vn -1.83700001 22.1730003 97.4940033
vn 72.1800003 -65.5910034 -22.0890007
vn -6.05900002 47.1730003 -87.9660034
vn 18.0419998 55.9900017 -80.8679962
vn 70.5899963 -68.862999 16.5790005
vn -95.1780014 -27.802 12.9689999
vn -96.6179962 -4.30700016 -25.4239998
vn -86.1309967 34.5779991 37.2270012
vn 76.7659988 54.1310005 -34.3050003
vn 62.6720009 56.3919983 -53.7789993
vn -32.0219994 68.3909988 -65.5540009
vn 52.3699989 -67.0510025 52.5499992
vn 47.0849991 -64.1039963 60.6110001
vn 52.3790016 -51.1290016 68.1340027
vn 76.3929977 57.987999 -28.3110008
vn -75.413002 -3.48199987 -65.5800018
vn 55.6409988 -21.9330006 -80.1439972
vn 75.5449982 -61.4179993 -22.8220005
vn -64.1240005 33.0379982 -69.2580032
vn -91.4260025 19.4130001 -35.5579987
vn 73.3259964 56.9290009 37.1809998
vn -3.546 -74.2099991 66.9349976
vn -16.6930008 -57.1730003 80.3280029
vn 49.2109985 53.6279984 -68.5739975
vn 29.7950001 87.473999 38.2169991
vn 78.5130005 -60.9690018 10.8850002
vn 82.3669968 56.3050003 -6.73099995
vn 66.3209991 39.5629997 63.5309982
vn -5.92700005 17.598999 98.2610016
vn 93.6729965 -12.2340002 32.7980003
vn 68.1999969 24.3759995 -68.9540024

# Mesh '' with 3994 faces
usemtl C4DMAT_MA_Material_Concrete044C_2K_jpg
f  1/1/1 2/2/2 3/3/3
f  4/4/4 5/5/5 6/6/6
f  7/7/7 8/8/8 9/9/9
f  10/10/10 11/11/11 12/12/12
f  13/13/13 14/14/14 15/15/15
f  16/16/16 17/17/17 18/18/18
f  19/19/19 20/20/20 21/21/21
f  22/22/22 23/23/23 24/24/24
f  25/25/25 26/26/26 27/27/27
f  28/28/28 29/29/29 30/30/30
f  31/31/31 32/32/32 33/33/33
f  34/34/34 35/35/35 36/36/36
f  37/37/37 38/38/38 39/39/39
f  40/40/40 41/41/41 42/42/42
f  43/43/43 44/44/44 45/45/45
f  46/46/46 47/47/47 48/48/48
f  49/49/49 50/50/50 51/51/51
f  52/52/52 53/53/53 54/54/54
f  55/55/55 56/56/56 57/57/57
f  58/58/58 59/59/59 60/60/60
f  61/61/61 62/62/62 63/63/63
f  64/18/18 65/64/64 66/65/65
f  67/66/66 68/67/67 69/68/68
f  70/69/69 71/70/70 72/71/71
f  73/72/72 74/41/41 75/40/40
f  76/73/73 77/74/74 78/75/75
f  79/76/76 80/77/77 81/78/78
f  82/79/79 83/80/80 84/81/81
f  85/82/82 86/83/83 87/84/84
f  88/85/85 89/86/86 90/87/87
f  91/88/88 92/89/89 93/90/90
f  94/91/91 95/92/92 96/93/93
f  97/94/94 98/95/95 99/96/96
f  100/97/97 101/98/98 102/99/99
f  103/100/100 104/101/101 105/55/55
f  106/102/102 107/103/103 108/104/104
f  109/105/105 110/106/106 111/107/107
f  112/108/108 113/109/109 114/110/110
f  115/111/111 116/112/112 117/113/113
f  118/114/114 119/115/115 120/116/116
f  121/117/117 122/118/118 123/119/119
f  124/120/120 125/121/121 126/122/122
f  127/123/123 128/124/124 129/125/125
f  130/126/126 131/127/127 132/128/128
f  133/129/129 134/130/130 135/131/131
f  136/132/132 137/133/133 138/134/134
f  139/135/135 140/136/136 141/137/137
f  142/138/138 143/126/126 144/139/139
f  145/140/140 146/141/141 147/142/142
f  148/143/143 149/144/144 150/145/145
f  151/146/146 152/147/147 153/148/148
f  154/149/149 155/150/150 156/151/151
f  157/152/152 158/153/153 159/154/154
f  160/155/155 161/156/156 162/157/157
f  163/114/114 164/116/116 165/158/158
f  166/159/159 167/160/160 168/161/161
f  169/162/162 170/74/74 171/73/73
f  172/163/163 173/164/164 174/165/165
f  175/166/166 176/167/167 177/168/168
f  178/169/169 179/170/170 180/171/171
f  181/172/172 182/173/173 183/174/174
f  184/9/9 185/8/8 186/175/175
f  187/176/176 188/177/177 189/178/178
f  190/179/179 191/180/180 192/92/92
f  193/153/153 194/181/181 195/182/182
f  196/183/183 197/184/184 198/185/185
f  199/186/186 200/187/187 201/188/188
f  202/189/189 203/190/190 204/191/191
f  205/192/192 206/6/6 207/5/5
f  208/193/193 209/102/102 210/194/194
f  211/195/195 212/12/12 213/196/196
f  214/197/197 215/198/198 216/199/199
f  217/200/200 218/201/201 219/202/202
f  220/203/203 221/204/204 222/205/205
f  223/206/206 224/207/207 225/208/208
f  226/209/209 227/210/210 228/211/211
f  229/212/212 230/145/145 231/213/213
f  232/214/214 233/215/215 234/216/216
f  235/217/217 236/218/218 237/219/219
f  238/220/220 239/221/221 240/222/222
f  241/223/223 242/150/150 243/224/224
f  244/225/225 245/226/226 246/227/227
f  247/228/228 248/32/32 249/229/229
f  250/230/230 251/231/231 252/232/232
f  253/233/233 254/234/234 255/235/235
f  256/236/236 257/237/237 258/238/238
f  259/239/239 260/240/240 261/241/241
f  262/242/242 263/177/177 264/176/176
f  265/243/243 266/244/244 267/245/245
f  268/246/246 269/247/247 270/248/248
f  271/249/249 272/250/250 273/251/251
f  274/252/252 275/253/253 276/254/254
f  277/255/255 278/256/256 279/257/257
f  280/201/201 281/258/258 282/202/202
f  283/259/259 284/260/260 285/261/261
f  286/262/262 287/263/263 288/264/264
f  289/250/250 290/265/265 291/251/251
f  292/266/266 293/267/267 294/268/268
f  295/269/269 296/270/270 297/271/271
f  298/272/272 299/273/273 300/274/274
f  301/275/275 302/276/276 303/277/277
f  304/278/278 305/279/279 306/280/280
f  307/281/281 308/282/282 309/283/283
f  310/284/284 311/285/285 312/286/286
f  313/287/287 314/288/288 315/289/289
f  316/290/290 317/291/291 318/292/292
f  319/293/293 320/294/294 321/295/295
f  322/296/296 323/297/297 324/298/298
f  325/299/299 326/300/300 327/301/301
f  328/302/302 329/303/303 330/304/304
f  331/305/305 332/306/306 333/47/47
f  334/307/307 335/146/146 336/308/308
f  337/309/309 338/310/310 339/311/311
f  340/312/312 341/313/313 342/314/314
f  343/315/315 344/316/316 345/317/317
f  346/318/318 347/319/319 348/320/320
f  349/321/321 350/322/322 351/323/323
f  352/324/324 353/325/325 354/326/326
f  355/327/327 356/328/328 357/329/329
f  358/330/330 359/331/331 360/332/332
f  361/271/271 362/333/333 363/334/334
f  364/335/335 365/336/336 366/337/337
f  367/338/338 368/339/339 369/340/340
f  370/341/341 371/342/342 372/343/343
f  373/344/344 374/345/345 375/346/346
f  376/347/347 377/348/348 378/349/349
f  379/350/350 380/351/351 381/352/352
f  382/353/353 383/57/57 384/354/354
f  385/355/355 386/356/356 387/357/357
f  388/358/358 389/359/359 390/360/360
f  391/361/361 392/362/362 393/342/342
f  394/363/363 395/364/364 396/365/365
f  397/366/366 398/122/122 399/121/121
f  400/367/367 401/368/368 402/369/369
f  403/370/370 404/371/371 405/372/372
f  406/373/373 407/374/374 408/375/375
f  409/376/376 410/377/377 411/378/378
f  412/379/379 413/380/380 414/381/381
f  415/382/382 416/383/383 417/384/384
f  418/385/385 419/386/386 420/387/387
f  421/388/388 422/389/389 423/390/390
f  424/391/391 425/392/392 426/161/161
f  427/393/393 428/364/364 429/363/363
f  430/394/394 431/395/395 432/396/396
f  433/397/397 434/398/398 435/399/399
f  436/400/400 437/401/401 438/402/402
f  439/403/403 440/81/81 441/404/404
f  442/231/231 443/230/230 444/405/405
f  445/406/406 446/407/407 447/408/408
f  448/409/409 449/28/28 450/30/30
f  451/410/410 452/411/411 453/412/412
f  454/413/413 455/414/414 456/415/415
f  457/297/297 458/293/293 459/295/295
f  460/416/416 461/417/417 462/418/418
f  463/394/394 464/396/396 465/419/419
f  466/138/138 467/420/420 468/421/421
f  469/422/422 470/423/423 471/424/424
f  472/425/425 473/426/426 474/427/427
f  475/428/428 476/429/429 477/107/107
f  478/430/430 479/431/431 480/432/432
f  481/433/433 482/434/434 483/435/435
f  484/436/436 485/437/437 486/438/438
f  487/69/69 488/439/439 489/70/70
f  490/440/440 491/441/441 492/442/442
f  493/443/443 494/444/444 495/445/445
f  496/446/446 497/447/447 498/448/448
f  499/306/306 500/305/305 501/449/449
f  502/450/450 503/451/451 504/452/452
f  505/165/165 506/164/164 507/219/219
f  508/453/453 509/454/454 510/455/455
f  511/456/456 512/457/457 513/458/458
f  514/459/459 515/460/460 516/461/461
f  517/462/462 518/463/463 519/464/464
f  520/465/465 521/466/466 522/467/467
f  523/468/468 524/469/469 525/470/470
f  526/471/471 527/472/472 528/473/473
f  529/255/255 530/474/474 531/475/475
f  532/255/255 533/357/357 534/476/476
f  535/477/477 536/478/478 537/479/479
f  538/480/480 539/481/481 540/482/482
f  541/444/444 542/483/483 543/484/484
f  544/485/485 545/486/486 546/487/487
f  547/488/488 548/489/489 549/490/490
f  550/491/491 551/492/492 552/493/493
f  553/494/494 554/374/374 555/495/495
f  556/496/496 557/281/281 558/497/497
f  559/498/498 560/110/110 561/499/499
f  562/500/500 563/501/501 564/502/502
f  565/503/503 566/504/504 567/505/505
f  568/506/506 569/507/507 570/63/63
f  571/508/508 572/509/509 573/510/510
f  574/511/511 575/512/512 576/513/513
f  577/514/514 578/500/500 579/515/515
f  580/516/516 581/517/517 582/518/518
f  583/314/314 584/313/313 585/66/66
f  586/519/519 587/370/370 588/495/495
f  589/520/520 590/521/521 591/522/522
f  592/523/523 593/267/267 594/524/524
f  595/525/525 596/526/526 597/527/527
f  598/528/528 599/529/529 600/530/530
f  601/531/531 602/532/532 603/338/338
f  604/533/533 605/534/534 606/535/535
f  607/536/536 608/537/537 609/538/538
f  610/539/539 611/540/540 612/506/506
f  613/541/541 614/89/89 615/88/88
f  616/91/91 617/179/179 618/92/92
f  619/542/542 620/543/543 621/544/544
f  622/529/529 623/545/545 624/546/546
f  625/547/547 626/548/548 627/549/549
f  628/550/550 629/551/551 630/552/552
f  631/235/235 632/253/253 633/252/252
f  634/553/553 635/554/554 636/555/555
f  637/556/556 638/557/557 639/558/558
f  640/392/392 641/559/559 642/560/560
f  643/123/123 644/125/125 645/561/561
f  646/562/562 647/563/563 648/564/564
f  649/565/565 650/21/21 651/20/20
f  652/566/566 653/567/567 654/568/568
f  655/569/569 656/570/570 657/148/148
f  658/571/571 659/572/572 660/573/573
f  661/574/574 662/575/575 663/576/576
f  664/373/373 665/468/468 666/470/470
f  667/577/577 668/578/578 669/579/579
f  670/171/171 671/580/580 672/169/169
f  673/581/581 674/582/582 675/583/583
f  676/2/2 677/584/584 678/3/3
f  679/585/585 680/586/586 681/472/472
f  682/587/587 683/588/588 684/589/589
f  685/590/590 686/591/591 687/362/362
f  688/592/592 689/362/362 690/593/593
f  691/594/594 692/595/595 693/596/596
f  694/597/597 695/598/598 696/599/599
f  697/600/600 698/158/158 699/601/601
f  700/602/602 701/603/603 702/604/604
f  703/605/605 704/498/498 705/606/606
f  706/607/607 707/429/429 708/428/428
f  709/608/608 710/609/609 711/610/610
f  712/392/392 713/391/391 714/611/611
f  715/336/336 716/612/612 717/337/337
f  718/613/613 719/614/614 720/615/615
f  721/616/616 722/617/617 723/618/618
f  724/619/619 725/620/620 726/621/621
f  727/622/622 728/623/623 729/624/624
f  730/625/625 731/385/385 732/387/387
f  733/626/626 734/176/176 735/627/627
f  736/628/628 737/629/629 738/226/226
f  739/630/630 740/631/631 741/632/632
f  742/633/633 743/605/605 744/634/634
f  745/635/635 746/636/636 747/637/637
f  748/638/638 749/639/639 750/86/86
f  751/383/383 752/382/382 753/640/640
f  754/641/641 755/642/642 756/643/643
f  757/644/644 758/490/490 759/489/489
f  760/645/645 761/646/646 762/647/647
f  763/648/648 764/649/649 765/650/650
f  766/648/648 767/651/651 768/455/455
f  769/652/652 770/653/653 771/654/654
f  772/655/655 773/656/656 774/227/227
f  775/657/657 776/633/633 777/631/631
f  778/658/658 779/659/659 780/381/381
f  781/660/660 782/436/436 783/438/438
f  784/661/661 785/662/662 786/143/143
f  787/663/663 788/303/303 789/302/302
f  790/664/664 791/665/665 792/649/649
f  793/666/666 794/667/667 795/668/668
f  796/669/669 797/670/670 798/671/671
f  799/672/672 800/673/673 801/674/674
f  802/675/675 803/676/676 804/677/677
f  805/678/678 806/209/209 807/211/211
f  808/679/679 809/680/680 810/681/681
f  811/682/682 812/381/381 813/380/380
f  814/683/683 815/684/684 816/685/685
f  817/441/441 818/686/686 819/687/687
f  820/688/688 821/689/689 822/690/690
f  823/691/691 824/692/692 825/693/693
f  826/694/694 827/695/695 828/696/696
f  829/697/697 830/698/698 831/699/699
f  832/36/36 833/700/700 834/34/34
f  835/701/701 836/505/505 837/702/702
f  838/703/703 839/537/537 840/704/704
f  841/705/705 842/706/706 843/707/707
f  844/708/708 845/709/709 846/710/710
f  847/711/711 848/712/712 849/713/713
f  850/714/714 851/451/451 852/450/450
f  853/715/715 854/716/716 855/717/717
f  856/513/513 857/718/718 858/719/719
f  859/720/720 860/721/721 861/139/139
f  862/722/722 863/723/723 864/724/724
f  865/725/725 866/502/502 867/726/726
f  868/727/727 869/502/502 870/501/501
f  871/728/728 872/729/729 873/730/730
f  874/581/581 875/731/731 876/582/582
f  877/732/732 878/733/733 879/734/734
f  880/317/317 881/316/316 882/735/735
f  883/736/736 884/737/737 885/738/738
f  886/343/343 887/342/342 888/739/739
f  889/740/740 890/588/588 891/741/741
f  892/742/742 893/630/630 894/743/743
f  895/744/744 896/745/745 897/746/746
f  898/747/747 899/748/748 900/749/749
f  901/750/750 902/751/751 903/752/752
f  904/753/753 905/754/754 906/755/755
f  907/756/756 908/324/324 909/326/326
f  910/757/757 911/758/758 912/759/759
f  913/760/760 914/577/577 915/579/579
f  916/761/761 917/762/762 918/763/763
f  919/244/244 920/243/243 921/764/764
f  922/765/765 923/285/285 924/766/766
f  925/767/767 926/768/768 927/769/769
f  928/770/770 929/627/627 930/176/176
f  931/771/771 932/772/772 933/773/773
f  934/774/774 935/775/775 936/776/776
f  937/777/777 938/337/337 939/778/778
f  940/779/779 941/269/269 942/780/780
f  943/94/94 944/96/96 945/781/781
f  946/782/782 947/783/783 948/234/234
f  949/784/784 950/785/785 951/786/786
f  952/787/787 953/788/788 954/789/789
f  955/563/563 956/562/562 957/790/790
f  958/791/791 959/792/792 960/73/73
f  961/793/793 962/794/794 963/795/795
f  964/796/796 965/607/607 966/797/797
f  967/798/798 968/776/776 969/799/799
f  970/800/800 971/774/774 972/776/776
f  973/801/801 974/802/802 975/96/96
f  976/803/803 977/804/804 978/805/805
f  979/806/806 980/807/807 981/808/808
f  982/809/809 983/810/810 984/811/811
f  985/174/174 986/812/812 987/670/670
f  988/813/813 989/670/670 990/814/814
f  991/815/815 992/321/321 993/816/816
f  994/817/817 995/818/818 996/819/819
f  997/227/227 998/820/820 999/821/821
f  1000/822/822 1001/823/823 1002/824/824
f  1003/825/825 1004/826/826 1005/827/827
f  1006/642/642 1007/828/828 1008/640/640
f  1009/829/829 1010/830/830 1011/99/99
f  1012/831/831 1013/832/832 1014/91/91
f  1015/833/833 1016/834/834 1017/835/835
f  1018/836/836 1019/837/837 1020/599/599
f  1021/838/838 1022/839/839 1023/840/840
f  1024/841/841 1025/842/842 1026/843/843
f  1027/352/352 1028/351/351 1029/844/844
f  1030/845/845 1031/846/846 1032/847/847
f  1033/292/292 1034/291/291 1035/848/848
f  1036/849/849 1037/850/850 1038/677/677
f  1039/851/851 1040/852/852 1041/853/853
f  1042/854/854 1043/829/829 1044/99/99
f  1045/116/116 1046/115/115 1047/855/855
f  1048/856/856 1049/824/824 1050/857/857
f  1051/837/837 1052/597/597 1053/599/599
f  1054/858/858 1055/859/859 1056/860/860
f  1057/861/861 1058/862/862 1059/81/81
f  1060/863/863 1061/535/535 1062/864/864
f  1063/865/865 1064/866/866 1065/867/867
f  1066/592/592 1067/798/798 1068/799/799
f  1069/868/868 1070/869/869 1071/870/870
f  1072/869/869 1073/871/871 1074/870/870
f  1075/623/623 1076/872/872 1077/625/625
f  1078/873/873 1079/874/874 1080/875/875
f  1081/876/876 1082/234/234 1083/877/877
f  1084/253/253 1085/878/878 1086/879/879
f  1087/157/157 1088/880/880 1089/155/155
f  1090/328/328 1091/327/327 1092/624/624
f  1093/453/453 1094/881/881 1095/454/454
f  1096/882/882 1097/613/613 1098/883/883
f  1099/884/884 1100/602/602 1101/885/885
f  1102/734/734 1103/886/886 1104/887/887
f  1105/888/888 1106/889/889 1107/152/152
f  1108/890/890 1109/891/891 1110/892/892
f  1111/866/866 1112/865/865 1113/893/893
f  1114/894/894 1115/895/895 1116/896/896
f  1117/897/897 1118/898/898 1119/899/899
f  1120/900/900 1121/901/901 1122/902/902
f  1123/806/806 1124/133/133 1125/807/807
f  1126/903/903 1127/330/330 1128/904/904
f  1129/75/75 1130/905/905 1131/906/906
f  1132/615/615 1133/907/907 1134/613/613
f  1135/57/57 1136/56/56 1137/908/908
f  1138/909/909 1139/238/238 1140/910/910
f  1141/297/297 1142/295/295 1143/911/911
f  1144/912/912 1145/913/913 1146/914/914
f  1147/348/348 1148/915/915 1149/349/349
f  1150/916/916 1151/917/917 1152/918/918
f  1153/919/919 1154/88/88 1155/920/920
f  1156/921/921 1157/457/457 1158/456/456
f  1159/637/637 1160/922/922 1161/635/635
f  1162/18/18 1163/923/923 1164/16/16
f  1165/924/924 1166/925/925 1167/926/926
f  1168/927/927 1169/928/928 1170/745/745
f  1171/929/929 1172/930/930 1173/931/931
f  1174/333/333 1175/932/932 1176/933/933
f  1177/725/725 1178/934/934 1179/502/502
f  1180/935/935 1181/515/515 1182/936/936
f  1183/347/347 1184/937/937 1185/938/938
f  1186/917/917 1187/916/916 1188/937/937
f  1189/137/137 1190/939/939 1191/940/940
f  1192/941/941 1193/942/942 1194/943/943
f  1195/555/555 1196/554/554 1197/944/944
f  1198/367/367 1199/369/369 1200/945/945
f  1201/946/946 1202/161/161 1203/61/61
f  1204/406/406 1205/408/408 1206/947/947
f  1207/543/543 1208/542/542 1209/948/948
f  1210/949/949 1211/950/950 1212/951/951
f  1213/501/501 1214/952/952 1215/279/279
f  1216/566/566 1217/568/568 1218/953/953
f  1219/954/954 1220/368/368 1221/955/955
f  1222/956/956 1223/367/367 1224/945/945
f  1225/137/137 1226/940/940 1227/957/957
f  1228/958/958 1229/323/323 1230/959/959
f  1231/960/960 1232/961/961 1233/962/962
f  1234/63/63 1235/960/960 1236/506/506
f  1237/194/194 1238/102/102 1239/963/963
f  1240/964/964 1241/642/642 1242/641/641
f  1243/266/266 1244/965/965 1245/267/267
f  1246/966/966 1247/967/967 1248/968/968
f  1249/377/377 1250/659/659 1251/658/658
f  1252/969/969 1253/970/970 1254/971/971
f  1255/972/972 1256/973/973 1257/974/974
f  1258/663/663 1259/975/975 1260/303/303
f  1261/976/976 1262/506/506 1263/977/977
f  1264/960/960 1265/962/962 1266/978/978
f  1267/979/979 1268/296/296 1269/298/298
f  1270/980/980 1271/129/129 1272/981/981
f  1273/907/907 1274/982/982 1275/613/613
f  1276/217/217 1277/983/983 1278/544/544
f  1279/984/984 1280/859/859 1281/985/985
f  1282/986/986 1283/987/987 1284/988/988
f  1285/989/989 1286/990/990 1287/44/44
f  1288/991/991 1289/510/510 1290/992/992
f  1291/197/197 1292/841/841 1293/843/843
f  1294/535/535 1295/863/863 1296/993/993
f  1297/994/994 1298/995/995 1299/996/996
f  1300/997/997 1301/998/998 1302/999/999
f  1303/1000/1000 1304/1001/1001 1305/1002/1002
f  1306/346/346 1307/1003/1003 1308/1004/1004
f  1309/1005/1005 1310/43/43 1311/45/45
f  1312/734/734 1313/733/733 1314/886/886
f  1315/1006/1006 1316/1007/1007 1317/1008/1008
f  1318/192/192 1319/1009/1009 1320/6/6
f  1321/1010/1010 1322/638/638 1323/86/86
f  1324/1011/1011 1325/691/691 1326/693/693
f  1327/173/173 1328/995/995 1329/994/994
f  1330/1012/1012 1331/738/738 1332/1013/1013
f  1333/1014/1014 1334/1015/1015 1335/1016/1016
f  1336/1017/1017 1337/1018/1018 1338/1019/1019
f  1339/1020/1020 1340/1021/1021 1341/1022/1022
f  1342/1023/1023 1343/1024/1024 1344/261/261
f  1345/1025/1025 1346/64/64 1347/1026/1026
f  1348/1027/1027 1349/1028/1028 1350/1029/1029
f  1351/696/696 1352/695/695 1353/1030/1030
f  1354/1031/1031 1355/1032/1032 1356/1033/1033
f  1357/1034/1034 1358/376/376 1359/378/378
f  1360/1035/1035 1361/1036/1036 1362/1037/1037
f  1363/1038/1038 1364/299/299 1365/302/302
f  1366/87/87 1367/447/447 1368/446/446
f  1369/1039/1039 1370/1040/1040 1371/1041/1041
f  1372/828/828 1373/1042/1042 1374/1039/1039
f  1375/552/552 1376/1043/1043 1377/1044/1044
f  1378/1045/1045 1379/737/737 1380/1046/1046
f  1381/1047/1047 1382/769/769 1383/558/558
f  1384/1048/1048 1385/1049/1049 1386/1050/1050
f  1387/716/716 1388/715/715 1389/1051/1051
f  1390/482/482 1391/410/410 1392/1051/1051
f  1393/312/312 1394/1052/1052 1395/313/313
f  1396/472/472 1397/586/586 1398/473/473
f  1399/844/844 1400/1053/1053 1401/1054/1054
f  1402/1055/1055 1403/1007/1007 1404/1006/1006
f  1405/864/864 1406/1056/1056 1407/1057/1057
f  1408/1058/1058 1409/1059/1059 1410/775/775
f  1411/838/838 1412/1060/1060 1413/839/839
f  1414/1061/1061 1415/1062/1062 1416/1063/1063
f  1417/1064/1064 1418/1065/1065 1419/1066/1066
f  1420/1067/1067 1421/955/955 1422/956/956
f  1423/1068/1068 1424/1069/1069 1425/1070/1070
f  1426/921/921 1427/1071/1071 1428/457/457
f  1429/528/528 1430/545/545 1431/529/529
f  1432/1072/1072 1433/1073/1073 1434/1074/1074
f  1435/1075/1075 1436/1076/1076 1437/1077/1077
f  1438/347/347 1439/132/132 1440/348/348
f  1441/1078/1078 1442/1079/1079 1443/626/626
f  1444/1080/1080 1445/227/227 1446/656/656
f  1447/1081/1081 1448/1082/1082 1449/37/37
f  1450/368/368 1451/1083/1083 1452/369/369
f  1453/730/730 1454/1084/1084 1455/728/728
f  1456/1085/1085 1457/704/704 1458/537/537
f  1459/278/278 1460/1086/1086 1461/1087/1087
f  1462/1088/1088 1463/1086/1086 1464/1089/1089
f  1465/803/803 1466/805/805 1467/1090/1090
f  1468/1091/1091 1469/1092/1092 1470/1083/1083
f  1471/1093/1093 1472/178/178 1473/1094/1094
f  1474/560/560 1475/1095/1095 1476/1096/1096
f  1477/1097/1097 1478/1098/1098 1479/183/183
f  1480/1099/1099 1481/1100/1100 1482/467/467
f  1483/1028/1028 1484/1027/1027 1485/680/680
f  1486/1101/1101 1487/680/680 1488/1102/1102
f  1489/1103/1103 1490/251/251 1491/1104/1104
f  1492/1105/1105 1493/1106/1106 1494/1107/1107
f  1495/1108/1108 1496/787/787 1497/358/358
f  1498/474/474 1499/1108/1108 1500/1109/1109
f  1501/1097/1097 1502/183/183 1503/1110/1110
f  1504/462/462 1505/1111/1111 1506/1112/1112
f  1507/1113/1113 1508/1114/1114 1509/456/456
f  1510/27/27 1511/1068/1068 1512/1115/1115
f  1513/64/64 1514/1116/1116 1515/1026/1026
f  1516/319/319 1517/1027/1027 1518/1117/1117
f  1519/1118/1118 1520/1119/1119 1521/895/895
f  1522/772/772 1523/1120/1120 1524/1121/1121
f  1525/765/765 1526/766/766 1527/1122/1122
f  1528/1123/1123 1529/1124/1124 1530/835/835
f  1531/1125/1125 1532/35/35 1533/1126/1126
f  1534/826/826 1535/825/825 1536/1042/1042
f  1537/715/715 1538/717/717 1539/1127/1127
f  1540/717/717 1541/1071/1071 1542/1127/1127
f  1543/699/699 1544/698/698 1545/425/425
f  1546/23/23 1547/491/491 1548/493/493
f  1549/1128/1128 1550/1129/1129 1551/1094/1094
f  1552/785/785 1553/784/784 1554/1130/1130
f  1555/865/865 1556/867/867 1557/46/46
f  1558/46/46 1559/48/48 1560/894/894
f  1561/1131/1131 1562/514/514 1563/515/515
f  1564/1132/1132 1565/1133/1133 1566/1134/1134
f  1567/294/294 1568/1135/1135 1569/97/97
f  1570/207/207 1571/1136/1136 1572/208/208
f  1573/1073/1073 1574/1137/1137 1575/1074/1074
f  1576/1074/1074 1577/1138/1138 1578/4/4
f  1579/317/317 1580/767/767 1581/769/769
f  1582/1139/1139 1583/1140/1140 1584/1050/1050
f  1585/686/686 1586/1141/1141 1587/687/687
f  1588/196/196 1589/12/12 1590/1142/1142
f  1591/1143/1143 1592/1144/1144 1593/891/891
f  1594/1143/1143 1595/891/891 1596/890/890
f  1597/1145/1145 1598/1146/1146 1599/980/980
f  1600/1147/1147 1601/1148/1148 1602/1149/1149
f  1603/1150/1150 1604/1151/1151 1605/1152/1152
f  1606/1153/1153 1607/1154/1154 1608/1155/1155
f  1609/291/291 1610/1156/1156 1611/848/848
f  1612/927/927 1613/1157/1157 1614/928/928
f  1615/743/743 1616/630/630 1617/1158/1158
f  1618/310/310 1619/195/195 1620/196/196
f  1621/1159/1159 1622/312/312 1623/314/314
f  1624/374/374 1625/519/519 1626/495/495
f  1627/885/885 1628/601/601 1629/1160/1160
f  1630/1078/1078 1631/626/626 1632/627/627
f  1633/1146/1146 1634/1161/1161 1635/1162/1162
f  1636/1163/1163 1637/979/979 1638/437/437
f  1639/1164/1164 1640/1165/1165 1641/1166/1166
f  1642/1167/1167 1643/813/813 1644/814/814
f  1645/294/294 1646/1168/1168 1647/1135/1135
f  1648/1168/1168 1649/1169/1169 1650/1170/1170
f  1651/1171/1171 1652/823/823 1653/822/822
f  1654/151/151 1655/150/150 1656/223/223
f  1657/1011/1011 1658/693/693 1659/695/695
f  1660/1172/1172 1661/119/119 1662/1173/1173
f  1663/460/460 1664/516/516 1665/1132/1132
f  1666/460/460 1667/171/171 1668/516/516
f  1669/68/68 1670/1174/1174 1671/66/66
f  1672/808/808 1673/1175/1175 1674/1176/1176
f  1675/1177/1177 1676/1178/1178 1677/1179/1179
f  1678/1180/1180 1679/1181/1181 1680/771/771
f  1681/755/755 1682/1182/1182 1683/751/751
f  1684/1183/1183 1685/888/888 1686/1182/1182
f  1687/414/414 1688/1184/1184 1689/415/415
f  1690/1185/1185 1691/1186/1186 1692/1187/1187
f  1693/1188/1188 1694/1189/1189 1695/9/9
f  1696/489/489 1697/1190/1190 1698/644/644
f  1699/277/277 1700/276/276 1701/1191/1191
f  1702/1192/1192 1703/1193/1193 1704/1194/1194
f  1705/922/922 1706/1195/1195 1707/1196/1196
f  1708/18/18 1709/608/608 1710/610/610
f  1711/1197/1197 1712/1198/1198 1713/1199/1199
f  1714/1200/1200 1715/1201/1201 1716/235/235
f  1717/595/595 1718/1202/1202 1719/596/596
f  1720/807/807 1721/1203/1203 1722/1204/1204
f  1723/115/115 1724/114/114 1725/1205/1205
f  1726/990/990 1727/1206/1206 1728/1207/1207
f  1729/843/843 1730/1208/1208 1731/1209/1209
f  1732/843/843 1733/1209/1209 1734/1210/1210
f  1735/1211/1211 1736/169/169 1737/580/580
f  1738/1212/1212 1739/1213/1213 1740/831/831
f  1741/201/201 1742/1214/1214 1743/1215/1215
f  1744/201/201 1745/1216/1216 1746/675/675
f  1747/1217/1217 1748/1218/1218 1749/988/988
f  1750/192/192 1751/5/5 1752/1217/1217
f  1753/1219/1219 1754/1220/1220 1755/413/413
f  1756/1205/1205 1757/1219/1219 1758/115/115
f  1759/748/748 1760/1221/1221 1761/1222/1222
f  1762/1223/1223 1763/790/790 1764/1224/1224
f  1765/29/29 1766/1225/1225 1767/30/30
f  1768/582/582 1769/731/731 1770/729/729
f  1771/39/39 1772/1226/1226 1773/1227/1227
f  1774/636/636 1775/1228/1228 1776/637/637
f  1777/1229/1229 1778/1230/1230 1779/650/650
f  1780/649/649 1781/665/665 1782/650/650
f  1783/800/800 1784/776/776 1785/798/798
f  1786/798/798 1787/866/866 1788/893/893
f  1789/1082/1082 1790/1081/1081 1791/122/122
f  1792/39/39 1793/1227/1227 1794/1231/1231
f  1795/1232/1232 1796/1233/1233 1797/1234/1234
f  1798/1235/1235 1799/1236/1236 1800/796/796
f  1801/1237/1237 1802/356/356 1803/355/355
f  1804/978/978 1805/962/962 1806/1238/1238
f  1807/252/252 1808/254/254 1809/954/954
f  1810/1064/1064 1811/1239/1239 1812/1065/1065
f  1813/1169/1169 1814/1168/1168 1815/1240/1240
f  1816/417/417 1817/170/170 1818/1241/1241
f  1819/1242/1242 1820/1243/1243 1821/365/365
f  1822/591/591 1823/590/590 1824/1244/1244
f  1825/1245/1245 1826/1108/1108 1827/476/476
f  1828/1245/1245 1829/476/476 1830/357/357
f  1831/1134/1134 1832/1246/1246 1833/1132/1132
f  1834/705/705 1835/707/707 1836/1247/1247
f  1837/1248/1248 1838/1179/1179 1839/1249/1249
f  1840/1250/1250 1841/531/531 1842/1251/1251
f  1843/1252/1252 1844/372/372 1845/1253/1253
f  1846/1253/1253 1847/765/765 1848/1122/1122
f  1849/145/145 1850/144/144 1851/1254/1254
f  1852/464/464 1853/1255/1255 1854/462/462
f  1855/1256/1256 1856/1257/1257 1857/1258/1258
f  1858/1259/1259 1859/708/708 1860/710/710
f  1861/1260/1260 1862/1261/1261 1863/1262/1262
f  1864/844/844 1865/1260/1260 1866/1263/1263
f  1867/1264/1264 1868/531/531 1869/1250/1250
f  1870/1265/1265 1871/1266/1266 1872/531/531
f  1873/296/296 1874/1267/1267 1875/297/297
f  1876/1268/1268 1877/1269/1269 1878/1270/1270
f  1879/867/867 1880/866/866 1881/593/593
f  1882/591/591 1883/1271/1271 1884/1272/1272
f  1885/1167/1167 1886/1273/1273 1887/813/813
f  1888/859/859 1889/427/427 1890/426/426
f  1891/627/627 1892/770/770 1893/1274/1274
f  1894/734/734 1895/1275/1275 1896/732/732
f  1897/454/454 1898/846/846 1899/845/845
f  1900/1276/1276 1901/1277/1277 1902/1278/1278
f  1903/1279/1279 1904/804/804 1905/801/801
f  1906/250/250 1907/1280/1280 1908/265/265
f  1909/639/639 1910/638/638 1911/1281/1281
f  1912/636/636 1913/1282/1282 1914/1228/1228
f  1915/1283/1283 1916/1001/1001 1917/1284/1284
f  1918/433/433 1919/435/435 1920/1285/1285
f  1921/351/351 1922/1286/1286 1923/845/845
f  1924/1287/1287 1925/1053/1053 1926/844/844
f  1927/815/815 1928/146/146 1929/148/148
f  1930/415/415 1931/1184/1184 1932/111/111
f  1933/1283/1283 1934/1284/1284 1935/1288/1288
f  1936/1003/1003 1937/1289/1289 1938/1290/1290
f  1939/385/385 1940/463/463 1941/386/386
f  1942/466/466 1943/463/463 1944/1291/1291
f  1945/971/971 1946/605/605 1947/969/969
f  1948/1292/1292 1949/1293/1293 1950/657/657
f  1951/1267/1267 1952/851/851 1953/297/297
f  1954/851/851 1955/853/853 1956/297/297
f  1957/1294/1294 1958/348/348 1959/1295/1295
f  1960/1296/1296 1961/1297/1297 1962/1298/1298
f  1963/884/884 1964/887/887 1965/1299/1299
f  1966/1078/1078 1967/627/627 1968/1300/1300
f  1969/189/189 1970/198/198 1971/197/197
f  1972/186/186 1973/188/188 1974/1301/1301
f  1975/1302/1302 1976/118/118 1977/910/910
f  1978/119/119 1979/118/118 1980/1302/1302
f  1981/1303/1303 1982/1304/1304 1983/647/647
f  1984/646/646 1985/1303/1303 1986/647/647
f  1987/19/19 1988/1305/1305 1989/1075/1075
f  1990/1306/1306 1991/1307/1307 1992/1308/1308
f  1993/302/302 1994/1309/1309 1995/1038/1038
f  1996/83/83 1997/869/869 1998/1310/1310
f  1999/156/156 2000/260/260 2001/259/259
f  2002/859/859 2003/858/858 2004/985/985
f  2005/212/212 2006/915/915 2007/1290/1290
f  2008/915/915 2009/212/212 2010/213/213
f  2011/186/186 2012/1311/1311 2013/1312/1312
f  2014/863/863 2015/1313/1313 2016/1314/1314
f  2017/1229/1229 2018/301/301 2019/1230/1230
f  2020/3/3 2021/584/584 2022/273/273
f  2023/1194/1194 2024/1315/1315 2025/1192/1192
f  2026/1315/1315 2027/1316/1316 2028/952/952
f  2029/419/419 2030/1317/1317 2031/1318/1318
f  2032/1319/1319 2033/745/745 2034/924/924
f  2035/1195/1195 2036/445/445 2037/444/444
f  2038/1320/1320 2039/1196/1196 2040/1195/1195
f  2041/1321/1321 2042/494/494 2043/495/495
f  2044/495/495 2045/1252/1252 2046/281/281
f  2047/1322/1322 2048/335/335 2049/337/337
f  2050/1322/1322 2051/1323/1323 2052/1324/1324
f  2053/621/621 2054/1325/1325 2055/1326/1326
f  2056/745/745 2057/928/928 2058/924/924
f  2059/1327/1327 2060/265/265 2061/486/486
f  2062/1328/1328 2063/520/520 2064/522/522
f  2065/950/950 2066/546/546 2067/1329/1329
f  2068/217/217 2069/1330/1330 2070/218/218
f  2071/202/202 2072/258/258 2073/1331/1331
f  2074/1332/1332 2075/1333/1333 2076/1334/1334
f  2077/1335/1335 2078/1017/1017 2079/1037/1037
f  2080/658/658 2081/381/381 2082/682/682
f  2083/1336/1336 2084/311/311 2085/1337/1337
f  2086/311/311 2087/1338/1338 2088/1339/1339
f  2089/1244/1244 2090/590/590 2091/363/363
f  2092/1340/1340 2093/1341/1341 2094/1189/1189
f  2095/762/762 2096/761/761 2097/760/760
f  2098/762/762 2099/760/760 2100/501/501
f  2101/1342/1342 2102/423/423 2103/422/422
f  2104/950/950 2105/949/949 2106/1343/1343
f  2107/1344/1344 2108/836/836 2109/599/599
f  2110/599/599 2111/1345/1345 2112/1344/1344
f  2113/1346/1346 2114/1347/1347 2115/1348/1348
f  2116/1349/1349 2117/1350/1350 2118/325/325
f  2119/1351/1351 2120/1352/1352 2121/1013/1013
f  2122/489/489 2123/1353/1353 2124/1190/1190
f  2125/1354/1354 2126/416/416 2127/1270/1270
f  2128/579/579 2129/578/578 2130/1355/1355
f  2131/1356/1356 2132/1357/1357 2133/1358/1358
f  2134/1359/1359 2135/1358/1358 2136/319/319
f  2137/1141/1141 2138/689/689 2139/688/688
f  2140/1360/1360 2141/1361/1361 2142/1142/1142
f  2143/959/959 2144/1362/1362 2145/1363/1363
f  2146/324/324 2147/941/941 2148/325/325
f  2149/919/919 2150/580/580 2151/460/460
f  2152/580/580 2153/171/171 2154/460/460
f  2155/1364/1364 2156/1365/1365 2157/142/142
f  2158/1366/1366 2159/912/912 2160/1367/1367
f  2161/198/198 2162/1368/1368 2163/1369/1369
f  2164/1370/1370 2165/743/743 2166/1158/1158
f  2167/111/111 2168/113/113 2169/1371/1371
f  2170/1372/1372 2171/111/111 2172/1371/1371
f  2173/968/968 2174/1373/1373 2175/1356/1356
f  2176/1359/1359 2177/17/17 2178/1374/1374
f  2179/1068/1068 2180/1375/1375 2181/1069/1069
f  2182/1376/1376 2183/1377/1377 2184/1378/1378
f  2185/222/222 2186/221/221 2187/1379/1379
f  2188/1380/1380 2189/1381/1381 2190/780/780
f  2191/125/125 2192/1382/1382 2193/749/749
f  2194/790/790 2195/1383/1383 2196/1224/1224
f  2197/1384/1384 2198/957/957 2199/1362/1362
f  2200/1385/1385 2201/1384/1384 2202/1386/1386
f  2203/1387/1387 2204/1388/1388 2205/767/767
f  2206/1389/1389 2207/1388/1388 2208/1390/1390
f  2209/809/809 2210/811/811 2211/1391/1391
f  2212/1392/1392 2213/228/228 2214/1393/1393
f  2215/1394/1394 2216/891/891 2217/783/783
f  2218/891/891 2219/876/876 2220/877/877
f  2221/268/268 2222/1395/1395 2223/1101/1101
f  2224/897/897 2225/899/899 2226/1396/1396
f  2227/1266/1266 2228/1265/1265 2229/1397/1397
f  2230/1398/1398 2231/1399/1399 2232/1400/1400
f  2233/1401/1401 2234/1402/1402 2235/1403/1403
f  2236/19/19 2237/1404/1404 2238/20/20
f  2239/489/489 2240/488/488 2241/7/7
f  2242/162/162 2243/488/488 2244/1405/1405
f  2245/895/895 2246/1348/1348 2247/1118/1118
f  2248/1406/1406 2249/895/895 2250/894/894
f  2251/1326/1326 2252/928/928 2253/1407/1407
f  2254/1407/1407 2255/928/928 2256/420/420
f  2257/1398/1398 2258/1056/1056 2259/1399/1399
f  2260/1408/1408 2261/1181/1181 2262/1179/1179
f  2263/1409/1409 2264/50/50 2265/49/49
f  2266/547/547 2267/549/549 2268/1410/1410
f  2269/1411/1411 2270/402/402 2271/401/401
f  2272/1412/1412 2273/1413/1413 2274/1414/1414
f  2275/149/149 2276/722/722 2277/724/724
f  2278/573/573 2279/1415/1415 2280/1416/1416
f  2281/1417/1417 2282/237/237 2283/236/236
f  2284/974/974 2285/1418/1418 2286/1419/1419
f  2287/772/772 2288/771/771 2289/1420/1420
f  2290/1421/1421 2291/1348/1348 2292/1347/1347
f  2293/434/434 2294/436/436 2295/660/660
f  2296/344/344 2297/1422/1422 2298/1423/1423
f  2299/1424/1424 2300/192/192 2301/1425/1425
f  2302/36/36 2303/1426/1426 2304/700/700
f  2305/439/439 2306/1060/1060 2307/1427/1427
f  2308/1428/1428 2309/70/70 2310/439/439
f  2311/1429/1429 2312/1430/1430 2313/1416/1416
f  2314/1431/1431 2315/1430/1430 2316/1429/1429
f  2317/789/789 2318/1432/1432 2319/1433/1433
f  2320/789/789 2321/1434/1434 2322/1432/1432
f  2323/1322/1322 2324/1324/1324 2325/779/779
f  2326/274/274 2327/581/581 2328/583/583
f  2329/595/595 2330/1435/1435 2331/1202/1202
f  2332/904/904 2333/330/330 2334/332/332
f  2335/357/357 2336/1436/1436 2337/1437/1437
f  2338/357/357 2339/1438/1438 2340/1436/1436
f  2341/1439/1439 2342/1440/1440 2343/1441/1441
f  2344/430/430 2345/432/432 2346/411/411
f  2347/36/36 2348/35/35 2349/1125/1125
f  2350/36/36 2351/1442/1442 2352/1426/1426
f  2353/1443/1443 2354/219/219 2355/1444/1444
f  2356/1445/1445 2357/1446/1446 2358/1447/1447
f  2359/487/487 2360/523/523 2361/524/524
f  2362/967/967 2363/1373/1373 2364/968/968
f  2365/1448/1448 2366/1439/1439 2367/1449/1449
f  2368/991/991 2369/1450/1450 2370/510/510
f  2371/23/23 2372/493/493 2373/24/24
f  2374/1451/1451 2375/1452/1452 2376/1453/1453
f  2377/1454/1454 2378/418/418 2379/852/852
f  2380/1455/1455 2381/1456/1456 2382/1240/1240
f  2383/355/355 2384/357/357 2385/1457/1457
f  2386/1457/1457 2387/1458/1458 2388/355/355
f  2389/108/108 2390/106/106 2391/105/105
f  2392/1459/1459 2393/1460/1460 2394/971/971
f  2395/1461/1461 2396/1462/1462 2397/1463/1463
f  2398/1461/1461 2399/1463/1463 2400/1172/1172
f  2401/1464/1464 2402/1465/1465 2403/1333/1333
f  2404/1332/1332 2405/1464/1464 2406/1333/1333
f  2407/384/384 2408/383/383 2409/1100/1100
f  2410/1040/1040 2411/1466/1466 2412/1041/1041
f  2413/1415/1415 2414/572/572 2415/1467/1467
f  2416/1415/1415 2417/573/573 2418/572/572
f  2419/1468/1468 2420/1196/1196 2421/1469/1469
f  2422/389/389 2423/82/82 2424/84/84
f  2425/1470/1470 2426/1471/1471 2427/547/547
f  2428/531/531 2429/1266/1266 2430/532/532
f  2431/1014/1014 2432/1016/1016 2433/1472/1472
f  2434/1473/1473 2435/1474/1474 2436/942/942
f  2437/1475/1475 2438/1476/1476 2439/1477/1477
f  2440/1475/1475 2441/1477/1477 2442/1097/1097
f  2443/1188/1188 2444/9/9 2445/175/175
f  2446/1478/1478 2447/1340/1340 2448/363/363
f  2449/613/613 2450/983/983 2451/217/217
f  2452/883/883 2453/613/613 2454/217/217
f  2455/582/582 2456/1084/1084 2457/1479/1479
f  2458/269/269 2459/583/583 2460/582/582
f  2461/1480/1480 2462/1481/1481 2463/1482/1482
f  2464/1359/1359 2465/1480/1480 2466/1482/1482
f  2467/1483/1483 2468/1186/1186 2469/1484/1484
f  2470/794/794 2471/1232/1232 2472/1234/1234
f  2473/51/51 2474/50/50 2475/712/712
f  2476/1046/1046 2477/712/712 2478/711/711
f  2479/929/929 2480/1485/1485 2481/1486/1486
f  2482/1487/1487 2483/1488/1488 2484/1486/1486
f  2485/1489/1489 2486/951/951 2487/950/950
f  2488/1329/1329 2489/1489/1489 2490/950/950
f  2491/1185/1185 2492/1187/1187 2493/1490/1490
f  2494/432/432 2495/1491/1491 2496/1492/1492
f  2497/898/898 2498/1493/1493 2499/1494/1494
f  2500/899/899 2501/898/898 2502/900/900
f  2503/1495/1495 2504/1496/1496 2505/1497/1497
f  2506/215/215 2507/385/385 2508/1497/1497
f  2509/1498/1498 2510/1499/1499 2511/1500/1500
f  2512/1005/1005 2513/1501/1501 2514/1502/1502
f  2515/258/258 2516/123/123 2517/561/561
f  2518/201/201 2519/1503/1503 2520/258/258
f  2521/875/875 2522/874/874 2523/1504/1504
f  2524/1505/1505 2525/752/752 2526/1506/1506
f  2527/506/506 2528/1507/1507 2529/977/977
f  2530/1507/1507 2531/506/506 2532/960/960
f  2533/55/55 2534/101/101 2535/1508/1508
f  2536/642/642 2537/640/640 2538/643/643
f  2539/1509/1509 2540/1510/1510 2541/1511/1511
f  2542/1512/1512 2543/1510/1510 2544/1513/1513
f  2545/1514/1514 2546/1515/1515 2547/545/545
f  2548/1516/1516 2549/1517/1517 2550/1518/1518
f  2551/718/718 2552/513/513 2553/1519/1519
f  2554/1501/1501 2555/458/458 2556/1502/1502
f  2557/1520/1520 2558/1521/1521 2559/1522/1522
f  2560/398/398 2561/1213/1213 2562/1212/1212
f  2563/1511/1511 2564/1510/1510 2565/1523/1523
f  2566/1524/1524 2567/408/408 2568/1525/1525
f  2569/867/867 2570/1526/1526 2571/46/46
f  2572/1272/1272 2573/1271/1271 2574/1527/1527
f  2575/537/537 2576/1528/1528 2577/1085/1085
f  2578/540/540 2579/539/539 2580/1529/1529
f  2581/835/835 2582/1124/1124 2583/833/833
f  2584/1530/1530 2585/837/837 2586/836/836
f  2587/1531/1531 2588/1532/1532 2589/615/615
f  2590/336/336 2591/1379/1379 2592/1533/1533
f  2593/1534/1534 2594/589/589 2595/838/838
f  2596/1061/1061 2597/1336/1336 2598/1062/1062
f  2599/302/302 2600/304/304 2601/1535/1535
f  2602/1535/1535 2603/1309/1309 2604/302/302
f  2605/1536/1536 2606/1520/1520 2607/1522/1522
f  2608/211/211 2609/210/210 2610/1537/1537
f  2611/435/435 2612/1538/1538 2613/1539/1539
f  2614/1285/1285 2615/435/435 2616/1539/1539
f  2617/1278/1278 2618/1277/1277 2619/350/350
f  2620/1540/1540 2621/237/237 2622/1419/1419
f  2623/1216/1216 2624/504/504 2625/675/675
f  2626/674/674 2627/673/673 2628/675/675
f  2629/871/871 2630/1541/1541 2631/870/870
f  2632/2/2 2633/1542/1542 2634/584/584
f  2635/788/788 2636/1434/1434 2637/789/789
f  2638/1130/1130 2639/784/784 2640/1543/1543
f  2641/892/892 2642/1198/1198 2643/890/890
f  2644/914/914 2645/15/15 2646/1544/1544
f  2647/1109/1109 2648/1545/1545 2649/1546/1546
f  2650/1547/1547 2651/1548/1548 2652/420/420
f  2653/1549/1549 2654/1550/1550 2655/1551/1551
f  2656/651/651 2657/648/648 2658/778/778
f  2659/1045/1045 2660/1046/1046 2661/995/995
f  2662/1304/1304 2663/995/995 2664/647/647
f  2665/1217/1217 2666/1552/1552 2667/1218/1218
f  2668/1552/1552 2669/1342/1342 2670/422/422
f  2671/1553/1553 2672/1554/1554 2673/1555/1555
f  2674/1555/1555 2675/1554/1554 2676/1391/1391
f  2677/1556/1556 2678/1557/1557 2679/288/288
f  2680/475/475 2681/474/474 2682/1109/1109
f  2683/1558/1558 2684/1059/1059 2685/1177/1177
f  2686/1264/1264 2687/1250/1250 2688/1248/1248
f  2689/819/819 2690/1559/1559 2691/817/817
f  2692/926/926 2693/925/925 2694/1560/1560
f  2695/1561/1561 2696/1372/1372 2697/1467/1467
f  2698/1562/1562 2699/413/413 2700/1563/1563
f  2701/1564/1564 2702/1456/1456 2703/1455/1455
f  2704/1565/1565 2705/830/830 2706/829/829
f  2707/10/10 2708/1566/1566 2709/11/11
f  2710/633/633 2711/1567/1567 2712/1568/1568
f  2713/1569/1569 2714/288/288 2715/1557/1557
f  2716/1569/1569 2717/289/289 2718/288/288
f  2719/775/775 2720/1570/1570 2721/776/776
f  2722/714/714 2723/450/450 2724/1571/1571
f  2725/1572/1572 2726/1331/1331 2727/1573/1573
f  2728/1574/1574 2729/200/200 2730/1572/1572
f  2731/1575/1575 2732/1202/1202 2733/329/329
f  2734/1022/1022 2735/1023/1023 2736/1576/1576
f  2737/1025/1025 2738/560/560 2739/559/559
f  2740/64/64 2741/1025/1025 2742/65/65
f  2743/605/605 2744/971/971 2745/498/498
f  2746/1577/1577 2747/971/971 2748/1578/1578
f  2749/57/57 2750/908/908 2751/1579/1579
f  2752/555/555 2753/944/944 2754/1580/1580
f  2755/1124/1124 2756/1123/1123 2757/31/31
f  2758/1253/1253 2759/1123/1123 2760/765/765
f  2761/1055/1055 2762/1006/1006 2763/1581/1581
f  2764/1518/1518 2765/1153/1153 2766/1155/1155
f  2767/1582/1582 2768/1583/1583 2769/559/559
f  2770/1584/1584 2771/1585/1585 2772/609/609
f  2773/371/371 2774/1586/1586 2775/1393/1393
f  2776/1587/1587 2777/229/229 2778/1123/1123
f  2779/1024/1024 2780/329/329 2781/328/328
f  2782/328/328 2783/880/880 2784/1024/1024
f  2785/499/499 2786/110/110 2787/1131/1131
f  2788/110/110 2789/109/109 2790/1258/1258
f  2791/152/152 2792/181/181 2793/153/153
f  2794/152/152 2795/889/889 2796/1365/1365
f  2797/1588/1588 2798/1128/1128 2799/61/61
f  2800/62/62 2801/61/61 2802/1128/1128
f  2803/1589/1589 2804/22/22 2805/24/24
f  2806/669/669 2807/666/666 2808/668/668
f  2809/222/222 2810/203/203 2811/220/220
f  2812/906/906 2813/905/905 2814/1590/1590
f  2815/604/604 2816/603/603 2817/114/114
f  2818/158/158 2819/600/600 2820/114/114
f  2821/463/463 2822/1591/1591 2823/1291/1291
f  2824/1591/1591 2825/1112/1112 2826/1291/1291
f  2827/1592/1592 2828/209/209 2829/678/678
f  2830/1593/1593 2831/180/180 2832/315/315
f  2833/1588/1588 2834/160/160 2835/159/159
f  2836/560/560 2837/1594/1594 2838/392/392
f  2839/179/179 2840/1376/1376 2841/180/180
f  2842/316/316 2843/1595/1595 2844/735/735
f  2845/1409/1409 2846/1596/1596 2847/1597/1597
f  2848/1598/1598 2849/404/404 2850/1599/1599
f  2851/1600/1600 2852/165/165 2853/1515/1515
f  2854/1515/1515 2855/218/218 2856/1601/1601
f  2857/1602/1602 2858/1603/1603 2859/1171/1171
f  2860/360/360 2861/1604/1604 2862/1605/1605
f  2863/1606/1606 2864/198/198 2865/191/191
f  2866/189/189 2867/191/191 2868/198/198
f  2869/333/333 2870/1607/1607 2871/932/932
f  2872/1084/1084 2873/270/270 2874/1479/1479
f  2875/1608/1608 2876/1609/1609 2877/1610/1610
f  2878/1598/1598 2879/1597/1597 2880/1596/1596
f  2881/542/542 2882/1611/1611 2883/948/948
f  2884/982/982 2885/983/983 2886/613/613
f  2887/770/770 2888/1387/1387 2889/767/767
f  2890/1275/1275 2891/1612/1612 2892/1613/1613
f  2893/187/187 2894/1614/1614 2895/188/188
f  2896/1615/1615 2897/1019/1019 2898/1616/1616
f  2899/1516/1516 2900/1518/1518 2901/1617/1617
f  2902/1618/1618 2903/165/165 2904/1600/1600
f  2905/1619/1619 2906/597/597 2907/1620/1620
f  2908/1021/1021 2909/426/426 2910/1621/1621
f  2911/1622/1622 2912/1623/1623 2913/1624/1624
f  2914/1625/1625 2915/125/125 2916/1626/1626
f  2917/94/94 2918/294/294 2919/95/95
f  2920/95/95 2921/294/294 2922/1411/1411
f  2923/1627/1627 2924/1628/1628 2925/1629/1629
f  2926/1627/1627 2927/1629/1629 2928/1614/1614
f  2929/1032/1032 2930/696/696 2931/1030/1030
f  2932/1032/1032 2933/1630/1630 2934/696/696
f  2935/1624/1624 2936/561/561 2937/1622/1622
f  2938/561/561 2939/1624/1624 2940/1573/1573
f  2941/1631/1631 2942/1632/1632 2943/951/951
f  2944/527/527 2945/1632/1632 2946/525/525
f  2947/461/461 2948/460/460 2949/1132/1132
f  2950/1247/1247 2951/461/461 2952/1132/1132
f  2953/965/965 2954/320/320 2955/1633/1633
f  2956/487/487 2957/524/524 2958/1633/1633
f  2959/1043/1043 2960/547/547 2961/1410/1410
f  2962/551/551 2963/1043/1043 2964/552/552
f  2965/1634/1634 2966/1635/1635 2967/1636/1636
f  2968/757/757 2969/1637/1637 2970/1638/1638
f  2971/405/405 2972/1639/1639 2973/231/231
f  2974/576/576 2975/575/575 2976/1640/1640
f  2977/362/362 2978/1641/1641 2979/1642/1642
f  2980/1643/1643 2981/362/362 2982/592/592
f  2983/937/937 2984/916/916 2985/938/938
f  2986/938/938 2987/916/916 2988/331/331
f  2989/423/423 2990/1644/1644 2991/424/424
f  2992/1644/1644 2993/1645/1645 2994/1646/1646
f  2995/276/276 2996/1267/1267 2997/1647/1647
f  2998/1270/1270 2999/1269/1269 3000/276/276
f  3001/1637/1637 3002/326/326 3003/1638/1638
f  3004/1648/1648 3005/1350/1350 3006/1649/1649
f  3007/736/736 3008/738/738 3009/1012/1012
f  3010/451/451 3011/1642/1642 3012/1641/1641
f  3013/291/291 3014/1650/1650 3015/1156/1156
f  3016/124/124 3017/1382/1382 3018/125/125
f  3019/1651/1651 3020/1409/1409 3021/1652/1652
f  3022/1651/1651 3023/81/81 3024/403/403
f  3025/1653/1653 3026/1477/1477 3027/1476/1476
f  3028/1394/1394 3029/783/783 3030/782/782
f  3031/1152/1152 3032/1151/1151 3033/1424/1424
f  3034/1517/1517 3035/1654/1654 3036/1154/1154
f  3037/618/618 3038/1242/1242 3039/616/616
f  3040/1319/1319 3041/1242/1242 3042/365/365
f  3043/1090/1090 3044/805/805 3045/1103/1103
f  3046/249/249 3047/251/251 3048/1103/1103
f  3049/1655/1655 3050/69/69 3051/1656/1656
f  3052/1210/1210 3053/1209/1209 3054/1655/1655
f  3055/1491/1491 3056/1186/1186 3057/1185/1185
f  3058/1185/1185 3059/1492/1492 3060/1491/1491
f  3061/1657/1657 3062/347/347 3063/938/938
f  3064/133/133 3065/132/132 3066/1658/1658
f  3067/1659/1659 3068/1066/1066 3069/944/944
f  3070/185/185 3071/1064/1064 3072/1066/1066
f  3073/1660/1660 3074/795/795 3075/430/430
f  3076/482/482 3077/1661/1661 3078/410/410
f  3079/1319/1319 3080/1662/1662 3081/1242/1242
f  3082/924/924 3083/1663/1663 3084/1319/1319
f  3085/1656/1656 3086/69/69 3087/71/71
f  3088/404/404 3089/81/81 3090/1664/1664
f  3091/733/733 3092/732/732 3093/239/239
f  3094/1595/1595 3095/1613/1613 3096/735/735
f  3097/660/660 3098/438/438 3099/754/754
f  3100/140/140 3101/1183/1183 3102/1182/1182
f  3103/7/7 3104/1665/1665 3105/8/8
f  3106/1318/1318 3107/394/394 3108/419/419
f  3109/185/185 3110/382/382 3111/1666/1666
f  3112/1659/1659 3113/185/185 3114/1066/1066
f  3115/1327/1327 3116/251/251 3117/265/265
f  3118/1104/1104 3119/251/251 3120/1327/1327
f  3121/925/925 3122/1559/1559 3123/1560/1560
f  3124/620/620 3125/619/619 3126/308/308
f  3127/1667/1667 3128/1035/1035 3129/1668/1668
f  3130/1014/1014 3131/940/940 3132/939/939
f  3133/555/555 3134/1508/1508 3135/553/553
f  3136/1508/1508 3137/101/101 3138/553/553
f  3139/154/154 3140/1669/1669 3141/752/752
f  3142/1255/1255 3143/1506/1506 3144/752/752
f  3145/1670/1670 3146/1671/1671 3147/1005/1005
f  3148/884/884 3149/1299/1299 3150/1670/1670
f  3151/230/230 3152/232/232 3153/247/247
f  3154/496/496 3155/497/497 3156/247/247
f  3157/701/701 3158/503/503 3159/505/505
f  3160/1672/1672 3161/503/503 3162/1528/1528
f  3163/753/753 3164/660/660 3165/754/754
f  3166/1673/1673 3167/1423/1423 3168/1422/1422
f  3169/375/375 3170/374/374 3171/494/494
f  3172/247/247 3173/232/232 3174/496/496
f  3175/1342/1342 3176/1343/1343 3177/1674/1674
f  3178/1675/1675 3179/530/530 3180/1676/1676
f  3181/454/454 3182/72/72 3183/455/455
f  3184/1286/1286 3185/351/351 3186/72/72
f  3187/1225/1225 3188/29/29 3189/507/507
f  3190/29/29 3191/1677/1677 3192/507/507
f  3193/1678/1678 3194/1475/1475 3195/1097/1097
f  3196/1112/1112 3197/1097/1097 3198/1110/1110
f  3199/1673/1673 3200/753/753 3201/1423/1423
f  3202/1423/1423 3203/661/661 3204/1679/1679
f  3205/1680/1680 3206/499/499 3207/1681/1681
f  3208/1567/1567 3209/934/934 3210/725/725
f  3211/308/308 3212/1682/1682 3213/620/620
f  3214/308/308 3215/1683/1683 3216/1682/1682
f  3217/849/849 3218/677/677 3219/848/848
f  3220/258/258 3221/1503/1503 3222/123/123
f  3223/1684/1684 3224/718/718 3225/1519/1519
f  3226/458/458 3227/1685/1685 3228/716/716
f  3229/1686/1686 3230/283/283 3231/1122/1122
f  3232/497/497 3233/281/281 3234/283/283
f  3235/848/848 3236/677/677 3237/292/292
f  3238/1569/1569 3239/292/292 3240/289/289
f  3241/771/771 3242/1181/1181 3243/1408/1408
f  3244/1420/1420 3245/771/771 3246/1687/1687
f  3247/1514/1514 3248/1688/1688 3249/1517/1517
f  3250/1654/1654 3251/1517/1517 3252/1073/1073
f  3253/1142/1142 3254/12/12 3255/1360/1360
f  3256/1689/1689 3257/1089/1089 3258/1086/1086
f  3259/891/891 3260/1144/1144 3261/876/876
f  3262/878/878 3263/801/801 3264/804/804
f  3265/638/638 3266/120/120 3267/1281/1281
f  3268/1690/1690 3269/1011/1011 3270/695/695
f  3271/1045/1045 3272/738/738 3273/737/737
f  3274/738/738 3275/1045/1045 3276/995/995
f  3277/632/632 3278/633/633 3279/1568/1568
f  3280/631/631 3281/633/633 3282/632/632
f  3283/41/41 3284/1276/1276 3285/1691/1691
f  3286/1418/1418 3287/1540/1540 3288/1419/1419
f  3289/445/445 3290/1226/1226 3291/443/443
f  3292/1105/1105 3293/1692/1692 3294/1106/1106
f  3295/808/808 3296/807/807 3297/228/228
f  3298/1392/1392 3299/808/808 3300/228/228
f  3301/497/497 3302/283/283 3303/1686/1686
f  3304/1610/1610 3305/1609/1609 3306/243/243
f  3307/710/710 3308/709/709 3309/1693/1693
f  3310/107/107 3311/429/429 3312/1694/1694
f  3313/1069/1069 3314/541/541 3315/88/88
f  3316/1127/1127 3317/1071/1071 3318/1695/1695
f  3319/1048/1048 3320/769/769 3321/1047/1047
f  3322/1026/1026 3323/560/560 3324/1025/1025
f  3325/1105/1105 3326/1107/1107 3327/484/484
f  3328/1696/1696 3329/1373/1373 3330/967/967
f  3331/1428/1428 3332/439/439 3333/1427/1427
f  3334/1697/1697 3335/574/574 3336/1427/1427
f  3337/713/713 3338/1698/1698 3339/711/711
f  3340/53/53 3341/1699/1699 3342/1700/1700
f  3343/648/648 3344/650/650 3345/274/274
f  3346/779/779 3347/1324/1324 3348/274/274
f  3349/190/190 3350/1701/1701 3351/1292/1292
f  3352/742/742 3353/191/191 3354/190/190
f  3355/1702/1702 3356/1703/1703 3357/1704/1704
f  3358/89/89 3359/1705/1705 3360/90/90
f  3361/1666/1666 3362/183/183 3363/185/185
f  3364/1100/1100 3365/1706/1706 3366/384/384
f  3367/299/299 3368/301/301 3369/1229/1229
f  3370/1707/1707 3371/665/665 3372/1708/1708
f  3373/133/133 3374/1203/1203 3375/807/807
f  3376/1658/1658 3377/1203/1203 3378/133/133
f  3379/676/676 3380/675/675 3381/977/977
f  3382/676/676 3383/287/287 3384/289/289
f  3385/996/996 3386/999/999 3387/994/994
f  3388/812/812 3389/174/174 3390/1166/1166
f  3391/89/89 3392/1709/1709 3393/1703/1703
f  3394/1710/1710 3395/1709/1709 3396/89/89
f  3397/972/972 3398/42/42 3399/973/973
f  3400/665/665 3401/664/664 3402/1708/1708
f  3403/1322/1322 3404/780/780 3405/335/335
f  3406/779/779 3407/780/780 3408/1322/1322
f  3409/1042/1042 3410/828/828 3411/1711/1711
f  3412/1042/1042 3413/1126/1126 3414/826/826
f  3415/1507/1507 3416/1238/1238 3417/977/977
f  3418/977/977 3419/1712/1712 3420/676/676
f  3421/1713/1713 3422/442/442 3423/441/441
f  3424/441/441 3425/1402/1402 3426/1401/1401
f  3427/438/438 3428/1714/1714 3429/141/141
f  3430/1715/1715 3431/911/911 3432/913/913
f  3433/379/379 3434/381/381 3435/189/189
f  3436/1301/1301 3437/1629/1629 3438/1628/1628
f  3439/135/135 3440/1371/1371 3441/136/136
f  3442/1467/1467 3443/1716/1716 3444/1415/1415
f  3445/1717/1717 3446/196/196 3447/1718/1718
f  3448/1717/1717 3449/310/310 3450/196/196
f  3451/1719/1719 3452/1720/1720 3453/565/565
f  3454/565/565 3455/1720/1720 3456/1721/1721
f  3457/1722/1722 3458/930/930 3459/929/929
f  3460/505/505 3461/504/504 3462/1216/1216
f  3463/1108/1108 3464/1545/1545 3465/1109/1109
f  3466/223/223 3467/224/224 3468/360/360
f  3469/817/817 3470/1559/1559 3471/1683/1683
f  3472/817/817 3473/1635/1635 3474/1634/1634
f  3475/325/325 3476/941/941 3477/943/943
f  3478/1346/1346 3479/1349/1349 3480/1723/1723
f  3481/1724/1724 3482/1142/1142 3483/1361/1361
f  3484/565/565 3485/1724/1724 3486/1719/1719
f  3487/598/598 3488/1345/1345 3489/599/599
f  3490/1164/1164 3491/1166/1166 3492/998/998
f  3493/1725/1725 3494/1726/1726 3495/1001/1001
f  3496/1727/1727 3497/1001/1001 3498/1000/1000
f  3499/1056/1056 3500/864/864 3501/1399/1399
f  3502/1266/1266 3503/1397/1397 3504/534/534
f  3505/214/214 3506/216/216 3507/1728/1728
f  3508/214/214 3509/1728/1728 3510/1255/1255
f  3511/1113/1113 3512/456/456 3513/1498/1498
f  3514/456/456 3515/458/458 3516/1501/1501
f  3517/670/670 3518/172/172 3519/174/174
f  3520/668/668 3521/670/670 3522/669/669
f  3523/819/819 3524/1560/1560 3525/1559/1559
f  3526/306/306 3527/449/449 3528/617/617
f  3529/434/434 3530/1673/1673 3531/1422/1422
f  3532/435/435 3533/434/434 3534/1422/1422
f  3535/1729/1729 3536/985/985 3537/858/858
f  3538/987/987 3539/986/986 3540/34/34
f  3541/1730/1730 3542/1731/1731 3543/1732/1732
f  3544/1731/1731 3545/76/76 3546/1732/1732
f  3547/1254/1254 3548/662/662 3549/750/750
f  3550/662/662 3551/661/661 3552/755/755
f  3553/1296/1296 3554/1294/1294 3555/1297/1297
f  3556/1001/1001 3557/1283/1283 3558/1002/1002
f  3559/795/795 3560/794/794 3561/1733/1733
f  3562/430/430 3563/795/795 3564/431/431
f  3565/740/740 3566/309/309 3567/1734/1734
f  3568/741/741 3569/309/309 3570/740/740
f  3571/894/894 3572/48/48 3573/1406/1406
f  3574/47/47 3575/1649/1649 3576/48/48
f  3577/437/437 3578/979/979 3579/911/911
f  3580/437/437 3581/911/911 3582/1715/1715
f  3583/793/793 3584/795/795 3585/1660/1660
f  3586/1694/1694 3587/1693/1693 3588/709/709
f  3589/961/961 3590/62/62 3591/1128/1128
f  3592/653/653 3593/1130/1130 3594/1543/1543
f  3595/143/143 3596/145/145 3597/212/212
f  3598/1735/1735 3599/345/345 3600/1736/1736
f  3601/1512/1512 3602/611/611 3603/1737/1737
f  3604/1738/1738 3605/1511/1511 3606/1523/1523
f  3607/565/565 3608/1721/1721 3609/21/21
f  3610/1739/1739 3611/129/129 3612/131/131
f  3613/1740/1740 3614/1413/1413 3615/1412/1412
f  3616/521/521 3617/520/520 3618/1741/1741
f  3619/297/297 3620/853/853 3621/293/293
f  3622/1168/1168 3623/294/294 3624/293/293
f  3625/1160/1160 3626/601/601 3627/1742/1742
f  3628/158/158 3629/1742/1742 3630/601/601
f  3631/1743/1743 3632/1744/1744 3633/1745/1745
f  3634/1639/1639 3635/405/405 3636/1746/1746
f  3637/900/900 3638/898/898 3639/1747/1747
f  3640/210/210 3641/400/400 3642/1537/1537
f  3643/304/304 3644/85/85 3645/1535/1535
f  3646/1011/1011 3647/1010/1010 3648/691/691
f  3649/1748/1748 3650/1749/1749 3651/1750/1750
f  3652/1601/1601 3653/218/218 3654/1330/1330
f  3655/900/900 3656/209/209 3657/901/901
f  3658/209/209 3659/1592/1592 3660/901/901
f  3661/1751/1751 3662/1056/1056 3663/1398/1398
f  3664/683/683 3665/1614/1614 3666/187/187
f  3667/847/847 3668/1752/1752 3669/1444/1444
f  3670/1055/1055 3671/1753/1753 3672/1007/1007
f  3673/447/447 3674/922/922 3675/448/448
f  3676/84/84 3677/1468/1468 3678/389/389
f  3679/598/598 3680/1754/1754 3681/1755/1755
f  3682/1754/1754 3683/1756/1756 3684/1757/1757
f  3685/798/798 3686/592/592 3687/1758/1758
f  3688/592/592 3689/593/593 3690/1758/1758
f  3691/1007/1007 3692/1444/1444 3693/1008/1008
f  3694/1444/1444 3695/1007/1007 3696/1759/1759
f  3697/1141/1141 3698/1760/1760 3699/1761/1761
f  3700/1718/1718 3701/1338/1338 3702/311/311
f  3703/873/873 3704/875/875 3705/1497/1497
f  3706/215/215 3707/1497/1497 3708/216/216
f  3709/1762/1762 3710/1763/1763 3711/667/667
f  3712/1764/1764 3713/1303/1303 3714/646/646
f  3715/852/852 3716/1455/1455 3717/1240/1240
f  3718/852/852 3719/1240/1240 3720/1168/1168
f  3721/352/352 3722/1765/1765 3723/1766/1766
f  3724/1263/1263 3725/1260/1260 3726/1262/1262
f  3727/478/478 3728/706/706 3729/479/479
f  3730/1127/1127 3731/1695/1695 3732/1767/1767
f  3733/1424/1424 3734/1009/1009 3735/192/192
f  3736/1424/1424 3737/1154/1154 3738/1768/1768
f  3739/667/667 3740/646/646 3741/668/668
f  3742/667/667 3743/1763/1763 3744/646/646
f  3745/286/286 3746/285/285 3747/765/765
f  3748/286/286 3749/765/765 3750/1123/1123
f  3751/681/681 3752/317/317 3753/1140/1140
f  3754/1140/1140 3755/317/317 3756/1050/1050
f  3757/904/904 3758/1769/1769 3759/1770/1770
f  3760/1769/1769 3761/624/624 3762/327/327
f  3763/964/964 3764/1425/1425 3765/1426/1426
f  3766/641/641 3767/1425/1425 3768/964/964
f  3769/1490/1490 3770/1492/1492 3771/1185/1185
f  3772/1220/1220 3773/509/509 3774/508/508
f  3775/923/923 3776/1771/1771 3777/1196/1196
f  3778/1196/1196 3779/1771/1771 3780/1469/1469
f  3781/596/596 3782/1772/1772 3783/1530/1530
f  3784/1773/1773 3785/1575/1575 3786/329/329
f  3787/1646/1646 3788/1645/1645 3789/1774/1774
f  3790/1775/1775 3791/262/262 3792/23/23
f  3793/641/641 3794/194/194 3795/963/963
f  3796/100/100 3797/641/641 3798/1776/1776
f  3799/479/479 3800/706/706 3801/705/705
f  3802/1777/1777 3803/481/481 3804/480/480
f  3805/1417/1417 3806/1419/1419 3807/237/237
f  3808/1461/1461 3809/59/59 3810/1462/1462
f  3811/31/31 3812/33/33 3813/1124/1124
f  3814/596/596 3815/1530/1530 3816/594/594
f  3817/428/428 3818/107/107 3819/106/106
f  3820/971/971 3821/1460/1460 3822/1578/1578
f  3823/1735/1735 3824/1289/1289 3825/1003/1003
f  3826/1778/1778 3827/1289/1289 3828/1735/1735
f  3829/1707/1707 3830/302/302 3831/299/299
f  3832/1707/1707 3833/299/299 3834/1229/1229
f  3835/1779/1779 3836/1608/1608 3837/1610/1610
f  3838/1779/1779 3839/1599/1599 3840/1780/1780
f  3841/377/377 3842/970/970 3843/659/659
f  3844/1781/1781 3845/377/377 3846/376/376
f  3847/379/379 3848/1301/1301 3849/1628/1628
f  3850/1628/1628 3851/380/380 3852/379/379
f  3853/1468/1468 3854/1469/1469 3855/389/389
f  3856/1510/1510 3857/1509/1509 3858/610/610
f  3859/184/184 3860/1782/1782 3861/185/185
f  3862/1782/1782 3863/1064/1064 3864/185/185
f  3865/1687/1687 3866/1058/1058 3867/1420/1420
f  3868/1348/1348 3869/1421/1421 3870/1118/1118
f  3871/1783/1783 3872/238/238 3873/1784/1784
f  3874/1766/1766 3875/1784/1784 3876/238/238
f  3877/937/937 3878/915/915 3879/917/917
f  3880/917/917 3881/915/915 3882/1785/1785
f  3883/1226/1226 3884/38/38 3885/483/483
f  3886/39/39 3887/38/38 3888/1226/1226
f  3889/738/738 3890/995/995 3891/1304/1304
f  3892/1304/1304 3893/1013/1013 3894/738/738
f  3895/1786/1786 3896/300/300 3897/1787/1787
f  3898/1309/1309 3899/1310/1310 3900/1038/1038
f  3901/1180/1180 3902/771/771 3903/773/773
f  3904/1731/1731 3905/1788/1788 3906/76/76
f  3907/1174/1174 3908/68/68 3909/1789/1789
f  3910/1789/1789 3911/1077/1077 3912/1076/1076
f  3913/791/791 3914/1790/1790 3915/792/792
f  3916/1790/1790 3917/1222/1222 3918/792/792
f  3919/777/777 3920/1324/1324 3921/1323/1323
f  3922/274/274 3923/1324/1324 3924/648/648
f  3925/1307/1307 3926/130/130 3927/433/433
f  3928/980/980 3929/1146/1146 3930/1791/1791
f  3931/76/76 3932/1792/1792 3933/1793/1793
f  3934/1019/1019 3935/1615/1615 3936/684/684
f  3937/1310/1310 3938/869/869 3939/868/868
f  3940/1787/1787 3941/1/1 3942/1786/1786
f  3943/1794/1794 3944/232/232 3945/494/494
f  3946/1794/1794 3947/494/494 3948/1321/1321
f  3949/990/990 3950/1207/1207 3951/1795/1795
f  3952/1205/1205 3953/114/114 3954/603/603
f  3955/264/264 3956/1774/1774 3957/262/262
f  3958/262/262 3959/1774/1774 3960/1645/1645
f  3961/1027/1027 3962/318/318 3963/680/680
f  3964/318/318 3965/1027/1027 3966/319/319
f  3967/854/854 3968/1170/1170 3969/829/829
f  3970/97/97 3971/1135/1135 3972/98/98
f  3973/1751/1751 3974/683/683 3975/187/187
f  3976/1180/1180 3977/683/683 3978/1181/1181
f  3979/1261/1261 3980/353/353 3981/1262/1262
f  3982/1765/1765 3983/353/353 3984/354/354
f  3985/1712/1712 3986/1237/1237 3987/355/355
f  3988/977/977 3989/1238/1238 3990/1712/1712
f  3991/322/322 3992/1385/1385 3993/1386/1386
f  3994/815/815 3995/1796/1796 3996/1385/1385
f  3997/1797/1797 3998/334/334 3999/1380/1380
f  4000/1488/1488 4001/929/929 4002/1486/1486
f  4003/1798/1798 4004/339/339 4005/552/552
f  4006/1799/1799 4007/737/737 4008/736/736
f  4009/167/167 4010/1800/1800 4011/168/168
f  4012/567/567 4013/981/981 4014/129/129
f  4015/374/374 4016/1553/1553 4017/1555/1555
f  4018/373/373 4019/470/470 4020/374/374
f  4021/1667/1667 4022/378/378 4023/682/682
f  4024/1034/1034 4025/378/378 4026/1667/1667
f  4027/1801/1801 4028/830/830 4029/1565/1565
f  4030/1702/1702 4031/1801/1801 4032/1703/1703
f  4033/1225/1225 4034/536/536 4035/538/538
f  4036/538/538 4037/1802/1802 4038/729/729
f  4039/1803/1803 4040/25/25 4041/27/27
f  4042/25/25 4043/1804/1804 4044/1805/1805
f  4045/83/83 4046/82/82 4047/1806/1806
f  4048/1806/1806 4049/388/388 4050/390/390
f  4051/1190/1190 4052/1762/1762 4053/644/644
f  4054/666/666 4055/669/669 4056/1807/1807
f  4057/1374/1374 4058/1356/1356 4059/1359/1359
f  4060/1358/1358 4061/1359/1359 4062/1356/1356
f  4063/703/703 4064/1808/1808 4065/1802/1802
f  4066/1808/1808 4067/1085/1085 4068/730/730
f  4069/1669/1669 4070/154/154 4071/153/153
f  4072/1255/1255 4073/1111/1111 4074/462/462
f  4075/1108/1108 4076/358/358 4077/360/360
f  4078/224/224 4079/1108/1108 4080/360/360
f  4081/27/27 4082/1115/1115 4083/1113/1113
f  4084/239/239 4085/27/27 4086/240/240
f  4087/1039/1039 4088/1041/1041 4089/1809/1809
f  4090/1810/1810 4091/1100/1100 4092/383/383
f  4093/1811/1811 4094/1812/1812 4095/1611/1611
f  4096/1813/1813 4097/905/905 4098/75/75
f  4099/108/108 4100/105/105 4101/109/109
f  4102/708/708 4103/1259/1259 4104/1256/1256
f  4105/690/690 4106/20/20 4107/688/688
f  4108/687/687 4109/20/20 4110/1404/1404
f  4111/855/855 4112/115/115 4113/573/573
f  4114/1430/1430 4115/573/573 4116/1416/1416
f  4117/1466/1466 4118/1100/1100 4119/1810/1810
f  4120/1814/1814 4121/467/467 4122/1100/1100
f  4123/1815/1815 4124/493/493 4125/1451/1451
f  4126/1451/1451 4127/493/493 4128/492/492
f  4129/76/76 4130/1788/1788 4131/1792/1792
f  4132/1019/1019 4133/1037/1037 4134/1017/1017
f  4135/239/239 4136/1803/1803 4137/27/27
f  4138/1805/1805 4139/1804/1804 4140/239/239
f  4141/1812/1812 4142/1811/1811 4143/1816/1816
f  4144/1813/1813 4145/1811/1811 4146/1611/1611
f  4147/881/881 4148/453/453 4149/1550/1550
f  4150/1445/1445 4151/1447/1447 4152/1443/1443
f  4153/344/344 4154/346/346 4155/1817/1817
f  4156/1001/1001 4157/1726/1726 4158/1284/1284
f  4159/1719/1719 4160/280/280 4161/1818/1818
f  4162/1818/1818 4163/952/952 4164/566/566
f  4165/834/834 4166/54/54 4167/835/835
f  4168/1344/1344 4169/1345/1345 4170/54/54
f  4171/1816/1816 4172/1811/1811 4173/74/74
f  4174/162/162 4175/1819/1819 4176/74/74
f  4177/159/159 4178/161/161 4179/392/392
f  4180/1594/1594 4181/159/159 4182/392/392
f  4183/1809/1809 4184/383/383 4185/640/640
f  4186/383/383 4187/1809/1809 4188/1810/1810
f  4189/1820/1820 4190/725/725 4191/1088/1088
f  4192/1566/1566 4193/1568/1568 4194/1820/1820
f  4195/1715/1715 4196/913/913 4197/912/912
f  4198/1821/1821 4199/912/912 4200/1366/1366
f  4201/989/989 4202/1519/1519 4203/1822/1822
f  4204/1502/1502 4205/1684/1684 4206/1519/1519
f  4207/1699/1699 4208/764/764 4209/766/766
f  4210/713/713 4211/1699/1699 4212/1698/1698
f  4213/1823/1823 4214/1812/1812 4215/1816/1816
f  4216/1824/1824 4217/525/525 4218/1632/1632
f  4219/85/85 4220/87/87 4221/1535/1535
f  4222/1535/1535 4223/87/87 4224/446/446
f  4225/1239/1239 4226/956/956 4227/1065/1065
f  4228/944/944 4229/956/956 4230/945/945
f  4231/471/471 4232/473/473 4233/469/469
f  4234/473/473 4235/1052/1052 4236/312/312
f  4237/781/781 4238/96/96 4239/802/802
f  4240/14/14 4241/13/13 4242/1143/1143
f  4243/1825/1825 4244/927/927 4245/744/744
f  4246/744/744 4247/927/927 4248/745/745
f  4249/517/517 4250/1826/1826 4251/761/761
f  4252/761/761 4253/1826/1826 4254/760/760
f  4255/1746/1746 4256/405/405 4257/1745/1745
f  4258/1827/1827 4259/405/405 4260/230/230
f  4261/1702/1702 4262/1704/1704 4263/1828/1828
f  4264/1704/1704 4265/1710/1710 4266/831/831
f  4267/1217/1217 4268/988/988 4269/987/987
f  4270/700/700 4271/1426/1426 4272/1217/1217
f  4273/1781/1781 4274/428/428 4275/1459/1459
f  4276/1459/1459 4277/377/377 4278/1781/1781
f  4279/482/482 4280/1051/1051 4281/715/715
f  4282/480/480 4283/482/482 4284/477/477
f  4285/70/70 4286/1829/1829 4287/1746/1746
f  4288/70/70 4289/1428/1428 4290/1829/1829
f  4291/291/291 4292/1157/1157 4293/1650/1650
f  4294/1157/1157 4295/291/291 4296/1830/1830
f  4297/579/579 4298/1355/1355 4299/277/277
f  4300/579/579 4301/1193/1193 4302/1192/1192
f  4303/1068/1068 4304/1378/1378 4305/1375/1375
f  4306/26/26 4307/1068/1068 4308/27/27
f  4309/1672/1672 4310/1528/1528 4311/537/537
f  4312/536/536 4313/1672/1672 4314/537/537
f  4315/624/624 4316/623/623 4317/625/625
f  4318/827/827 4319/625/625 4320/825/825
f  4321/1660/1660 4322/1693/1693 4323/793/793
f  4324/481/481 4325/1661/1661 4326/482/482
f  4327/911/911 4328/295/295 4329/913/913
f  4330/1831/1831 4331/94/94 4332/13/13
f  4333/1284/1284 4334/1004/1004 4335/1288/1288
f  4336/1284/1284 4337/1726/1726 4338/1817/1817
f  4339/1634/1634 4340/1636/1636 4341/1637/1637
f  4342/1636/1636 4343/323/323 4344/958/958
f  4345/170/170 4346/1564/1564 4347/1241/1241
f  4348/1832/1832 4349/1564/1564 4350/170/170
f  4351/73/73 4352/1665/1665 4353/7/7
f  4354/73/73 4355/395/395 4356/394/394
f  4357/1833/1833 4358/252/252 4359/1067/1067
f  4360/235/235 4361/252/252 4362/1064/1064
f  4363/491/491 4364/423/423 4365/492/492
f  4366/1674/1674 4367/423/423 4368/1342/1342
f  4369/265/265 4370/1834/1834 4371/486/486
f  4372/1396/1396 4373/523/523 4374/1834/1834
f  4375/245/245 4376/1610/1610 4377/243/243
f  4378/1409/1409 4379/1597/1597 4380/50/50
f  4381/1835/1835 4382/1474/1474 4383/1473/1473
f  4384/1362/1362 4385/957/957 4386/1363/1363
f  4387/171/171 4388/170/170 4389/417/417
f  4390/516/516 4391/171/171 4392/578/578
f  4393/1833/1833 4394/1067/1067 4395/1239/1239
f  4396/1067/1067 4397/956/956 4398/1239/1239
f  4399/1631/1631 4400/543/543 4401/1632/1632
f  4402/1489/1489 4403/1750/1750 4404/1749/1749
f  4405/1681/1681 4406/499/499 4407/1131/1131
f  4408/935/935 4409/1131/1131 4410/515/515
f  4411/1221/1221 4412/748/748 4413/1836/1836
f  4414/744/744 4415/746/746 4416/748/748
f  4417/940/940 4418/1474/1474 4419/1835/1835
f  4420/940/940 4421/1014/1014 4422/1474/1474
f  4423/595/595 4424/807/807 4425/1204/1204
f  4426/228/228 4427/807/807 4428/32/32
f  4429/1760/1760 4430/1142/1142 4431/1761/1761
f  4432/1718/1718 4433/196/196 4434/1142/1142
f  4435/1222/1222 4436/749/749 4437/748/748
f  4438/749/749 4439/1626/1626 4440/125/125
f  4441/1837/1837 4442/1210/1210 4443/1838/1838
f  4444/1839/1839 4445/1837/1837 4446/1840/1840
f  4447/265/265 4448/1328/1328 4449/1834/1834
f  4450/1280/1280 4451/1328/1328 4452/265/265
f  4453/992/992 4454/510/510 4455/509/509
f  4456/1207/1207 4457/1206/1206 4458/1219/1219
f  4459/1841/1841 4460/1842/1842 4461/696/696
f  4462/694/694 4463/696/696 4464/1842/1842
f  4465/10/10 4466/630/630 4467/632/632
f  4468/310/310 4469/1843/1843 4470/195/195
f  4471/1317/1317 4472/419/419 4473/1319/1319
f  4474/1319/1319 4475/365/365 4476/364/364
f  4477/366/366 4478/1842/1842 4479/1841/1841
f  4480/1092/1092 4481/1082/1082 4482/1083/1083
f  4483/276/276 4484/1269/1269 4485/1267/1267
f  4486/1269/1269 4487/1844/1844 4488/1267/1267
f  4489/1845/1845 4490/1210/1210 4491/1655/1655
f  4492/861/861 4493/1845/1845 4494/1846/1846
f  4495/1273/1273 4496/264/264 4497/813/813
f  4498/264/264 4499/263/263 4500/671/671
f  4501/122/122 4502/1081/1081 4503/1847/1847
f  4504/639/639 4505/1281/1281 4506/1282/1282
f  4507/1848/1848 4508/766/766 4509/764/764
f  4510/1848/1848 4511/1609/1609 4512/766/766
f  4513/1435/1435 4514/903/903 4515/904/904
f  4516/904/904 4517/1202/1202 4518/1435/1435
f  4519/1294/1294 4520/1296/1296 4521/348/348
f  4522/348/348 4523/1849/1849 4524/915/915
f  4525/802/802 4526/13/13 4527/781/781
f  4528/13/13 4529/94/94 4530/781/781
f  4531/965/965 4532/266/266 4533/320/320
f  4534/266/266 4535/1850/1850 4536/320/320
f  4537/1085/1085 4538/1528/1528 4539/702/702
f  4540/1851/1851 4541/1607/1607 4542/270/270
f  4543/1385/1385 4544/1852/1852 4545/1415/1415
f  4546/570/570 4547/1415/1415 4548/1852/1852
f  4549/1853/1853 4550/534/534 4551/533/533
f  4552/1853/1853 4553/1471/1471 4554/1470/1470
f  4555/145/145 4556/1854/1854 4557/873/873
f  4558/1505/1505 4559/145/145 4560/1254/1254
f  4561/1531/1531 4562/615/615 4563/336/336
f  4564/614/614 4565/336/336 4566/615/615
f  4567/1230/1230 4568/273/273 4569/272/272
f  4570/3/3 4571/273/273 4572/1230/1230
f  4573/102/102 4574/104/104 4575/1581/1581
f  4576/102/102 4577/1150/1150 4578/1152/1152
f  4579/1050/1050 4580/317/317 4581/769/769
f  4582/1050/1050 4583/769/769 4584/1048/1048
f  4585/139/139 4586/721/721 4587/1855/1855
f  4588/1855/1855 4589/721/721 4590/1856/1856
f  4591/939/939 4592/1857/1857 4593/1014/1014
f  4594/136/136 4595/939/939 4596/137/137
f  4597/269/269 4598/1858/1858 4599/780/780
f  4600/1797/1797 4601/1380/1380 4602/780/780
f  4603/1786/1786 4604/1/1 4605/3/3
f  4606/3/3 4607/1230/1230 4608/301/301
f  4609/556/556 4610/178/178 4611/1093/1093
f  4612/1389/1389 4613/556/556 4614/558/558
f  4615/841/841 4616/840/840 4617/839/839
f  4618/198/198 4619/1369/1369 4620/199/199
f  4621/1859/1859 4622/126/126 4623/1860/1860
f  4624/1861/1861 4625/128/128 4626/1862/1862
f  4627/1233/1233 4628/1863/1863 4629/1236/1236
f  4630/607/607 4631/1863/1863 4632/1864/1864
f  4633/1532/1532 4634/907/907 4635/615/615
f  4636/220/220 4637/1334/1334 4638/1590/1590
f  4639/694/694 4640/1690/1690 4641/695/695
f  4642/121/121 4643/120/120 4644/694/694
f  4645/350/350 4646/352/352 4647/1766/1766
f  4648/238/238 4649/237/237 4650/1766/1766
f  4651/373/373 4652/575/575 4653/468/468
f  4654/1865/1865 4655/472/472 4656/471/471
f  4657/87/87 4658/86/86 4659/1866/1866
f  4660/86/86 4661/1867/1867 4662/1866/1866
f  4663/559/559 4664/392/392 4665/611/611
f  4666/1582/1582 4667/559/559 4668/1585/1585
f  4669/1859/1859 4670/724/724 4671/723/723
f  4672/1860/1860 4673/1861/1861 4674/1859/1859
f  4675/1868/1868 4676/811/811 4677/1392/1392
f  4678/1586/1586 4679/371/371 4680/370/370
f  4681/1090/1090 4682/1092/1092 4683/1091/1091
f  4684/954/954 4685/254/254 4686/1869/1869
f  4687/1156/1156 4688/1870/1870 4689/848/848
f  4690/1870/1870 4691/1503/1503 4692/1871/1871
f  4693/1780/1780 4694/247/247 4695/246/246
f  4696/1780/1780 4697/1608/1608 4698/1779/1779
f  4699/1108/1108 4700/474/474 4701/476/476
f  4702/474/474 4703/255/255 4704/476/476
f  4705/254/254 4706/253/253 4707/879/879
f  4708/254/254 4709/879/879 4710/1872/1872
f  4711/1073/1073 4712/1688/1688 4713/1137/1137
f  4714/1517/1517 4715/1688/1688 4716/1073/1073
f  4717/1308/1308 4718/1307/1307 4719/1873/1873
f  4720/433/433 4721/1285/1285 4722/1307/1307
f  4723/306/306 4724/759/759 4725/758/758
f  4726/759/759 4727/306/306 4728/617/617
f  4729/822/822 4730/824/824 4731/856/856
f  4732/822/822 4733/1431/1431 4734/1429/1429
f  4735/1091/1091 4736/1083/1083 4737/368/368
f  4738/1869/1869 4739/254/254 4740/1872/1872
f  4741/1075/1075 4742/1306/1306 4743/1308/1308
f  4744/1000/1000 4745/1308/1308 4746/1873/1873
f  4747/545/545 4748/1515/1515 4749/546/546
f  4750/1515/1515 4751/1329/1329 4752/546/546
f  4753/968/968 4754/1874/1874 4755/966/966
f  4756/968/968 4757/1356/1356 4758/1374/1374
f  4759/634/634 4760/606/606 4761/1680/1680
f  4762/605/605 4763/606/606 4764/634/634
f  4765/1875/1875 4766/326/326 4767/1648/1648
f  4768/306/306 4769/758/758 4770/47/47
f  4771/923/923 4772/966/966 4773/16/16
f  4774/1195/1195 4775/444/444 4776/1320/1320
f  4777/1033/1033 4778/1032/1032 4779/1173/1173
f  4780/1173/1173 4781/119/119 4782/1302/1302
f  4783/863/863 4784/1837/1837 4785/993/993
f  4786/1876/1876 4787/1837/1837 4788/863/863
f  4789/359/359 4790/1604/1604 4791/360/360
f  4792/820/820 4793/1877/1877 4794/821/821
f  4795/799/799 4796/776/776 4797/452/452
f  4798/1643/1643 4799/592/592 4800/799/799
f  4801/693/693 4802/692/692 4803/60/60
f  4804/693/693 4805/1461/1461 4806/1172/1172
f  4807/240/240 4808/27/27 4809/1113/1113
f  4810/1113/1113 4811/1498/1498 4812/1500/1500
f  4813/1477/1477 4814/1653/1653 4815/1200/1200
f  4816/1200/1200 4817/1097/1097 4818/1477/1477
f  4819/1076/1076 4820/1294/1294 4821/1789/1789
f  4822/1878/1878 4823/1002/1002 4824/1879/1879
f  4825/1129/1129 4826/1093/1093 4827/1094/1094
f  4828/159/159 4829/1594/1594 4830/1588/1588
f  4831/1339/1339 4832/1338/1338 4833/686/686
f  4834/1063/1063 4835/1337/1337 4836/440/440
f  4837/789/789 4838/1433/1433 4839/359/359
f  4840/1433/1433 4841/1877/1877 4842/359/359
f  4843/1005/1005 4844/886/886 4845/1499/1499
f  4846/1005/1005 4847/1499/1499 4848/1501/1501
f  4849/1607/1607 4850/1880/1880 4851/932/932
f  4852/932/932 4853/1722/1722 4854/929/929
f  4855/1337/1337 4856/311/311 4857/1339/1339
f  4858/1339/1339 4859/440/440 4860/1337/1337
f  4861/1302/1302 4862/910/910 4863/1881/1881
f  4864/908/908 4865/1580/1580 4866/1579/1579
f  4867/1042/1042 4868/1882/1882 4869/1039/1039
f  4870/1039/1039 4871/1883/1883 4872/1884/1884
f  4873/962/962 4874/961/961 4875/652/652
f  4876/962/962 4877/652/652 4878/1237/1237
f  4879/1713/1713 4880/441/441 4881/1401/1401
f  4882/586/586 4883/1052/1052 4884/473/473
f  4885/934/934 4886/1885/1885 4887/502/502
f  4888/1885/1885 4889/500/500 4890/502/502
f  4891/1170/1170 4892/1886/1886 4893/829/829
f  4894/829/829 4895/1456/1456 4896/1564/1564
f  4897/1533/1533 4898/221/221 4899/1532/1532
f  4900/221/221 4901/1533/1533 4902/1379/1379
f  4903/1279/1279 4904/250/250 4905/804/804
f  4906/249/249 4907/804/804 4908/250/250
f  4909/266/266 4910/268/268 4911/1850/1850
f  4912/1102/1102 4913/680/680 4914/1850/1850
f  4915/479/479 4916/705/705 4917/1777/1777
f  4918/705/705 4919/1259/1259 4920/1777/1777
f  4921/960/960 4922/62/62 4923/961/961
f  4924/63/63 4925/62/62 4926/960/960
f  4927/222/222 4928/204/204 4929/203/203
f  4930/1486/1486 4931/222/222 4932/1487/1487
f  4933/1887/1887 4934/1703/1703 4935/1801/1801
f  4936/1703/1703 4937/1705/1705 4938/89/89
f  4939/1678/1678 4940/1097/1097 4941/1112/1112
f  4942/153/153 4943/182/182 4944/1112/1112
f  4945/275/275 4946/1270/1270 4947/276/276
f  4948/1354/1354 4949/1270/1270 4950/275/275
f  4951/1397/1397 4952/864/864 4953/534/534
f  4954/534/534 4955/864/864 4956/535/535
f  4957/445/445 4958/1227/1227 4959/1226/1226
f  4960/1282/1282 4961/1227/1227 4962/1228/1228
f  4963/557/557 4964/1095/1095 4965/560/560
f  4966/1026/1026 4967/557/557 4968/560/560
f  4969/976/976 4970/977/977 4971/673/673
f  4972/673/673 4973/977/977 4974/675/675
f  4975/186/186 4976/1312/1312 4977/1876/1876
f  4978/1057/1057 4979/187/187 4980/186/186
f  4981/1252/1252 4982/1253/1253 4983/1122/1122
f  4984/283/283 4985/282/282 4986/1122/1122
f  4987/542/542 4988/1888/1888 4989/1889/1889
f  4990/905/905 4991/1813/1813 4992/1889/1889
f  4993/1426/1426 4994/192/192 4995/1217/1217
f  4996/1426/1426 4997/1425/1425 4998/192/192
f  4999/655/655 5000/177/177 5001/656/656
f  5002/1128/1128 5003/1094/1094 5004/1890/1890
f  5005/489/489 5006/9/9 5007/1353/1353
f  5008/7/7 5009/9/9 5010/489/489
f  5011/1309/1309 5012/83/83 5013/1310/1310
f  5014/448/448 5015/83/83 5016/446/446
f  5017/1264/1264 5018/1400/1400 5019/1399/1399
f  5020/1264/1264 5021/1248/1248 5022/1400/1400
f  5023/1888/1888 5024/982/982 5025/907/907
f  5026/1888/1888 5027/542/542 5028/982/982
f  5029/1637/1637 5030/757/757 5031/1634/1634
f  5032/817/817 5033/1634/1634 5034/818/818
f  5035/727/727 5036/501/501 5037/1087/1087
f  5038/1086/1086 5039/727/727 5040/1087/1087
f  5041/1773/1773 5042/329/329 5043/1023/1023
f  5044/1023/1023 5045/329/329 5046/1024/1024
f  5047/1834/1834 5048/523/523 5049/486/486
f  5050/523/523 5051/487/487 5052/486/486
f  5053/723/723 5054/722/722 5055/569/569
f  5056/619/619 5057/307/307 5058/308/308
f  5059/1574/1574 5060/1572/1572 5061/1573/1573
f  5062/1891/1891 5063/204/204 5064/1485/1485
f  5065/363/363 5066/1340/1340 5067/1892/1892
f  5068/393/393 5069/363/363 5070/1892/1892
f  5071/752/752 5072/751/751 5073/154/154
f  5074/1182/1182 5075/888/888 5076/751/751
f  5077/147/147 5078/146/146 5079/307/307
f  5080/1893/1893 5081/723/723 5082/569/569
f  5083/1451/1451 5084/1894/1894 5085/1452/1452
f  5086/1894/1894 5087/1451/1451 5088/526/526
f  5089/1281/1281 5090/120/120 5091/122/122
f  5092/1281/1281 5093/122/122 5094/1847/1847
f  5095/365/365 5096/1527/1527 5097/1271/1271
f  5098/365/365 5099/1244/1244 5100/363/363
f  5101/974/974 5102/1419/1419 5103/58/58
f  5104/1895/1895 5105/1896/1896 5106/58/58
f  5107/463/463 5108/385/385 5109/215/215
f  5110/463/463 5111/215/215 5112/1897/1897
f  5113/103/103 5114/1261/1261 5115/1260/1260
f  5116/1260/1260 5117/104/104 5118/103/103
f  5119/1683/1683 5120/1898/1898 5121/817/817
f  5122/308/308 5123/146/146 5124/1683/1683
f  5125/742/742 5126/631/631 5127/630/630
f  5128/657/657 5129/631/631 5130/1292/1292
f  5131/1547/1547 5132/1569/1569 5133/1548/1548
f  5134/292/292 5135/1569/1569 5136/1547/1547
f  5137/731/731 5138/1225/1225 5139/729/729
f  5140/1225/1225 5141/538/538 5142/729/729
f  5143/872/872 5144/1899/1899 5145/1496/1496
f  5146/918/918 5147/917/917 5148/1785/1785
f  5149/1557/1557 5150/1548/1548 5151/1569/1569
f  5152/1545/1545 5153/126/126 5154/1546/1546
f  5155/427/427 5156/859/859 5157/984/984
f  5158/988/988 5159/697/697 5160/699/699
f  5161/1685/1685 5162/717/717 5163/716/716
f  5164/1071/1071 5165/717/717 5166/1900/1900
f  5167/1006/1006 5168/1008/1008 5169/1518/1518
f  5170/1518/1518 5171/1581/1581 5172/1006/1006
f  5173/1901/1901 5174/918/918 5175/1902/1902
f  5176/332/332 5177/331/331 5178/1901/1901
f  5179/884/884 5180/885/885 5181/1160/1160
f  5182/1300/1300 5183/887/887 5184/884/884
f  5185/1418/1418 5186/41/41 5187/1540/1540
f  5188/42/42 5189/41/41 5190/973/973
f  5191/8/8 5192/1665/1665 5193/1318/1318
f  5194/175/175 5195/8/8 5196/393/393
f  5197/1903/1903 5198/988/988 5199/1904/1904
f  5200/1904/1904 5201/988/988 5202/1905/1905
f  5203/1076/1076 5204/1075/1075 5205/1878/1878
f  5206/1075/1075 5207/1308/1308 5208/1878/1878
f  5209/1669/1669 5210/1111/1111 5211/1255/1255
f  5212/752/752 5213/1669/1669 5214/1255/1255
f  5215/541/541 5216/1906/1906 5217/89/89
f  5218/1375/1375 5219/1378/1378 5220/1906/1906
f  5221/961/961 5222/653/653 5223/652/652
f  5224/1907/1907 5225/961/961 5226/1128/1128
f  5227/760/760 5228/579/579 5229/1192/1192
f  5230/760/760 5231/1192/1192 5232/501/501
f  5233/197/197 5234/843/843 5235/1839/1839
f  5236/197/197 5237/1839/1839 5238/1840/1840
f  5239/1305/1305 5240/1306/1306 5241/1075/1075
f  5242/1305/1305 5243/1908/1908 5244/1739/1739
f  5245/300/300 5246/1786/1786 5247/301/301
f  5248/301/301 5249/1786/1786 5250/3/3
f  5251/856/856 5252/857/857 5253/1430/1430
f  5254/573/573 5255/1430/1430 5256/855/855
f  5257/1909/1909 5258/1871/1871 5259/1503/1503
f  5260/1909/1909 5261/1215/1215 5262/850/850
f  5263/1910/1910 5264/1711/1711 5265/642/642
f  5266/642/642 5267/1711/1711 5268/828/828
f  5269/442/442 5270/1713/1713 5271/585/585
f  5272/1060/1060 5273/1061/1061 5274/1063/1063
f  5275/362/362 5276/1642/1642 5277/342/342
f  5278/1012/1012 5279/1642/1642 5280/451/451
f  5281/1458/1458 5282/1457/1457 5283/257/257
f  5284/257/257 5285/676/676 5286/1458/1458
f  5287/514/514 5288/763/763 5289/762/762
f  5290/1133/1133 5291/518/518 5292/517/517
f  5293/1306/1306 5294/1739/1739 5295/131/131
f  5296/1305/1305 5297/1739/1739 5298/1306/1306
f  5299/1352/1352 5300/1351/1351 5301/1911/1911
f  5302/343/343 5303/1189/1189 5304/1341/1341
f  5305/1326/1326 5306/1325/1325 5307/924/924
f  5308/1326/1326 5309/924/924 5310/928/928
f  5311/1442/1442 5312/36/36 5313/1125/1125
f  5314/1912/1912 5315/1910/1910 5316/642/642
f  5317/317/317 5318/735/735 5319/1612/1612
f  5320/735/735 5321/1613/1613 5322/1612/1612
f  5323/1701/1701 5324/1293/1293 5325/1292/1292
f  5326/970/970 5327/969/969 5328/659/659
f  5329/793/793 5330/1232/1232 5331/794/794
f  5332/1694/1694 5333/429/429 5334/1232/1232
f  5335/1913/1913 5336/1567/1567 5337/725/725
f  5338/1820/1820 5339/1913/1913 5340/725/725
f  5341/1855/1855 5342/138/138 5343/139/139
f  5344/1914/1914 5345/138/138 5346/1855/1855
f  5347/1268/1268 5348/1844/1844 5349/1269/1269
f  5350/1844/1844 5351/1454/1454 5352/852/852
f  5353/1595/1595 5354/26/26 5355/25/25
f  5356/1595/1595 5357/25/25 5358/1805/1805
f  5359/1915/1915 5360/1034/1034 5361/112/112
f  5362/1187/1187 5363/1186/1186 5364/1483/1483
f  5365/1029/1029 5366/1028/1028 5367/1139/1139
f  5368/1480/1480 5369/1117/1117 5370/1481/1481
f  5371/1051/1051 5372/410/410 5373/1916/1916
f  5374/511/511 5375/1916/1916 5376/512/512
f  5377/1917/1917 5378/605/605 5379/633/633
f  5380/1917/1917 5381/1293/1293 5382/605/605
f  5383/507/507 5384/1529/1529 5385/536/536
f  5386/507/507 5387/536/536 5388/1225/1225
f  5389/1051/1051 5390/719/719 5391/716/716
f  5392/1051/1051 5393/1916/1916 5394/719/719
f  5395/1918/1918 5396/1919/1919 5397/1191/1191
f  5398/566/566 5399/166/166 5400/567/567
f  5401/831/831 5402/1710/1710 5403/832/832
f  5404/832/832 5405/1377/1377 5406/1376/1376
f  5407/648/648 5408/777/777 5409/778/778
f  5410/1324/1324 5411/777/777 5412/648/648
f  5413/507/507 5414/506/506 5415/540/540
f  5416/1529/1529 5417/507/507 5418/540/540
f  5419/1437/1437 5420/1436/1436 5421/788/788
f  5422/654/654 5423/653/653 5424/1543/1543
f  5425/156/156 5426/155/155 5427/35/35
f  5428/35/35 5429/826/826 5430/1126/1126
f  5431/1920/1920 5432/627/627 5433/1274/1274
f  5434/1300/1300 5435/627/627 5436/1920/1920
f  5437/1921/1921 5438/72/72 5439/40/40
f  5440/648/648 5441/455/455 5442/649/649
f  5443/1922/1922 5444/402/402 5445/1411/1411
f  5446/397/397 5447/97/97 5448/99/99
f  5449/611/611 5450/1513/1513 5451/559/559
f  5452/1513/1513 5453/611/611 5454/1512/1512
f  5455/149/149 5456/724/724 5457/150/150
f  5458/1861/1861 5459/1862/1862 5460/150/150
f  5461/1411/1411 5462/294/294 5463/97/97
f  5464/97/97 5465/1923/1923 5466/1411/1411
f  5467/959/959 5468/324/324 5469/756/756
f  5470/324/324 5471/959/959 5472/1363/1363
f  5473/309/309 5474/1924/1924 5475/1734/1734
f  5476/309/309 5477/311/311 5478/1924/1924
f  5479/1275/1275 5480/734/734 5481/1274/1274
f  5482/1274/1274 5483/734/734 5484/887/887
f  5485/1806/1806 5486/390/390 5487/871/871
f  5488/1524/1524 5489/1511/1511 5490/1738/1738
f  5491/1316/1316 5492/566/566 5493/952/952
f  5494/566/566 5495/1918/1918 5496/166/166
f  5497/1403/1403 5498/1402/1402 5499/1404/1404
f  5500/66/66 5501/1403/1403 5502/67/67
f  5503/1925/1925 5504/229/229 5505/1587/1587
f  5506/229/229 5507/1925/1925 5508/228/228
f  5509/1623/1623 5510/1926/1926 5511/1624/1624
f  5512/1573/1573 5513/1624/1624 5514/1926/1926
f  5515/150/150 5516/127/127 5517/224/224
f  5518/1545/1545 5519/127/127 5520/126/126
f  5521/844/844 5522/104/104 5523/1260/1260
f  5524/844/844 5525/1054/1054 5526/1055/1055
f  5527/219/219 5528/218/218 5529/165/165
f  5530/218/218 5531/1515/1515 5532/165/165
f  5533/400/400 5534/1747/1747 5535/401/401
f  5536/900/900 5537/1747/1747 5538/400/400
f  5539/406/406 5540/947/947 5541/946/946
f  5542/1677/1677 5543/63/63 5544/507/507
f  5545/1427/1427 5546/585/585 5547/472/472
f  5548/1697/1697 5549/1427/1427 5550/472/472
f  5551/818/818 5552/757/757 5553/759/759
f  5554/1634/1634 5555/757/757 5556/818/818
f  5557/1493/1493 5558/401/401 5559/1494/1494
f  5560/1741/1741 5561/1740/1740 5562/401/401
f  5563/548/548 5564/535/535 5565/1927/1927
f  5566/79/79 5567/1927/1927 5568/80/80
f  5569/892/892 5570/1394/1394 5571/782/782
f  5572/891/891 5573/1394/1394 5574/892/892
f  5575/1928/1928 5576/491/491 5577/23/23
f  5578/262/262 5579/1928/1928 5580/23/23
f  5581/520/520 5582/1136/1136 5583/1741/1741
f  5584/208/208 5585/1136/1136 5586/520/520
f  5587/1651/1651 5588/79/79 5589/81/81
f  5590/1410/1410 5591/549/549 5592/79/79
f  5593/821/821 5594/1432/1432 5595/227/227
f  5596/786/786 5597/1929/1929 5598/227/227
f  5599/620/620 5600/1682/1682 5601/1325/1325
f  5602/621/621 5603/620/620 5604/1325/1325
f  5605/458/458 5606/716/716 5607/718/718
f  5608/716/716 5609/719/719 5610/718/718
f  5611/1927/1927 5612/535/535 5613/80/80
f  5614/861/861 5615/535/535 5616/993/993
f  5617/1176/1176 5618/806/806 5619/808/808
f  5620/1789/1789 5621/134/134 5622/1174/1174
f  5623/514/514 5624/762/762 5625/500/500
f  5626/762/762 5627/501/501 5628/500/500
f  5629/1136/1136 5630/1740/1740 5631/1741/1741
f  5632/207/207 5633/1740/1740 5634/1136/1136
f  5635/1930/1930 5636/578/578 5637/171/171
f  5638/578/578 5639/1930/1930 5640/1355/1355
f  5641/947/947 5642/408/408 5643/1737/1737
f  5644/1524/1524 5645/1738/1738 5646/408/408
f  5647/1931/1931 5648/92/92 5649/1932/1932
f  5650/1593/1593 5651/315/315 5652/1932/1932
f  5653/132/132 5654/1295/1295 5655/348/348
f  5656/1295/1295 5657/132/132 5658/134/134
f  5659/76/76 5660/78/78 5661/1732/1732
f  5662/942/942 5663/1121/1121 5664/1120/1120
f  5665/1040/1040 5666/466/466 5667/465/465
f  5668/1884/1884 5669/1040/1040 5670/1039/1039
f  5671/1566/1566 5672/1820/1820 5673/11/11
f  5674/1689/1689 5675/11/11 5676/1089/1089
f  5677/1004/1004 5678/1003/1003 5679/1288/1288
f  5680/1298/1298 5681/1003/1003 5682/1296/1296
f  5683/96/96 5684/207/207 5685/206/206
f  5686/1279/1279 5687/1280/1280 5688/250/250
f  5689/1895/1895 5690/303/303 5691/1896/1896
f  5692/1896/1896 5693/303/303 5694/972/972
f  5695/195/195 5696/10/10 5697/12/12
f  5698/1843/1843 5699/10/10 5700/195/195
f  5701/78/78 5702/772/772 5703/1121/1121
f  5704/1121/1121 5705/1732/1732 5706/78/78
f  5707/268/268 5708/1101/1101 5709/1102/1102
f  5710/268/268 5711/1102/1102 5712/1850/1850
f  5713/1884/1884 5714/463/463 5715/466/466
f  5716/1884/1884 5717/466/466 5718/1040/1040
f  5719/419/419 5720/1836/1836 5721/745/745
f  5722/1319/1319 5723/419/419 5724/745/745
f  5725/298/298 5726/297/297 5727/911/911
f  5728/979/979 5729/298/298 5730/911/911
f  5731/1187/1187 5732/1483/1483 5733/112/112
f  5734/1187/1187 5735/1184/1184 5736/1490/1490
f  5737/86/86 5738/85/85 5739/1010/1010
f  5740/85/85 5741/304/304 5742/1010/1010
f  5743/1486/1486 5744/1485/1485 5745/204/204
f  5746/222/222 5747/1486/1486 5748/204/204
f  5749/775/775 5750/774/774 5751/1058/1058
f  5752/774/774 5753/1119/1119 5754/1058/1058
f  5755/837/837 5756/1530/1530 5757/1772/1772
f  5758/1022/1022 5759/1773/1773 5760/1023/1023
f  5761/608/608 5762/1583/1583 5763/1582/1582
f  5764/1584/1584 5765/609/609 5766/608/608
f  5767/379/379 5768/1933/1933 5769/1301/1301
f  5770/1312/1312 5771/1311/1311 5772/1840/1840
f  5773/755/755 5774/661/661 5775/753/753
f  5776/753/753 5777/661/661 5778/1423/1423
f  5779/1446/1446 5780/1445/1445 5781/1934/1934
f  5782/778/778 5783/1549/1549 5784/651/651
f  5785/1911/1911 5786/1189/1189 5787/343/343
f  5788/1189/1189 5789/1353/1353 5790/9/9
f  5791/1716/1716 5792/1384/1384 5793/1385/1385
f  5794/1415/1415 5795/1716/1716 5796/1385/1385
f  5797/1359/1359 5798/1482/1482 5799/17/17
f  5800/18/18 5801/17/17 5802/64/64
f  5803/1826/1826 5804/577/577 5805/760/760
f  5806/1826/1826 5807/578/578 5808/577/577
f  5809/512/512 5810/412/412 5811/1448/1448
f  5812/1935/1935 5813/1448/1448 5814/1449/1449
f  5815/1599/1599 5816/1827/1827 5817/1780/1780
f  5818/1664/1664 5819/81/81 5820/1745/1745
f  5821/336/336 5822/1446/1446 5823/1936/1936
f  5824/1936/1936 5825/1446/1446 5826/1934/1934
f  5827/1384/1384 5828/1937/1937 5829/137/137
f  5830/1384/1384 5831/137/137 5832/957/957
f  5833/510/510 5834/1450/1450 5835/1449/1449
f  5836/510/510 5837/1441/1441 5838/1440/1440
f  5839/966/966 5840/1874/1874 5841/16/16
f  5842/1874/1874 5843/17/17 5844/16/16
f  5845/906/906 5846/563/563 5847/75/75
f  5848/1938/1938 5849/1223/1223 5850/1224/1224
f  5851/771/771 5852/1408/1408 5853/1687/1687
f  5854/1177/1177 5855/1059/1059 5856/1178/1178
f  5857/393/393 5858/8/8 5859/1318/1318
f  5860/1317/1317 5861/393/393 5862/1318/1318
f  5863/1175/1175 5864/66/66 5865/1174/1174
f  5866/314/314 5867/66/66 5868/810/810
f  5869/1463/1463 5870/117/117 5871/119/119
f  5872/119/119 5873/1172/1172 5874/1463/1463
f  5875/37/37 5876/1939/1939 5877/1104/1104
f  5878/1092/1092 5879/1090/1090 5880/1939/1939
f  5881/995/995 5882/711/711 5883/1698/1698
f  5884/995/995 5885/1046/1046 5886/711/711
f  5887/563/563 5888/790/790 5889/1223/1223
f  5890/563/563 5891/1223/1223 5892/75/75
f  5893/933/933 5894/932/932 5895/929/929
f  5896/933/933 5897/929/929 5898/1488/1488
f  5899/1092/1092 5900/1939/1939 5901/37/37
f  5902/1082/1082 5903/1092/1092 5904/37/37
f  5905/791/791 5906/73/73 5907/75/75
f  5908/1938/1938 5909/75/75 5910/1223/1223
f  5911/996/996 5912/995/995 5913/1698/1698
f  5914/1698/1698 5915/1699/1699 5916/996/996
f  5917/672/672 5918/1940/1940 5919/673/673
f  5920/1672/1672 5921/1941/1941 5922/503/503
f  5923/1942/1942 5924/1775/1775 5925/23/23
f  5926/671/671 5927/1775/1775 5928/669/669
f  5929/226/226 5930/1742/1742 5931/158/158
f  5932/1602/1602 5933/820/820 5934/1603/1603
f  5935/1368/1368 5936/1370/1370 5937/741/741
f  5938/1606/1606 5939/1368/1368 5940/198/198
f  5941/1443/1443 5942/1447/1447 5943/219/219
f  5944/883/883 5945/217/217 5946/219/219
f  5947/1822/1822 5948/1519/1519 5949/1943/1943
f  5950/991/991 5951/1943/1943 5952/1935/1935
f  5953/831/831 5954/91/91 5955/1212/1212
f  5956/1521/1521 5957/91/91 5958/1522/1522
f  5959/1246/1246 5960/1247/1247 5961/1132/1132
f  5962/1259/1259 5963/1257/1257 5964/1256/1256
f  5965/513/513 5966/1935/1935 5967/1943/1943
f  5968/1519/1519 5969/513/513 5970/1943/1943
f  5971/1465/1465 5972/1944/1944 5973/1333/1333
f  5974/790/790 5975/1625/1625 5976/1626/1626
f  5977/1501/1501 5978/1499/1499 5979/1498/1498
f  5980/1498/1498 5981/456/456 5982/1501/1501
f  5983/913/913 5984/295/295 5985/94/94
f  5986/294/294 5987/94/94 5988/295/295
f  5989/1526/1526 5990/1272/1272 5991/1527/1527
f  5992/617/617 5993/449/449 5994/618/618
f  5995/669/669 5996/1775/1775 5997/1942/1942
f  5998/669/669 5999/1942/1942 6000/1807/1807
f  6001/1832/1832 6002/1801/1801 6003/1565/1565
f  6004/1801/1801 6005/1832/1832 6006/1887/1887
f  6007/1626/1626 6008/749/749 6009/1383/1383
f  6010/1383/1383 6011/790/790 6012/1626/1626
f  6013/625/625 6014/1495/1495 6015/385/385
f  6016/1495/1495 6017/1497/1497 6018/385/385
f  6019/1697/1697 6020/1945/1945 6021/575/575
f  6022/575/575 6023/574/574 6024/1697/1697
f  6025/169/169 6026/1887/1887 6027/1832/1832
f  6028/169/169 6029/1832/1832 6030/170/170
f  6031/1652/1652 6032/1410/1410 6033/1651/1651
f  6034/1410/1410 6035/79/79 6036/1651/1651
f  6037/1425/1425 6038/1152/1152 6039/1424/1424
f  6040/963/963 6041/1425/1425 6042/641/641
f  6043/158/158 6044/116/116 6045/824/824
f  6046/116/116 6047/857/857 6048/824/824
f  6049/372/372 6050/371/371 6051/1253/1253
f  6052/371/371 6053/1123/1123 6054/1253/1253
f  6055/1060/1060 6056/1063/1063 6057/585/585
f  6058/1427/1427 6059/1060/1060 6060/585/585
f  6061/342/342 6062/1012/1012 6063/739/739
f  6064/1642/1642 6065/1012/1012 6066/342/342
f  6067/632/632 6068/1568/1568 6069/1566/1566
f  6070/632/632 6071/1566/1566 6072/10/10
f  6073/1467/1467 6074/1371/1371 6075/135/135
f  6076/1372/1372 6077/1371/1371 6078/1467/1467
f  6079/1622/1622 6080/125/125 6081/1623/1623
f  6082/1622/1622 6083/561/561 6084/125/125
f  6085/197/197 6086/1840/1840 6087/189/189
f  6088/379/379 6089/189/189 6090/1933/1933
f  6091/524/524 6092/267/267 6093/965/965
f  6094/524/524 6095/965/965 6096/1633/1633
f  6097/597/597 6098/1619/1619 6099/1621/1621
f  6100/1167/1167 6101/597/597 6102/1273/1273
f  6103/802/802 6104/1144/1144 6105/1143/1143
f  6106/802/802 6107/1143/1143 6108/13/13
f  6109/1675/1675 6110/1676/1676 6111/4/4
f  6112/5/5 6113/4/4 6114/1676/1676
f  6115/51/51 6116/712/712 6117/1046/1046
f  6118/552/552 6119/1044/1044 6120/1046/1046
f  6121/252/252 6122/954/954 6123/1067/1067
f  6124/1067/1067 6125/954/954 6126/955/955
f  6127/498/498 6128/1577/1577 6129/110/110
f  6130/971/971 6131/1577/1577 6132/498/498
f  6133/707/707 6134/461/461 6135/1247/1247
f  6136/707/707 6137/459/459 6138/461/461
f  6139/880/880 6140/624/624 6141/625/625
f  6142/880/880 6143/328/328 6144/624/624
f  6145/1480/1480 6146/319/319 6147/1117/1117
f  6148/1359/1359 6149/319/319 6150/1480/1480
f  6151/764/764 6152/243/243 6153/1848/1848
f  6154/243/243 6155/1609/1609 6156/1848/1848
f  6157/989/989 6158/991/991 6159/990/990
f  6160/991/991 6161/992/992 6162/990/990
f  6163/982/982 6164/542/542 6165/983/983
f  6166/983/983 6167/542/542 6168/544/544
f  6169/1350/1350 6170/326/326 6171/325/325
f  6172/326/326 6173/1350/1350 6174/1648/1648
f  6175/215/215 6176/214/214 6177/1897/1897
f  6178/214/214 6179/1255/1255 6180/464/464
f  6181/838/838 6182/1061/1061 6183/1060/1060
f  6184/838/838 6185/1946/1946 6186/1061/1061
f  6187/547/547 6188/551/551 6189/1470/1470
f  6190/1043/1043 6191/551/551 6192/547/547
f  6193/809/809 6194/314/314 6195/810/810
f  6196/1391/1391 6197/1554/1554 6198/809/809
f  6199/140/140 6200/438/438 6201/141/141
f  6202/754/754 6203/438/438 6204/140/140
f  6205/1195/1195 6206/637/637 6207/1228/1228
f  6208/637/637 6209/1195/1195 6210/922/922
f  6211/236/236 6212/238/238 6213/909/909
f  6214/117/117 6215/236/236 6216/909/909
f  6217/847/847 6218/1444/1444 6219/1759/1759
f  6220/847/847 6221/1759/1759 6222/1053/1053
f  6223/303/303 6224/1895/1895 6225/304/304
f  6226/304/304 6227/691/691 6228/1010/1010
f  6229/1868/1868 6230/1392/1392 6231/1586/1586
f  6232/1392/1392 6233/1393/1393 6234/1586/1586
f  6235/1947/1947 6236/1843/1843 6237/310/310
f  6238/741/741 6239/1370/1370 6240/1947/1947
f  6241/1064/1064 6242/1833/1833 6243/1239/1239
f  6244/1064/1064 6245/252/252 6246/1833/1833
f  6247/550/550 6248/1470/1470 6249/551/551
f  6250/532/532 6251/339/339 6252/338/338
f  6253/418/418 6254/1455/1455 6255/852/852
f  6256/417/417 6257/1241/1241 6258/418/418
f  6259/1866/1866 6260/1867/1867 6261/636/636
f  6262/636/636 6263/1867/1867 6264/1282/1282
f  6265/845/845 6266/847/847 6267/1053/1053
f  6268/845/845 6269/1053/1053 6270/1287/1287
f  6271/1948/1948 6272/1628/1628 6273/1627/1627
f  6274/1949/1949 6275/1948/1948 6276/1018/1018
f  6277/211/211 6278/1536/1536 6279/1950/1950
f  6280/92/92 6281/1931/1931 6282/93/93
f  6283/1155/1155 6284/1154/1154 6285/1951/1951
f  6286/1151/1151 6287/1154/1154 6288/1424/1424
f  6289/54/54 6290/834/834 6291/1344/1344
f  6292/834/834 6293/836/836 6294/1344/1344
f  6295/440/440 6296/1339/1339 6297/686/686
f  6298/440/440 6299/686/686 6300/441/441
f  6301/350/350 6302/1766/1766 6303/237/237
f  6304/1540/1540 6305/350/350 6306/237/237
f  6307/1952/1952 6308/1266/1266 6309/534/534
f  6310/1952/1952 6311/532/532 6312/1266/1266
f  6313/751/751 6314/888/888 6315/154/154
f  6316/152/152 6317/154/154 6318/888/888
f  6319/836/836 6320/1124/1124 6321/1530/1530
f  6322/1124/1124 6323/594/594 6324/1530/1530
f  6325/1953/1953 6326/1668/1668 6327/1014/1014
f  6328/1371/1371 6329/113/113 6330/136/136
f  6331/1176/1176 6332/134/134 6333/806/806
f  6334/134/134 6335/133/133 6336/806/806
f  6337/547/547 6338/1471/1471 6339/548/548
f  6340/1853/1853 6341/533/533 6342/1471/1471
f  6343/546/546 6344/950/950 6345/529/529
f  6346/529/529 6347/950/950 6348/530/530
f  6349/1181/1181 6350/683/683 6351/1751/1751
f  6352/1181/1181 6353/1751/1751 6354/1179/1179
f  6355/1117/1117 6356/1954/1954 6357/1481/1481
f  6358/1954/1954 6359/1050/1050 6360/1049/1049
f  6361/1110/1110 6362/183/183 6363/1099/1099
f  6364/183/183 6365/1666/1666 6366/1706/1706
f  6367/1249/1249 6368/1179/1179 6369/1398/1398
f  6370/1179/1179 6371/1751/1751 6372/1398/1398
f  6373/1954/1954 6374/1139/1139 6375/1050/1050
f  6376/1029/1029 6377/1139/1139 6378/1954/1954
f  6379/1675/1675 6380/528/528 6381/530/530
f  6382/1688/1688 6383/528/528 6384/1137/1137
f  6385/1134/1134 6386/514/514 6387/1131/1131
f  6388/110/110 6389/1134/1134 6390/1131/1131
f  6391/340/340 6392/339/339 6393/1798/1798
f  6394/451/451 6395/714/714 6396/1799/1799
f  6397/1574/1574 6398/1573/1573 6399/1485/1485
f  6400/929/929 6401/931/931 6402/1485/1485
f  6403/684/684 6404/683/683 6405/1793/1793
f  6406/684/684 6407/1793/1793 6408/1792/1792
f  6409/278/278 6410/280/280 6411/1719/1719
f  6412/1361/1361 6413/1719/1719 6414/1724/1724
f  6415/1021/1021 6416/1020/1020 6417/859/859
f  6418/426/426 6419/1021/1021 6420/859/859
f  6421/1870/1870 6422/1156/1156 6423/124/124
f  6424/1650/1650 6425/1825/1825 6426/1156/1156
f  6427/152/152 6428/1365/1365 6429/181/181
f  6430/1197/1197 6431/1476/1476 6432/1475/1475
f  6433/1926/1926 6434/1891/1891 6435/1573/1573
f  6436/1485/1485 6437/1573/1573 6438/1891/1891
f  6439/1386/1386 6440/1384/1384 6441/1362/1362
f  6442/322/322 6443/1386/1386 6444/323/323
f  6445/352/352 6446/1263/1263 6447/1765/1765
f  6448/844/844 6449/1263/1263 6450/352/352
f  6451/1446/1446 6452/882/882 6453/1447/1447
f  6454/614/614 6455/1446/1446 6456/336/336
f  6457/859/859 6458/1020/1020 6459/860/860
f  6460/1576/1576 6461/1020/1020 6462/1022/1022
f  6463/1538/1538 6464/344/344 6465/1726/1726
f  6466/1726/1726 6467/344/344 6468/1817/1817
f  6469/1752/1752 6470/847/847 6471/881/881
f  6472/881/881 6473/1550/1550 6474/1752/1752
f  6475/1600/1600 6476/1516/1516 6477/1617/1617
f  6478/1600/1600 6479/1515/1515 6480/1514/1514
f  6481/697/697 6482/422/422 6483/424/424
f  6484/1552/1552 6485/422/422 6486/1218/1218
f  6487/381/381 6488/190/190 6489/189/189
f  6490/381/381 6491/1701/1701 6492/190/190
f  6493/115/115 6494/1219/1219 6495/413/413
f  6496/571/571 6497/413/413 6498/1562/1562
f  6499/896/896 6500/865/865 6501/894/894
f  6502/894/894 6503/865/865 6504/46/46
f  6505/748/748 6506/747/747 6507/744/744
f  6508/744/744 6509/1382/1382 6510/1825/1825
f  6511/1008/1008 6512/1444/1444 6513/163/163
f  6514/1600/1600 6515/1617/1617 6516/1618/1618
f  6517/264/264 6518/426/426 6519/425/425
f  6520/264/264 6521/1273/1273 6522/426/426
f  6523/1040/1040 6524/465/465 6525/1466/1466
f  6526/1814/1814 6527/465/465 6528/467/467
f  6529/944/944 6530/1065/1065 6531/956/956
f  6532/1066/1066 6533/1065/1065 6534/944/944
f  6535/996/996 6536/997/997 6537/999/999
f  6538/997/997 6539/996/996 6540/1699/1699
f  6541/396/396 6542/395/395 6543/1836/1836
f  6544/1836/1836 6545/419/419 6546/396/396
f  6547/698/698 6548/1774/1774 6549/1955/1955
f  6550/1774/1774 6551/264/264 6552/1955/1955
f  6553/1220/1220 6554/508/508 6555/414/414
f  6556/413/413 6557/1220/1220 6558/414/414
f  6559/1956/1956 6560/338/338 6561/340/340
f  6562/776/776 6563/1570/1570 6564/1571/1571
f  6565/1862/1862 6566/127/127 6567/150/150
f  6568/1862/1862 6569/128/128 6570/127/127
f  6571/1957/1957 6572/1334/1334 6573/220/220
f  6574/1957/1957 6575/1332/1332 6576/1334/1334
f  6577/1069/1069 6578/88/88 6579/1695/1695
f  6580/88/88 6581/919/919 6582/1695/1695
f  6583/1226/1226 6584/483/483 6585/443/443
f  6586/483/483 6587/444/444 6588/443/443
f  6589/150/150 6590/724/724 6591/1861/1861
f  6592/1861/1861 6593/724/724 6594/1859/1859
f  6595/1251/1251 6596/531/531 6597/338/338
f  6598/1956/1956 6599/1251/1251 6600/338/338
f  6601/323/323 6602/1362/1362 6603/959/959
f  6604/323/323 6605/1386/1386 6606/1362/1362
f  6607/1921/1921 6608/40/40 6609/649/649
f  6610/649/649 6611/40/40 6612/664/664
f  6613/1228/1228 6614/1227/1227 6615/445/445
f  6616/1228/1228 6617/445/445 6618/1195/1195
f  6619/1529/1529 6620/1941/1941 6621/1672/1672
f  6622/1529/1529 6623/1672/1672 6624/536/536
f  6625/1756/1756 6626/1167/1167 6627/1757/1757
f  6628/597/597 6629/1167/1167 6630/598/598
f  6631/272/272 6632/650/650 6633/1230/1230
f  6634/272/272 6635/274/274 6636/650/650
f  6637/1214/1214 6638/850/850 6639/1215/1215
f  6640/201/201 6641/675/675 6642/1214/1214
f  6643/1083/1083 6644/1082/1082 6645/1841/1841
f  6646/1630/1630 6647/369/369 6648/1083/1083
f  6649/277/277 6650/1191/1191 6651/1919/1919
f  6652/1919/1919 6653/579/579 6654/277/277
f  6655/1603/1603 6656/1958/1958 6657/158/158
f  6658/158/158 6659/824/824 6660/823/823
f  6661/675/675 6662/677/677 6663/850/850
f  6664/1214/1214 6665/675/675 6666/850/850
f  6667/1526/1526 6668/867/867 6669/1272/1272
f  6670/591/591 6671/1272/1272 6672/867/867
f  6673/743/743 6674/1606/1606 6675/191/191
f  6676/742/742 6677/743/743 6678/191/191
f  6679/1614/1614 6680/1959/1959 6681/1616/1616
f  6682/1959/1959 6683/685/685 6684/684/684
f  6685/1602/1602 6686/1960/1960 6687/1604/1604
f  6688/1877/1877 6689/820/820 6690/1602/1602
f  6691/441/441 6692/687/687 6693/1402/1402
f  6694/1402/1402 6695/687/687 6696/1404/1404
f  6697/1621/1621 6698/1273/1273 6699/597/597
f  6700/426/426 6701/1273/1273 6702/1621/1621
f  6703/95/95 6704/207/207 6705/96/96
f  6706/207/207 6707/1413/1413 6708/1740/1740
f  6709/845/845 6710/1286/1286 6711/454/454
f  6712/72/72 6713/454/454 6714/1286/1286
f  6715/1712/1712 6716/1238/1238 6717/1237/1237
f  6718/1238/1238 6719/962/962 6720/1237/1237
f  6721/1419/1419 6722/1417/1417 6723/59/59
f  6724/1419/1419 6725/59/59 6726/58/58
f  6727/1736/1736 6728/1778/1778 6729/1735/1735
f  6730/212/212 6731/1778/1778 6732/143/143
f  6733/1202/1202 6734/904/904 6735/1770/1770
f  6736/327/327 6737/329/329 6738/1202/1202
f  6739/598/598 6740/1167/1167 6741/1756/1756
f  6742/1756/1756 6743/1754/1754 6744/598/598
f  6745/926/926 6746/1560/1560 6747/616/616
f  6748/1662/1662 6749/616/616 6750/1242/1242
f  6751/988/988 6752/1218/1218 6753/697/697
f  6754/422/422 6755/697/697 6756/1218/1218
f  6757/1961/1961 6758/1147/1147 6759/1149/1149
f  6760/1161/1161 6761/1962/1962 6762/1163/1163
f  6763/1679/1679 6764/661/661 6765/143/143
f  6766/1778/1778 6767/1736/1736 6768/143/143
f  6769/825/825 6770/625/625 6771/387/387
f  6772/1039/1039 6773/1882/1882 6774/1883/1883
f  6775/52/52 6776/54/54 6777/1345/1345
f  6778/998/998 6779/1755/1755 6780/1164/1164
f  6781/913/913 6782/15/15 6783/914/914
f  6784/1831/1831 6785/913/913 6786/94/94
f  6787/30/30 6788/1225/1225 6789/731/731
f  6790/1542/1542 6791/30/30 6792/584/584
f  6793/1163/1163 6794/437/437 6795/436/436
f  6796/1961/1961 6797/1163/1163 6798/1147/1147
f  6799/860/860 6800/1020/1020 6801/1576/1576
f  6802/860/860 6803/1576/1576 6804/260/260
f  6805/1935/1935 6806/1449/1449 6807/1450/1450
f  6808/1935/1935 6809/1450/1450 6810/991/991
f  6811/775/775 6812/1250/1250 6813/1570/1570
f  6814/1059/1059 6815/1558/1558 6816/775/775
f  6817/1161/1161 6818/1961/1961 6819/1162/1162
f  6820/1961/1961 6821/1161/1161 6822/1163/1163
f  6823/1963/1963 6824/1280/1280 6825/1279/1279
f  6826/208/208 6827/1964/1964 6828/206/206
f  6829/530/530 6830/1343/1343 6831/1676/1676
f  6832/1343/1343 6833/530/530 6834/950/950
f  6835/1309/1309 6836/1535/1535 6837/446/446
f  6838/1309/1309 6839/446/446 6840/83/83
f  6841/1815/1815 6842/1589/1589 6843/24/24
f  6844/1815/1815 6845/24/24 6846/493/493
f  6847/374/374 6848/470/470 6849/1553/1553
f  6850/470/470 6851/312/312 6852/1159/1159
f  6853/723/723 6854/1893/1893 6855/619/619
f  6856/720/720 6857/619/619 6858/721/721
f  6859/490/490 6860/1589/1589 6861/1453/1453
f  6862/1452/1452 6863/490/490 6864/1453/1453
f  6865/1567/1567 6866/1913/1913 6867/1568/1568
f  6868/1568/1568 6869/1913/1913 6870/1820/1820
f  6871/1777/1777 6872/710/710 6873/1693/1693
f  6874/1777/1777 6875/1259/1259 6876/710/710
f  6877/1853/1853 6878/1470/1470 6879/532/532
f  6880/1470/1470 6881/339/339 6882/532/532
f  6883/766/766 6884/248/248 6885/1965/1965
f  6886/1965/1965 6887/1122/1122 6888/766/766
f  6889/722/722 6890/1429/1429 6891/1416/1416
f  6892/570/570 6893/569/569 6894/722/722
f  6895/450/450 6896/452/452 6897/776/776
f  6898/776/776 6899/1571/1571 6900/450/450
f  6901/490/490 6902/1452/1452 6903/488/488
f  6904/1823/1823 6905/1824/1824 6906/1812/1812
f  6907/211/211 6908/1537/1537 6909/1536/1536
f  6910/1922/1922 6911/399/399 6912/402/402
f  6913/619/619 6914/720/720 6915/723/723
f  6916/1859/1859 6917/723/723 6918/720/720
f  6919/1208/1208 6920/69/69 6921/1209/1209
f  6922/1655/1655 6923/1209/1209 6924/69/69
f  6925/1081/1081 6926/37/37 6927/39/39
f  6928/1847/1847 6929/1081/1081 6930/39/39
f  6931/391/391 6932/161/161 6933/947/947
f  6934/946/946 6935/947/947 6936/161/161
f  6937/1039/1039 6938/1809/1809 6939/828/828
f  6940/640/640 6941/828/828 6942/1809/1809
f  6943/572/572 6944/1561/1561 6945/1467/1467
f  6946/1562/1562 6947/572/572 6948/571/571
f  6949/1688/1688 6950/545/545 6951/528/528
f  6952/1514/1514 6953/545/545 6954/1688/1688
f  6955/1063/1063 6956/442/442 6957/585/585
f  6958/1063/1063 6959/440/440 6960/442/442
f  6961/255/255 6962/1457/1457 6963/357/357
f  6964/255/255 6965/257/257 6966/1457/1457
f  6967/1860/1860 6968/128/128 6969/1861/1861
f  6970/128/128 6971/1860/1860 6972/126/126
f  6973/1772/1772 6974/596/596 6975/1773/1773
f  6976/837/837 6977/1772/1772 6978/1773/1773
f  6979/114/114 6980/600/600 6981/604/604
f  6982/885/885 6983/600/600 6984/601/601
f  6985/1114/1114 6986/1068/1068 6987/1070/1070
f  6988/1114/1114 6989/921/921 6990/456/456
f  6991/706/706 6992/459/459 6993/707/707
f  6994/1127/1127 6995/1767/1767 6996/706/706
f  6997/374/374 6998/1555/1555 6999/519/519
f  7000/1868/1868 7001/519/519 7002/1555/1555
f  7003/1114/1114 7004/1070/1070 7005/921/921
f  7006/1070/1070 7007/1071/1071 7008/921/921
f  7009/156/156 7010/259/259 7011/157/157
f  7012/1966/1966 7013/880/880 7014/157/157
f  7015/604/604 7016/600/600 7017/885/885
f  7018/885/885 7019/602/602 7020/604/604
f  7021/512/512 7022/1448/1448 7023/1935/1935
f  7024/513/513 7025/512/512 7026/1935/1935
f  7027/1842/1842 7028/366/366 7029/121/121
f  7030/1842/1842 7031/121/121 7032/694/694
f  7033/1069/1069 7034/1695/1695 7035/1071/1071
f  7036/1070/1070 7037/1069/1069 7038/1071/1071
f  7039/656/656 7040/626/626 7041/1080/1080
f  7042/626/626 7043/242/242 7044/176/176
f  7045/1967/1967 7046/1894/1894 7047/525/525
f  7048/1894/1894 7049/526/526 7050/525/525
f  7051/481/481 7052/1693/1693 7053/1661/1661
f  7054/1777/1777 7055/1693/1693 7056/481/481
f  7057/706/706 7058/1767/1767 7059/459/459
f  7060/1695/1695 7061/919/919 7062/1767/1767
f  7063/1639/1639 7064/576/576 7065/1640/1640
f  7066/1428/1428 7067/576/576 7068/1829/1829
f  7069/1585/1585 7070/1510/1510 7071/609/609
f  7072/1510/1510 7073/610/610 7074/609/609
f  7075/1205/1205 7076/1207/1207 7077/1219/1219
f  7078/1207/1207 7079/1205/1205 7080/603/603
f  7081/140/140 7082/142/142 7083/1183/1183
f  7084/1183/1183 7085/889/889 7086/888/888
f  7087/1468/1468 7088/84/84 7089/448/448
f  7090/83/83 7091/448/448 7092/84/84
f  7093/715/715 7094/1127/1127 7095/477/477
f  7096/715/715 7097/477/477 7098/482/482
f  7099/1278/1278 7100/1691/1691 7101/1276/1276
f  7102/350/350 7103/1540/1540 7104/1278/1278
f  7105/1367/1367 7106/912/912 7107/914/914
f  7108/1968/1968 7109/1198/1198 7110/1197/1197
f  7111/68/68 7112/1077/1077 7113/1789/1789
f  7114/1404/1404 7115/19/19 7116/68/68
f  7117/1525/1525 7118/408/408 7119/407/407
f  7120/2/2 7121/1541/1541 7122/409/409
f  7123/922/922 7124/1196/1196 7125/1468/1468
f  7126/1468/1468 7127/448/448 7128/922/922
f  7129/1183/1183 7130/142/142 7131/889/889
f  7132/1365/1365 7133/889/889 7134/142/142
f  7135/1363/1363 7136/942/942 7137/941/941
f  7138/941/941 7139/324/324 7140/1363/1363
f  7141/14/14 7142/1143/1143 7143/890/890
f  7144/15/15 7145/14/14 7146/1544/1544
f  7147/811/811 7148/1175/1175 7149/808/808
f  7150/808/808 7151/1392/1392 7152/811/811
f  7153/173/173 7154/647/647 7155/995/995
f  7156/1969/1969 7157/647/647 7158/173/173
f  7159/1788/1788 7160/1037/1037 7161/1792/1792
f  7162/1015/1015 7163/1014/1014 7164/1037/1037
f  7165/892/892 7166/1199/1199 7167/1198/1198
f  7168/1199/1199 7169/892/892 7170/1653/1653
f  7171/146/146 7172/815/815 7173/816/816
f  7174/1683/1683 7175/146/146 7176/1898/1898
f  7177/74/74 7178/1813/1813 7179/75/75
f  7180/1811/1811 7181/1813/1813 7182/74/74
f  7183/172/172 7184/1969/1969 7185/173/173
f  7186/668/668 7187/646/646 7188/645/645
f  7189/1668/1668 7190/1035/1035 7191/1014/1014
f  7192/1035/1035 7193/1037/1037 7194/1014/1014
f  7195/1342/1342 7196/1552/1552 7197/1676/1676
f  7198/1342/1342 7199/1676/1676 7200/1343/1343
f  7201/1125/1125 7202/1126/1126 7203/1711/1711
f  7204/1711/1711 7205/1126/1126 7206/1042/1042
f  7207/1876/1876 7208/1312/1312 7209/1837/1837
f  7210/1312/1312 7211/1840/1840 7212/1837/1837
f  7213/787/787 7214/1437/1437 7215/788/788
f  7216/1108/1108 7217/1970/1970 7218/787/787
f  7219/21/21 7220/1305/1305 7221/19/19
f  7222/21/21 7223/1721/1721 7224/1305/1305
f  7225/1254/1254 7226/750/750 7227/752/752
f  7228/1254/1254 7229/752/752 7230/1505/1505
f  7231/484/484 7232/966/966 7233/444/444
f  7234/444/444 7235/966/966 7236/923/923
f  7237/1463/1463 7238/1462/1462 7239/117/117
f  7240/236/236 7241/117/117 7242/1417/1417
f  7243/822/822 7244/1605/1605 7245/1960/1960
f  7246/1604/1604 7247/1960/1960 7248/1605/1605
f  7249/281/281 7250/1794/1794 7251/1321/1321
f  7252/1321/1321 7253/495/495 7254/281/281
f  7255/1971/1971 7256/1845/1845 7257/861/861
f  7258/1971/1971 7259/1837/1837 7260/1838/1838
f  7261/1293/1293 7262/1972/1972 7263/657/657
f  7264/1972/1972 7265/633/633 7266/657/657
f  7267/1171/1171 7268/1960/1960 7269/1602/1602
f  7270/822/822 7271/1960/1960 7272/1171/1171
f  7273/814/814 7274/670/670 7275/812/812
f  7276/1754/1754 7277/1757/1757 7278/1165/1165
f  7279/833/833 7280/836/836 7281/834/834
f  7282/836/836 7283/833/833 7284/1124/1124
f  7285/1657/1657 7286/1658/1658 7287/347/347
f  7288/132/132 7289/347/347 7290/1658/1658
f  7291/872/872 7292/1495/1495 7293/625/625
f  7294/872/872 7295/1496/1496 7296/1495/1495
f  7297/1338/1338 7298/1141/1141 7299/686/686
f  7300/1338/1338 7301/1760/1760 7302/1141/1141
f  7303/1636/1636 7304/958/958 7305/1637/1637
f  7306/1637/1637 7307/756/756 7308/326/326
f  7309/1293/1293 7310/969/969 7311/605/605
f  7312/1701/1701 7313/969/969 7314/1293/1293
f  7315/1005/1005 7316/45/45 7317/1670/1670
f  7318/45/45 7319/603/603 7320/602/602
f  7321/1203/1203 7322/1658/1658 7323/1657/1657
f  7324/1203/1203 7325/903/903 7326/1435/1435
f  7327/516/516 7328/1826/1826 7329/517/517
f  7330/516/516 7331/578/578 7332/1826/1826
f  7333/406/406 7334/1973/1973 7335/1677/1677
f  7336/407/407 7337/406/406 7338/28/28
f  7339/1972/1972 7340/1917/1917 7341/633/633
f  7342/1972/1972 7343/1293/1293 7344/1917/1917
f  7345/690/690 7346/565/565 7347/20/20
f  7348/690/690 7349/689/689 7350/565/565
f  7351/1670/1670 7352/1299/1299 7353/1671/1671
f  7354/1299/1299 7355/887/887 7356/886/886
f  7357/130/130 7358/1791/1791 7359/1149/1149
f  7360/1791/1791 7361/1961/1961 7362/1149/1149
f  7363/144/144 7364/662/662 7365/1254/1254
f  7366/662/662 7367/144/144 7368/143/143
f  7369/1714/1714 7370/1715/1715 7371/141/141
f  7372/1715/1715 7373/912/912 7374/1821/1821
f  7375/1920/1920 7376/1274/1274 7377/887/887
f  7378/887/887 7379/1300/1300 7380/1920/1920
f  7381/1241/1241 7382/1564/1564 7383/1455/1455
f  7384/1241/1241 7385/1455/1455 7386/418/418
f  7387/28/28 7388/1677/1677 7389/29/29
f  7390/406/406 7391/1677/1677 7392/28/28
f  7393/1532/1532 7394/220/220 7395/1590/1590
f  7396/221/221 7397/220/220 7398/1532/1532
f  7399/1451/1451 7400/492/492 7401/526/526
f  7402/1674/1674 7403/1343/1343 7404/949/949
f  7405/1896/1896 7406/972/972 7407/974/974
f  7408/58/58 7409/1896/1896 7410/974/974
f  7411/1821/1821 7412/141/141 7413/1715/1715
f  7414/141/141 7415/1821/1821 7416/1366/1366
f  7417/1525/1525 7418/407/407 7419/409/409
f  7420/407/407 7421/28/28 7422/409/409
f  7423/369/369 7424/1031/1031 7425/945/945
f  7426/1031/1031 7427/1974/1974 7428/1881/1881
f  7429/1397/1397 7430/1399/1399 7431/864/864
f  7432/1397/1397 7433/1265/1265 7434/1399/1399
f  7435/1467/1467 7436/135/135 7437/1716/1716
f  7438/137/137 7439/1937/1937 7440/135/135
f  7441/270/270 7442/1607/1607 7443/333/333
f  7444/270/270 7445/333/333 7446/271/271
f  7447/1130/1130 7448/1128/1128 7449/1890/1890
f  7450/1128/1128 7451/1130/1130 7452/1907/1907
f  7453/973/973 7454/1418/1418 7455/974/974
f  7456/1418/1418 7457/973/973 7458/41/41
f  7459/1975/1975 7460/1031/1031 7461/1881/1881
f  7462/1580/1580 7463/944/944 7464/1975/1975
f  7465/1780/1780 7466/1827/1827 7467/230/230
f  7468/230/230 7469/247/247 7470/1780/1780
f  7471/1968/1968 7472/914/914 7473/1198/1198
f  7474/1198/1198 7475/914/914 7476/1544/1544
f  7477/1792/1792 7478/1019/1019 7479/684/684
f  7480/1037/1037 7481/1019/1019 7482/1792/1792
f  7483/194/194 7484/641/641 7485/100/100
f  7486/1261/1261 7487/193/193 7488/194/194
f  7489/1738/1738 7490/1523/1523 7491/1737/1737
f  7492/408/408 7493/1738/1738 7494/1737/1737
f  7495/1458/1458 7496/676/676 7497/1712/1712
f  7498/355/355 7499/1458/1458 7500/1712/1712
f  7501/81/81 7502/1743/1743 7503/1745/1745
f  7504/81/81 7505/862/862 7506/1656/1656
f  7507/1303/1303 7508/1013/1013 7509/1304/1304
f  7510/1013/1013 7511/1303/1303 7512/1764/1764
f  7513/770/770 7514/767/767 7515/1612/1612
f  7516/317/317 7517/1612/1612 7518/767/767
f  7519/1333/1333 7520/564/564 7521/1334/1334
f  7522/563/563 7523/906/906 7524/564/564
f  7525/188/188 7526/1629/1629 7527/1301/1301
f  7528/188/188 7529/1614/1614 7530/1629/1629
f  7531/432/432 7532/1440/1440 7533/1439/1439
f  7534/411/411 7535/432/432 7536/1439/1439
f  7537/241/241 7538/1500/1500 7539/1499/1499
f  7540/886/886 7541/733/733 7542/1499/1499
f  7543/628/628 7544/1079/1079 7545/1078/1078
f  7546/225/225 7547/628/628 7548/226/226
f  7549/1638/1638 7550/326/326 7551/1875/1875
f  7552/1638/1638 7553/758/758 7554/757/757
f  7555/1334/1334 7556/564/564 7557/906/906
f  7558/1334/1334 7559/906/906 7560/1590/1590
f  7561/1079/1079 7562/628/628 7563/225/225
f  7564/1080/1080 7565/626/626 7566/1079/1079
f  7567/1902/1902 7568/1976/1976 7569/1901/1901
f  7570/873/873 7571/1497/1497 7572/1496/1496
f  7573/1705/1705 7574/1977/1977 7575/90/90
f  7576/1978/1978 7577/1887/1887 7578/169/169
f  7579/164/164 7580/163/163 7581/1444/1444
f  7582/164/164 7583/1444/1444 7584/219/219
f  7585/785/785 7586/1929/1929 7587/786/786
f  7588/785/785 7589/1130/1130 7590/1890/1890
f  7591/1705/1705 7592/1887/1887 7593/1977/1977
f  7594/1705/1705 7595/1703/1703 7596/1887/1887
f  7597/1595/1595 7598/1805/1805 7599/1613/1613
f  7600/1613/1613 7601/1805/1805 7602/1275/1275
f  7603/235/235 7604/1064/1064 7605/1782/1782
f  7606/1200/1200 7607/235/235 7608/1782/1782
f  7609/1673/1673 7610/660/660 7611/753/753
f  7612/434/434 7613/660/660 7614/1673/1673
f  7615/1055/1055 7616/104/104 7617/844/844
f  7618/104/104 7619/1055/1055 7620/1581/1581
f  7621/1763/1763 7622/1764/1764 7623/646/646
f  7624/1911/1911 7625/1351/1351 7626/1190/1190
f  7627/1244/1244 7628/1271/1271 7629/591/591
f  7630/1271/1271 7631/1244/1244 7632/365/365
f  7633/930/930 7634/1216/1216 7635/931/931
f  7636/505/505 7637/1216/1216 7638/930/930
f  7639/1606/1606 7640/743/743 7641/1370/1370
f  7642/1606/1606 7643/1370/1370 7644/1368/1368
f  7645/1147/1147 7646/436/436 7647/1148/1148
f  7648/1147/1147 7649/1163/1163 7650/436/436
f  7651/956/956 7652/955/955 7653/367/367
f  7654/955/955 7655/368/368 7656/367/367
f  7657/258/258 7658/561/561 7659/1331/1331
f  7660/561/561 7661/1573/1573 7662/1331/1331
f  7663/736/736 7664/1012/1012 7665/451/451
f  7666/451/451 7667/1799/1799 7668/736/736
f  7669/1413/1413 7670/95/95 7671/1414/1414
f  7672/95/95 7673/1413/1413 7674/207/207
f  7675/1979/1979 7676/1800/1800 7677/1962/1962
f  7678/168/168 7679/1800/1800 7680/1979/1979
f  7681/56/56 7682/1508/1508 7683/555/555
f  7684/55/55 7685/1508/1508 7686/56/56
f  7687/202/202 7688/1331/1331 7689/1572/1572
f  7690/200/200 7691/202/202 7692/1572/1572
f  7693/1361/1361 7694/1360/1360 7695/278/278
f  7696/1719/1719 7697/1361/1361 7698/278/278
f  7699/468/468 7700/471/471 7701/469/469
f  7702/1865/1865 7703/471/471 7704/1945/1945
f  7705/1023/1023 7706/261/261 7707/1576/1576
f  7708/260/260 7709/1576/1576 7710/261/261
f  7711/1577/1577 7712/106/106 7713/108/108
f  7714/1577/1577 7715/108/108 7716/110/110
f  7717/1830/1830 7718/1547/1547 7719/1157/1157
f  7720/1547/1547 7721/290/290 7722/292/292
f  7723/1881/1881 7724/910/910 7725/1579/1579
f  7726/910/910 7727/238/238 7728/1579/1579
f  7729/259/259 7730/1966/1966 7731/157/157
f  7732/259/259 7733/261/261 7734/1966/1966
f  7735/1870/1870 7736/124/124 7737/123/123
f  7738/1503/1503 7739/1870/1870 7740/123/123
f  7741/1733/1733 7742/1186/1186 7743/1491/1491
f  7744/1491/1491 7745/432/432 7746/1733/1733
f  7747/663/663 7748/1707/1707 7749/975/975
f  7750/663/663 7751/302/302 7752/1707/1707
f  7753/1189/1189 7754/1188/1188 7755/1340/1340
f  7756/1340/1340 7757/1188/1188 7758/1892/1892
f  7759/992/992 7760/1206/1206 7761/990/990
f  7762/1206/1206 7763/992/992 7764/509/509
f  7765/1948/1948 7766/380/380 7767/1628/1628
f  7768/682/682 7769/380/380 7770/1948/1948
f  7771/268/268 7772/267/267 7773/1395/1395
f  7774/267/267 7775/523/523 7776/1396/1396
f  7777/726/726 7778/502/502 7779/727/727
f  7780/1088/1088 7781/727/727 7782/1086/1086
f  7783/488/488 7784/162/162 7785/7/7
f  7786/73/73 7787/7/7 7788/162/162
f  7789/1009/1009 7790/1424/1424 7791/1768/1768
f  7792/1654/1654 7793/1073/1073 7794/1072/1072
f  7795/1002/1002 7796/1294/1294 7797/1879/1879
f  7798/1002/1002 7799/1297/1297 7800/1294/1294
f  7801/902/902 7802/680/680 7803/1101/1101
f  7804/1395/1395 7805/902/902 7806/1101/1101
f  7807/934/934 7808/936/936 7809/1885/1885
f  7810/634/634 7811/1680/1680 7812/934/934
f  7813/1072/1072 7814/1074/1074 7815/6/6
f  7816/6/6 7817/1074/1074 7818/4/4
f  7819/919/919 7820/920/920 7821/580/580
f  7822/1211/1211 7823/580/580 7824/920/920
f  7825/1684/1684 7826/458/458 7827/718/718
f  7828/1502/1502 7829/458/458 7830/1684/1684
f  7831/115/115 7832/413/413 7833/571/571
f  7834/115/115 7835/571/571 7836/573/573
f  7837/410/410 7838/430/430 7839/411/411
f  7840/410/410 7841/1661/1661 7842/430/430
f  7843/270/270 7844/1980/1980 7845/1851/1851
f  7846/1085/1085 7847/1981/1981 7848/730/730
f  7849/1284/1284 7850/1817/1817 7851/1004/1004
f  7852/1004/1004 7853/1817/1817 7854/346/346
f  7855/1481/1481 7856/1954/1954 7857/1116/1116
f  7858/64/64 7859/1481/1481 7860/1116/1116
f  7861/1822/1822 7862/1943/1943 7863/991/991
f  7864/989/989 7865/1822/1822 7866/991/991
f  7867/1942/1942 7868/22/22 7869/1589/1589
f  7870/22/22 7871/1942/1942 7872/23/23
f  7873/1981/1981 7874/1851/1851 7875/1982/1982
f  7876/1084/1084 7877/1980/1980 7878/270/270
f  7879/1881/1881 7880/1580/1580 7881/1975/1975
f  7882/1580/1580 7883/1881/1881 7884/1579/1579
f  7885/1106/1106 7886/485/485 7887/487/487
f  7888/1692/1692 7889/1327/1327 7890/1106/1106
f  7891/80/80 7892/861/861 7893/81/81
f  7894/80/80 7895/535/535 7896/861/861
f  7897/459/459 7898/919/919 7899/460/460
f  7900/1767/1767 7901/919/919 7902/459/459
f  7903/341/341 7904/343/343 7905/1341/1341
f  7906/342/342 7907/341/341 7908/361/361
f  7909/487/487 7910/1633/1633 7911/1696/1696
f  7912/1107/1107 7913/1696/1696 7914/967/967
f  7915/730/730 7916/1981/1981 7917/1084/1084
f  7918/1981/1981 7919/1982/1982 7920/1084/1084
f  7921/463/463 7922/462/462 7923/1591/1591
f  7924/1112/1112 7925/1591/1591 7926/462/462
f  7927/993/993 7928/1971/1971 7929/861/861
f  7930/1837/1837 7931/1971/1971 7932/993/993
f  7933/1478/1478 7934/361/361 7935/341/341
f  7936/1478/1478 7937/363/363 7938/361/361
f  7939/803/803 7940/1090/1090 7941/879/879
f  7942/879/879 7943/1090/1090 7944/1872/1872
f  7945/269/269 7946/582/582 7947/1479/1479
f  7948/269/269 7949/1479/1479 7950/270/270
f  7951/487/487 7952/1696/1696 7953/1107/1107
f  7954/487/487 7955/1107/1107 7956/1106/1106
f  7957/841/841 7958/839/839 7959/842/842
f  7960/439/439 7961/839/839 7962/1060/1060
f  7963/361/361 7964/363/363 7965/590/590
f  7966/590/590 7967/362/362 7968/361/361
f  7969/331/331 7970/918/918 7971/1901/1901
f  7972/331/331 7973/916/916 7974/918/918
f  7975/583/583 7976/779/779 7977/274/274
f  7978/583/583 7979/269/269 7980/779/779
f  7981/1250/1250 7982/1558/1558 7983/1248/1248
f  7984/775/775 7985/1558/1558 7986/1250/1250
f  7987/1235/1235 7988/1484/1484 7989/1236/1236
f  7990/794/794 7991/1234/1234 7992/1484/1484
f  7993/525/525 7994/1824/1824 7995/1967/1967
f  7996/1967/1967 7997/1824/1824 7998/1823/1823
f  7999/1657/1657 8000/903/903 8001/1203/1203
f  8002/1657/1657 8003/330/330 8004/903/903
f  8005/69/69 8006/1208/1208 8007/439/439
f  8008/842/842 8009/839/839 8010/439/439
f  8011/501/501 8012/1192/1192 8013/1315/1315
f  8014/501/501 8015/1315/1315 8016/952/952
f  8017/1484/1484 8018/1234/1234 8019/1236/1236
f  8020/1233/1233 8021/1236/1236 8022/1234/1234
f  8023/1191/1191 8024/276/276 8025/167/167
f  8026/167/167 8027/276/276 8028/1647/1647
f  8029/386/386 8030/463/463 8031/1884/1884
f  8032/387/387 8033/386/386 8034/1884/1884
f  8035/1453/1453 8036/1589/1589 8037/1815/1815
f  8038/1451/1451 8039/1453/1453 8040/1815/1815
f  8041/1133/1133 8042/517/517 8043/1983/1983
f  8044/517/517 8045/761/761 8046/1983/1983
f  8047/1812/1812 8048/1632/1632 8049/1611/1611
f  8050/1824/1824 8051/1632/1632 8052/1812/1812
f  8053/1693/1693 8054/1660/1660 8055/1661/1661
f  8056/1661/1661 8057/1660/1660 8058/430/430
f  8059/770/770 8060/176/176 8061/1387/1387
f  8062/176/176 8063/1389/1389 8064/1390/1390
f  8065/1175/1175 8066/1174/1174 8067/1176/1176
f  8068/1174/1174 8069/134/134 8070/1176/1176
f  8071/1656/1656 8072/71/71 8073/1743/1743
f  8074/81/81 8075/1656/1656 8076/1743/1743
f  8077/778/778 8078/337/337 8079/612/612
f  8080/1936/1936 8081/1934/1934 8082/778/778
f  8083/1693/1693 8084/1694/1694 8085/793/793
f  8086/1232/1232 8087/793/793 8088/1694/1694
f  8089/1872/1872 8090/1090/1090 8091/1091/1091
f  8092/1869/1869 8093/1872/1872 8094/1091/1091
f  8095/245/245 8096/244/244 8097/50/50
f  8098/50/50 8099/1597/1597 8100/245/245
f  8101/1984/1984 8102/801/801 8103/878/878
f  8104/802/802 8105/801/801 8106/1984/1984
f  8107/1422/1422 8108/344/344 8109/1538/1538
f  8110/1422/1422 8111/1538/1538 8112/435/435
f  8113/1875/1875 8114/1648/1648 8115/47/47
f  8116/1648/1648 8117/1649/1649 8118/47/47
f  8119/586/586 8120/585/585 8121/1713/1713
f  8122/586/586 8123/1713/1713 8124/1052/1052
f  8125/1158/1158 8126/630/630 8127/1843/1843
f  8128/1843/1843 8129/630/630 8130/10/10
f  8131/792/792 8132/1222/1222 8133/1221/1221
f  8134/792/792 8135/395/395 8136/73/73
f  8137/38/38 8138/37/37 8139/1104/1104
f  8140/38/38 8141/1692/1692 8142/483/483
f  8143/1659/1659 8144/382/382 8145/185/185
f  8146/382/382 8147/1659/1659 8148/944/944
f  8149/1118/1118 8150/1420/1420 8151/1058/1058
f  8152/1119/1119 8153/1118/1118 8154/1058/1058
f  8155/1889/1889 8156/1813/1813 8157/1611/1611
f  8158/542/542 8159/1889/1889 8160/1611/1611
f  8161/34/34 8162/156/156 8163/35/35
f  8164/34/34 8165/986/986 8166/1729/1729
f  8167/1107/1107 8168/967/967 8169/484/484
f  8170/484/484 8171/967/967 8172/966/966
f  8173/305/305 8174/47/47 8175/46/46
f  8176/46/46 8177/449/449 8178/305/305
f  8179/54/54 8180/53/53 8181/1700/1700
f  8182/286/286 8183/54/54 8184/284/284
f  8185/796/796 8186/1915/1915 8187/1235/1235
f  8188/1483/1483 8189/1915/1915 8190/112/112
f  8191/1985/1985 8192/1595/1595 8193/316/316
f  8194/1985/1985 8195/26/26 8196/1595/1595
f  8197/554/554 8198/382/382 8199/944/944
f  8200/382/382 8201/554/554 8202/553/553
f  8203/1346/1346 8204/1120/1120 8205/1347/1347
f  8206/1346/1346 8207/1723/1723 8208/1120/1120
f  8209/1674/1674 8210/949/949 8211/526/526
f  8212/949/949 8213/951/951 8214/526/526
f  8215/876/876 8216/878/878 8217/234/234
f  8218/1984/1984 8219/878/878 8220/876/876
f  8221/837/837 8222/1620/1620 8223/597/597
f  8224/837/837 8225/1773/1773 8226/1620/1620
f  8227/1915/1915 8228/796/796 8229/797/797
f  8230/1034/1034 8231/1915/1915 8232/797/797
f  8233/1406/1406 8234/1348/1348 8235/895/895
f  8236/1348/1348 8237/1406/1406 8238/1346/1346
f  8239/1268/1268 8240/1454/1454 8241/1844/1844
f  8242/416/416 8243/418/418 8244/1454/1454
f  8245/1653/1653 8246/1201/1201 8247/1200/1200
f  8248/234/234 8249/233/233 8250/782/782
f  8251/211/211 8252/1932/1932 8253/678/678
f  8254/678/678 8255/1932/1932 8256/315/315
f  8257/1350/1350 8258/1406/1406 8259/1649/1649
f  8260/1649/1649 8261/1406/1406 8262/48/48
f  8263/1908/1908 8264/129/129 8265/1739/1739
f  8266/1305/1305 8267/1721/1721 8268/1908/1908
f  8269/798/798 8270/1758/1758 8271/866/866
f  8272/866/866 8273/1758/1758 8274/593/593
f  8275/794/794 8276/1186/1186 8277/1733/1733
f  8278/794/794 8279/1484/1484 8280/1186/1186
f  8281/678/678 8282/315/315 8283/1592/1592
f  8284/315/315 8285/317/317 8286/681/681
f  8287/340/340 8288/1798/1798 8289/1799/1799
f  8290/1799/1799 8291/1798/1798 8292/552/552
f  8293/416/416 8294/1268/1268 8295/1270/1270
f  8296/416/416 8297/1454/1454 8298/1268/1268
f  8299/843/843 8300/842/842 8301/1208/1208
f  8302/1208/1208 8303/842/842 8304/439/439
f  8305/399/399 8306/398/398 8307/1520/1520
f  8308/398/398 8309/1521/1521 8310/1520/1520
f  8311/1588/1588 8312/1986/1986 8313/1129/1129
f  8314/1128/1128 8315/1588/1588 8316/1129/1129
f  8317/1721/1721 8318/129/129 8319/1908/1908
f  8320/568/568 8321/1987/1987 8322/953/953
f  8323/844/844 8324/351/351 8325/1287/1287
f  8326/351/351 8327/845/845 8328/1287/1287
f  8329/618/618 8330/1526/1526 8331/1527/1527
f  8332/618/618 8333/1243/1243 8334/1242/1242
f  8335/643/643 8336/640/640 8337/553/553
f  8338/640/640 8339/382/382 8340/553/553
f  8341/402/402 8342/399/399 8343/1536/1536
f  8344/399/399 8345/1520/1520 8346/1536/1536
f  8347/1352/1352 8348/1911/1911 8349/343/343
f  8350/739/739 8351/1352/1352 8352/343/343
f  8353/394/394 8354/1318/1318 8355/1665/1665
f  8356/1665/1665 8357/73/73 8358/394/394
f  8359/568/568 8360/129/129 8361/1987/1987
f  8362/129/129 8363/568/568 8364/567/567
f  8365/92/92 8366/180/180 8367/1593/1593
f  8368/1932/1932 8369/92/92 8370/1593/1593
f  8371/348/348 8372/1296/1296 8373/1988/1988
f  8374/1296/1296 8375/1003/1003 8376/1290/1290
f  8377/1087/1087 8378/279/279 8379/278/278
f  8380/501/501 8381/279/279 8382/1087/1087
f  8383/739/739 8384/1012/1012 8385/1013/1013
f  8386/1352/1352 8387/739/739 8388/1013/1013
f  8389/1164/1164 8390/1755/1755 8391/1754/1754
f  8392/1165/1165 8393/1164/1164 8394/1754/1754
f  8395/1849/1849 8396/1290/1290 8397/915/915
f  8398/1290/1290 8399/1988/1988 8400/1296/1296
f  8401/232/232 8402/231/231 8403/375/375
f  8404/375/375 8405/494/494 8406/232/232
f  8407/120/120 8408/1690/1690 8409/694/694
f  8410/1690/1690 8411/120/120 8412/638/638
f  8413/280/280 8414/952/952 8415/1818/1818
f  8416/952/952 8417/280/280 8418/279/279
f  8419/347/347 8420/349/349 8421/937/937
f  8422/349/349 8423/915/915 8424/937/937
f  8425/1528/1528 8426/503/503 8427/701/701
f  8428/1528/1528 8429/701/701 8430/702/702
f  8431/149/149 8432/1429/1429 8433/722/722
f  8434/1429/1429 8435/149/149 8436/151/151
f  8437/1093/1093 8438/1986/1986 8439/1095/1095
f  8440/1986/1986 8441/1093/1093 8442/1129/1129
f  8443/11/11 8444/1820/1820 8445/1089/1089
f  8446/1089/1089 8447/1820/1820 8448/1088/1088
f  8449/107/107 8450/709/709 8451/105/105
f  8452/709/709 8453/107/107 8454/1694/1694
f  8455/496/496 8456/1794/1794 8457/281/281
f  8458/232/232 8459/1794/1794 8460/496/496
f  8461/1596/1596 8462/404/404 8463/1598/1598
f  8464/1596/1596 8465/1409/1409 8466/404/404
f  8467/1155/1155 8468/1951/1951 8469/1150/1150
f  8470/1581/1581 8471/1150/1150 8472/102/102
f  8473/1979/1979 8474/1962/1962 8475/1145/1145
f  8476/981/981 8477/168/168 8478/1979/1979
f  8479/1708/1708 8480/42/42 8481/972/972
f  8482/975/975 8483/1707/1707 8484/1708/1708
f  8485/1664/1664 8486/1745/1745 8487/1599/1599
f  8488/404/404 8489/1664/1664 8490/1599/1599
f  8491/1696/1696 8492/1633/1633 8493/1373/1373
f  8494/1633/1633 8495/320/320 8496/1357/1357
f  8497/1152/1152 8498/1425/1425 8499/963/963
f  8500/102/102 8501/1152/1152 8502/963/963
f  8503/902/902 8504/899/899 8505/900/900
f  8506/899/899 8507/902/902 8508/1395/1395
f  8509/960/960 8510/978/978 8511/1507/1507
f  8512/1507/1507 8513/978/978 8514/1238/1238
f  8515/1166/1166 8516/174/174 8517/999/999
f  8518/998/998 8519/1166/1166 8520/999/999
f  8521/303/303 8522/975/975 8523/972/972
f  8524/975/975 8525/1708/1708 8526/972/972
f  8527/1373/1373 8528/1357/1357 8529/1356/1356
f  8530/1373/1373 8531/1633/1633 8532/1357/1357
f  8533/213/213 8534/1785/1785 8535/915/915
f  8536/918/918 8537/1785/1785 8538/1902/1902
f  8539/934/934 8540/1680/1680 8541/936/936
f  8542/936/936 8543/1680/1680 8544/1681/1681
f  8545/173/173 8546/994/994 8547/174/174
f  8548/994/994 8549/999/999 8550/174/174
f  8551/1523/1523 8552/1510/1510 8553/1512/1512
f  8554/1737/1737 8555/1523/1523 8556/1512/1512
f  8557/653/653 8558/961/961 8559/1907/1907
f  8560/653/653 8561/1907/1907 8562/1130/1130
f  8563/606/606 8564/498/498 8565/499/499
f  8566/606/606 8567/499/499 8568/1680/1680
f  8569/145/145 8570/1902/1902 8571/213/213
f  8572/213/213 8573/1902/1902 8574/1785/1785
f  8575/635/635 8576/1866/1866 8577/636/636
f  8578/1866/1866 8579/635/635 8580/87/87
f  8581/1963/1963 8582/1279/1279 8583/96/96
f  8584/801/801 8585/96/96 8586/1279/1279
f  8587/1367/1367 8588/914/914 8589/1968/1968
f  8590/1366/1366 8591/1367/1367 8592/1364/1364
f  8593/99/99 8594/1213/1213 8595/398/398
f  8596/99/99 8597/398/398 8598/397/397
f  8599/552/552 8600/339/339 8601/1989/1989
f  8602/339/339 8603/1470/1470 8604/1989/1989
f  8605/680/680 8606/902/902 8607/901/901
f  8608/681/681 8609/680/680 8610/901/901
f  8611/1509/1509 8612/389/389 8613/1469/1469
f  8614/389/389 8615/1509/1509 8616/390/390
f  8617/1365/1365 8618/1197/1197 8619/1475/1475
f  8620/1364/1364 8621/1197/1197 8622/1365/1365
f  8623/1452/1452 8624/1967/1967 8625/488/488
f  8626/1967/1967 8627/1452/1452 8628/1894/1894
f  8629/1702/1702 8630/1828/1828 8631/1213/1213
f  8632/830/830 8633/1801/1801 8634/1702/1702
f  8635/327/327 8636/1770/1770 8637/1769/1769
f  8638/1770/1770 8639/327/327 8640/1202/1202
f  8641/552/552 8642/1989/1989 8643/550/550
f  8644/1470/1470 8645/550/550 8646/1989/1989
f  8647/1083/1083 8648/1841/1841 8649/1630/1630
f  8650/1630/1630 8651/1841/1841 8652/696/696
f  8653/713/713 8654/764/764 8655/1699/1699
f  8656/713/713 8657/712/712 8658/764/764
f  8659/56/56 8660/555/555 8661/908/908
f  8662/1580/1580 8663/908/908 8664/555/555
f  8665/958/958 8666/959/959 8667/756/756
f  8668/958/958 8669/756/756 8670/1637/1637
f  8671/1032/1032 8672/369/369 8673/1630/1630
f  8674/369/369 8675/1032/1032 8676/1031/1031
f  8677/830/830 8678/1702/1702 8679/1213/1213
f  8680/99/99 8681/830/830 8682/1213/1213
f  8683/241/241 8684/240/240 8685/1500/1500
f  8686/1113/1113 8687/1500/1500 8688/240/240
f  8689/210/210 8690/900/900 8691/400/400
f  8692/900/900 8693/210/210 8694/209/209
f  8695/692/692 8696/691/691 8697/1895/1895
f  8698/1895/1895 8699/691/691 8700/304/304
f  8701/1381/1381 8702/335/335 8703/780/780
f  8704/222/222 8705/1990/1990 8706/1487/1487
f  8707/260/260 8708/858/858 8709/860/860
f  8710/858/858 8711/260/260 8712/1729/1729
f  8713/1307/1307 8714/1285/1285 8715/1873/1873
f  8716/1285/1285 8717/1539/1539 8718/1725/1725
f  8719/689/689 8720/1761/1761 8721/1142/1142
f  8722/1141/1141 8723/1761/1761 8724/689/689
f  8725/1461/1461 8726/60/60 8727/59/59
f  8728/693/693 8729/60/60 8730/1461/1461
f  8731/1804/1804 8732/1803/1803 8733/239/239
f  8734/1804/1804 8735/25/25 8736/1803/1803
f  8737/1300/1300 8738/1160/1160 8739/1742/1742
f  8740/884/884 8741/1160/1160 8742/1300/1300
f  8743/1149/1149 8744/1148/1148 8745/433/433
f  8746/130/130 8747/1149/1149 8748/433/433
f  8749/693/693 8750/1172/1172 8751/695/695
f  8752/695/695 8753/1172/1172 8754/1030/1030
f  8755/186/186 8756/1301/1301 8757/1311/1311
f  8758/1301/1301 8759/1840/1840 8760/1311/1311
f  8761/1560/1560 8762/617/617 8763/616/616
f  8764/1560/1560 8765/759/759 8766/617/617
f  8767/1350/1350 8768/1349/1349 8769/1406/1406
f  8770/1406/1406 8771/1349/1349 8772/1346/1346
f  8773/444/444 8774/923/923 8775/1320/1320
f  8776/1196/1196 8777/1320/1320 8778/923/923
f  8779/658/658 8780/682/682 8781/378/378
f  8782/378/378 8783/377/377 8784/658/658
f  8785/358/358 8786/787/787 8787/789/789
f  8788/789/789 8789/359/359 8790/358/358
f  8791/1933/1933 8792/189/189 8793/1840/1840
f  8794/1301/1301 8795/1933/1933 8796/1840/1840
f  8797/656/656 8798/242/242 8799/626/626
f  8800/177/177 8801/242/242 8802/656/656
f  8803/1146/1146 8804/1145/1145 8805/1962/1962
f  8806/1161/1161 8807/1146/1146 8808/1962/1962
f  8809/110/110 8810/1258/1258 8811/1134/1134
f  8812/1258/1258 8813/1246/1246 8814/1134/1134
f  8815/1028/1028 8816/680/680 8817/679/679
f  8818/679/679 8819/681/681 8820/1140/1140
f  8821/382/382 8822/384/384 8823/1666/1666
f  8824/1706/1706 8825/1666/1666 8826/384/384
f  8827/356/356 8828/1438/1438 8829/357/357
f  8830/356/356 8831/1237/1237 8832/652/652
f  8833/1052/1052 8834/1401/1401 8835/1403/1403
f  8836/1713/1713 8837/1401/1401 8838/1052/1052
f  8839/1408/1408 8840/1178/1178 8841/1059/1059
f  8842/1178/1178 8843/1408/1408 8844/1179/1179
f  8845/584/584 8846/731/731 8847/581/581
f  8848/584/584 8849/30/30 8850/731/731
f  8851/1687/1687 8852/1059/1059 8853/1058/1058
f  8854/1687/1687 8855/1408/1408 8856/1059/1059
f  8857/1578/1578 8858/106/106 8859/1577/1577
f  8860/1578/1578 8861/1460/1460 8862/106/106
f  8863/201/201 8864/1215/1215 8865/1503/1503
f  8866/1215/1215 8867/1909/1909 8868/1503/1503
f  8869/679/679 8870/1140/1140 8871/1028/1028
f  8872/1139/1139 8873/1028/1028 8874/1140/1140
f  8875/1389/1389 8876/176/176 8877/178/178
f  8878/178/178 8879/556/556 8880/1389/1389
f  8881/651/651 8882/1549/1549 8883/1551/1551
f  8884/651/651 8885/1991/1991 8886/455/455
f  8887/199/199 8888/587/587 8889/1534/1534
f  8890/1534/1534 8891/587/587 8892/589/589
f  8893/1841/1841 8894/1082/1082 8895/366/366
f  8896/122/122 8897/366/366 8898/1082/1082
f  8899/1991/1991 8900/651/651 8901/1551/1551
f  8902/1550/1550 8903/453/453 8904/1551/1551
f  8905/1542/1542 8906/2/2 8907/409/409
f  8908/1542/1542 8909/409/409 8910/30/30
f  8911/767/767 8912/1388/1388 8913/768/768
f  8914/768/768 8915/558/558 8916/769/769
f  8917/1534/1534 8918/840/840 8919/841/841
f  8920/840/840 8921/1534/1534 8922/838/838
f  8923/913/913 8924/1831/1831 8925/15/15
f  8926/1831/1831 8927/13/13 8928/15/15
f  8929/45/45 8930/1795/1795 8931/603/603
f  8932/1795/1795 8933/1207/1207 8934/603/603
f  8935/772/772 8936/1347/1347 8937/1120/1120
f  8938/1347/1347 8939/772/772 8940/1420/1420
f  8941/871/871 8942/390/390 8943/1524/1524
f  8944/1524/1524 8945/1525/1525 8946/871/871
f  8947/1257/1257 8948/1247/1247 8949/1246/1246
f  8950/1257/1257 8951/1246/1246 8952/1258/1258
f  8953/768/768 8954/1388/1388 8955/558/558
f  8956/1388/1388 8957/1389/1389 8958/558/558
f  8959/1353/1353 8960/1911/1911 8961/1190/1190
f  8962/1911/1911 8963/1353/1353 8964/1189/1189
f  8965/1326/1326 8966/1407/1407 8967/1856/1856
f  8968/1856/1856 8969/621/621 8970/1326/1326
f  8971/770/770 8972/1275/1275 8973/1274/1274
f  8974/770/770 8975/1612/1612 8976/1275/1275
f  8977/976/976 8978/539/539 8979/506/506
f  8980/1941/1941 8981/1940/1940 8982/672/672
f  8983/1567/1567 8984/634/634 8985/934/934
f  8986/633/633 8987/634/634 8988/1567/1567
f  8989/683/683 8990/685/685 8991/1614/1614
f  8992/1614/1614 8993/685/685 8994/1959/1959
f  8995/928/928 8996/1157/1157 8997/420/420
f  8998/1157/1157 8999/1547/1547 9000/420/420
f  9001/539/539 9002/976/976 9003/1940/1940
f  9004/1940/1940 9005/976/976 9006/673/673
f  9007/1992/1992 9008/1852/1852 9009/1385/1385
f  9010/148/148 9011/570/570 9012/1852/1852
f  9013/721/721 9014/619/619 9015/621/621
f  9016/721/721 9017/621/621 9018/1856/1856
f  9019/486/486 9020/485/485 9021/1327/1327
f  9022/1327/1327 9023/485/485 9024/1106/1106
f  9025/1282/1282 9026/1231/1231 9027/1227/1227
f  9028/1281/1281 9029/1847/1847 9030/1282/1282
f  9031/811/811 9032/810/810 9033/1175/1175
f  9034/810/810 9035/66/66 9036/1175/1175
f  9037/248/248 9038/247/247 9039/1993/1993
f  9040/1993/1993 9041/1686/1686 9042/248/248
f  9043/432/432 9044/1492/1492 9045/1440/1440
f  9046/508/508 9047/1492/1492 9048/414/414
f  9049/148/148 9050/1796/1796 9051/815/815
f  9052/1992/1992 9053/1385/1385 9054/1796/1796
f  9055/335/335 9056/1381/1381 9057/1487/1487
f  9058/1380/1380 9059/1487/1487 9060/1381/1381
f  9061/942/942 9062/1120/1120 9063/943/943
f  9064/943/943 9065/1120/1120 9066/1723/1723
f  9067/314/314 9068/1554/1554 9069/1159/1159
f  9070/1554/1554 9071/314/314 9072/809/809
f  9073/666/666 9074/1589/1589 9075/644/644
f  9076/490/490 9077/644/644 9078/1589/1589
f  9079/148/148 9080/1992/1992 9081/1796/1796
f  9082/1852/1852 9083/1992/1992 9084/148/148
f  9085/1686/1686 9086/1122/1122 9087/1965/1965
f  9088/1686/1686 9089/1965/1965 9090/248/248
f  9091/926/926 9092/1663/1663 9093/924/924
f  9094/926/926 9095/616/616 9096/1662/1662
f  9097/821/821 9098/1433/1433 9099/1432/1432
f  9100/821/821 9101/1877/1877 9102/1433/1433
f  9103/1493/1493 9104/1741/1741 9105/401/401
f  9106/1741/1741 9107/1493/1493 9108/521/521
f  9109/787/787 9110/1970/1970 9111/1437/1437
f  9112/1245/1245 9113/357/357 9114/1437/1437
f  9115/867/867 9116/593/593 9117/591/591
f  9118/591/591 9119/593/593 9120/362/362
f  9121/455/455 9122/1921/1921 9123/649/649
f  9124/455/455 9125/72/72 9126/1921/1921
f  9127/1793/1793 9128/1180/1180 9129/773/773
f  9130/683/683 9131/1180/1180 9132/1793/1793
f  9133/1094/1094 9134/655/655 9135/1890/1890
f  9136/1890/1890 9137/655/655 9138/785/785
f  9139/172/172 9140/670/670 9141/668/668
f  9142/172/172 9143/668/668 9144/645/645
f  9145/1261/1261 9146/100/100 9147/353/353
f  9148/194/194 9149/100/100 9150/1261/1261
f  9151/287/287 9152/257/257 9153/1994/1994
f  9154/676/676 9155/257/257 9156/287/287
f  9157/1193/1193 9158/1918/1918 9159/1194/1194
f  9160/1918/1918 9161/566/566 9162/1316/1316
f  9163/1008/1008 9164/1617/1617 9165/1518/1518
f  9166/1008/1008 9167/163/163 9168/1617/1617
f  9169/1762/1762 9170/667/667 9171/666/666
f  9172/1762/1762 9173/666/666 9174/644/644
f  9175/1262/1262 9176/353/353 9177/1765/1765
f  9178/1263/1263 9179/1262/1262 9180/1765/1765
f  9181/1929/1929 9182/655/655 9183/227/227
f  9184/785/785 9185/655/655 9186/1929/1929
f  9187/288/288 9188/287/287 9189/1994/1994
f  9190/256/256 9191/1994/1994 9192/257/257
f  9193/1380/1380 9194/933/933 9195/1488/1488
f  9196/1487/1487 9197/1380/1380 9198/1488/1488
f  9199/438/438 9200/437/437 9201/1714/1714
f  9202/1714/1714 9203/437/437 9204/1715/1715
f  9205/1212/1212 9206/91/91 9207/1521/1521
f  9208/398/398 9209/1212/1212 9210/1521/1521
f  9211/235/235 9212/234/234 9213/253/253
f  9214/234/234 9215/878/878 9216/253/253
f  9217/944/944 9218/945/945 9219/1975/1975
f  9220/945/945 9221/1031/1031 9222/1975/1975
f  9223/475/475 9224/1556/1556 9225/288/288
f  9226/1994/1994 9227/475/475 9228/288/288
f  9229/732/732 9230/1275/1275 9231/1805/1805
f  9232/732/732 9233/1805/1805 9234/239/239
f  9235/951/951 9236/1632/1632 9237/527/527
f  9238/951/951 9239/527/527 9240/526/526
f  9241/1645/1645 9242/1928/1928 9243/262/262
f  9244/1644/1644 9245/1928/1928 9246/1645/1645
f  9247/368/368 9248/954/954 9249/1869/1869
f  9250/368/368 9251/1869/1869 9252/1091/1091
f  9253/1570/1570 9254/1251/1251 9255/1956/1956
f  9256/1251/1251 9257/1570/1570 9258/1250/1250
f  9259/475/475 9260/1109/1109 9261/1556/1556
f  9262/1556/1556 9263/1109/1109 9264/1546/1546
f  9265/1489/1489 9266/1631/1631 9267/951/951
f  9268/1489/1489 9269/1749/1749 9270/1631/1631
f  9271/1564/1564 9272/1565/1565 9273/829/829
f  9274/1832/1832 9275/1565/1565 9276/1564/1564
f  9277/1690/1690 9278/638/638 9279/1011/1011
f  9280/1011/1011 9281/638/638 9282/1010/1010
f  9283/1306/1306 9284/131/131 9285/1307/1307
f  9286/131/131 9287/130/130 9288/1307/1307
f  9289/1902/1902 9290/145/145 9291/873/873
f  9292/1902/1902 9293/873/873 9294/1976/1976
f  9295/1291/1291 9296/1110/1110 9297/1099/1099
f  9298/1112/1112 9299/1110/1110 9300/1291/1291
f  9301/401/401 9302/1414/1414 9303/1411/1411
f  9304/95/95 9305/1411/1411 9306/1414/1414
f  9307/1423/1423 9308/345/345 9309/344/344
f  9310/345/345 9311/1423/1423 9312/1679/1679
f  9313/142/142 9314/141/141 9315/1366/1366
f  9316/1366/1366 9317/1364/1364 9318/142/142
f  9319/1261/1261 9320/103/103 9321/193/193
f  9322/193/193 9323/103/103 9324/102/102
f  9325/1469/1469 9326/1771/1771 9327/18/18
f  9328/923/923 9329/18/18 9330/1771/1771
f  9331/1807/1807 9332/1942/1942 9333/1589/1589
f  9334/1589/1589 9335/666/666 9336/1807/1807
f  9337/105/105 9338/709/709 9339/708/708
f  9340/1256/1256 9341/105/105 9342/708/708
f  9343/774/774 9344/800/800 9345/1119/1119
f  9346/800/800 9347/798/798 9348/893/893
f  9349/1829/1829 9350/576/576 9351/1639/1639
f  9352/1746/1746 9353/1829/1829 9354/1639/1639
f  9355/985/985 9356/1729/1729 9357/986/986
f  9358/985/985 9359/1903/1903 9360/1904/1904
f  9361/1562/1562 9362/415/415 9363/1995/1995
f  9364/415/415 9365/111/111 9366/1995/1995
f  9367/109/109 9368/1256/1256 9369/1258/1258
f  9370/105/105 9371/1256/1256 9372/109/109
f  9373/1900/1900 9374/717/717 9375/1685/1685
f  9376/458/458 9377/457/457 9378/1685/1685
f  9379/896/896 9380/893/893 9381/865/865
f  9382/800/800 9383/893/893 9384/896/896
f  9385/664/664 9386/40/40 9387/42/42
f  9388/1708/1708 9389/664/664 9390/42/42
f  9391/986/986 9392/1903/1903 9393/985/985
f  9394/1903/1903 9395/986/986 9396/988/988
f  9397/1159/1159 9398/1554/1554 9399/1553/1553
f  9400/1553/1553 9401/470/470 9402/1159/1159
f  9403/19/19 9404/1077/1077 9405/68/68
f  9406/19/19 9407/1075/1075 9408/1077/1077
f  9409/38/38 9410/1104/1104 9411/1692/1692
f  9412/1692/1692 9413/1104/1104 9414/1327/1327
f  9415/1142/1142 9416/1760/1760 9417/1718/1718
f  9418/1718/1718 9419/1760/1760 9420/1338/1338
f  9421/1518/1518 9422/1517/1517 9423/1153/1153
f  9424/1154/1154 9425/1153/1153 9426/1517/1517
f  9427/1382/1382 9428/747/747 9429/749/749
f  9430/1382/1382 9431/744/744 9432/747/747
f  9433/246/246 9434/248/248 9435/1609/1609
f  9436/766/766 9437/1609/1609 9438/248/248
f  9439/1187/1187 9440/112/112 9441/1184/1184
f  9442/1184/1184 9443/112/112 9444/111/111
f  9445/167/167 9446/1647/1647 9447/1800/1800
f  9448/1647/1647 9449/1267/1267 9450/296/296
f  9451/1002/1002 9452/1283/1283 9453/1297/1297
f  9454/1297/1297 9455/1283/1283 9456/1298/1298
f  9457/699/699 9458/425/425 9459/427/427
f  9460/988/988 9461/699/699 9462/1905/1905
f  9463/414/414 9464/1490/1490 9465/1184/1184
f  9466/1490/1490 9467/414/414 9468/1492/1492
f  9469/124/124 9470/1825/1825 9471/1382/1382
f  9472/1156/1156 9473/1825/1825 9474/124/124
f  9475/1699/1699 9476/766/766 9477/285/285
f  9478/285/285 9479/1700/1700 9480/1699/1699
f  9481/1966/1966 9482/1024/1024 9483/880/880
f  9484/261/261 9485/1024/1024 9486/1966/1966
f  9487/1885/1885 9488/515/515 9489/500/500
f  9490/936/936 9491/515/515 9492/1885/1885
f  9493/1013/1013 9494/1764/1764 9495/1351/1351
f  9496/1764/1764 9497/1190/1190 9498/1351/1351
f  9499/698/698 9500/1646/1646 9501/1774/1774
f  9502/697/697 9503/424/424 9504/698/698
f  9505/1555/1555 9506/1391/1391 9507/1868/1868
f  9508/1391/1391 9509/811/811 9510/1868/1868
f  9511/1313/1313 9512/1057/1057 9513/1314/1314
f  9514/186/186 9515/1876/1876 9516/1057/1057
f  9517/1763/1763 9518/1190/1190 9519/1764/1764
f  9520/1190/1190 9521/1763/1763 9522/1762/1762
f  9523/1123/1123 9524/835/835 9525/286/286
f  9526/286/286 9527/835/835 9528/54/54
f  9529/100/100 9530/1776/1776 9531/101/101
f  9532/553/553 9533/101/101 9534/643/643
f  9535/1588/1588 9536/1594/1594 9537/1986/1986
f  9538/1096/1096 9539/1594/1594 9540/560/560
f  9541/1056/1056 9542/187/187 9543/1057/1057
f  9544/1751/1751 9545/187/187 9546/1056/1056
f  9547/539/539 9548/1941/1941 9549/1529/1529
f  9550/1940/1940 9551/1941/1941 9552/539/539
f  9553/1683/1683 9554/1559/1559 9555/1682/1682
f  9556/925/925 9557/1682/1682 9558/1559/1559
f  9559/698/698 9560/1955/1955 9561/425/425
f  9562/425/425 9563/1955/1955 9564/264/264
f  9565/1085/1085 9566/702/702 9567/1851/1851
f  9568/1981/1981 9569/1085/1085 9570/1851/1851
f  9571/643/643 9572/101/101 9573/1776/1776
f  9574/641/641 9575/643/643 9576/1776/1776
f  9577/942/942 9578/1732/1732 9579/1121/1121
f  9580/1732/1732 9581/942/942 9582/1474/1474
f  9583/614/614 9584/613/613 9585/882/882
f  9586/614/614 9587/882/882 9588/1446/1446
f  9589/45/45 9590/44/44 9591/1795/1795
f  9592/990/990 9593/1795/1795 9594/44/44
f  9595/1026/1026 9596/1048/1048 9597/557/557
f  9598/1026/1026 9599/1116/1116 9600/1048/1048
f  9601/497/497 9602/1993/1993 9603/247/247
f  9604/1993/1993 9605/497/497 9606/1686/1686
f  9607/505/505 9608/930/930 9609/1722/1722
f  9610/702/702 9611/505/505 9612/1880/1880
f  9613/43/43 9614/989/989 9615/44/44
f  9616/1502/1502 9617/1519/1519 9618/989/989
f  9619/106/106 9620/1460/1460 9621/428/428
f  9622/428/428 9623/1460/1460 9624/1459/1459
f  9625/557/557 9626/1048/1048 9627/1047/1047
f  9628/558/558 9629/557/557 9630/1047/1047
f  9631/875/875 9632/1504/1504 9633/216/216
f  9634/1497/1497 9635/875/875 9636/216/216
f  9637/1899/1899 9638/872/872 9639/623/623
f  9640/622/622 9641/1901/1901 9642/623/623
f  9643/43/43 9644/1502/1502 9645/989/989
f  9646/1005/1005 9647/1502/1502 9648/43/43
f  9649/393/393 9650/1892/1892 9651/175/175
f  9652/175/175 9653/1892/1892 9654/1188/1188
f  9655/271/271 9656/334/334 9657/1797/1797
f  9658/1858/1858 9659/269/269 9660/271/271
f  9661/467/467 9662/466/466 9663/1291/1291
f  9664/467/467 9665/1291/1291 9666/1099/1099
f  9667/1541/1541 9668/871/871 9669/1525/1525
f  9670/1541/1541 9671/1525/1525 9672/409/409
f  9673/662/662 9674/755/755 9675/750/750
f  9676/755/755 9677/751/751 9678/750/750
f  9679/1859/1859 9680/720/720 9681/139/139
f  9682/139/139 9683/126/126 9684/1859/1859
f  9685/125/125 9686/1625/1625 9687/1623/1623
f  9688/1944/1944 9689/1465/1465 9690/1625/1625
f  9691/1436/1436 9692/654/654 9693/788/788
f  9694/1438/1438 9695/654/654 9696/1436/1436
f  9697/1078/1078 9698/1300/1300 9699/1742/1742
f  9700/1078/1078 9701/629/629 9702/628/628
f  9703/199/199 9704/841/841 9705/197/197
f  9706/199/199 9707/1534/1534 9708/841/841
f  9709/244/244 9710/764/764 9711/712/712
f  9712/712/712 9713/50/50 9714/244/244
f  9715/659/659 9716/1701/1701 9717/381/381
f  9718/659/659 9719/969/969 9720/1701/1701
f  9721/1802/1802 9722/1808/1808 9723/730/730
f  9724/730/730 9725/729/729 9726/1802/1802
f  9727/479/479 9728/1777/1777 9729/480/480
f  9730/477/477 9731/479/479 9732/480/480
f  9733/1063/1063 9734/1062/1062 9735/1337/1337
f  9736/1062/1062 9737/1336/1336 9738/1337/1337
f  9739/226/226 9740/629/629 9741/1742/1742
f  9742/629/629 9743/1078/1078 9744/1742/1742
f  9745/1016/1016 9746/1788/1788 9747/1731/1731
f  9748/1016/1016 9749/1731/1731 9750/1730/1730
f  9751/1088/1088 9752/726/726 9753/727/727
f  9754/1088/1088 9755/725/725 9756/726/726
f  9757/537/537 9758/703/703 9759/538/538
f  9760/703/703 9761/1802/1802 9762/538/538
f  9763/1365/1365 9764/1475/1475 9765/181/181
f  9766/181/181 9767/1475/1475 9768/1678/1678
f  9769/1474/1474 9770/1014/1014 9771/1472/1472
f  9772/1016/1016 9773/1730/1730 9774/1472/1472
f  9775/714/714 9776/1956/1956 9777/340/340
f  9778/714/714 9779/340/340 9780/1799/1799
f  9781/1849/1849 9782/348/348 9783/1988/1988
f  9784/1988/1988 9785/1290/1290 9786/1849/1849
f  9787/608/608 9788/18/18 9789/65/65
f  9790/608/608 9791/65/65 9792/1583/1583
f  9793/1038/1038 9794/1310/1310 9795/300/300
f  9796/299/299 9797/1038/1038 9798/300/300
f  9799/182/182 9800/181/181 9801/1678/1678
f  9802/1678/1678 9803/1112/1112 9804/182/182
f  9805/1474/1474 9806/1472/1472 9807/1730/1730
f  9808/1474/1474 9809/1730/1730 9810/1732/1732
f  9811/205/205 9812/1332/1332 9813/1957/1957
f  9814/204/204 9815/1891/1891 9816/205/205
f  9817/208/208 9818/520/520 9819/1328/1328
f  9820/1964/1964 9821/208/208 9822/1328/1328
f  9823/1310/1310 9824/868/868 9825/1787/1787
f  9826/300/300 9827/1310/1310 9828/1787/1787
f  9829/64/64 9830/1482/1482 9831/1481/1481
f  9832/17/17 9833/1482/1482 9834/64/64
f  9835/795/795 9836/1733/1733 9837/431/431
f  9838/431/431 9839/1733/1733 9840/432/432
f  9841/1017/1017 9842/1335/1335 9843/1667/1667
f  9844/1035/1035 9845/1667/1667 9846/1036/1036
f  9847/205/205 9848/1891/1891 9849/1332/1332
f  9850/1891/1891 9851/1464/1464 9852/1332/1332
f  9853/1964/1964 9854/1328/1328 9855/1280/1280
f  9856/1280/1280 9857/1963/1963 9858/1964/1964
f  9859/145/145 9860/1505/1505 9861/1854/1854
f  9862/873/873 9863/1854/1854 9864/874/874
f  9865/849/849 9866/848/848 9867/1871/1871
f  9868/1870/1870 9869/1871/1871 9870/848/848
f  9871/1791/1791 9872/1162/1162 9873/1961/1961
f  9874/1791/1791 9875/1146/1146 9876/1162/1162
f  9877/1926/1926 9878/1465/1465 9879/1464/1464
f  9880/1891/1891 9881/1926/1926 9882/1464/1464
f  9883/1329/1329 9884/1750/1750 9885/1489/1489
f  9886/1515/1515 9887/1601/1601 9888/1329/1329
f  9889/1655/1655 9890/1656/1656 9891/1846/1846
f  9892/1845/1845 9893/1655/1655 9894/1846/1846
f  9895/311/311 9896/310/310 9897/1717/1717
f  9898/311/311 9899/1717/1717 9900/1718/1718
f  9901/1625/1625 9902/1465/1465 9903/1623/1623
f  9904/1465/1465 9905/1926/1926 9906/1623/1623
f  9907/1854/1854 9908/1505/1505 9909/874/874
f  9910/874/874 9911/1505/1505 9912/1504/1504
f  9913/575/575 9914/1945/1945 9915/468/468
f  9916/468/468 9917/1945/1945 9918/471/471
f  9919/1983/1983 9920/763/763 9921/514/514
f  9922/761/761 9923/763/763 9924/1983/1983
f  9925/1191/1191 9926/167/167 9927/166/166
f  9928/1918/1918 9929/1191/1191 9930/166/166
f  9931/284/284 9932/1700/1700 9933/285/285
f  9934/284/284 9935/54/54 9936/1700/1700
f  9937/246/246 9938/1609/1609 9939/1608/1608
f  9940/1608/1608 9941/1780/1780 9942/246/246
f  9943/1416/1416 9944/1415/1415 9945/570/570
f  9946/722/722 9947/1416/1416 9948/570/570
f  9949/134/134 9950/1789/1789 9951/1295/1295
f  9952/1295/1295 9953/1789/1789 9954/1294/1294
f  9955/1090/1090 9956/1103/1103 9957/1939/1939
f  9958/1103/1103 9959/1104/1104 9960/1939/1939
f  9961/323/323 9962/1636/1636 9963/321/321
f  9964/816/816 9965/321/321 9966/1636/1636
f  9967/1354/1354 9968/417/417 9969/416/416
f  9970/171/171 9971/417/417 9972/1930/1930
f  9973/907/907 9974/1590/1590 9975/1888/1888
f  9976/907/907 9977/1532/1532 9978/1590/1590
f  9979/1115/1115 9980/1114/1114 9981/1113/1113
f  9982/1115/1115 9983/1068/1068 9984/1114/1114
f  9985/1119/1119 9986/896/896 9987/895/895
f  9988/896/896 9989/1119/1119 9990/800/800
f  9991/153/153 9992/1111/1111 9993/1669/1669
f  9994/153/153 9995/1112/1112 9996/1111/1111
f  9997/1409/1409 9998/1651/1651 9999/403/403
f  10000/1409/1409 10001/403/403 10002/404/404
f  10003/1487/1487 10004/1990/1990 10005/335/335
f  10006/1379/1379 10007/1990/1990 10008/222/222
f  10009/1635/1635 10010/816/816 10011/1636/1636
f  10012/817/817 10013/1898/1898 10014/1635/1635
f  10015/1210/1210 10016/1839/1839 10017/843/843
f  10018/1837/1837 10019/1839/1839 10020/1210/1210
f  10021/449/449 10022/1526/1526 10023/618/618
f  10024/449/449 10025/46/46 10026/1526/1526
f  10027/549/549 10028/1927/1927 10029/79/79
f  10030/548/548 10031/1927/1927 10032/549/549
f  10033/1379/1379 10034/336/336 10035/335/335
f  10036/1990/1990 10037/1379/1379 10038/335/335
f  10039/464/464 10040/463/463 10041/1897/1897
f  10042/464/464 10043/1897/1897 10044/214/214
f  10045/1893/1893 10046/147/147 10047/307/307
f  10048/1893/1893 10049/307/307 10050/619/619
f  10051/1880/1880 10052/1722/1722 10053/932/932
f  10054/505/505 10055/1722/1722 10056/1880/1880
f  10057/1745/1745 10058/405/405 10059/1827/1827
f  10060/1745/1745 10061/1827/1827 10062/1599/1599
f  10063/483/483 10064/1692/1692 10065/1105/1105
f  10066/483/483 10067/1105/1105 10068/484/484
f  10069/1996/1996 10070/1643/1643 10071/799/799
f  10072/362/362 10073/1643/1643 10074/1641/1641
f  10075/569/569 10076/147/147 10077/1893/1893
f  10078/147/147 10079/569/569 10080/148/148
f  10081/938/938 10082/331/331 10083/330/330
f  10084/1657/1657 10085/938/938 10086/330/330
f  10087/1744/1744 10088/1746/1746 10089/1745/1745
f  10090/70/70 10091/1746/1746 10092/71/71
f  10093/1750/1750 10094/1601/1601 10095/1330/1330
f  10096/1750/1750 10097/1329/1329 10098/1601/1601
f  10099/1276/1276 10100/72/72 10101/351/351
f  10102/41/41 10103/72/72 10104/1276/1276
f  10105/1421/1421 10106/1420/1420 10107/1118/1118
f  10108/1420/1420 10109/1421/1421 10110/1347/1347
f  10111/1906/1906 10112/1710/1710 10113/89/89
f  10114/1377/1377 10115/1906/1906 10116/1378/1378
f  10117/71/71 10118/1746/1746 10119/1744/1744
f  10120/1743/1743 10121/71/71 10122/1744/1744
f  10123/1298/1298 10124/1288/1288 10125/1003/1003
f  10126/1283/1283 10127/1288/1288 10128/1298/1298
f  10129/1021/1021 10130/1621/1621 10131/1619/1619
f  10132/1022/1022 10133/1021/1021 10134/1619/1619
f  10135/1888/1888 10136/905/905 10137/1889/1889
f  10138/1590/1590 10139/905/905 10140/1888/1888
f  10141/351/351 10142/350/350 10143/1277/1277
f  10144/351/351 10145/1277/1277 10146/1276/1276
f  10147/1375/1375 10148/541/541 10149/1069/1069
f  10150/1375/1375 10151/1906/1906 10152/541/541
f  10153/1958/1958 10154/1603/1603 10155/820/820
f  10156/226/226 10157/158/158 10158/1958/1958
f  10159/818/818 10160/759/759 10161/819/819
f  10162/1560/1560 10163/819/819 10164/759/759
f  10165/508/508 10166/1440/1440 10167/1492/1492
f  10168/1440/1440 10169/508/508 10170/510/510
f  10171/635/635 10172/922/922 10173/447/447
f  10174/87/87 10175/635/635 10176/447/447
f  10177/26/26 10178/1378/1378 10179/1068/1068
f  10180/1376/1376 10181/1378/1378 10182/26/26
f  10183/1127/1127 10184/706/706 10185/478/478
f  10186/1127/1127 10187/478/478 10188/477/477
f  10189/1043/1043 10190/1410/1410 10191/1652/1652
f  10192/1044/1044 10193/1043/1043 10194/49/49
f  10195/346/346 10196/1735/1735 10197/1003/1003
f  10198/345/345 10199/1735/1735 10200/346/346
f  10201/1934/1934 10202/1549/1549 10203/778/778
f  10204/1934/1934 10205/1550/1550 10206/1549/1549
f  10207/180/180 10208/1376/1376 10209/1985/1985
f  10210/1376/1376 10211/26/26 10212/1985/1985
f  10213/227/227 10214/226/226 10215/820/820
f  10216/1958/1958 10217/820/820 10218/226/226
f  10219/868/868 10220/870/870 10221/1/1
f  10222/1787/1787 10223/868/868 10224/1/1
f  10225/741/741 10226/310/310 10227/309/309
f  10228/1947/1947 10229/310/310 10230/741/741
f  10231/1387/1387 10232/176/176 10233/1390/1390
f  10234/1388/1388 10235/1387/1387 10236/1390/1390
f  10237/964/964 10238/1426/1426 10239/1442/1442
f  10240/1912/1912 10241/642/642 10242/964/964
f  10243/1257/1257 10244/1259/1259 10245/1247/1247
f  10246/1259/1259 10247/705/705 10248/1247/1247
f  10249/797/797 10250/607/607 10251/376/376
f  10252/376/376 10253/1034/1034 10254/797/797
f  10255/622/622 10256/332/332 10257/1901/1901
f  10258/332/332 10259/1769/1769 10260/904/904
f  10261/729/729 10262/728/728 10263/582/582
f  10264/582/582 10265/728/728 10266/1084/1084
f  10267/825/825 10268/387/387 10269/1883/1883
f  10270/1884/1884 10271/1883/1883 10272/387/387
f  10273/1806/1806 10274/82/82 10275/388/388
f  10276/388/388 10277/82/82 10278/389/389
f  10279/1442/1442 10280/1125/1125 10281/1912/1912
f  10282/1442/1442 10283/1912/1912 10284/964/964
f  10285/281/281 10286/1252/1252 10287/282/282
f  10288/282/282 10289/1252/1252 10290/1122/1122
f  10291/1166/1166 10292/1165/1165 10293/812/812
f  10294/814/814 10295/812/812 10296/1165/1165
f  10297/1396/1396 10298/1395/1395 10299/267/267
f  10300/899/899 10301/1395/1395 10302/1396/1396
f  10303/1641/1641 10304/1996/1996 10305/451/451
f  10306/1996/1996 10307/1641/1641 10308/1643/1643
f  10309/1707/1707 10310/1229/1229 10311/665/665
f  10312/665/665 10313/1229/1229 10314/650/650
f  10315/1747/1747 10316/898/898 10317/1494/1494
f  10318/1747/1747 10319/1494/1494 10320/401/401
f  10321/927/927 10322/1650/1650 10323/1157/1157
f  10324/1825/1825 10325/1650/1650 10326/927/927
f  10327/1449/1449 10328/1439/1439 10329/1441/1441
f  10330/1449/1449 10331/1441/1441 10332/510/510
f  10333/273/273 10334/584/584 10335/581/581
f  10336/273/273 10337/581/581 10338/274/274
f  10339/457/457 10340/1071/1071 10341/1900/1900
f  10342/457/457 10343/1900/1900 10344/1685/1685
f  10345/1716/1716 10346/135/135 10347/1937/1937
f  10348/1716/1716 10349/1937/1937 10350/1384/1384
f  10351/1719/1719 10352/1818/1818 10353/1720/1720
f  10354/1818/1818 10355/566/566 10356/953/953
f  10357/652/652 10358/654/654 10359/1438/1438
f  10360/652/652 10361/1438/1438 10362/356/356
f  10363/901/901 10364/1592/1592 10365/681/681
f  10366/315/315 10367/681/681 10368/1592/1592
f  10369/846/846 10370/881/881 10371/847/847
f  10372/454/454 10373/881/881 10374/846/846
f  10375/544/544 10376/1749/1749 10377/1748/1748
f  10378/217/217 10379/544/544 10380/1330/1330
f  10381/1562/1562 10382/1995/1995 10383/1372/1372
f  10384/1995/1995 10385/111/111 10386/1372/1372
f  10387/607/607 10388/428/428 10389/1781/1781
f  10390/607/607 10391/1781/1781 10392/376/376
f  10393/997/997 10394/52/52 10395/998/998
f  10396/1755/1755 10397/998/998 10398/52/52
f  10399/543/543 10400/1631/1631 10401/1749/1749
f  10402/544/544 10403/543/543 10404/1749/1749
f  10405/1308/1308 10406/1000/1000 10407/1878/1878
f  10408/1000/1000 10409/1002/1002 10410/1878/1878
f  10411/689/689 10412/1724/1724 10413/565/565
f  10414/689/689 10415/1142/1142 10416/1724/1724
f  10417/52/52 10418/997/997 10419/1997/1997
f  10420/1997/1997 10421/997/997 10422/1699/1699
f  10423/783/783 10424/891/891 10425/877/877
f  10426/783/783 10427/877/877 10428/234/234
f  10429/290/290 10430/1830/1830 10431/291/291
f  10432/1830/1830 10433/290/290 10434/1547/1547
f  10435/1032/1032 10436/1030/1030 10437/1173/1173
f  10438/1030/1030 10439/1172/1172 10440/1173/1173
f  10441/1699/1699 10442/53/53 10443/1997/1997
f  10444/52/52 10445/1997/1997 10446/53/53
f  10447/1923/1923 10448/1922/1922 10449/1411/1411
f  10450/1922/1922 10451/397/397 10452/399/399
f  10453/364/364 10454/393/393 10455/1317/1317
f  10456/364/364 10457/1317/1317 10458/1319/1319
f  10459/1545/1545 10460/224/224 10461/127/127
f  10462/224/224 10463/1545/1545 10464/1108/1108
f  10465/1222/1222 10466/1383/1383 10467/749/749
f  10468/1222/1222 10469/1224/1224 10470/1383/1383
f  10471/645/645 10472/1969/1969 10473/172/172
f  10474/645/645 10475/647/647 10476/1969/1969
f  10477/1704/1704 10478/1709/1709 10479/1710/1710
f  10480/1709/1709 10481/1704/1704 10482/1703/1703
f  10483/1923/1923 10484/397/397 10485/1922/1922
f  10486/97/97 10487/397/397 10488/1923/1923
f  10489/1588/1588 10490/61/61 10491/160/160
f  10492/161/161 10493/160/160 10494/61/61
f  10495/1652/1652 10496/1409/1409 10497/49/49
f  10498/1652/1652 10499/49/49 10500/1043/1043
f  10501/75/75 10502/1938/1938 10503/791/791
f  10504/791/791 10505/1938/1938 10506/1790/1790
f  10507/544/544 10508/1748/1748 10509/1330/1330
f  10510/1748/1748 10511/1750/1750 10512/1330/1330
f  10513/1132/1132 10514/518/518 10515/1133/1133
f  10516/1132/1132 10517/516/516 10518/518/518
f  10519/45/45 10520/602/602 10521/1670/1670
f  10522/1670/1670 10523/602/602 10524/884/884
f  10525/90/90 10526/920/920 10527/88/88
f  10528/920/920 10529/90/90 10530/1211/1211
f  10531/469/469 10532/312/312 10533/470/470
f  10534/469/469 10535/473/473 10536/312/312
f  10537/1836/1836 10538/746/746 10539/745/745
f  10540/1836/1836 10541/748/748 10542/746/746
f  10543/1876/1876 10544/863/863 10545/1314/1314
f  10546/1057/1057 10547/1876/1876 10548/1314/1314
f  10549/1704/1704 10550/831/831 10551/1828/1828
f  10552/831/831 10553/1213/1213 10554/1828/1828
f  10555/1978/1978 10556/169/169 10557/1211/1211
f  10558/1978/1978 10559/1211/1211 10560/90/90
f  10561/292/292 10562/677/677 10563/289/289
f  10564/677/677 10565/676/676 10566/289/289
f  10567/742/742 10568/1292/1292 10569/631/631
f  10570/1292/1292 10571/742/742 10572/190/190
f  10573/1224/1224 10574/1790/1790 10575/1938/1938
f  10576/1222/1222 10577/1790/1790 10578/1224/1224
f  10579/1603/1603 10580/158/158 10581/823/823
f  10582/1603/1603 10583/823/823 10584/1171/1171
f  10585/90/90 10586/1977/1977 10587/1978/1978
f  10588/1887/1887 10589/1978/1978 10590/1977/1977
f  10591/1116/1116 10592/1954/1954 10593/1049/1049
f  10594/1048/1048 10595/1116/1116 10596/1049/1049
f  10597/1243/1243 10598/618/618 10599/1527/1527
f  10600/365/365 10601/1243/1243 10602/1527/1527
f  10603/556/556 10604/1093/1093 10605/1095/1095
f  10606/1095/1095 10607/557/557 10608/556/556
f  10609/1072/1072 10610/6/6 10611/1009/1009
f  10612/1009/1009 10613/1768/1768 10614/1072/1072
f  10615/1936/1936 10616/778/778 10617/612/612
f  10618/336/336 10619/1936/1936 10620/612/612
f  10621/1558/1558 10622/1177/1177 10623/1248/1248
f  10624/1248/1248 10625/1177/1177 10626/1179/1179
f  10627/533/533 10628/535/535 10629/548/548
f  10630/533/533 10631/548/548 10632/1471/1471
f  10633/1768/1768 10634/1654/1654 10635/1072/1072
f  10636/1154/1154 10637/1654/1654 10638/1768/1768
f  10639/755/755 10640/754/754 10641/1182/1182
f  10642/1182/1182 10643/754/754 10644/140/140
f  10645/1784/1784 10646/57/57 10647/1783/1783
f  10648/354/354 10649/57/57 10650/1784/1784
f  10651/1144/1144 10652/802/802 10653/1984/1984
f  10654/1144/1144 10655/1984/1984 10656/876/876
f  10657/1328/1328 10658/897/897 10659/1834/1834
f  10660/897/897 10661/1396/1396 10662/1834/1834
f  10663/1357/1357 10664/320/320 10665/1358/1358
f  10666/1358/1358 10667/320/320 10668/319/319
f  10669/1611/1611 10670/1632/1632 10671/948/948
f  10672/543/543 10673/948/948 10674/1632/1632
f  10675/1133/1133 10676/1983/1983 10677/514/514
f  10678/514/514 10679/1134/1134 10680/1133/1133
f  10681/1982/1982 10682/1851/1851 10683/1980/1980
f  10684/1084/1084 10685/1982/1982 10686/1980/1980
f  10687/1170/1170 10688/1169/1169 10689/1886/1886
f  10690/1886/1886 10691/1456/1456 10692/829/829
f  10693/318/318 10694/320/320 10695/1850/1850
f  10696/1850/1850 10697/680/680 10698/318/318
f  10699/672/672 10700/674/674 10701/503/503
f  10702/503/503 10703/1941/1941 10704/672/672
f  10705/1875/1875 10706/758/758 10707/1638/1638
f  10708/758/758 10709/1875/1875 10710/47/47
f  10711/1571/1571 10712/1956/1956 10713/714/714
f  10714/1570/1570 10715/1956/1956 10716/1571/1571
f  10717/1169/1169 10718/1456/1456 10719/1886/1886
f  10720/1240/1240 10721/1456/1456 10722/1169/1169
f  10723/390/390 10724/1511/1511 10725/1524/1524
f  10726/1509/1509 10727/1511/1511 10728/390/390
f  10729/733/733 10730/239/239 10731/241/241
f  10732/733/733 10733/241/241 10734/1499/1499
f  10735/1108/1108 10736/1245/1245 10737/1970/1970
f  10738/1970/1970 10739/1245/1245 10740/1437/1437
f  10741/504/504 10742/503/503 10743/674/674
f  10744/504/504 10745/674/674 10746/675/675
f  10747/1052/1052 10748/1403/1403 10749/313/313
f  10750/313/313 10751/1403/1403 10752/66/66
f  10753/256/256 10754/475/475 10755/1994/1994
f  10756/256/256 10757/255/255 10758/475/475
f  10759/1598/1598 10760/1779/1779 10761/1610/1610
f  10762/1599/1599 10763/1779/1779 10764/1598/1598
f  10765/1034/1034 10766/1667/1667 10767/1668/1668
f  10768/112/112 10769/1034/1034 10770/1668/1668
f  10771/1466/1466 10772/1814/1814 10773/1100/1100
f  10774/1466/1466 10775/465/465 10776/1814/1814
f  10777/1548/1548 10778/1546/1546 10779/1998/1998
f  10780/1548/1548 10781/421/421 10782/420/420
f  10783/1393/1393 10784/228/228 10785/1925/1925
f  10786/1393/1393 10787/1925/1925 10788/371/371
f  10789/1204/1204 10790/1203/1203 10791/1435/1435
f  10792/1204/1204 10793/1435/1435 10794/595/595
f  10795/1417/1417 10796/117/117 10797/1462/1462
f  10798/59/59 10799/1417/1417 10800/1462/1462
f  10801/822/822 10802/1429/1429 10803/151/151
f  10804/151/151 10805/223/223 10806/822/822
f  10807/654/654 10808/1543/1543 10809/788/788
f  10810/788/788 10811/1543/1543 10812/1434/1434
f  10813/946/946 10814/61/61 10815/63/63
f  10816/946/946 10817/1973/1973 10818/406/406
f  10819/1201/1201 10820/233/233 10821/235/235
f  10822/1653/1653 10823/233/233 10824/1201/1201
f  10825/129/129 10826/980/980 10827/130/130
f  10828/980/980 10829/1791/1791 10830/130/130
f  10831/1405/1405 10832/488/488 10833/1823/1823
f  10834/1967/1967 10835/1823/1823 10836/488/488
f  10837/1556/1556 10838/1546/1546 10839/1557/1557
f  10840/1557/1557 10841/1546/1546 10842/1548/1548
f  10843/782/782 10844/1653/1653 10845/892/892
f  10846/1653/1653 10847/782/782 10848/233/233
f  10849/1434/1434 10850/784/784 10851/786/786
f  10852/1543/1543 10853/784/784 10854/1434/1434
f  10855/670/670 10856/813/813 10857/671/671
f  10858/264/264 10859/671/671 10860/813/813
f  10861/32/32 10862/807/807 10863/595/595
f  10864/32/32 10865/595/595 10866/594/594
f  10867/1548/1548 10868/1998/1998 10869/421/421
f  10870/1998/1998 10871/1546/1546 10872/126/126
f  10873/1516/1516 10874/1514/1514 10875/1517/1517
f  10876/1516/1516 10877/1600/1600 10878/1514/1514
f  10879/1799/1799 10880/552/552 10881/737/737
f  10882/552/552 10883/1046/1046 10884/737/737
f  10885/1434/1434 10886/786/786 10887/1432/1432
f  10888/786/786 10889/227/227 10890/1432/1432
f  10891/1844/1844 10892/852/852 10893/851/851
f  10894/1844/1844 10895/851/851 10896/1267/1267
f  10897/126/126 10898/421/421 10899/1998/1998
f  10900/126/126 10901/138/138 10902/421/421
f  10903/263/263 10904/1775/1775 10905/671/671
f  10906/263/263 10907/262/262 10908/1775/1775
f  10909/316/316 10910/315/315 10911/180/180
f  10912/180/180 10913/1985/1985 10914/316/316
f  10915/931/931 10916/1216/1216 10917/1574/1574
f  10918/1485/1485 10919/931/931 10920/1574/1574
f  10921/1619/1619 10922/1620/1620 10923/1022/1022
f  10924/1620/1620 10925/1773/1773 10926/1022/1022
f  10927/587/587 10928/1369/1369 10929/588/588
f  10930/199/199 10931/1369/1369 10932/587/587
f  10933/1788/1788 10934/1016/1016 10935/1015/1015
f  10936/1788/1788 10937/1015/1015 10938/1037/1037
f  10939/790/790 10940/562/562 10941/1944/1944
f  10942/1625/1625 10943/790/790 10944/1944/1944
f  10945/1369/1369 10946/1368/1368 10947/588/588
f  10948/588/588 10949/1368/1368 10950/741/741
f  10951/1216/1216 10952/200/200 10953/1574/1574
f  10954/200/200 10955/1216/1216 10956/201/201
f  10957/1219/1219 10958/1206/1206 10959/509/509
f  10960/1219/1219 10961/509/509 10962/1220/1220
f  10963/1428/1428 10964/574/574 10965/576/576
f  10966/1428/1428 10967/1427/1427 10968/574/574
f  10969/1867/1867 10970/639/639 10971/1282/1282
f  10972/639/639 10973/1867/1867 10974/86/86
f  10975/1925/1925 10976/1587/1587 10977/371/371
f  10978/371/371 10979/1587/1587 10980/1123/1123
f  10981/1539/1539 10982/1538/1538 10983/1726/1726
f  10984/1725/1725 10985/1539/1539 10986/1726/1726
f  10987/815/815 10988/1385/1385 10989/322/322
f  10990/321/321 10991/815/815 10992/322/322
f  10993/1851/1851 10994/702/702 10995/1607/1607
f  10996/702/702 10997/1880/1880 10998/1607/1607
f  10999/855/855 11000/1430/1430 11001/857/857
f  11002/857/857 11003/116/116 11004/855/855
f  11005/1899/1899 11006/1976/1976 11007/1496/1496
f  11008/1496/1496 11009/1976/1976 11010/873/873
f  11011/76/76 11012/773/773 11013/77/77
f  11014/76/76 11015/1793/1793 11016/773/773
f  11017/1783/1783 11018/57/57 11019/1579/1579
f  11020/238/238 11021/1783/1783 11022/1579/1579
f  11023/1041/1041 11024/1466/1466 11025/1810/1810
f  11026/1809/1809 11027/1041/1041 11028/1810/1810
f  11029/864/864 11030/1313/1313 11031/863/863
f  11032/864/864 11033/1057/1057 11034/1313/1313
f  11035/1407/1407 11036/420/420 11037/138/138
f  11038/1914/1914 11039/1407/1407 11040/138/138
f  11041/1663/1663 11042/926/926 11043/1662/1662
f  11044/1319/1319 11045/1663/1663 11046/1662/1662
f  11047/522/522 11048/898/898 11049/897/897
f  11050/897/897 11051/1328/1328 11052/522/522
f  11053/1639/1639 11054/1640/1640 11055/231/231
f  11056/575/575 11057/373/373 11058/1640/1640
f  11059/1403/1403 11060/1404/1404 11061/67/67
f  11062/67/67 11063/1404/1404 11064/68/68
f  11065/968/968 11066/1374/1374 11067/1874/1874
f  11068/17/17 11069/1874/1874 11070/1374/1374
f  11071/1898/1898 11072/816/816 11073/1635/1635
f  11074/1898/1898 11075/146/146 11076/816/816
f  11077/1407/1407 11078/1914/1914 11079/1856/1856
f  11080/1856/1856 11081/1914/1914 11082/1855/1855
f  11083/1360/1360 11084/1086/1086 11085/278/278
f  11086/1689/1689 11087/1086/1086 11088/1360/1360
f  11089/1681/1681 11090/1131/1131 11091/935/935
f  11092/1681/1681 11093/935/935 11094/936/936
f  11095/401/401 11096/1412/1412 11097/1414/1414
f  11098/1740/1740 11099/1412/1412 11100/401/401
f  11101/1962/1962 11102/1800/1800 11103/296/296
f  11104/1800/1800 11105/1647/1647 11106/296/296
f  11107/589/589 11108/588/588 11109/740/740
f  11110/589/589 11111/740/740 11112/1734/1734
f  11113/429/429 11114/1233/1233 11115/1232/1232
f  11116/1864/1864 11117/1863/1863 11118/1233/1233
f  11119/1448/1448 11120/412/412 11121/411/411
f  11122/1448/1448 11123/411/411 11124/1439/1439
f  11125/853/853 11126/1168/1168 11127/293/293
f  11128/852/852 11129/1168/1168 11130/853/853
f  11131/1158/1158 11132/1843/1843 11133/1947/1947
f  11134/1370/1370 11135/1158/1158 11136/1947/1947
f  11137/1096/1096 11138/1986/1986 11139/1594/1594
f  11140/1095/1095 11141/1986/1986 11142/1096/1096
f  11143/1533/1533 11144/1531/1531 11145/336/336
f  11146/1531/1531 11147/1533/1533 11148/1532/1532
f  11149/1117/1117 11150/1029/1029 11151/1954/1954
f  11152/1117/1117 11153/1027/1027 11154/1029/1029
f  11155/1007/1007 11156/1753/1753 11157/1759/1759
f  11158/1053/1053 11159/1759/1759 11160/1054/1054
f  11161/870/870 11162/2/2 11163/1/1
f  11164/2/2 11165/870/870 11166/1541/1541
f  11167/337/337 11168/777/777 11169/1323/1323
f  11170/337/337 11171/1323/1323 11172/1322/1322
f  11173/1094/1094 11174/178/178 11175/177/177
f  11176/177/177 11177/655/655 11178/1094/1094
f  11179/31/31 11180/1123/1123 11181/229/229
f  11182/229/229 11183/32/32 11184/31/31
f  11185/1046/1046 11186/1044/1044 11187/51/51
f  11188/1044/1044 11189/49/49 11190/51/51
f  11191/96/96 11192/206/206 11193/1963/1963
f  11194/1963/1963 11195/206/206 11196/1964/1964
f  11197/1380/1380 11198/334/334 11199/933/933
f  11200/933/933 11201/334/334 11202/333/333
f  11203/452/452 11204/1996/1996 11205/799/799
f  11206/452/452 11207/451/451 11208/1996/1996
f  11209/83/83 11210/1806/1806 11211/869/869
f  11212/869/869 11213/1806/1806 11214/871/871
f  11215/1173/1173 11216/1302/1302 11217/1033/1033
f  11218/1302/1302 11219/1881/1881 11220/1974/1974
f  11221/854/854 11222/1135/1135 11223/1170/1170
f  11224/1135/1135 11225/1168/1168 11226/1170/1170
f  11227/1604/1604 11228/359/359 11229/1877/1877
f  11230/1877/1877 11231/1602/1602 11232/1604/1604
f  11233/1377/1377 11234/1710/1710 11235/1906/1906
f  11236/1710/1710 11237/1377/1377 11238/832/832
f  11239/1504/1504 11240/1728/1728 11241/216/216
f  11242/1504/1504 11243/1505/1505 11244/1506/1506
f  11245/1537/1537 11246/400/400 11247/402/402
f  11248/402/402 11249/1536/1536 11250/1537/1537
f  11251/1264/1264 11252/1265/1265 11253/531/531
f  11254/1264/1264 11255/1399/1399 11256/1265/1265
f  11257/1165/1165 11258/1757/1757 11259/814/814
f  11260/814/814 11261/1757/1757 11262/1167/1167
f  11263/692/692 11264/58/58 11265/60/60
f  11266/1895/1895 11267/58/58 11268/692/692
f  11269/1150/1150 11270/1951/1951 11271/1151/1151
f  11272/1151/1151 11273/1951/1951 11274/1154/1154
f  11275/1483/1483 11276/1484/1484 11277/1235/1235
f  11278/1915/1915 11279/1483/1483 11280/1235/1235
f  11281/1504/1504 11282/1506/1506 11283/1728/1728
f  11284/1255/1255 11285/1728/1728 11286/1506/1506
f  11287/1729/1729 11288/260/260 11289/156/156
f  11290/34/34 11291/1729/1729 11292/156/156
f  11293/886/886 11294/1005/1005 11295/1671/1671
f  11296/1299/1299 11297/886/886 11298/1671/1671
f  11299/1950/1950 11300/93/93 11301/1931/1931
f  11302/1536/1536 11303/1522/1522 11304/1950/1950
f  11305/1991/1991 11306/1551/1551 11307/453/453
f  11308/455/455 11309/1991/1991 11310/453/453
f  11311/325/325 11312/1723/1723 11313/1349/1349
f  11314/943/943 11315/1723/1723 11316/325/325
f  11317/1522/1522 11318/91/91 11319/93/93
f  11320/1522/1522 11321/93/93 11322/1950/1950
f  11323/1199/1199 11324/1653/1653 11325/1476/1476
f  11326/1199/1199 11327/1476/1476 11328/1197/1197
f  11329/1221/1221 11330/395/395 11331/792/792
f  11332/1221/1221 11333/1836/1836 11334/395/395
f  11335/1667/1667 11336/1335/1335 11337/1036/1036
f  11338/1036/1036 11339/1335/1335 11340/1037/1037
f  11341/1585/1585 11342/559/559 11343/1513/1513
f  11344/1585/1585 11345/1513/1513 11346/1510/1510
f  11347/826/826 11348/155/155 11349/827/827
f  11350/35/35 11351/155/155 11352/826/826
f  11353/1727/1727 11354/1725/1725 11355/1001/1001
f  11356/1000/1000 11357/1873/1873 11358/1727/1727
f  11359/32/32 11360/594/594 11361/33/33
f  11362/1124/1124 11363/33/33 11364/594/594
f  11365/1597/1597 11366/1598/1598 11367/1610/1610
f  11368/245/245 11369/1597/1597 11370/1610/1610
f  11371/610/610 11372/1469/1469 11373/18/18
f  11374/1469/1469 11375/610/610 11376/1509/1509
f  11377/5/5 11378/1676/1676 11379/1552/1552
f  11380/5/5 11381/1552/1552 11382/1217/1217
f  11383/1873/1873 11384/1285/1285 11385/1725/1725
f  11386/1727/1727 11387/1873/1873 11388/1725/1725
f  11389/391/391 11390/1737/1737 11391/611/611
f  11392/391/391 11393/947/947 11394/1737/1737
f  11395/1099/1099 11396/1706/1706 11397/1100/1100
f  11398/183/183 11399/1706/1706 11400/1099/1099
f  11401/1766/1766 11402/354/354 11403/1784/1784
f  11404/1765/1765 11405/354/354 11406/1766/1766
f  11407/12/12 11408/11/11 11409/1689/1689
f  11410/12/12 11411/1689/1689 11412/1360/1360
f  11413/1674/1674 11414/492/492 11415/423/423
f  11416/1674/1674 11417/526/526 11418/492/492
f  11419/1845/1845 11420/1971/1971 11421/1838/1838
f  11422/1838/1838 11423/1210/1210 11424/1845/1845
f  11425/1019/1019 11426/1018/1018 11427/1616/1616
f  11428/1614/1614 11429/1616/1616 11430/1627/1627
f  11431/825/825 11432/1883/1883 11433/1882/1882
f  11434/1042/1042 11435/825/825 11436/1882/1882
f  11437/203/203 11438/1957/1957 11439/220/220
f  11440/203/203 11441/205/205 11442/1957/1957
f  11443/1583/1583 11444/1025/1025 11445/559/559
f  11446/65/65 11447/1025/1025 11448/1583/1583
f  11449/165/165 11450/1618/1618 11451/163/163
f  11452/1618/1618 11453/1617/1617 11454/163/163
f  11455/353/353 11456/55/55 11457/57/57
f  11458/353/353 11459/100/100 11460/55/55
f  11461/1018/1018 11462/1627/1627 11463/1616/1616
f  11464/1948/1948 11465/1627/1627 11466/1018/1018
f  11467/1080/1080 11468/225/225 11469/227/227
f  11470/1080/1080 11471/1079/1079 11472/225/225
f  11473/434/434 11474/1148/1148 11475/436/436
f  11476/433/433 11477/1148/1148 11478/434/434
f  11479/567/567 11480/168/168 11481/981/981
f  11482/166/166 11483/168/168 11484/567/567
f  11485/682/682 11486/1948/1948 11487/1949/1949
f  11488/682/682 11489/1017/1017 11490/1667/1667
f  11491/1584/1584 11492/608/608 11493/1582/1582
f  11494/1582/1582 11495/1585/1585 11496/1584/1584
f  11497/688/688 11498/20/20 11499/687/687
f  11500/688/688 11501/687/687 11502/1141/1141
f  11503/624/624 11504/1769/1769 11505/622/622
f  11506/1769/1769 11507/332/332 11508/622/622
f  11509/1135/1135 11510/854/854 11511/98/98
f  11512/98/98 11513/854/854 11514/99/99
f  11515/682/682 11516/1949/1949 11517/1017/1017
f  11518/1017/1017 11519/1949/1949 11520/1018/1018
f  11521/1055/1055 11522/1054/1054 11523/1753/1753
f  11524/1753/1753 11525/1054/1054 11526/1759/1759
f  11527/1031/1031 11528/1033/1033 11529/1974/1974
f  11530/1974/1974 11531/1033/1033 11532/1302/1302
f  11533/805/805 11534/804/804 11535/249/249
f  11536/805/805 11537/249/249 11538/1103/1103
f  11539/1818/1818 11540/953/953 11541/1720/1720
f  11542/1987/1987 11543/1720/1720 11544/953/953
f  11545/1125/1125 11546/1711/1711 11547/1910/1910
f  11548/1912/1912 11549/1125/1125 11550/1910/1910
f  11551/1098/1098 11552/184/184 11553/183/183
f  11554/1098/1098 11555/1097/1097 11556/1200/1200
f  11557/1962/1962 11558/979/979 11559/1163/1163
f  11560/1962/1962 11561/296/296 11562/979/979
f  11563/704/704 11564/1085/1085 11565/1808/1808
f  11566/704/704 11567/1808/1808 11568/703/703
f  11569/370/370 11570/519/519 11571/1868/1868
f  11572/370/370 11573/1868/1868 11574/1586/1586
f  11575/625/625 11576/827/827 11577/880/880
f  11578/155/155 11579/880/880 11580/827/827
f  11581/1720/1720 11582/1987/1987 11583/1721/1721
f  11584/1987/1987 11585/129/129 11586/1721/1721
f  11587/1924/1924 11588/311/311 11589/1336/1336
f  11590/1061/1061 11591/1946/1946 11592/1336/1336
f  11593/184/184 11594/1200/1200 11595/1782/1782
f  11596/1200/1200 11597/184/184 11598/1098/1098
f  11599/495/495 11600/370/370 11601/372/372
f  11602/495/495 11603/372/372 11604/1252/1252
f  11605/832/832 11606/179/179 11607/91/91
f  11608/832/832 11609/1376/1376 11610/179/179
f  11611/1946/1946 11612/1924/1924 11613/1336/1336
f  11614/1734/1734 11615/1924/1924 11616/1946/1946
f  11617/1445/1445 11618/1443/1443 11619/1550/1550
f  11620/1445/1445 11621/1550/1550 11622/1934/1934
f  11623/1847/1847 11624/39/39 11625/1231/1231
f  11626/1847/1847 11627/1231/1231 11628/1282/1282
f  11629/1736/1736 11630/345/345 11631/1679/1679
f  11632/143/143 11633/1736/1736 11634/1679/1679
f  11635/890/890 11636/1544/1544 11637/14/14
f  11638/1198/1198 11639/1544/1544 11640/890/890
f  11641/1325/1325 11642/925/925 11643/924/924
f  11644/1325/1325 11645/1682/1682 11646/925/925
f  11647/879/879 11648/878/878 11649/803/803
f  11650/803/803 11651/878/878 11652/804/804
f  11653/1443/1443 11654/1444/1444 11655/1752/1752
f  11656/1443/1443 11657/1752/1752 11658/1550/1550
f  11659/1697/1697 11660/472/472 11661/1865/1865
f  11662/1945/1945 11663/1697/1697 11664/1865/1865
f  11665/1952/1952 11666/534/534 11667/1853/1853
f  11668/1853/1853 11669/532/532 11670/1952/1952
f  11671/117/117 11672/909/909 11673/118/118
f  11674/118/118 11675/909/909 11676/910/910
f  11677/1950/1950 11678/1931/1931 11679/211/211
f  11680/1931/1931 11681/1932/1932 11682/211/211
f  11683/1193/1193 11684/1919/1919 11685/1918/1918
f  11686/579/579 11687/1919/1919 11688/1193/1193
f  11689/838/838 11690/589/589 11691/1734/1734
f  11692/838/838 11693/1734/1734 11694/1946/1946
f  11695/1473/1473 11696/942/942 11697/1363/1363
f  11698/1473/1473 11699/1363/1363 11700/1999/1999
f  11701/1930/1930 11702/1354/1354 11703/275/275
f  11704/1930/1930 11705/417/417 11706/1354/1354
f  11707/1194/1194 11708/1316/1316 11709/1315/1315
f  11710/1194/1194 11711/1918/1918 11712/1316/1316
f  11713/78/78 11714/77/77 11715/772/772
f  11716/77/77 11717/773/773 11718/772/772
f  11719/1944/1944 11720/562/562 11721/1333/1333
f  11722/1333/1333 11723/562/562 11724/564/564
f  11725/1137/1137 11726/528/528 11727/1675/1675
f  11728/1138/1138 11729/1675/1675 11730/4/4
f  11731/275/275 11732/277/277 11733/1355/1355
f  11734/1355/1355 11735/1930/1930 11736/275/275
f  11737/1835/1835 11738/1473/1473 11739/1999/1999
f  11740/957/957 11741/1999/1999 11742/1363/1363
f  11743/1364/1364 11744/1968/1968 11745/1197/1197
f  11746/1367/1367 11747/1968/1968 11748/1364/1364
f  11749/1905/1905 11750/699/699 11751/427/427
f  11752/1905/1905 11753/427/427 11754/984/984
f  11755/412/412 11756/1916/1916 11757/410/410
f  11758/512/512 11759/1916/1916 11760/412/412
f  11761/1074/1074 11762/1137/1137 11763/1138/1138
f  11764/1137/1137 11765/1675/1675 11766/1138/1138
f  11767/1668/1668 11768/1953/1953 11769/113/113
f  11770/112/112 11771/1668/1668 11772/113/113
f  11773/1904/1904 11774/1905/1905 11775/984/984
f  11776/1904/1904 11777/984/984 11778/985/985
f  11779/1916/1916 11780/511/511 11781/719/719
f  11782/719/719 11783/511/511 11784/513/513
f  11785/957/957 11786/940/940 11787/1835/1835
f  11788/957/957 11789/1835/1835 11790/1999/1999
f  11791/1846/1846 11792/1656/1656 11793/862/862
f  11794/861/861 11795/1846/1846 11796/862/862
f  11797/1447/1447 11798/883/883 11799/219/219
f  11800/1447/1447 11801/882/882 11802/883/883
f  11803/1076/1076 11804/1879/1879 11805/1294/1294
f  11806/1878/1878 11807/1879/1879 11808/1076/1076
f  11809/898/898 11810/521/521 11811/1493/1493
f  11812/521/521 11813/898/898 11814/522/522
f  11815/796/796 11816/1863/1863 11817/607/607
f  11818/796/796 11819/1236/1236 11820/1863/1863
f  11821/1581/1581 11822/1155/1155 11823/1150/1150
f  11824/1581/1581 11825/1518/1518 11826/1155/1155
f  11827/946/946 11828/63/63 11829/1973/1973
f  11830/1677/1677 11831/1973/1973 11832/63/63
f  11833/1430/1430 11834/1431/1431 11835/856/856
f  11836/856/856 11837/1431/1431 11838/822/822
f  11839/623/623 11840/1901/1901 11841/1899/1899
f  11842/1899/1899 11843/1901/1901 11844/1976/1976
f  11845/607/607 11846/1864/1864 11847/429/429
f  11848/1233/1233 11849/429/429 11850/1864/1864
f  11851/1691/1691 11852/1278/1278 11853/1540/1540
f  11854/1540/1540 11855/41/41 11856/1691/1691
f  11857/1928/1928 11858/1644/1644 11859/491/491
f  11860/423/423 11861/491/491 11862/1644/1644
f  11863/822/822 11864/223/223 11865/1605/1605
f  11866/1605/1605 11867/223/223 11868/360/360
f  11869/1249/1249 11870/1400/1400 11871/1248/1248
f  11872/1400/1400 11873/1249/1249 11874/1398/1398
f  11875/1640/1640 11876/373/373 11877/231/231
f  11878/231/231 11879/373/373 11880/375/375
f  11881/1646/1646 11882/424/424 11883/1644/1644
f  11884/698/698 11885/424/424 11886/1646/1646
f  11887/1459/1459 11888/971/971 11889/970/970
f  11890/377/377 11891/1459/1459 11892/970/970
f  11893/1755/1755 11894/52/52 11895/1345/1345
f  11896/1345/1345 11897/598/598 11898/1755/1755
f  11899/1290/1290 11900/1289/1289 11901/212/212
f  11902/1289/1289 11903/1778/1778 11904/212/212
f  11905/1858/1858 11906/271/271 11907/1797/1797
f  11908/1858/1858 11909/1797/1797 11910/780/780
f  11911/1819/1819 11912/1816/1816 11913/74/74
f  11914/1819/1819 11915/162/162 11916/1405/1405
f  11917/981/981 11918/1145/1145 11919/980/980
f  11920/1145/1145 11921/981/981 11922/1979/1979
f  11923/1561/1561 11924/1562/1562 11925/1372/1372
f  11926/1562/1562 11927/1561/1561 11928/572/572
f  11929/1953/1953 11930/1014/1014 11931/1857/1857
f  11932/136/136 11933/1857/1857 11934/939/939
f  11935/1405/1405 11936/1816/1816 11937/1819/1819
f  11938/1823/1823 11939/1816/1816 11940/1405/1405
f  11941/596/596 11942/1575/1575 11943/1773/1773
f  11944/596/596 11945/1202/1202 11946/1575/1575
f  11947/700/700 11948/987/987 11949/34/34
f  11950/700/700 11951/1217/1217 11952/987/987
f  11953/1615/1615 11954/1616/1616 11955/1959/1959
f  11956/1959/1959 11957/684/684 11958/1615/1615
f  11959/1563/1563 11960/415/415 11961/1562/1562
f  11962/415/415 11963/1563/1563 11964/413/413
f  11965/850/850 11966/849/849 11967/1909/1909
f  11968/849/849 11969/1871/1871 11970/1909/1909
f  11971/113/113 11972/1953/1953 11973/136/136
f  11974/136/136 11975/1953/1953 11976/1857/1857
f  11977/1478/1478 11978/1341/1341 11979/1340/1340
f  11980/1341/1341 11981/1478/1478 11982/341/341

